country;year;Hydro;Nuclear;Gas;Solar;Wind;Biomass;Coal;Oil;Geothermal;Waste;Biogas CCS;Biomass CCS;Coal CCS;Gas CCS;Wood CCS;Hydro, reservoir;Gas CCGT;Gas CHP;Solar, thermal;Wind, offshore;Lignite
AE;1985;0;0;0.999917931883;0;0;0;0;8.20681165367e-05;0;0;0;0;0;0;0;0;0;0;0;0;0
AE;1986;0;0;0.999921966446;0;0;0;0;7.80335544284e-05;0;0;0;0;0;0;0;0;0;0;0;0;0
AE;1987;0;0;0.999926782838;0;0;0;0;7.32171621028e-05;0;0;0;0;0;0;0;0;0;0;0;0;0
AE;1988;0;0;0.999932614555;0;0;0;0;6.73854447439e-05;0;0;0;0;0;0;0;0;0;0;0;0;0
AE;1989;0;0;0.999935946708;0;0;0;0;6.40532923392e-05;0;0;0;0;0;0;0;0;0;0;0;0;0
AE;1990;0;0;0.999941455418;0;0;0;0;5.8544581699e-05;0;0;0;0;0;0;0;0;0;0;0;0;0
AE;1991;0;0;0.999941934735;0;0;0;0;5.80652653583e-05;0;0;0;0;0;0;0;0;0;0;0;0;0
AE;1992;0;0;0.999892985178;0;0;0;0;0.000107014821553;0;0;0;0;0;0;0;0;0;0;0;0;0
AE;1993;0;0;0.999907961344;0;0;0;0;9.20386562356e-05;0;0;0;0;0;0;0;0;0;0;0;0;0
AE;1994;0;0;0.999915739805;0;0;0;0;8.42601954837e-05;0;0;0;0;0;0;0;0;0;0;0;0;0
AE;1995;0;0;0.999919942358;0;0;0;0;8.00576415019e-05;0;0;0;0;0;0;0;0;0;0;0;0;0
AE;1996;0;0;0.999924732801;0;0;0;0;7.52671985549e-05;0;0;0;0;0;0;0;0;0;0;0;0;0
AE;1997;0;0;0.99989460371;0;0;0;0;0.000105396290051;0;0;0;0;0;0;0;0;0;0;0;0;0
AE;1998;0;0;0.999910158122;0;0;0;0;8.98418782942e-05;0;0;0;0;0;0;0;0;0;0;0;0;0
AE;1999;0;0;0.999919194096;0;0;0;0;8.08059042181e-05;0;0;0;0;0;0;0;0;0;0;0;0;0
AE;2000;0;0;0.999924894853;0;0;0;0;7.51051472061e-05;0;0;0;0;0;0;0;0;0;0;0;0;0
AE;2001;0;0;0.999930510516;0;0;0;0;6.94894839248e-05;0;0;0;0;0;0;0;0;0;0;0;0;0
AE;2002;0;0;0.999935974048;0;0;0;0;6.40259518525e-05;0;0;0;0;0;0;0;0;0;0;0;0;0
AE;2003;0;0;0.999939332659;0;0;0;0;6.06673407482e-05;0;0;0;0;0;0;0;0;0;0;0;0;0
AE;2004;0;0;0.99994276666;0;0;0;0;5.72333403285e-05;0;0;0;0;0;0;0;0;0;0;0;0;0
AE;2005;0;0;0.999950574978;0;0;0;0;4.94250222413e-05;0;0;0;0;0;0;0;0;0;0;0;0;0
AE;2006;0;0;0.999951952337;0;0;0;0;4.8047663282e-05;0;0;0;0;0;0;0;0;0;0;0;0;0
AE;2007;0;0;0.999961910082;0;0;0;0;3.80899175988e-05;0;0;0;0;0;0;0;0;0;0;0;0;0
AE;2008;0;0;0.999962715782;0;0;0;0;3.72842175907e-05;0;0;0;0;0;0;0;0;0;0;0;0;0
AE;2009;0;0;0.999894978821;7.00141195141e-05;0;0;0;3.50070597571e-05;0;0;0;0;0;0;0;0;0;0;0;0;0
AE;2010;0;0;0.999776472091;0.000191595350619;0;0;0;3.19325584366e-05;0;0;0;0;0;0;0;0;0;0;0;0;0
AE;2011;0;0;0.99975791077;0.000211828076298;0;0;0;3.02611537569e-05;0;0;0;0;0;0;0;0;0;0;0;0;0
AE;2012;0;0;0.999745812975;0.000225944022368;0;0;0;2.82430027961e-05;0;0;0;0;0;0;0;0;0;0;0;0;0
AE;2013;0;0;0.999190864956;0.000772769423787;9.09140498573e-06;0;0;2.72742149572e-05;0;0;0;0;0;0;0;0;0;0;0;0;0
AE;2014;0;0;0.997297158155;0.00264277869303;2.57413509061e-05;0;0;3.43218012081e-05;0;0;0;0;0;0;0;0;0;0;0;0;0
AE;2015;0;0;0.997621327974;0.00234727041497;7.85040272566e-06;0;0;2.3551208177e-05;0;0;0;0;0;0;0;0;0;0;0;0;0
AE;2016;0;0;0.997538827124;0.00243802704976;0;0;0;2.31458264217e-05;0;0;0;0;0;0;0;0;0;0;0;0;0
AE;2017;0;0;0.99444147197;0.00553623446882;0;0;0;2.22935616194e-05;0;0;0;0;0;0;0;0;0;0;0;0;0
AE;2018;0;0;0.991170026615;0.00880791683209;0;0;0;2.20565530019e-05;0;0;0;0;0;0;0;0;0;0;0;0;0
AE;2019;0;0;0.973572450056;0.026405882098;0;0;0;2.16678463605e-05;0;0;0;0;0;0;0;0;0;0;0;0;0
AE;2020;0;0.0118491005753;0.945058626466;0.0377539873279;0;7.28279076542e-06;0.00530915446799;2.18483722963e-05;0;0;0;0;0;0;0;0;0;0;0;0;0
AE;2021;0;0.0675401873172;0.870273461611;0.0419450929877;0;0;0.0202211308805;2.01272039288e-05;0;0;0;0;0;0;0;0;0;0;0;0;0
AE;2022;0;0.132502991546;0.817586433176;0.0498140737786;0;7.7201199192e-05;0;1.9300299798e-05;0;0;0;0;0;0;0;0;0;0;0;0;0
AE;2023;0;0.197352163454;0.71473082915;0.0859770910806;0.000668525007014;0.000680462953567;0;0.000590928354414;0;0;0;0;0;0;0;0;0;0;0;0;0
AE;2024;0;0.21756351181;0.693324705174;0.0805152350244;0.00123843845184;0.00379341507771;0;0.00356469446273;0;0;0;0;0;0;0;0;0;0;0;0;0
AE;2025;0;0.21177268044;0.680396941598;0.0987148202375;0.00119841657177;0.00408329266309;0;0.00383384848978;0;0;0;0;0;0;0;0;0;0;0;0;0
AF;2000;0.645833333333;0;0;0;0;0;0;0.354166666667;0;0;0;0;0;0;0;0;0;0;0;0;0
AF;2001;0.724637681159;0;0;0;0;0;0.0579710144928;0.217391304348;0;0;0;0;0;0;0;0;0;0;0;0;0
AF;2002;0.788732394366;0;0;0;0;0;0.056338028169;0.154929577465;0;0;0;0;0;0;0;0;0;0;0;0;0
AF;2003;0.692307692308;0;0;0;0;0;0.0989010989011;0.208791208791;0;0;0;0;0;0;0;0;0;0;0;0;0
AF;2004;0.708860759494;0;0;0;0;0;0.0759493670886;0.215189873418;0;0;0;0;0;0;0;0;0;0;0;0;0
AF;2005;0.719512195122;0;0;0;0;0;0.0731707317073;0.207317073171;0;0;0;0;0;0;0;0;0;0;0;0;0
AF;2006;0.711111111111;0;0;0;0;0;0.166666666667;0.122222222222;0;0;0;0;0;0;0;0;0;0;0;0;0
AF;2007;0.742574257426;0;0;0;0;0;0.148514851485;0.108910891089;0;0;0;0;0;0;0;0;0;0;0;0;0
AF;2008;0.692307692308;0;0;0;0;0;0.166666666667;0.141025641026;0;0;0;0;0;0;0;0;0;0;0;0;0
AF;2009;0.876404494382;0;0;0;0;0;0.0674157303371;0.0561797752809;0;0;0;0;0;0;0;0;0;0;0;0;0
AF;2010;0.852272727273;0;0;0;0;0;0.0681818181818;0.0795454545455;0;0;0;0;0;0;0;0;0;0;0;0;0
AF;2011;0.779220779221;0;0;0;0;0;0.12987012987;0.0909090909091;0;0;0;0;0;0;0;0;0;0;0;0;0
AF;2012;0.806818181818;0;0;0.0340909090909;0;0;0.0795454545455;0.0795454545455;0;0;0;0;0;0;0;0;0;0;0;0;0
AF;2013;0.774774774775;0;0;0.027027027027;0;0;0.108108108108;0.0900900900901;0;0;0;0;0;0;0;0;0;0;0;0;0
AF;2014;0.836206896552;0;0;0.0258620689655;0;0;0.0948275862069;0.0431034482759;0;0;0;0;0;0;0;0;0;0;0;0;0
AF;2015;0.847457627119;0;0;0.0254237288136;0;0;0.0847457627119;0.0423728813559;0;0;0;0;0;0;0;0;0;0;0;0;0
AF;2016;0.842975206612;0;0;0.0330578512397;0;0;0.0743801652893;0.0495867768595;0;0;0;0;0;0;0;0;0;0;0;0;0
AF;2017;0.833333333333;0;0;0.031746031746;0;0;0.0873015873016;0.047619047619;0;0;0;0;0;0;0;0;0;0;0;0;0
AF;2018;0.794871794872;0;0;0.034188034188;0;0;0.102564102564;0.0683760683761;0;0;0;0;0;0;0;0;0;0;0;0;0
AF;2019;0.835616438356;0;0;0.041095890411;0;0;0.0547945205479;0.0684931506849;0;0;0;0;0;0;0;0;0;0;0;0;0
AF;2020;0.838983050847;0;0;0.0593220338983;0;0;0.0169491525424;0.0847457627119;0;0;0;0;0;0;0;0;0;0;0;0;0
AF;2021;0.801886792453;0;0;0.0754716981132;0;0;0.0283018867925;0.0943396226415;0;0;0;0;0;0;0;0;0;0;0;0;0
AF;2022;0.770833333333;0;0;0.09375;0;0;0.03125;0.104166666667;0;0;0;0;0;0;0;0;0;0;0;0;0
AF;2023;0.773195876289;0;0;0.0927835051546;0;0;0.0309278350515;0.103092783505;0;0;0;0;0;0;0;0;0;0;0;0;0
AF;2024;0.757575757576;0;0;0.111111111111;0;0;0.030303030303;0.10101010101;0;0;0;0;0;0;0;0;0;0;0;0;0
AG;2000;0;0;0;0;0;0;0;1;0;0;0;0;0;0;0;0;0;0;0;0;0
AG;2001;0;0;0;0;0;0;0;1;0;0;0;0;0;0;0;0;0;0;0;0;0
AG;2002;0;0;0;0;0;0;0;1;0;0;0;0;0;0;0;0;0;0;0;0;0
AG;2003;0;0;0;0;0;0;0;1;0;0;0;0;0;0;0;0;0;0;0;0;0
AG;2004;0;0;0;0;0;0;0;1;0;0;0;0;0;0;0;0;0;0;0;0;0
AG;2005;0;0;0;0;0;0;0;1;0;0;0;0;0;0;0;0;0;0;0;0;0
AG;2006;0;0;0;0;0;0;0;1;0;0;0;0;0;0;0;0;0;0;0;0;0
AG;2007;0;0;0;0;0;0;0;1;0;0;0;0;0;0;0;0;0;0;0;0;0
AG;2008;0;0;0;0;0;0;0;1;0;0;0;0;0;0;0;0;0;0;0;0;0
AG;2009;0;0;0;0;0;0;0;1;0;0;0;0;0;0;0;0;0;0;0;0;0
AG;2010;0;0;0;0;0;0;0;1;0;0;0;0;0;0;0;0;0;0;0;0;0
AG;2011;0;0;0;0;0;0;0;1;0;0;0;0;0;0;0;0;0;0;0;0;0
AG;2012;0;0;0;0;0;0;0;1;0;0;0;0;0;0;0;0;0;0;0;0;0
AG;2013;0;0;0;0;0;0;0;1;0;0;0;0;0;0;0;0;0;0;0;0;0
AG;2014;0;0;0;0;0;0;0;1;0;0;0;0;0;0;0;0;0;0;0;0;0
AG;2015;0;0;0;0.0285714285714;0;0;0;0.971428571429;0;0;0;0;0;0;0;0;0;0;0;0;0
AG;2016;0;0;0;0;0;0;0;1;0;0;0;0;0;0;0;0;0;0;0;0;0
AG;2017;0;0;0;0.0285714285714;0;0;0;0.971428571429;0;0;0;0;0;0;0;0;0;0;0;0;0
AG;2018;0;0;0;0.0277777777778;0;0;0;0.972222222222;0;0;0;0;0;0;0;0;0;0;0;0;0
AG;2019;0;0;0;0.0277777777778;0;0;0;0.972222222222;0;0;0;0;0;0;0;0;0;0;0;0;0
AG;2020;0;0;0;0.0571428571429;0;0;0;0.942857142857;0;0;0;0;0;0;0;0;0;0;0;0;0
AG;2021;0;0;0;0.0571428571429;0;0;0;0.942857142857;0;0;0;0;0;0;0;0;0;0;0;0;0
AG;2022;0;0;0;0.0555555555556;0;0;0;0.944444444444;0;0;0;0;0;0;0;0;0;0;0;0;0
AG;2023;0;0;0;0.0555555555556;0;0;0;0.944444444444;0;0;0;0;0;0;0;0;0;0;0;0;0
AG;2024;0;0;0;0.0810810810811;0;0;0;0.918918918919;0;0;0;0;0;0;0;0;0;0;0;0;0
AL;2000;0.961945031712;0;0;0;0;0;0;0.0380549682875;0;0;0;0;0;0;0;0;0;0;0;0;0
AL;2001;0.953929539295;0;0;0;0;0;0;0.0460704607046;0;0;0;0;0;0;0;0;0;0;0;0;0
AL;2002;0.938005390836;0;0;0;0;0;0;0.0619946091644;0;0;0;0;0;0;0;0;0;0;0;0;0
AL;2003;0.97896749522;0;0;0;0;0;0;0.0210325047801;0;0;0;0;0;0;0;0;0;0;0;0;0
AL;2004;0.974774774775;0;0;0;0;0;0;0.0252252252252;0;0;0;0;0;0;0;0;0;0;0;0;0
AL;2005;0.987012987013;0;0;0;0;0;0;0.012987012987;0;0;0;0;0;0;0;0;0;0;0;0;0
AL;2006;0.982142857143;0;0;0;0;0;0;0.0178571428571;0;0;0;0;0;0;0;0;0;0;0;0;0
AL;2007;0.975265017668;0;0;0;0;0;0;0.0247349823322;0;0;0;0;0;0;0;0;0;0;0;0;0
AL;2008;1;0;0;0;0;0;0;0;0;0;0;0;0;0;0;0;0;0;0;0;0
AL;2009;1;0;0;0;0;0;0;0;0;0;0;0;0;0;0;0;0;0;0;0;0
AL;2010;1;0;0;0;0;0;0;0;0;0;0;0;0;0;0;0;0;0;0;0;0
AL;2011;0.985680190931;0;0;0;0;0;0;0.0143198090692;0;0;0;0;0;0;0;0;0;0;0;0;0
AL;2012;1;0;0;0;0;0;0;0;0;0;0;0;0;0;0;0;0;0;0;0;0
AL;2013;1;0;0;0;0;0;0;0;0;0;0;0;0;0;0;0;0;0;0;0;0
AL;2014;1;0;0;0;0;0;0;0;0;0;0;0;0;0;0;0;0;0;0;0;0
AL;2015;1;0;0;0;0;0;0;0;0;0;0;0;0;0;0;0;0;0;0;0;0
AL;2016;1;0;0;0;0;0;0;0;0;0;0;0;0;0;0;0;0;0;0;0;0
AL;2017;1;0;0;0;0;0;0;0;0;0;0;0;0;0;0;0;0;0;0;0;0
AL;2018;1;0;0;0;0;0;0;0;0;0;0;0;0;0;0;0;0;0;0;0;0
AL;2019;0.996153846154;0;0;0.00384615384615;0;0;0;0;0;0;0;0;0;0;0;0;0;0;0;0;0
AL;2020;0.994350282486;0;0;0.00564971751412;0;0;0;0;0;0;0;0;0;0;0;0;0;0;0;0;0
AL;2021;0.995525727069;0;0;0.00447427293065;0;0;0;0;0;0;0;0;0;0;0;0;0;0;0;0;0
AL;2022;0.977044476327;0;0;0.0229555236729;0;0;0;0;0;0;0;0;0;0;0;0;0;0;0;0;0
AL;2023;0.966703662597;0;0;0.0332963374029;0;0;0;0;0;0;0;0;0;0;0;0;0;0;0;0;0
AL;2024;0.959232613909;0;0;0.0407673860911;0;0;0;0;0;0;0;0;0;0;0;0;0;0;0;0;0
AM;2000;0.216262975779;0.318339100346;0.465397923875;0;0;0;0;0;0;0;0;0;0;0;0;0;0;0;0;0;0
AM;2001;0.16724738676;0.34668989547;0.48606271777;0;0;0;0;0;0;0;0;0;0;0;0;0;0;0;0;0;0
AM;2002;0.308851224105;0.393596986817;0.297551789077;0;0;0;0;0;0;0;0;0;0;0;0;0;0;0;0;0;0
AM;2003;0.369811320755;0.343396226415;0.28679245283;0;0;0;0;0;0;0;0;0;0;0;0;0;0;0;0;0;0
AM;2004;0.341968911917;0.379965457686;0.278065630397;0;0;0;0;0;0;0;0;0;0;0;0;0;0;0;0;0;0
AM;2005;0.287828947368;0.411184210526;0.300986842105;0;0;0;0;0;0;0;0;0;0;0;0;0;0;0;0;0;0
AM;2006;0.316987740806;0.423817863398;0.259194395797;0;0;0;0;0;0;0;0;0;0;0;0;0;0;0;0;0;0
AM;2007;0.322751322751;0.414462081129;0.26278659612;0;0;0;0;0;0;0;0;0;0;0;0;0;0;0;0;0;0
AM;2008;0.301694915254;0.384745762712;0.313559322034;0;0;0;0;0;0;0;0;0;0;0;0;0;0;0;0;0;0
AM;2009;0.367647058824;0.420955882353;0.211397058824;0;0;0;0;0;0;0;0;0;0;0;0;0;0;0;0;0;0
AM;2010;0.40350877193;0.365231259968;0.22966507177;0;0.00159489633174;0;0;0;0;0;0;0;0;0;0;0;0;0;0;0;0
AM;2011;0.341192787795;0.327323162275;0.331484049931;0;0;0;0;0;0;0;0;0;0;0;0;0;0;0;0;0;0
AM;2012;0.294117647059;0.271099744246;0.434782608696;0;0;0;0;0;0;0;0;0;0;0;0;0;0;0;0;0;0
AM;2013;0.287049399199;0.289719626168;0.423230974633;0;0;0;0;0;0;0;0;0;0;0;0;0;0;0;0;0;0
AM;2014;0.261620185923;0.301460823373;0.436918990704;0;0;0;0;0;0;0;0;0;0;0;0;0;0;0;0;0;0
AM;2015;0.288741721854;0.340397350993;0.370860927152;0;0;0;0;0;0;0;0;0;0;0;0;0;0;0;0;0;0
AM;2016;0.328169014085;0.308450704225;0.36338028169;0;0;0;0;0;0;0;0;0;0;0;0;0;0;0;0;0;0
AM;2017;0.298804780876;0.32005312085;0.381142098274;0;0;0;0;0;0;0;0;0;0;0;0;0;0;0;0;0;0
AM;2018;0.301712779974;0.250329380764;0.445322793149;0.00263504611331;0;0;0;0;0;0;0;0;0;0;0;0;0;0;0;0;0
AM;2019;0.313751668892;0.271028037383;0.407209612817;0.00801068090788;0;0;0;0;0;0;0;0;0;0;0;0;0;0;0;0;0
AM;2020;0.232984293194;0.333769633508;0.414921465969;0.0183246073298;0;0;0;0;0;0;0;0;0;0;0;0;0;0;0;0;0
AM;2021;0.284974093264;0.239637305699;0.437823834197;0.0375647668394;0;0;0;0;0;0;0;0;0;0;0;0;0;0;0;0;0
AM;2022;0.288461538462;0.266194331984;0.392712550607;0.0526315789474;0;0;0;0;0;0;0;0;0;0;0;0;0;0;0;0;0
AM;2023;0.190751445087;0.290173410405;0.430057803468;0.0890173410405;0;0;0;0;0;0;0;0;0;0;0;0;0;0;0;0;0
AM;2024;0.221483942414;0.291251384275;0.389811738649;0.0974529346622;0;0;0;0;0;0;0;0;0;0;0;0;0;0;0;0;0
AM;2025;0.202469135802;0.312874779541;0.394826572604;0.0874779541446;0;0;0;0.00235155790711;0;0;0;0;0;0;0;0;0;0;0;0;0
AO;2000;0.631944444444;0;0;0;0;0;0;0.368055555556;0;0;0;0;0;0;0;0;0;0;0;0;0
AO;2001;0.621951219512;0;0;0;0;0;0;0.378048780488;0;0;0;0;0;0;0;0;0;0;0;0;0
AO;2002;0.647727272727;0;0;0;0;0;0;0.352272727273;0;0;0;0;0;0;0;0;0;0;0;0;0
AO;2003;0.623115577889;0;0;0;0;0;0;0.376884422111;0;0;0;0;0;0;0;0;0;0;0;0;0
AO;2004;0.78125;0;0;0;0;0;0;0.21875;0;0;0;0;0;0;0;0;0;0;0;0;0
AO;2005;0.844106463878;0;0;0;0;0;0;0.155893536122;0;0;0;0;0;0;0;0;0;0;0;0;0
AO;2006;0.852348993289;0;0;0;0;0;0;0.147651006711;0;0;0;0;0;0;0;0;0;0;0;0;0
AO;2007;0.768518518519;0;0;0;0;0;0;0.231481481481;0;0;0;0;0;0;0;0;0;0;0;0;0
AO;2008;0.777777777778;0;0;0;0;0;0;0.222222222222;0;0;0;0;0;0;0;0;0;0;0;0;0
AO;2009;0.665987780041;0;0;0;0;0;0;0.334012219959;0;0;0;0;0;0;0;0;0;0;0;0;0
AO;2010;0.677655677656;0;0;0.0018315018315;0;0;0;0.320512820513;0;0;0;0;0;0;0;0;0;0;0;0;0
AO;2011;0.708480565371;0;0;0.0017667844523;0;0;0;0.289752650177;0;0;0;0;0;0;0;0;0;0;0;0;0
AO;2012;0.708549222798;0;0;0.00129533678756;0;0;0;0.290155440415;0;0;0;0;0;0;0;0;0;0;0;0;0
AO;2013;0.579141104294;0;0;0.00122699386503;0;0;0;0.41963190184;0;0;0;0;0;0;0;0;0;0;0;0;0
AO;2014;0.521966527197;0;0;0.00209205020921;0;0.00418410041841;0;0.471757322176;0;0;0;0;0;0;0;0;0;0;0;0;0
AO;2015;0.539877300613;0;0;0.00204498977505;0;0.0040899795501;0;0.453987730061;0;0;0;0;0;0;0;0;0;0;0;0;0
AO;2016;0.579234972678;0;0;0.00182149362477;0;0.00455373406193;0;0.414389799636;0;0;0;0;0;0;0;0;0;0;0;0;0
AO;2017;0.707678075856;0;0.00370027752081;0.00185013876041;0;0.00462534690102;0;0.282146160962;0;0;0;0;0;0;0;0;0;0;0;0;0
AO;2018;0.789193302892;0;0.00608828006088;0.00152207001522;0;0.00380517503805;0;0.199391171994;0;0;0;0;0;0;0;0;0;0;0;0;0
AO;2019;0.727560050569;0;0.103666245259;0.00126422250316;0;0.0031605562579;0;0.164348925411;0;0;0;0;0;0;0;0;0;0;0;0;0
AO;2020;0.751933372992;0;0.0981558596074;0.00118976799524;0;0.0029744199881;0;0.145746579417;0;0;0;0;0;0;0;0;0;0;0;0;0
AO;2021;0.750148367953;0;0.0985163204748;0.00118694362018;0;0.00296735905045;0;0.147181008902;0;0;0;0;0;0;0;0;0;0;0;0;0
AO;2022;0.730213749278;0;0.0964760254188;0.0225303292894;0;0.00288850375505;0;0.147891392259;0;0;0;0;0;0;0;0;0;0;0;0;0
AO;2023;0.712380952381;0;0.088253968254;0.0247619047619;0;0.0031746031746;0;0.171428571429;0;0;0;0;0;0;0;0;0;0;0;0;0
AO;2024;0.705580500321;0;0.0898011545863;0.0282232200128;0;0.00320718409237;0;0.173187940988;0;0;0;0;0;0;0;0;0;0;0;0;0
AR;1985;0.455875860851;0.127273529931;0.2748543175;0;0;0.0026487727353;0.0133983754194;0.125949143563;0;0;0;0;0;0;0;0;0;0;0;0;0
AR;1986;0.428991065236;0.116498714863;0.270286810004;0;0;0.00252947656154;0.0206641915875;0.161029741749;0;0;0;0;0;0;0;0;0;0;0;0;0
AR;1987;0.420465883798;0.124050195717;0.240578709034;0;0;0.00203392432266;0.0194949727531;0.193376314376;0;0;0;0;0;0;0;0;0;0;0;0;0
AR;1988;0.290653155298;0.110440198861;0.401283833978;0;0;0.00234290176956;0.03021009924;0.165069810854;0;0;0;0;0;0;0;0;0;0;0;0;0
AR;1989;0.259270182061;0.0990719987417;0.478451496205;0;0;0.00208407062247;0.0170068027211;0.144115449648;0;0;0;0;0;0;0;0;0;0;0;0;0
AR;1990;0.347279678463;0.142750710715;0.389177531615;0;0;0.00260758749142;0.0129399078522;0.105244583864;0;0;0;0;0;0;0;0;0;0;0;0;0
AR;1991;0.294667062799;0.144019014372;0.389330411854;0;0;0.00243250269246;0.0171946373528;0.152356370929;0;0;0;0;0;0;0;0;0;0;0;0;0
AR;1992;0.341579482061;0.126205286328;0.370631115547;0;0;0.00231700144367;0.0148644554155;0.144402659205;0;0;0;0;0;0;0;0;0;0;0;0;0
AR;1993;0.384172754898;0.125266696838;0.355498803905;0;0;0.00155169069632;0.0190728648089;0.114437188854;0;0;0;0;0;0;0;0;0;0;0;0;0
AR;1994;0.415820913718;0.125491451038;0.346210112462;0;0;0.00150864039499;0.0357806833074;0.0751881990796;0;0;0;0;0;0;0;0;0;0;0;0;0
AR;1995;0.394580914099;0.105195771922;0.394536251303;0;0;0.00177162423701;0.0284055381867;0.0755099002531;0;0;0;0;0;0;0;0;0;0;0;0;0
AR;1996;0.322133027523;0.106923738532;0.46652809633;0;0.000143348623853;0.00319667431193;0.0274799311927;0.0735951834862;0;0;0;0;0;0;0;0;0;0;0;0;0
AR;1997;0.385369084912;0.109862964547;0.444199108511;0;0.000207002194223;0.0024702261844;0.0261650773498;0.0317265363013;0;0;0;0;0;0;0;0;0;0;0;0;0
AR;1998;0.356958919254;0.100484016664;0.461946043602;0;0.000444917825026;0.00279084817516;0.0243761038681;0.0529991506114;0;0;0;0;0;0;0;0;0;0;0;0;0
AR;1999;0.264994736516;0.0880054492538;0.566375626974;0;0.000433463372345;0.0032447829587;0.0260821103474;0.0508638305777;0;0;0;0;0;0;0;0;0;0;0;0;0
AR;2000;0.321146800333;0.0694216547911;0.549349277349;0;0.00039335566095;0.00433815100362;0.0200161837758;0.0353345770865;0;0;0;0;0;0;0;0;0;0;0;0;0
AR;2001;0.405826686045;0.0783141218368;0.479913908828;0;0.00054361693866;0.00402720303538;0.0151103320501;0.0162641312668;0;0;0;0;0;0;0;0;0;0;0;0;0
AR;2002;0.422969618158;0.0688142806478;0.481215273673;0;0.000862986168578;0.00626551601844;0.00958742168105;0.0102849036529;0;0;0;0;0;0;0;0;0;0;0;0;0
AR;2003;0.367162719965;0.0821855311753;0.518650879861;0;0.000847273517271;0.00956984575277;0.0101781446882;0.0114056050402;0;0;0;0;0;0;0;0;0;0;0;0;0
AR;2004;0.303830041891;0.0784859365649;0.55065828845;0;0.000718132854578;0.00865749052464;0.0167364851386;0.0409136245761;0;0;0;0;0;0;0;0;0;0;0;0;0
AR;2005;0.323555555556;0.0649929078014;0.526713947991;0;0.00068085106383;0.00866193853428;0.0206146572104;0.054780141844;0;0;0;0;0;0;0;0;0;0;0;0;0
AR;2006;0.335161298855;0.0680726131384;0.497244826887;0;0.00061715877732;0.00922211544396;0.0175802085997;0.0721017782989;0;0;0;0;0;0;0;0;0;0;0;0;0
AR;2007;0.275005505395;0.0638978198635;0.530059458269;0;0.000546135212508;0.00943404536446;0.0206210085884;0.100436027307;0;0;0;0;0;0;0;0;0;0;0;0;0
AR;2008;0.255937000123;0.0606537877856;0.53657356138;0;0.000344530577089;0.00989294942783;0.015889422091;0.120708748616;0;0;0;0;0;0;0;0;0;0;0;0;0
AR;2009;0.282997890882;0.06689501823;0.504406258686;0;0.00030247044782;0.00971992871507;0.014346909079;0.121331523961;0;0;0;0;0;0;0;0;0;0;0;0;0
AR;2010;0.264780817677;0.0572263098158;0.506425062108;0;0.000198426871761;0.0109293520966;0.0239144065846;0.136525624846;0;0;0;0;0;0;0;0;0;0;0;0;0
AR;2011;0.240854152991;0.0494265745067;0.524083870719;1.54458045333e-05;0.0002085183612;0.0107348341507;0.0224813684983;0.152195234969;0;0;0;0;0;0;0;0;0;0;0;0;0
AR;2012;0.214389155573;0.0470621099292;0.560371380474;5.88092595179e-05;0.0027199282527;0.0106812317599;0.0194364602707;0.145280924482;0;0;0;0;0;0;0;0;0;0;0;0;0
AR;2013;0.235016960578;0.044513450133;0.535724786827;0.000107572378282;0.00324868582411;0.0109508681091;0.0170538077036;0.153383868446;0;0;0;0;0;0;0;0;0;0;0;0;0
AR;2014;0.233971606123;0.0397976196491;0.549718154326;0.000115480942036;0.00446766894501;0.0107036398149;0.0183614697837;0.142864360416;0;0;0;0;0;0;0;0;0;0;0;0;0
AR;2015;0.222368158657;0.048404288239;0.544006711548;0.000103148788689;0.00407781544619;0.0102254832521;0.0164144105734;0.154399983496;0;0;0;0;0;0;0;0;0;0;0;0;0
AR;2016;0.202137344421;0.0562870264688;0.572592260449;9.5113864884e-05;0.00371623457797;0.00799635849774;0.013112125659;0.144063536062;0;0;0;0;0;0;0;0;0;0;0;0;0
AR;2017;0.216963445704;0.041807731134;0.626353703844;0.000109875771706;0.00420274826774;0.0100398986396;0.0138237455277;0.0866988511115;0;0;0;0;0;0;0;0;0;0;0;0;0
AR;2018;0.219923147151;0.0468202815213;0.64961096652;0.000735825146143;0.00962704566204;0.00965429844523;0.013837600665;0.049790834889;0;0;0;0;0;0;0;0;0;0;0;0;0
AR;2019;0.197124653303;0.0605026839914;0.654413714515;0.00573349291555;0.0358056632576;0.0105782944292;0.00836373279056;0.0274777647978;0;0;0;0;0;0;0;0;0;0;0;0;0
AR;2020;0.16364428282;0.0692117834945;0.613351492986;0.00929184267472;0.0650636394433;0.0152098615211;0.0113451739801;0.0528819230796;0;0;0;0;0;0;0;0;0;0;0;0;0
AR;2021;0.128290010643;0.0664041840512;0.587197116609;0.014384308502;0.0844776138894;0.014717308835;0.0155334861217;0.0889959713489;0;0;0;0;0;0;0;0;0;0;0;0;0
AR;2022;0.156366957609;0.0512913836793;0.525810505497;0.0201896730509;0.0972743941381;0.0164676312844;0.0164332951057;0.116166159636;0;0;0;0;0;0;0;0;0;0;0;0;0
AR;2023;0.211972726844;0.0603280586386;0.513505327419;0.0220702559719;0.0974550888128;0.0161808159062;0.0125731131917;0.0659146132152;0;0;0;0;0;0;0;0;0;0;0;0;0
AR;2024;0.192402320679;0.0681911623627;0.540752197662;0.0259738564651;0.105494319035;0.0171244722021;0.0086536014253;0.0414080701686;0;0;0;0;0;0;0;0;0;0;0;0;0
AR;2025;0.162849690251;0.0701728073036;0.559876100424;0.033615911314;0.121499836974;0.0203716987284;0.00882295402674;0.0227910009782;0;0;0;0;0;0;0;0;0;0;0;0;0
AS;2000;0;0;0;0;0;0;0;1;0;0;0;0;0;0;0;0;0;0;0;0;0
AS;2001;0;0;0;0;0;0;0;1;0;0;0;0;0;0;0;0;0;0;0;0;0
AS;2002;0;0;0;0;0;0;0;1;0;0;0;0;0;0;0;0;0;0;0;0;0
AS;2003;0;0;0;0;0;0;0;1;0;0;0;0;0;0;0;0;0;0;0;0;0
AS;2004;0;0;0;0;0;0;0;1;0;0;0;0;0;0;0;0;0;0;0;0;0
AS;2005;0;0;0;0;0;0;0;1;0;0;0;0;0;0;0;0;0;0;0;0;0
AS;2006;0;0;0;0;0;0;0;1;0;0;0;0;0;0;0;0;0;0;0;0;0
AS;2007;0;0;0;0;0;0;0;1;0;0;0;0;0;0;0;0;0;0;0;0;0
AS;2008;0;0;0;0;0;0;0;1;0;0;0;0;0;0;0;0;0;0;0;0;0
AS;2009;0;0;0;0;0;0;0;1;0;0;0;0;0;0;0;0;0;0;0;0;0
AS;2010;0;0;0;0;0;0;0;1;0;0;0;0;0;0;0;0;0;0;0;0;0
AS;2011;0;0;0;0;0;0;0;1;0;0;0;0;0;0;0;0;0;0;0;0;0
AS;2012;0;0;0;0;0;0;0;1;0;0;0;0;0;0;0;0;0;0;0;0;0
AS;2013;0;0;0;0;0;0;0;1;0;0;0;0;0;0;0;0;0;0;0;0;0
AS;2014;0;0;0;0;0;0;0;1;0;0;0;0;0;0;0;0;0;0;0;0;0
AS;2015;0;0;0;0;0;0;0;1;0;0;0;0;0;0;0;0;0;0;0;0;0
AS;2016;0;0;0;0;0;0;0;1;0;0;0;0;0;0;0;0;0;0;0;0;0
AS;2017;0;0;0;0;0;0;0;1;0;0;0;0;0;0;0;0;0;0;0;0;0
AS;2018;0;0;0;0;0;0;0;1;0;0;0;0;0;0;0;0;0;0;0;0;0
AS;2019;0;0;0;0;0;0;0;1;0;0;0;0;0;0;0;0;0;0;0;0;0
AS;2020;0;0;0;0;0;0;0;1;0;0;0;0;0;0;0;0;0;0;0;0;0
AS;2021;0;0;0;0;0;0;0;1;0;0;0;0;0;0;0;0;0;0;0;0;0
AS;2022;0;0;0;0.0555555555556;0;0;0;0.944444444444;0;0;0;0;0;0;0;0;0;0;0;0;0
AS;2023;0;0;0;0;0;0;0;1;0;0;0;0;0;0;0;0;0;0;0;0;0
AS;2024;0;0;0;0.0555555555556;0;0;0;0.944444444444;0;0;0;0;0;0;0;0;0;0;0;0;0
AT;1990;0.639537243759;0;0.156687639537;0;0;0.0229348487924;0.125634260199;0.0552060077126;0;0;0;0;0;0;0;0;0;0;0;0;0
AT;1991;0.626794258373;0;0.148923444976;0;0;0.0241228070175;0.136363636364;0.0637958532695;0;0;0;0;0;0;0;0;0;0;0;0;0
AT;1992;0.698536780918;0;0.133092804169;0;0;0.0262577670876;0.0823812387252;0.0597314091;0;0;0;0;0;0;0;0;0;0;0;0;0
AT;1993;0.715455076983;0;0.132332878581;0;0;0.026115766907;0.0580783473007;0.068017930228;0;0;0;0;0;0;0;0;0;0;0;0;0
AT;1994;0.68739172281;0;0.166313763234;0;0;0.022906641001;0.0596727622714;0.0637151106833;0;0;0;0;0;0;0;0;0;0;0;0;0
AT;1995;0.673387829246;0;0.161852861035;0;0;0.0334241598547;0.0784741144414;0.0528610354223;0;0;0;0;0;0;0;0;0;0;0;0;0
AT;1996;0.640224508887;0;0.175865294668;0;0;0.0293732460243;0.0987839101964;0.0557530402245;0;0;0;0;0;0;0;0;0;0;0;0;0
AT;1997;0.649577262097;0;0.152365533369;0;0.000359776938298;0.0304011512862;0.104874977514;0.0624212987947;0;0;0;0;0;0;0;0;0;0;0;0;0
AT;1998;0.665711214618;0;0.158903618775;0;0.000895736295235;0.0326048011465;0.0739878179864;0.0678968111788;0;0;0;0;0;0;0;0;0;0;0;0;0
AT;1999;0.681513730743;0;0.155559276624;0;0.000837240455459;0.0267916945747;0.0740120562626;0.0612860013396;0;0;0;0;0;0;0;0;0;0;0;0;0
AT;2000;0.701542588867;0;0.131623071764;0;0.00117370892019;0.0256539235412;0.0959087860496;0.0440979208585;0;0;0;0;0;0;0;0;0;0;0;0;0
AT;2001;0.663496228272;0;0.143489668744;0.00016398819285;0.0016398819285;0.027386028206;0.112987864874;0.0508363397835;0;0;0;0;0;0;0;0;0;0;0;0;0
AT;2002;0.663532904503;0;0.153554346033;0.000164934850734;0.00230908791028;0.0250700973116;0.109021936335;0.0463466930562;0;0;0;0;0;0;0;0;0;0;0;0;0
AT;2003;0.572882525444;0;0.192513368984;0.000172503018803;0.0063826116957;0.0284629981025;0.14559254787;0.0539934448853;0;0;0;0;0;0;0;0;0;0;0;0;0
AT;2004;0.594341147939;0;0.177041228779;0.000323362974939;0.0150363783347;0.0308811641067;0.127890056589;0.0544866612773;0;0;0;0;0;0;0;0;0;0;0;0;0
AT;2005;0.576355445083;0;0.202423489203;0.00031070374398;0.0206617989747;0.0377505048936;0.111387292217;0.0511107658847;0;0;0;0;0;0;0;0;0;0;0;0;0
AT;2006;0.573219739592;0;0.171515833467;0.000321491721588;0.028130525639;0.0519209130365;0.118469699405;0.0564217971387;0;0;0;0;0;0;0;0;0;0;0;0;0
AT;2007;0.589686455515;0;0.157568040745;0.000318319274232;0.0324685659717;0.0646188126691;0.105045360497;0.0502944453287;0;0;0;0;0;0;0;0;0;0;0;0;0
AT;2008;0.595371233302;0;0.173656415036;0.000465983224604;0.0312208760485;0.0646163404784;0.0858962410687;0.0487729108419;0;0;0;0;0;0;0;0;0;0;0;0;0
AT;2009;0.617731460504;0;0.18637668026;0.000755172934602;0.0294517444495;0.0646428032019;0.0567890046821;0.0442531339677;0;0;0;0;0;0;0;0;0;0;0;0;0
AT;2010;0.565614862872;0;0.211589501622;0.00132704217045;0.0303745207903;0.0660572102625;0.0725449719847;0.0524918902978;0;0;0;0;0;0;0;0;0;0;0;0;0
AT;2011;0.550482315113;0;0.2;0.00273311897106;0.0311897106109;0.0733118971061;0.0872990353698;0.0549839228296;0;0;0;0;0;0;0;0;0;0;0;0;0
AT;2012;0.638747268755;0;0.141442097597;0.00495265841224;0.0358339402768;0.0681718863802;0.0639475600874;0.0469045884924;0;0;0;0;0;0;0;0;0;0;0;0;0
AT;2013;0.650968241673;0;0.10302091402;0.00975987606507;0.0487993803253;0.0728117738187;0.0652207591015;0.0494190549961;0;0;0;0;0;0;0;0;0;0;0;0;0
AT;2014;0.66628757108;0;0.0864337936637;0.01283509342;0.0625507717303;0.0739236393176;0.0477660438668;0.0502030869212;0;0;0;0;0;0;0;0;0;0;0;0;0
AT;2015;0.601489155066;0;0.123988345743;0.0152152800259;0.0783425056653;0.0752670767239;0.0477500809323;0.0579475558433;0;0;0;0;0;0;0;0;0;0;0;0;0
AT;2016;0.616155387698;0;0.130877138893;0.0169569909049;0.0806227840296;0.0736858332049;0.0314475104054;0.0502543548636;0;0;0;0;0;0;0;0;0;0;0;0;0
AT;2017;0.570725890595;0;0.162617379639;0.0189297957967;0.0979281562081;0.0733343270234;0.026233417797;0.0502310329408;0;0;0;0;0;0;0;0;0;0;0;0;0
AT;2018;0.582031854028;0;0.15339415494;0.0225761558683;0.09324261636;0.0762331838565;0.0279882480285;0.0445337869182;0;0;0;0;0;0;0;0;0;0;0;0;0
AT;2019;0.577592304428;0;0.160135804216;0.0240486631773;0.105389729806;0.0659216296506;0.0212194086858;0.0456924600368;0;0;0;0;0;0;0;0;0;0;0;0;0
AT;2020;0.608431116906;0;0.144140228886;0.0295523685354;0.0983630305664;0.0664928292047;0.00811241489208;0.0449080110097;0;0;0;0;0;0;0;0;0;0;0;0;0
AT;2021;0.581220938953;0;0.159292035398;0.0416979151042;0.101094945253;0.067196640168;0;0.0494975251237;0;0;0;0;0;0;0;0;0;0;0;0;0
AT;2022;0.537149061579;0;0.168295331162;0.0587870327284;0.112300294711;0.0736776795409;0;0.0497906002792;0;0;0;0;0;0;0;0;0;0;0;0;0
AT;2023;0.572978303748;0;0.105663567202;0.0970695970696;0.113271344041;0.0642434488588;0;0.0467737390814;0;0;0;0;0;0;0;0;0;0;0;0;0
AT;2024;0.582463651771;0;0.0960791059801;0.10372465818;0.116556443289;0.0595078812901;0;0.04166825949;0;0;0;0;0;0;0;0;0;0;0;0;0
AT;2025;0.51902018078;0;0.118900024577;0.140691990497;0.113615882465;0.0631639312925;0;0.0446079903875;0;0;0;0;0;0;0;0;0;0;0;0;0
AU;1985;0.112724685259;0;0.0929952374407;0;0;0.00368714270698;0.722663798889;0.0679291357046;0;0;0;0;0;0;0;0;0;0;0;0;0
AU;1986;0.108286303242;0;0.10641796691;0;0;0.00355138310931;0.714808495526;0.0669358512125;0;0;0;0;0;0;0;0;0;0;0;0;0
AU;1987;0.100239296101;0;0.103000404963;0;0;0.00346058977285;0.738858005375;0.0544417037882;0;0;0;0;0;0;0;0;0;0;0;0;0
AU;1988;0.099976285798;0;0.102654595673;0;0;0.00509855343368;0.739311172179;0.0529593929164;0;0;0;0;0;0;0;0;0;0;0;0;0
AU;1989;0.0941274358957;0;0.0998989652189;0;0;0.00534890017367;0.749902597188;0.0507221015234;0;0;0;0;0;0;0;0;0;0;0;0;0
AU;1990;0.0948250939578;0;0.0807298191513;0;0;0.00488259291382;0.792541196878;0.0270212970994;0;0;0;0;0;0;0;0;0;0;0;0;0
AU;1991;0.0990991561315;0;0.0709153409343;3.16529820274e-05;0;0.00455169881555;0.805391135899;0.0200110152377;0;0;0;0;0;0;0;0;0;0;0;0;0
AU;1992;0.0987732342007;0;0.074126394052;7.43494423792e-05;0;0.0041511771995;0.805464684015;0.0174101610905;0;0;0;0;0;0;0;0;0;0;0;0;0
AU;1993;0.099085752984;0;0.0740527989745;9.06991087301e-05;1.20932144973e-05;0.00405122685661;0.805873674281;0.0168337545803;0;0;0;0;0;0;0;0;0;0;0;0;0
AU;1994;0.0949207132865;0;0.0796746247252;9.99165403016e-05;3.52646612829e-05;0.00409070070882;0.804586756944;0.0165920231336;0;0;0;0;0;0;0;0;0;0;0;0;0
AU;1995;0.0892058165548;0;0.0780657900744;0.000119846596357;3.99488654522e-05;0.00471396612336;0.810020316852;0.017834314934;0;0;0;0;0;0;0;0;0;0;0;0;0
AU;1996;0.0886485646238;0;0.0662643579252;0.000144342602719;3.88614699629e-05;0.00525185008355;0.824035264008;0.0156167592865;0;0;0;0;0;0;0;0;0;0;0;0;0
AU;1997;0.0844110487882;0;0.0644512646841;0.000164038522595;4.233252196e-05;0.00527569054926;0.833283945391;0.0123716795428;0;0;0;0;0;0;0;0;0;0;0;0;0
AU;1998;0.0791990855859;0;0.0725314831154;0.000180476457849;9.02382289244e-05;0.0054193069704;0.831926285393;0.010653124248;0;0;0;0;0;0;0;0;0;0;0;0;0
AU;1999;0.0786905688283;0;0.0779269111982;0.000198164321722;0.000207830874001;0.00548093514227;0.827268377324;0.0102272123113;0;0;0;0;0;0;0;0;0;0;0;0;0
AU;2000;0.0759400264725;0;0.0772867098036;0.000216760673157;0.000617998514959;0.00410461700234;0.831346360496;0.0104875270374;0;0;0;0;0;0;0;0;0;0;0;0;0
AU;2001;0.0719002920782;0;0.109250629863;0.000240797306638;0.00127979309268;0.00355844908698;0.802109206038;0.0116608325344;0;0;0;0;0;0;0;0;0;0;0;0;0
AU;2002;0.0720147116727;0;0.13670490747;0.000259512474496;0.00238930450657;0.00566900526184;0.768971256756;0.0139913018578;0;0;0;0;0;0;0;0;0;0;0;0;0
AU;2003;0.071745326441;0;0.133422142756;0.000278820280414;0.00311570599065;0.00748831610254;0.768331327008;0.0156183614219;0;0;0;0;0;0;0;0;0;0;0;0;0
AU;2004;0.0684373323096;0;0.11936723716;0.000318475505743;0.00346832913789;0.0122809390228;0.780749246347;0.0153784405171;0;0;0;0;0;0;0;0;0;0;0;0;0
AU;2005;0.0670281140163;0;0.100823874594;0.000364047690247;0.00562973749561;0.0167765310589;0.792995549084;0.0163821460611;0;0;0;0;0;0;0;0;0;0;0;0;0
AU;2006;0.0627967561662;0;0.114660279844;0.000407580150426;0.00908441531157;0.0165217025925;0.780553804782;0.0159754611538;0;0;0;0;0;0;0;0;0;0;0;0;0
AU;2007;0.0536587371754;0;0.137356333655;0.000468778913173;0.0117276970208;0.017579209244;0.762736188498;0.0164730554927;0;0;0;0;0;0;0;0;0;0;0;0;0
AU;2008;0.0481517707951;0;0.14797244977;0.000566491421119;0.0140930024045;0.0150629661328;0.750866039043;0.0232872804336;0;0;0;0;0;0;0;0;0;0;0;0;0
AU;2009;0.0505878304295;0;0.16455650615;0.00116045489832;0.0177589615129;0.0111523717297;0.728373522421;0.0264103528583;0;0;0;0;0;0;0;0;0;0;0;0;0
AU;2010;0.0547730143487;0;0.186445810737;0.00389698879915;0.0198634858525;0.00973051804449;0.701378290824;0.0239118913943;0;0;0;0;0;0;0;0;0;0;0;0;0
AU;2011;0.076362444597;0;0.190336475435;0.00797880641738;0.0250951994507;0.0100427617205;0.671015668893;0.0191686434859;0;0;0;0;0;0;0;0;0;0;0;0;0
AU;2012;0.0679615910895;0;0.19871464988;0.00962217408476;0.0308172864033;0.0123588289032;0.659765190229;0.0207602794101;0;0;0;0;0;0;0;0;0;0;0;0;0
AU;2013;0.0764897040026;0;0.21126529173;0.0154149453244;0.0371008522898;0.0133513381391;0.622876788627;0.0235010798876;0;0;0;0;0;0;0;0;0;0;0;0;0
AU;2014;0.0584867108695;0;0.216660071231;0.0199962850197;0.0394797412435;0.0143188260662;0.626818119412;0.0242402461578;0;0;0;0;0;0;0;0;0;0;0;0;0
AU;2015;0.0554636869749;0;0.195703700204;0.0243950453962;0.0465891820809;0.0144811131322;0.638629688251;0.0247375839613;0;0;0;0;0;0;0;0;0;0;0;0;0
AU;2016;0.0682715059697;0;0.186314717352;0.0288127519664;0.0504997695754;0.0140500892653;0.62875698535;0.0232941805212;0;0;0;0;0;0;0;0;0;0;0;0;0
AU;2017;0.0521297915967;0;0.212720441443;0.0344365541822;0.0510138279099;0.0137545420494;0.614625688789;0.02131915403;0;0;0;0;0;0;0;0;0;0;0;0;0
AU;2018;0.0659135215815;0;0.195958603674;0.0469554357428;0.0619193396083;0.0136617015444;0.596104054342;0.0194873435073;0;0;0;0;0;0;0;0;0;0;0;0;0
AU;2019;0.0527299531406;0;0.209517040113;0.068811065731;0.0732299869877;0.0130423990794;0.563519642575;0.0191499123737;0;0;0;0;0;0;0;0;0;0;0;0;0
AU;2020;0.0543856208657;0;0.200077688357;0.0899261583485;0.0852573143965;0.0128600629049;0.539047827366;0.0184453277619;0;0;0;0;0;0;0;0;0;0;0;0;0
AU;2021;0.0596104736159;0;0.178091103858;0.116633576741;0.100189566017;0.0125031313913;0.513727645605;0.0192445027724;0;0;0;0;0;0;0;0;0;0;0;0;0
AU;2022;0.0610469696359;0;0.186200402314;0.137563617311;0.110105121995;0.0116773718402;0.473426376131;0.0199801407733;0;0;0;0;0;0;0;0;0;0;0;0;0
AU;2023;0.0549455748396;0;0.170768721273;0.167122180937;0.115885013884;0.01200956398;0.458452367522;0.0208165775654;0;0;0;0;0;0;0;0;0;0;0;0;0
AU;2024;0.0469744998591;0;0.172034375881;0.182618343195;0.115856579318;0.0120808678501;0.450140884756;0.0202944491406;0;0;0;0;0;0;0;0;0;0;0;0;0
AU;2025;0.0441061261034;0;0.154652984709;0.204183629216;0.13847735762;0.0108595291056;0.428988122718;0.0187322505281;0;0;0;0;0;0;0;0;0;0;0;0;0
AW;2000;0;0;0;0;0;0;0;1;0;0;0;0;0;0;0;0;0;0;0;0;0
AW;2001;0;0;0;0;0;0;0;1;0;0;0;0;0;0;0;0;0;0;0;0;0
AW;2002;0;0;0;0;0;0;0;1;0;0;0;0;0;0;0;0;0;0;0;0;0
AW;2003;0;0;0;0;0;0;0;1;0;0;0;0;0;0;0;0;0;0;0;0;0
AW;2004;0;0;0;0;0;0;0;1;0;0;0;0;0;0;0;0;0;0;0;0;0
AW;2005;0;0;0;0;0;0;0;1;0;0;0;0;0;0;0;0;0;0;0;0;0
AW;2006;0;0;0;0;0;0;0;1;0;0;0;0;0;0;0;0;0;0;0;0;0
AW;2007;0;0;0;0;0;0;0;1;0;0;0;0;0;0;0;0;0;0;0;0;0
AW;2008;0;0;0;0;0;0;0;1;0;0;0;0;0;0;0;0;0;0;0;0;0
AW;2009;0;0;0;0;0.0315789473684;0;0;0.968421052632;0;0;0;0;0;0;0;0;0;0;0;0;0
AW;2010;0;0;0;0;0.117021276596;0;0;0.882978723404;0;0;0;0;0;0;0;0;0;0;0;0;0
AW;2011;0;0;0;0;0.118279569892;0;0;0.881720430108;0;0;0;0;0;0;0;0;0;0;0;0;0
AW;2012;0;0;0;0;0.152173913043;0;0;0.847826086957;0;0;0;0;0;0;0;0;0;0;0;0;0
AW;2013;0;0;0;0;0.159574468085;0;0;0.840425531915;0;0;0;0;0;0;0;0;0;0;0;0;0
AW;2014;0;0;0;0.0106382978723;0.159574468085;0;0;0.829787234043;0;0;0;0;0;0;0;0;0;0;0;0;0
AW;2015;0;0;0;0.0103092783505;0.175257731959;0;0;0.814432989691;0;0;0;0;0;0;0;0;0;0;0;0;0
AW;2016;0;0;0;0.0106382978723;0.13829787234;0;0;0.851063829787;0;0;0;0;0;0;0;0;0;0;0;0;0
AW;2017;0;0;0;0.0103092783505;0.134020618557;0;0;0.855670103093;0;0;0;0;0;0;0;0;0;0;0;0;0
AW;2018;0;0;0;0.020618556701;0.144329896907;0;0;0.835051546392;0;0;0;0;0;0;0;0;0;0;0;0;0
AW;2019;0;0;0;0.030303030303;0.141414141414;0;0;0.828282828283;0;0;0;0;0;0;0;0;0;0;0;0;0
AW;2020;0;0;0;0.030303030303;0.141414141414;0;0;0.828282828283;0;0;0;0;0;0;0;0;0;0;0;0;0
AW;2021;0;0;0;0.03;0.14;0;0;0.83;0;0;0;0;0;0;0;0;0;0;0;0;0
AW;2022;0;0;0;0.03;0.14;0;0;0.83;0;0;0;0;0;0;0;0;0;0;0;0;0
AW;2023;0;0;0;0.03;0.14;0;0;0.83;0;0;0;0;0;0;0;0;0;0;0;0;0
AW;2024;0;0;0;0.03;0.14;0;0;0.83;0;0;0;0;0;0;0;0;0;0;0;0;0
AZ;2000;0.0813704496788;0;0.198608137045;0;0;0;0;0.720021413276;0;0;0;0;0;0;0;0;0;0;0;0;0
AZ;2001;0.0680379746835;0;0.5944092827;0;0;0;0;0.337552742616;0;0;0;0;0;0;0;0;0;0;0;0;0
AZ;2002;0.107066381156;0;0.582976445396;0;0;0;0;0.309957173448;0;0;0;0;0;0;0;0;0;0;0;0;0
AZ;2003;0.114769520226;0;0.527751646284;0;0;0;0;0.35747883349;0;0;0;0;0;0;0;0;0;0;0;0;0
AZ;2004;0.125690607735;0;0.591160220994;0;0;0;0;0.283149171271;0;0;0;0;0;0;0;0;0;0;0;0;0
AZ;2005;0.130472854641;0;0.612521891419;0;0;0;0;0.25700525394;0;0;0;0;0;0;0;0;0;0;0;0;0
AZ;2006;0.101591187271;0;0.649122807018;0;0;0;0;0.249286005712;0;0;0;0;0;0;0;0;0;0;0;0;0
AZ;2007;0.107241063245;0;0.709899175069;0;0;0;0;0.182859761687;0;0;0;0;0;0;0;0;0;0;0;0;0
AZ;2008;0.102220166512;0;0.81822386679;0;0;0;0;0.0795559666975;0;0;0;0;0;0;0;0;0;0;0;0;0
AZ;2009;0.121485411141;0;0.85198938992;0;0;0;0;0.026525198939;0;0;0;0;0;0;0;0;0;0;0;0;0
AZ;2010;0.182645956079;0;0.815211569363;0;0;0;0;0.00214247455811;0;0;0;0;0;0;0;0;0;0;0;0;0
AZ;2011;0.130735076468;0;0.85199802664;0;0;0;0;0.017266896892;0;0;0;0;0;0;0;0;0;0;0;0;0
AZ;2012;0.0783630822812;0;0.898998693949;0;0;0;0;0.0226382237701;0;0;0;0;0;0;0;0;0;0;0;0;0
AZ;2013;0.0632258064516;0;0.931182795699;0;0;0.00387096774194;0;0.00172043010753;0;0;0;0;0;0;0;0;0;0;0;0;0
AZ;2014;0.0523751522533;0;0.942346731628;0;0;0.00324807145757;0;0.00203004466098;0;0;0;0;0;0;0;0;0;0;0;0;0
AZ;2015;0.0659340659341;0;0.864875864876;0;0;0.003663003663;0;0.0655270655271;0;0;0;0;0;0;0;0;0;0;0;0;0
AZ;2016;0.0780684104628;0;0.811670020121;0.00160965794769;0.000804828973843;0.00362173038229;0;0.104225352113;0;0;0;0;0;0;0;0;0;0;0;0;0
AZ;2017;0.0714285714286;0;0.867877786953;0.00165152766309;0.000825763831544;0.00371593724195;0;0.0545004128819;0;0;0;0;0;0;0;0;0;0;0;0;0
AZ;2018;0.0696378830084;0;0.92041384799;0.00159172304019;0.00318344608038;0.00318344608038;0;0.00198965380024;0;0;0;0;0;0;0;0;0;0;0;0;0
AZ;2019;0.0597302504817;0;0.929094412331;0.00154142581888;0.00385356454721;0.00385356454721;0;0.0019267822736;0;0;0;0;0;0;0;0;0;0;0;0;0
AZ;2020;0.0415533980583;0;0.946796116505;0.00194174757282;0.00388349514563;0.00388349514563;0;0.00194174757282;0;0;0;0;0;0;0;0;0;0;0;0;0
AZ;2021;0.0460597337172;0;0.922634041022;0.00179920834833;0.00323857502699;0.00359841669665;0;0.0226700251889;0;0;0;0;0;0;0;0;0;0;0;0;0
AZ;2022;0.0552868002764;0;0.933310297167;0.00207325501037;0.00276434001382;0.00345542501728;0;0.00310988251555;0;0;0;0;0;0;0;0;0;0;0;0;0
AZ;2023;0.0563767617738;0;0.930904090753;0.00240632519766;0.00275008594019;0.00378136816776;0;0.00378136816776;0;0;0;0;0;0;0;0;0;0;0;0;0
AZ;2024;0.10775862069;0;0.880028735632;0.00287356321839;0.00323275862069;0.00359195402299;0;0.00251436781609;0;0;0;0;0;0;0;0;0;0;0;0;0
BA;2000;0.488015340364;0;0;0;0;0;0.507190795781;0.00479386385427;0;0;0;0;0;0;0;0;0;0;0;0;0
BA;2001;0.487300094073;0;0;0;0;0;0.504233301976;0.00846660395108;0;0;0;0;0;0;0;0;0;0;0;0;0
BA;2002;0.488415199259;0;0;0;0;0;0.498609823911;0.0129749768304;0;0;0;0;0;0;0;0;0;0;0;0;0
BA;2003;0.399290150843;0;0;0;0;0;0.588287488909;0.0124223602484;0;0;0;0;0;0;0;0;0;0;0;0;0
BA;2004;0.469756480754;0;0;0;0;0;0.520031421838;0.0102120974077;0;0;0;0;0;0;0;0;0;0;0;0;0
BA;2005;0.47619047619;0;0;0;0;0;0.512698412698;0.0111111111111;0;0;0;0;0;0;0;0;0;0;0;0;0
BA;2006;0.43942814146;0;0;0;0;0;0.548532731377;0.0120391271633;0;0;0;0;0;0;0;0;0;0;0;0;0
BA;2007;0.338709677419;0;0;0;0;0;0.647707979626;0.0135823429542;0;0;0;0;0;0;0;0;0;0;0;0;0
BA;2008;0.331970006817;0;0;0;0;0;0.668029993183;0;0;0;0;0;0;0;0;0;0;0;0;0;0
BA;2009;0.403100775194;0;0.00387596899225;0;0;0;0.591085271318;0.00193798449612;0;0;0;0;0;0;0;0;0;0;0;0;0
BA;2010;0.474305965741;0;0.00295333727112;0;0;0;0.519787359716;0.00295333727112;0;0;0;0;0;0;0;0;0;0;0;0;0
BA;2011;0.291307232913;0;0.00331785003318;0;0;0;0.702720637027;0.00265428002654;0;0;0;0;0;0;0;0;0;0;0;0;0
BA;2012;0.300506879073;0;0.00362056480811;0;0;0;0.693700217234;0.00217233888487;0;0;0;0;0;0;0;0;0;0;0;0;0
BA;2013;0.419710144928;0;0.00231884057971;0;0;0;0.575652173913;0.00231884057971;0;0;0;0;0;0;0;0;0;0;0;0;0
BA;2014;0.348209042866;0;0.00176159718144;0.000587199060482;0;0;0.64650616559;0.00293599530241;0;0;0;0;0;0;0;0;0;0;0;0;0
BA;2015;0.337188070603;0;0.00182592818016;0.000608642726719;0;0;0.657334144857;0.0030432136336;0;0;0;0;0;0;0;0;0;0;0;0;0
BA;2016;0.315640880858;0;0.00112930547713;0.00112930547713;0;0;0.678712591756;0.00338791643139;0;0;0;0;0;0;0;0;0;0;0;0;0
BA;2017;0.233374384236;0;0.0012315270936;0.0012315270936;0;0.000615763546798;0.759852216749;0.00369458128079;0;0;0;0;0;0;0;0;0;0;0;0;0
BA;2018;0.336654431044;0;0.00157315154693;0.00104876769795;0.00524383848977;0.000524383848977;0.652333508128;0.00262191924489;0;0;0;0;0;0;0;0;0;0;0;0;0
BA;2019;0.350172215844;0;0.00114810562572;0.00172215843858;0.0143513203215;0.000574052812859;0.629161882893;0.00287026406429;0;0;0;0;0;0;0;0;0;0;0;0;0
BA;2020;0.27278141751;0;0;0.00297796307326;0.0154854079809;0.000595592614652;0.705777248362;0.00238237045861;0;0;0;0;0;0;0;0;0;0;0;0;0
BA;2021;0.363389462249;0;0;0.00380228136882;0.0206409560022;0.00217273221076;0.608365019011;0.00162954915807;0;0;0;0;0;0;0;0;0;0;0;0;0
BA;2022;0.288073394495;0;0.000611620795107;0.00672782874618;0.0238532110092;0.00183486238532;0.675840978593;0.00305810397554;0;0;0;0;0;0;0;0;0;0;0;0;0
BA;2023;0.392898719441;0;0.00058207217695;0.0145518044237;0.0209545983702;0.0023282887078;0.564610011641;0.00407450523865;0;0;0;0;0;0;0;0;0;0;0;0;0
BA;2024;0.350762106888;0;0;0.0254035629301;0.0236028040388;0.00257251270178;0.58801209081;0.00964692263168;0;0;0;0;0;0;0;0;0;0;0;0;0
BA;2025;0.363311576778;0;0;0.0401236688423;0.0263826863621;0.00274819649605;0.557128134662;0.0103057368602;0;0;0;0;0;0;0;0;0;0;0;0;0
BB;2000;0;0;0.0379746835443;0;0;0;0;0.962025316456;0;0;0;0;0;0;0;0;0;0;0;0;0
BB;2001;0;0;0.0240963855422;0;0;0;0;0.975903614458;0;0;0;0;0;0;0;0;0;0;0;0;0
BB;2002;0;0;0.0116279069767;0;0;0;0;0.988372093023;0;0;0;0;0;0;0;0;0;0;0;0;0
BB;2003;0;0;0.0114942528736;0;0;0;0;0.988505747126;0;0;0;0;0;0;0;0;0;0;0;0;0
BB;2004;0;0;0.0112359550562;0;0;0;0;0.988764044944;0;0;0;0;0;0;0;0;0;0;0;0;0
BB;2005;0;0;0.010101010101;0;0;0;0;0.989898989899;0;0;0;0;0;0;0;0;0;0;0;0;0
BB;2006;0;0;0.0196078431373;0;0;0;0;0.980392156863;0;0;0;0;0;0;0;0;0;0;0;0;0
BB;2007;0;0;0.0190476190476;0;0;0;0;0.980952380952;0;0;0;0;0;0;0;0;0;0;0;0;0
BB;2008;0;0;0.00952380952381;0;0;0;0;0.990476190476;0;0;0;0;0;0;0;0;0;0;0;0;0
BB;2009;0;0;0.00934579439252;0;0;0;0;0.990654205607;0;0;0;0;0;0;0;0;0;0;0;0;0
BB;2010;0;0;0.00970873786408;0;0;0;0;0.990291262136;0;0;0;0;0;0;0;0;0;0;0;0;0
BB;2011;0;0;0.00961538461538;0;0;0;0;0.990384615385;0;0;0;0;0;0;0;0;0;0;0;0;0
BB;2012;0;0;0.0176991150442;0;0;0;0;0.982300884956;0;0;0;0;0;0;0;0;0;0;0;0;0
BB;2013;0;0;0.019801980198;0;0;0;0;0.980198019802;0;0;0;0;0;0;0;0;0;0;0;0;0
BB;2014;0;0;0.0194174757282;0.00970873786408;0;0;0;0.970873786408;0;0;0;0;0;0;0;0;0;0;0;0;0
BB;2015;0;0;0.0192307692308;0.00961538461538;0;0;0;0.971153846154;0;0;0;0;0;0;0;0;0;0;0;0;0
BB;2016;0;0;0.0190476190476;0.0190476190476;0;0;0;0.961904761905;0;0;0;0;0;0;0;0;0;0;0;0;0
BB;2017;0;0;0.0288461538462;0.0288461538462;0;0;0;0.942307692308;0;0;0;0;0;0;0;0;0;0;0;0;0
BB;2018;0;0;0.0288461538462;0.0288461538462;0;0;0;0.942307692308;0;0;0;0;0;0;0;0;0;0;0;0;0
BB;2019;0;0;0.0283018867925;0.0377358490566;0;0;0;0.933962264151;0;0;0;0;0;0;0;0;0;0;0;0;0
BB;2020;0;0;0.0188679245283;0.0660377358491;0;0;0;0.915094339623;0;0;0;0;0;0;0;0;0;0;0;0;0
BB;2021;0;0;0.0188679245283;0.0754716981132;0;0;0;0.905660377358;0;0;0;0;0;0;0;0;0;0;0;0;0
BB;2022;0;0;0.0275229357798;0.0733944954128;0;0;0;0.899082568807;0;0;0;0;0;0;0;0;0;0;0;0;0
BB;2023;0;0;0.0272727272727;0.0818181818182;0;0;0;0.890909090909;0;0;0;0;0;0;0;0;0;0;0;0;0
BB;2024;0;0;0.027027027027;0.0900900900901;0;0;0;0.882882882883;0;0;0;0;0;0;0;0;0;0;0;0;0
BD;2000;0.0589711417817;0;0.877038895859;0;0;0;0;0.0639899623588;0;0;0;0;0;0;0;0;0;0;0;0;0
BD;2001;0.0563866513234;0;0.876294591484;0;0;0;0;0.0673187571922;0;0;0;0;0;0;0;0;0;0;0;0;0
BD;2002;0.0554089709763;0;0.878100263852;0;0;0;0;0.0664907651715;0;0;0;0;0;0;0;0;0;0;0;0;0
BD;2003;0.0558046836074;0;0.877927254609;0;0;0;0;0.0662680617838;0;0;0;0;0;0;0;0;0;0;0;0;0
BD;2004;0.0481496219658;0;0.894150417827;0;0;0;0;0.0576999602069;0;0;0;0;0;0;0;0;0;0;0;0;0
BD;2005;0.0474777448071;0;0.889836795252;0;0;0;0.00593471810089;0.0567507418398;0;0;0;0;0;0;0;0;0;0;0;0;0
BD;2006;0.0457559681698;0;0.89025198939;0.000331564986737;0;0;0.00928381962865;0.0543766578249;0;0;0;0;0;0;0;0;0;0;0;0;0
BD;2007;0.0238786705389;0;0.898676992578;0.000645369474024;0;0;0.0238786705389;0.05292029687;0;0;0;0;0;0;0;0;0;0;0;0;0
BD;2008;0.027461291265;0;0.897750511247;0.000584282792872;0;0;0.0321355536079;0.0420683610868;0;0;0;0;0;0;0;0;0;0;0;0;0
BD;2009;0.0118184260005;0;0.914853612678;0.000805801772764;0;0;0.0292774644104;0.0432446951383;0;0;0;0;0;0;0;0;0;0;0;0;0
BD;2010;0.0186000978953;0;0.924620655898;0.0017131669114;0;0;0.0188448360255;0.0362212432697;0;0;0;0;0;0;0;0;0;0;0;0;0
BD;2011;0.0208050655812;0;0.864314789688;0.00135685210312;0;0;0.0187697874265;0.0947535052013;0;0;0;0;0;0;0;0;0;0;0;0;0
BD;2012;0.0168654874537;0;0.838749485808;0.00185109008638;0;0;0.0193336075689;0.123200329083;0;0;0;0;0;0;0;0;0;0;0;0;0
BD;2013;0.0176227971504;0;0.831458567679;0.00243719535058;0;0;0.0230596175478;0.125421822272;0;0;0;0;0;0;0;0;0;0;0;0;0
BD;2014;0.0110615521855;0;0.819982158787;0.0028545941124;0;0;0.0196253345227;0.146476360393;0;0;0;0;0;0;0;0;0;0;0;0;0
BD;2015;0.00995108787317;0;0.806544105245;0.0033732501265;0.000168662506325;0;0.0168662506325;0.163096643616;0;0;0;0;0;0;0;0;0;0;0;0;0
BD;2016;0.0146186134028;0;0.802431610942;0.00318425242437;0.000144738746562;0;0.0149080908959;0.164712693588;0;0;0;0;0;0;0;0;0;0;0;0;0
BD;2017;0.0140231449966;0;0.786929884275;0.00340367597005;0.000136147038802;0;0.0140231449966;0.181484002723;0;0;0;0;0;0;0;0;0;0;0;0;0
BD;2018;0.0136449778901;0;0.753885028427;0.00391661402401;0.000126342387871;0;0.0226152874289;0.205811749842;0;0;0;0;0;0;0;0;0;0;0;0;0
BD;2019;0.00951709552344;0;0.803195864176;0.0043473152391;0.000117495006462;0;0.0152743508401;0.167547879215;0;0;0;0;0;0;0;0;0;0;0;0;0
BD;2020;0.00912707699509;0;0.829393868476;0.00538263515095;0.000117013807629;0;0.0368593494032;0.119120056167;0;0;0;0;0;0;0;0;0;0;0;0;0
BD;2021;0.00763199163617;0;0.729848405646;0.00637741766858;0.000104547830633;0;0.0554103502352;0.200627286984;0;0;0;0;0;0;0;0;0;0;0;0;0
BD;2022;0.00694376528117;0;0.676674816626;0.00850855745721;9.77995110024e-05;0;0.0553545232274;0.252420537897;0;0;0;0;0;0;0;0;0;0;0;0;0
BD;2023;0.00645289387471;0;0.659485753996;0.0106224560707;0;0;0.106125285416;0.217313610642;0;0;0;0;0;0;0;0;0;0;0;0;0
BD;2024;0.0068802830745;0;0.658836249263;0.0119913505013;0;0;0.199429919402;0.122862197759;0;0;0;0;0;0;0;0;0;0;0;0;0
BE;1990;0.00384122919334;0.607767819035;0.0769668516147;0;0.000142267747902;0.00398349694124;0.243135581164;0.0641627543036;0;0;0;0;0;0;0;0;0;0;0;0;0
BE;1991;0.00323079084141;0.602050849838;0.0873718218851;0;0.000140469167018;0.00421407501054;0.231914594746;0.071077398511;0;0;0;0;0;0;0;0;0;0;0;0;0
BE;1992;0.00476057126855;0.608513021563;0.0933912069448;0;0.000140016802016;0.00378045365444;0.224166900028;0.0652478297396;0;0;0;0;0;0;0;0;0;0;0;0;0
BE;1993;0.00356735159817;0.598316210046;0.0971746575342;0;0.000142694063927;0.00356735159817;0.232591324201;0.0646404109589;0;0;0;0;0;0;0;0;0;0;0;0;0
BE;1994;0.00490608354359;0.569386038688;0.115923745444;0;0.000140173815531;0.00350434538828;0.238015138772;0.0681244743482;0;0;0;0;0;0;0;0;0;0;0;0;0
BE;1995;0.00462459194777;0.562568008705;0.138465723613;0;0.000136017410229;0.00435255712731;0.224700761697;0.0651523394995;0;0;0;0;0;0;0;0;0;0;0;0;0
BE;1996;0.00319403779611;0.576789992015;0.146526483897;0;0.000133084908171;0.00412563215331;0.206947032207;0.0622837370242;0;0;0;0;0;0;0;0;0;0;0;0;0
BE;1997;0.00398048279404;0.608757062147;0.148176682075;0;0.000128402670776;0.00359527478172;0.176553672316;0.0588084232152;0;0;0;0;0;0;0;0;0;0;0;0;0
BE;1998;0.004750883177;0.562431477646;0.183213546108;0;0.000121817517359;0.00438543062492;0.172859057132;0.0722377877939;0;0;0;0;0;0;0;0;0;0;0;0;0
BE;1999;0.00407820558954;0.587981288233;0.230658510255;0;0.000119947223222;0.00599736116109;0.119227539882;0.051937147655;0;0;0;0;0;0;0;0;0;0;0;0;0
BE;2000;0.00555622659742;0.581712767242;0.193018480493;0;0.000241575069453;0.00688488947941;0.156057494867;0.056528566252;0;0;0;0;0;0;0;0;0;0;0;0;0
BE;2001;0.00559582856416;0.589469668066;0.200686760778;0;0.000508711687651;0.00763067531477;0.126414854381;0.0696935012082;0;0;0;0;0;0;0;0;0;0;0;0;0
BE;2002;0.00444773906597;0.58512478379;0.220780825303;0;0.000741289844329;0.00889547813195;0.12391895231;0.0560909315542;0;0;0;0;0;0;0;0;0;0;0;0;0
BE;2003;0.00299150412828;0.566949862391;0.258585616848;0;0.00107694148618;0.0102907742013;0.115352399186;0.044752901759;0;0;0;0;0;0;0;0;0;0;0;0;0
BE;2004;0.00385960680256;0.570618743216;0.24170787601;0;0.00168857797612;0.0125437221083;0.110360632011;0.0592208418767;0;0;0;0;0;0;0;0;0;0;0;0;0
BE;2005;0.00343683337284;0.564114719128;0.254799715572;0;0.00272576439915;0.0188433278028;0.0971794264044;0.0589002133207;0;0;0;0;0;0;0;0;0;0;0;0;0
BE;2006;0.00431965442765;0.559755219582;0.263858891289;0;0.00443964482841;0.0267578593713;0.082193424526;0.0586753059755;0;0;0;0;0;0;0;0;0;0;0;0;0
BE;2007;0.00449256998042;0.555581154245;0.284068655685;0.000115194102062;0.00564451100104;0.0299504665361;0.0745305840341;0.0456168644165;0;0;0;0;0;0;0;0;0;0;0;0;0
BE;2008;0.00493619070551;0.548639537684;0.290272092463;0.000481579581026;0.00770527329641;0.0400915001204;0.0668191668673;0.0410546592824;0;0;0;0;0;0;0;0;0;0;0;0;0
BE;2009;0.00367647058824;0.526069518717;0.325868983957;0.00189393939394;0.0110294117647;0.0440062388592;0.0577094474153;0.0297459893048;0;0;0;0;0;0;0;0;0;0;0;0;0
BE;2010;0.00333190025795;0.515262252794;0.33147033534;0.00623387790198;0.0139724849527;0.0470765262253;0.0451418744626;0.0375107480653;0;0;0;0;0;0;0;0;0;0;0;0;0
BE;2011;0.00224014336918;0.540210573477;0.284946236559;0.0135528673835;0.0259856630824;0.0518593189964;0.0389784946237;0.042226702509;0;0;0;0;0;0;0;0;0;0;0;0;0
BE;2012;0.00441663599558;0.494295178506;0.289166973377;0.0263771316403;0.0338608759661;0.0642865906024;0.0415899889584;0.046006624954;0;0;0;0;0;0;0;0;0;0;0;0;0
BE;2013;0.00463697376449;0.520317266626;0.253813300793;0.0322147651007;0.0447834045149;0.0613788895668;0.0367297132398;0.0461256863941;0;0;0;0;0;0;0;0;0;0;0;0;0
BE;2014;0.00407303370787;0.473314606742;0.271629213483;0.0405898876404;0.0648876404494;0.0619382022472;0.0293539325843;0.0542134831461;0;0;0;0;0;0;0;0;0;0;0;0;0
BE;2015;0.00467631155926;0.381411661552;0.321788689171;0.0447172292854;0.0813970480783;0.0802279701885;0.0302498903989;0.0555311997662;0;0;0;0;0;0;0;0;0;0;0;0;0
BE;2016;0.0043885660064;0.516190250267;0.261772031787;0.0367690665401;0.0642865614992;0.0635749021468;0.00462578579053;0.0483928359625;0;0;0;0;0;0;0;0;0;0;0;0;0
BE;2017;0.00316381532693;0.494844152801;0.269744551207;0.0387860323412;0.076400281228;0.0667916569018;0;0.0502695101945;0;0;0;0;0;0;0;0;0;0;0;0;0
BE;2018;0.00392581562204;0.387166644105;0.324759713009;0.0527954514688;0.10247732503;0.0731013943414;0;0.0557736564234;0;0;0;0;0;0;0;0;0;0;0;0;0
BE;2019;0.00323659510195;0.46952206279;0.27554212968;0.0458517639443;0.105189340813;0.0555615492502;0;0.0450965584205;0;0;0;0;0;0;0;0;0;0;0;0;0
BE;2020;0.00305810397554;0.389964888436;0.303318609129;0.0578774493148;0.145090044173;0.0595763959678;0;0.0411145090044;0;0;0;0;0;0;0;0;0;0;0;0;0
BE;2021;0.00422535211268;0.506338028169;0.226559356137;0.0565392354125;0.120724346076;0.047384305835;0;0.0382293762575;0;0;0;0;0;0;0;0;0;0;0;0;0
BE;2022;0.00286229195378;0.465175447896;0.232693734761;0.0729354394148;0.130923354182;0.0522633308597;0;0.0431464009329;0;0;0;0;0;0;0;0;0;0;0;0;0
BE;2023;0.00487032752953;0.400949713868;0.222817484476;0.0953366613905;0.18799464264;0.0461463533423;0;0.0418848167539;0;0;0;0;0;0;0;0;0;0;0;0;0
BE;2024;0.0072389375872;0.411303272;0.186501355656;0.112664192266;0.184632393588;0.0475137539814;0;0.0501460949222;0;0;0;0;0;0;0;0;0;0;0;0;0
BE;2025;0.00352386237514;0.335002774695;0.207810765816;0.144755826859;0.186348501665;0.0510821309656;0;0.0714761376249;0;0;0;0;0;0;0;0;0;0;0;0;0
BF;2000;0.25641025641;0;0;0;0;0;0;0.74358974359;0;0;0;0;0;0;0;0;0;0;0;0;0
BF;2001;0.138888888889;0;0;0;0;0;0;0.861111111111;0;0;0;0;0;0;0;0;0;0;0;0;0
BF;2002;0.166666666667;0;0;0;0;0;0;0.833333333333;0;0;0;0;0;0;0;0;0;0;0;0;0
BF;2003;0.222222222222;0;0;0;0;0;0;0.777777777778;0;0;0;0;0;0;0;0;0;0;0;0;0
BF;2004;0.212765957447;0;0;0;0;0;0;0.787234042553;0;0;0;0;0;0;0;0;0;0;0;0;0
BF;2005;0.192307692308;0;0;0;0;0;0;0.807692307692;0;0;0;0;0;0;0;0;0;0;0;0;0
BF;2006;0.145454545455;0;0;0;0;0;0;0.854545454545;0;0;0;0;0;0;0;0;0;0;0;0;0
BF;2007;0.180327868852;0;0;0;0;0;0;0.819672131148;0;0;0;0;0;0;0;0;0;0;0;0;0
BF;2008;0.213114754098;0;0;0;0;0;0;0.786885245902;0;0;0;0;0;0;0;0;0;0;0;0;0
BF;2009;0.185714285714;0;0;0;0;0;0;0.814285714286;0;0;0;0;0;0;0;0;0;0;0;0;0
BF;2010;0.206896551724;0;0;0.0172413793103;0;0;0;0.775862068966;0;0;0;0;0;0;0;0;0;0;0;0;0
BF;2011;0.148148148148;0;0;0.0185185185185;0;0;0;0.833333333333;0;0;0;0;0;0;0;0;0;0;0;0;0
BF;2012;0.15625;0;0;0.015625;0;0;0;0.828125;0;0;0;0;0;0;0;0;0;0;0;0;0
BF;2013;0.146666666667;0;0;0.0133333333333;0;0;0;0.84;0;0;0;0;0;0;0;0;0;0;0;0;0
BF;2014;0.102272727273;0;0;0.0113636363636;0;0;0;0.886363636364;0;0;0;0;0;0;0;0;0;0;0;0;0
BF;2015;0.0891089108911;0;0;0.00990099009901;0;0;0;0.90099009901;0;0;0;0;0;0;0;0;0;0;0;0;0
BF;2016;0.141414141414;0;0;0.020202020202;0;0;0;0.838383838384;0;0;0;0;0;0;0;0;0;0;0;0;0
BF;2017;0.116071428571;0;0;0.0267857142857;0;0;0;0.857142857143;0;0;0;0;0;0;0;0;0;0;0;0;0
BF;2018;0.0695187165775;0;0;0.048128342246;0;0.0267379679144;0;0.855614973262;0;0;0;0;0;0;0;0;0;0;0;0;0
BF;2019;0.06875;0;0;0.05625;0;0.0375;0;0.8375;0;0;0;0;0;0;0;0;0;0;0;0;0
BF;2020;0.0691823899371;0;0;0.0566037735849;0;0.062893081761;0;0.811320754717;0;0;0;0;0;0;0;0;0;0;0;0;0
BF;2021;0.0760233918129;0;0;0.0526315789474;0;0.0526315789474;0;0.818713450292;0;0;0;0;0;0;0;0;0;0;0;0;0
BF;2022;0.0473372781065;0;0;0.0532544378698;0;0.0532544378698;0;0.846153846154;0;0;0;0;0;0;0;0;0;0;0;0;0
BF;2023;0.0532544378698;0;0;0.0532544378698;0;0.0532544378698;0;0.840236686391;0;0;0;0;0;0;0;0;0;0;0;0;0
BF;2024;0.0532544378698;0;0;0.0650887573964;0;0.0532544378698;0;0.828402366864;0;0;0;0;0;0;0;0;0;0;0;0;0
BG;1990;0.0389021479714;0.349880668258;0.0761336515513;0;0;0;0.500715990453;0.0343675417661;0;0;0;0;0;0;0;0;0;0;0;0;0
BG;1991;0.0557876628164;0.323912509216;0.0707790611944;0;0;0;0.510690587368;0.0388301794053;0;0;0;0;0;0;0;0;0;0;0;0;0
BG;1992;0.053611738149;0.325902934537;0.0781602708804;0;0;0;0.502539503386;0.0397855530474;0;0;0;0;0;0;0;0;0;0;0;0;0
BG;1993;0.0473044397463;0.369186046512;0.0803382663848;0;0;0;0.453488372093;0.0496828752643;0;0;0;0;0;0;0;0;0;0;0;0;0
BG;1994;0.0342285413375;0.403896787783;0.0674038967878;0;0;0;0.444707740916;0.0497630331754;0;0;0;0;0;0;0;0;0;0;0;0;0
BG;1995;0.0521008403361;0.414405762305;0.0770708283313;0;0;0;0.416086434574;0.0403361344538;0;0;0;0;0;0;0;0;0;0;0;0;0
BG;1996;0.0677132146204;0.423617619494;0.0698219306467;0;0;0;0.40206185567;0.0367853795689;0;0;0;0;0;0;0;0;0;0;0;0;0
BG;1997;0.0638797557539;0.416862376703;0.044152184124;0;0;0;0.443635509629;0.0314701737905;0;0;0;0;0;0;0;0;0;0;0;0;0
BG;1998;0.0741187831965;0.408015451473;0.0485272815065;0;0;0;0.441815548044;0.0275229357798;0;0;0;0;0;0;0;0;0;0;0;0;0
BG;1999;0.0719746902188;0.41682045874;0.0529923543369;0;0;0;0.42894806222;0.0292644344846;0;0;0;0;0;0;0;0;0;0;0;0;0
BG;2000;0.0647942843065;0.447893569845;0.0470559251047;0;0;0;0.417344173442;0.0229120473023;0;0;0;0;0;0;0;0;0;0;0;0;0
BG;2001;0.0379834254144;0.450046040516;0.0439686924494;0;0;0;0.448895027624;0.0191068139963;0;0;0;0;0;0;0;0;0;0;0;0;0
BG;2002;0.0503802281369;0.480513307985;0.0365969581749;0;0;0;0.408269961977;0.0242395437262;0;0;0;0;0;0;0;0;0;0;0;0;0
BG;2003;0.0707190160833;0.408703878903;0.0416272469253;0;0;0;0.455061494797;0.0238883632923;0;0;0;0;0;0;0;0;0;0;0;0;0
BG;2004;0.075918762089;0.40667311412;0.0360251450677;0;0;0;0.456963249516;0.024419729207;0;0;0;0;0;0;0;0;0;0;0;0;0
BG;2005;0.0979722032354;0.424925951242;0.0394167236272;0;0;0;0.420596946913;0.0170881749829;0;0;0;0;0;0;0;0;0;0;0;0;0
BG;2006;0.0926496478873;0.428917253521;0.0475352112676;0;0.00044014084507;0;0.42011443662;0.0103433098592;0;0;0;0;0;0;0;0;0;0;0;0;0
BG;2007;0.0660906118636;0.341896310135;0.0546473610462;0;0.00116767865483;0;0.522419430173;0.013778608127;0;0;0;0;0;0;0;0;0;0;0;0;0
BG;2008;0.0627107215105;0.354461676781;0.0530456282311;0;0.00269723533378;0.000449539222297;0.521015958642;0.00561924027871;0;0;0;0;0;0;0;0;0;0;0;0;0
BG;2009;0.0810683053652;0.360671236114;0.0463247459229;0;0.00567241786812;0.000236350744505;0.498700070905;0.00732687307965;0;0;0;0;0;0;0;0;0;0;0;0;0
BG;2010;0.109514478554;0.332026997605;0.0428913564119;0.00021772262138;0.0148051382539;0.000870890485521;0.492270846941;0.00740256912693;0;0;0;0;0;0;0;0;0;0;0;0;0
BG;2011;0.0574459567654;0.326461168935;0.0416333066453;0.00200160128102;0.0172137710168;0.00120096076861;0.551040832666;0.00300240192154;0;0;0;0;0;0;0;0;0;0;0;0;0
BG;2012;0.0684459750323;0.339647008179;0.0507963839862;0.0167886353853;0.0262591476539;0.00150667240637;0.492251399053;0.00430477830392;0;0;0;0;0;0;0;0;0;0;0;0;0
BG;2013;0.093909809391;0.329381682938;0.0543933054393;0.0323105532311;0.0318456531846;0.0025569502557;0.450720595072;0.00488145048815;0;0;0;0;0;0;0;0;0;0;0;0;0
BG;2014;0.0980392156863;0.338235294118;0.0456095481671;0.0268542199488;0.0283461210571;0.00426257459506;0.454177323103;0.00447570332481;0;0;0;0;0;0;0;0;0;0;0;0;0
BG;2015;0.11599260932;0.315746253336;0.0381851775816;0.0283309382057;0.0297680147814;0.00554300964894;0.462533360706;0.00390063641963;0;0;0;0;0;0;0;0;0;0;0;0;0
BG;2016;0.0871322703795;0.354367841904;0.0460363799686;0.0312149112958;0.0318886144172;0.00785986975073;0.434987648776;0.00651246350775;0;0;0;0;0;0;0;0;0;0;0;0;0
BG;2017;0.0631132917038;0.346788581624;0.043041926851;0.0312221231044;0.0334522747547;0.00892060660125;0.466547725245;0.00691347011597;0;0;0;0;0;0;0;0;0;0;0;0;0
BG;2018;0.110728875511;0.34680713825;0.0434315201032;0.0288110083853;0.0283809933348;0.0337561814664;0.401204042141;0.00688024080843;0;0;0;0;0;0;0;0;0;0;0;0;0
BG;2019;0.0670173833486;0.378774016468;0.0491765782251;0.0324794144556;0.0301921317475;0.0416285452882;0.393412625801;0.00731930466606;0;0;0;0;0;0;0;0;0;0;0;0;0
BG;2020;0.0702541106129;0.414299950174;0.0570503238665;0.0366218236173;0.0368709516692;0.0423517688092;0.336571998007;0.00597907324365;0;0;0;0;0;0;0;0;0;0;0;0;0
BG;2021;0.102075391783;0.349216433715;0.0645912748835;0.0311308767471;0.0302837780601;0.0548496399831;0.361922914019;0.00592969080898;0;0;0;0;0;0;0;0;0;0;0;0;0
BG;2022;0.0755767700875;0.327366746221;0.0407716785998;0.0415672235481;0.0298329355609;0.0445505171042;0.433373110581;0.00696101829753;0;0;0;0;0;0;0;0;0;0;0;0;0
BG;2023;0.0768463073852;0.403193612774;0.0484031936128;0.0878243512974;0.0394211576846;0.0466566866267;0.292664670659;0.00499001996008;0;0;0;0;0;0;0;0;0;0;0;0;0
BG;2024;0.0728935336381;0.412279555846;0.0532984977139;0.143435662965;0.0374918354017;0.0449379490529;0.228870019595;0.00679294578707;0;0;0;0;0;0;0;0;0;0;0;0;0
BG;2025;0.0668470266863;0.390260558941;0.0488810674511;0.182102332423;0.035327799958;0.044258247531;0.225467535196;0.00685543181341;0;0;0;0;0;0;0;0;0;0;0;0;0
BH;2000;0;0;1;0;0;0;0;0;0;0;0;0;0;0;0;0;0;0;0;0;0
BH;2001;0;0;1;0;0;0;0;0;0;0;0;0;0;0;0;0;0;0;0;0;0
BH;2002;0;0;1;0;0;0;0;0;0;0;0;0;0;0;0;0;0;0;0;0;0
BH;2003;0;0;1;0;0;0;0;0;0;0;0;0;0;0;0;0;0;0;0;0;0
BH;2004;0;0;1;0;0;0;0;0;0;0;0;0;0;0;0;0;0;0;0;0;0
BH;2005;0;0;1;0;0;0;0;0;0;0;0;0;0;0;0;0;0;0;0;0;0
BH;2006;0;0;0.975760456274;0;0;0;0;0.0242395437262;0;0;0;0;0;0;0;0;0;0;0;0;0
BH;2007;0;0;0.988489871087;0;0;0;0;0.0115101289134;0;0;0;0;0;0;0;0;0;0;0;0;0
BH;2008;0;0;1;0;0;0;0;0;0;0;0;0;0;0;0;0;0;0;0;0;0
BH;2009;0;0;1;0;0;0;0;0;0;0;0;0;0;0;0;0;0;0;0;0;0
BH;2010;0;0;1;0;0;0;0;0;0;0;0;0;0;0;0;0;0;0;0;0;0
BH;2011;0;0;1;0;0;0;0;0;0;0;0;0;0;0;0;0;0;0;0;0;0
BH;2012;0;0;1;0;0;0;0;0;0;0;0;0;0;0;0;0;0;0;0;0;0
BH;2013;0;0;1;0;0;0;0;0;0;0;0;0;0;0;0;0;0;0;0;0;0
BH;2014;0;0;0.999633162142;0.000366837857667;0;0;0;0;0;0;0;0;0;0;0;0;0;0;0;0;0
BH;2015;0;0;0.999648999649;0.000351000351;0;0;0;0;0;0;0;0;0;0;0;0;0;0;0;0;0
BH;2016;0;0;0.999649368864;0.000350631136045;0;0;0;0;0;0;0;0;0;0;0;0;0;0;0;0;0
BH;2017;0;0;0.999657885734;0.000342114266165;0;0;0;0;0;0;0;0;0;0;0;0;0;0;0;0;0
BH;2018;0;0;0.999661590525;0.000338409475465;0;0;0;0;0;0;0;0;0;0;0;0;0;0;0;0;0
BH;2019;0;0;0.999395952884;0.000604047115675;0;0;0;0;0;0;0;0;0;0;0;0;0;0;0;0;0
BH;2020;0;0;0.999400838826;0.000599161174356;0;0;0;0;0;0;0;0;0;0;0;0;0;0;0;0;0
BH;2021;0;0;0.99882040696;0.0011795930404;0;0;0;0;0;0;0;0;0;0;0;0;0;0;0;0;0
BH;2022;0;0;0.997757847534;0.00224215246637;0;0;0;0;0;0;0;0;0;0;0;0;0;0;0;0;0
BH;2023;0;0;0.997598078463;0.00240192153723;0;0;0;0;0;0;0;0;0;0;0;0;0;0;0;0;0
BH;2024;0;0;0.997364953887;0.00263504611331;0;0;0;0;0;0;0;0;0;0;0;0;0;0;0;0;0
BI;2000;1;0;0;0;0;0;0;0;0;0;0;0;0;0;0;0;0;0;0;0;0
BI;2001;1;0;0;0;0;0;0;0;0;0;0;0;0;0;0;0;0;0;0;0;0
BI;2002;1;0;0;0;0;0;0;0;0;0;0;0;0;0;0;0;0;0;0;0;0
BI;2003;1;0;0;0;0;0;0;0;0;0;0;0;0;0;0;0;0;0;0;0;0
BI;2004;1;0;0;0;0;0;0;0;0;0;0;0;0;0;0;0;0;0;0;0;0
BI;2005;1;0;0;0;0;0;0;0;0;0;0;0;0;0;0;0;0;0;0;0;0
BI;2006;1;0;0;0;0;0;0;0;0;0;0;0;0;0;0;0;0;0;0;0;0
BI;2007;1;0;0;0;0;0;0;0;0;0;0;0;0;0;0;0;0;0;0;0;0
BI;2008;1;0;0;0;0;0;0;0;0;0;0;0;0;0;0;0;0;0;0;0;0
BI;2009;1;0;0;0;0;0;0;0;0;0;0;0;0;0;0;0;0;0;0;0;0
BI;2010;0.875;0;0;0;0;0;0;0.125;0;0;0;0;0;0;0;0;0;0;0;0;0
BI;2011;0.866666666667;0;0;0;0;0.0666666666667;0;0.0666666666667;0;0;0;0;0;0;0;0;0;0;0;0;0
BI;2012;0.933333333333;0;0;0;0;0.0666666666667;0;0;0;0;0;0;0;0;0;0;0;0;0;0;0
BI;2013;0.823529411765;0;0;0;0;0.0588235294118;0;0.117647058824;0;0;0;0;0;0;0;0;0;0;0;0;0
BI;2014;0.777777777778;0;0;0;0;0.0555555555556;0;0.166666666667;0;0;0;0;0;0;0;0;0;0;0;0;0
BI;2015;0.777777777778;0;0;0;0;0.0555555555556;0;0.166666666667;0;0;0;0;0;0;0;0;0;0;0;0;0
BI;2016;0.777777777778;0;0;0.0555555555556;0;0.0555555555556;0;0.111111111111;0;0;0;0;0;0;0;0;0;0;0;0;0
BI;2017;0.678571428571;0;0;0.0357142857143;0;0.0357142857143;0;0.25;0;0;0;0;0;0;0;0;0;0;0;0;0
BI;2018;0.685714285714;0;0;0;0;0.0285714285714;0;0.285714285714;0;0;0;0;0;0;0;0;0;0;0;0;0
BI;2019;0.666666666667;0;0;0;0;0.025641025641;0;0.307692307692;0;0;0;0;0;0;0;0;0;0;0;0;0
BI;2020;0.72972972973;0;0;0;0;0.027027027027;0;0.243243243243;0;0;0;0;0;0;0;0;0;0;0;0;0
BI;2021;0.666666666667;0;0;0;0;0.025641025641;0;0.307692307692;0;0;0;0;0;0;0;0;0;0;0;0;0
BI;2022;0.666666666667;0;0;0;0;0.025641025641;0;0.307692307692;0;0;0;0;0;0;0;0;0;0;0;0;0
BI;2023;0.74;0;0;0;0;0.02;0;0.24;0;0;0;0;0;0;0;0;0;0;0;0;0
BI;2024;0.734693877551;0;0;0;0;0.0204081632653;0;0.244897959184;0;0;0;0;0;0;0;0;0;0;0;0;0
BJ;2000;0;0;0;0;0;0;0;1;0;0;0;0;0;0;0;0;0;0;0;0;0
BJ;2001;0;0;0;0;0;0;0;1;0;0;0;0;0;0;0;0;0;0;0;0;0
BJ;2002;0;0;0;0;0;0;0;1;0;0;0;0;0;0;0;0;0;0;0;0;0
BJ;2003;0;0;0;0;0;0;0;1;0;0;0;0;0;0;0;0;0;0;0;0;0
BJ;2004;0;0;0;0;0;0;0;1;0;0;0;0;0;0;0;0;0;0;0;0;0
BJ;2005;0;0;0;0;0;0;0;1;0;0;0;0;0;0;0;0;0;0;0;0;0
BJ;2006;0;0;0;0;0;0;0;1;0;0;0;0;0;0;0;0;0;0;0;0;0
BJ;2007;0;0;0;0;0;0;0;1;0;0;0;0;0;0;0;0;0;0;0;0;0
BJ;2008;0;0;0;0;0;0;0;1;0;0;0;0;0;0;0;0;0;0;0;0;0
BJ;2009;0;0;0;0;0;0;0;1;0;0;0;0;0;0;0;0;0;0;0;0;0
BJ;2010;0;0;0;0;0;0;0;1;0;0;0;0;0;0;0;0;0;0;0;0;0
BJ;2011;0;0;0;0;0;0;0;1;0;0;0;0;0;0;0;0;0;0;0;0;0
BJ;2012;0;0;0;0;0;0;0;1;0;0;0;0;0;0;0;0;0;0;0;0;0
BJ;2013;0;0;0.307692307692;0;0;0;0;0.692307692308;0;0;0;0;0;0;0;0;0;0;0;0;0
BJ;2014;0;0;0.294117647059;0;0;0;0;0.705882352941;0;0;0;0;0;0;0;0;0;0;0;0;0
BJ;2015;0;0;0.34375;0;0;0;0;0.65625;0;0;0;0;0;0;0;0;0;0;0;0;0
BJ;2016;0;0;0.037037037037;0;0;0;0;0.962962962963;0;0;0;0;0;0;0;0;0;0;0;0;0
BJ;2017;0;0;0.4375;0;0;0;0;0.5625;0;0;0;0;0;0;0;0;0;0;0;0;0
BJ;2018;0;0;0.315789473684;0;0;0;0;0.684210526316;0;0;0;0;0;0;0;0;0;0;0;0;0
BJ;2019;0;0;0.592592592593;0.0185185185185;0;0;0;0.388888888889;0;0;0;0;0;0;0;0;0;0;0;0;0
BJ;2020;0;0;0.757575757576;0.010101010101;0;0;0;0.232323232323;0;0;0;0;0;0;0;0;0;0;0;0;0
BJ;2021;0;0;0.787610619469;0.0176991150442;0;0;0;0.194690265487;0;0;0;0;0;0;0;0;0;0;0;0;0
BJ;2022;0;0;0.737373737374;0.020202020202;0;0;0;0.242424242424;0;0;0;0;0;0;0;0;0;0;0;0;0
BJ;2023;0;0;0.73;0.03;0;0;0;0.24;0;0;0;0;0;0;0;0;0;0;0;0;0
BJ;2024;0;0;0.722772277228;0.039603960396;0;0;0;0.237623762376;0;0;0;0;0;0;0;0;0;0;0;0;0
BN;2000;0;0;0.992125984252;0;0;0;0;0.00787401574803;0;0;0;0;0;0;0;0;0;0;0;0;0
BN;2001;0;0;0.992248062016;0;0;0;0;0.0077519379845;0;0;0;0;0;0;0;0;0;0;0;0;0
BN;2002;0;0;0.988929889299;0;0;0;0;0.0110701107011;0;0;0;0;0;0;0;0;0;0;0;0;0
BN;2003;0;0;0.990625;0;0;0;0;0.009375;0;0;0;0;0;0;0;0;0;0;0;0;0
BN;2004;0;0;0.990797546012;0;0;0;0;0.00920245398773;0;0;0;0;0;0;0;0;0;0;0;0;0
BN;2005;0;0;0.990797546012;0;0;0;0;0.00920245398773;0;0;0;0;0;0;0;0;0;0;0;0;0
BN;2006;0;0;0.990909090909;0;0;0;0;0.00909090909091;0;0;0;0;0;0;0;0;0;0;0;0;0
BN;2007;0;0;0.991150442478;0;0;0;0;0.00884955752212;0;0;0;0;0;0;0;0;0;0;0;0;0
BN;2008;0;0;0.991228070175;0;0;0;0;0.00877192982456;0;0;0;0;0;0;0;0;0;0;0;0;0
BN;2009;0;0;0.988950276243;0;0;0;0;0.0110497237569;0;0;0;0;0;0;0;0;0;0;0;0;0
BN;2010;0;0;0.98944591029;0;0;0;0;0.0105540897098;0;0;0;0;0;0;0;0;0;0;0;0;0
BN;2011;0;0;0.98927613941;0;0;0;0;0.0107238605898;0;0;0;0;0;0;0;0;0;0;0;0;0
BN;2012;0;0;0.989821882952;0;0;0;0;0.0101781170483;0;0;0;0;0;0;0;0;0;0;0;0;0
BN;2013;0;0;0.990909090909;0;0;0;0;0.00909090909091;0;0;0;0;0;0;0;0;0;0;0;0;0
BN;2014;0;0;0.991111111111;0;0;0;0;0.00888888888889;0;0;0;0;0;0;0;0;0;0;0;0;0
BN;2015;0;0;0.990476190476;0;0;0;0;0.00952380952381;0;0;0;0;0;0;0;0;0;0;0;0;0
BN;2016;0;0;0.988290398126;0;0;0;0;0.0117096018735;0;0;0;0;0;0;0;0;0;0;0;0;0
BN;2017;0;0;0.987980769231;0;0;0;0;0.0120192307692;0;0;0;0;0;0;0;0;0;0;0;0;0
BN;2018;0;0;0.988372093023;0;0;0;0;0.0116279069767;0;0;0;0;0;0;0;0;0;0;0;0;0
BN;2019;0;0;0.892494929006;0;0;0;0.0973630831643;0.0101419878296;0;0;0;0;0;0;0;0;0;0;0;0;0
BN;2020;0;0;0.778745644599;0;0;0;0.214285714286;0.00696864111498;0;0;0;0;0;0;0;0;0;0;0;0;0
BN;2021;0;0;0.775438596491;0;0;0;0.217543859649;0.00701754385965;0;0;0;0;0;0;0;0;0;0;0;0;0
BN;2022;0;0;0.775;0;0;0;0.216071428571;0.00892857142857;0;0;0;0;0;0;0;0;0;0;0;0;0
BN;2023;0;0;0.789285714286;0;0;0;0.203571428571;0.00714285714286;0;0;0;0;0;0;0;0;0;0;0;0;0
BN;2024;0;0;0.791366906475;0.00179856115108;0;0;0.197841726619;0.0089928057554;0;0;0;0;0;0;0;0;0;0;0;0;0
BO;2000;0.502577319588;0;0.476804123711;0;0;0.0128865979381;0;0.00773195876289;0;0;0;0;0;0;0;0;0;0;0;0;0
BO;2001;0.532828282828;0;0.441919191919;0;0;0.0126262626263;0;0.0126262626263;0;0;0;0;0;0;0;0;0;0;0;0;0
BO;2002;0.524038461538;0;0.451923076923;0;0;0.0120192307692;0;0.0120192307692;0;0;0;0;0;0;0;0;0;0;0;0;0
BO;2003;0.454965357968;0;0.519630484988;0;0;0.0115473441109;0;0.013856812933;0;0;0;0;0;0;0;0;0;0;0;0;0
BO;2004;0.470198675497;0;0.503311258278;0;0;0.0132450331126;0;0.0132450331126;0;0;0;0;0;0;0;0;0;0;0;0;0
BO;2005;0.39672801636;0;0.578732106339;0;0;0.0122699386503;0;0.0122699386503;0;0;0;0;0;0;0;0;0;0;0;0;0
BO;2006;0.428;0;0.556;0;0;0.008;0;0.008;0;0;0;0;0;0;0;0;0;0;0;0;0
BO;2007;0.422794117647;0;0.558823529412;0;0;0.00919117647059;0;0.00919117647059;0;0;0;0;0;0;0;0;0;0;0;0;0
BO;2008;0.386824324324;0;0.596283783784;0;0;0.0101351351351;0;0.00675675675676;0;0;0;0;0;0;0;0;0;0;0;0;0
BO;2009;0.365539452496;0;0.613526570048;0;0;0.0128824476651;0;0.00805152979066;0;0;0;0;0;0;0;0;0;0;0;0;0
BO;2010;0.324812030075;0;0.654135338346;0;0;0.012030075188;0;0.00902255639098;0;0;0;0;0;0;0;0;0;0;0;0;0
BO;2011;0.327221438646;0;0.653032440056;0;0;0.0126939351199;0;0.00705218617772;0;0;0;0;0;0;0;0;0;0;0;0;0
BO;2012;0.314439946019;0;0.665317139001;0;0;0.0107962213225;0;0.00944669365722;0;0;0;0;0;0;0;0;0;0;0;0;0
BO;2013;0.32138284251;0;0.654289372599;0;0;0.0166453265045;0;0.00768245838668;0;0;0;0;0;0;0;0;0;0;0;0;0
BO;2014;0.268674698795;0;0.703614457831;0.00120481927711;0.00120481927711;0.0156626506024;0;0.00963855421687;0;0;0;0;0;0;0;0;0;0;0;0;0
BO;2015;0.271111111111;0;0.695555555556;0;0.00111111111111;0.0222222222222;0;0.01;0;0;0;0;0;0;0;0;0;0;0;0;0
BO;2016;0.182795698925;0;0.781720430108;0.0010752688172;0.00430107526882;0.0193548387097;0;0.010752688172;0;0;0;0;0;0;0;0;0;0;0;0;0
BO;2017;0.230448383733;0;0.739311783107;0.00104275286757;0.00625651720542;0.0135557872784;0;0.00938477580813;0;0;0;0;0;0;0;0;0;0;0;0;0
BO;2018;0.259960159363;0;0.676294820717;0.0129482071713;0.00597609561753;0.0169322709163;0;0.0278884462151;0;0;0;0;0;0;0;0;0;0;0;0;0
BO;2019;0.313404050145;0;0.610414657666;0.0183220829315;0.00675024108004;0.023143683703;0;0.0279652844744;0;0;0;0;0;0;0;0;0;0;0;0;0
BO;2020;0.286270691334;0;0.616358325219;0.0321324245375;0.00584225900682;0.0321324245375;0;0.0272638753651;0;0;0;0;0;0;0;0;0;0;0;0;0
BO;2021;0.298068077277;0;0.593376264949;0.0321987120515;0.0119595216191;0.0423183072677;0;0.0220791168353;0;0;0;0;0;0;0;0;0;0;0;0;0
BO;2022;0.244215938303;0;0.622964867181;0.0299914310197;0.0377035132819;0.0454155955441;0;0.0197086546701;0;0;0;0;0;0;0;0;0;0;0;0;0
BO;2023;0.236653386454;0;0.651792828685;0.0278884462151;0.0350597609562;0.0334661354582;0;0.0151394422311;0;0;0;0;0;0;0;0;0;0;0;0;0
BO;2024;0.243902439024;0;0.645232815965;0.029563932003;0.0354767184035;0.0310421286031;0;0.0147819660015;0;0;0;0;0;0;0;0;0;0;0;0;0
BO;2025;0.279127817341;0;0.624256662506;0.0298803318405;0.0200425813083;0.0320093972542;0;0.0146832097497;0;0;0;0;0;0;0;0;0;0;0;0;0
BR;1985;0.920968391487;0.0174564492312;0;0;0;0.0158352350761;0.0255315413926;0.0202083828131;0;0;0;0;0;0;0;0;0;0;0;0;0
BR;1986;0.902488015079;0.000712416328186;0;0;0;0.015801789946;0.0305943234271;0.0504034552192;0;0;0;0;0;0;0;0;0;0;0;0;0
BR;1987;0.912792870773;0.00478527728051;0;0;0;0.0175378199201;0.0266067318474;0.038277300179;0;0;0;0;0;0;0;0;0;0;0;0;0
BR;1988;0.926216428708;0.00282852530553;2.32608988942e-05;0;0;0.0155382804613;0.0219350276572;0.0334584769694;0;0;0;0;0;0;0;0;0;0;0;0;0
BR;1989;0.923112307713;0.00825294603114;0.000969608413495;0;0;0.0153468717727;0.0245739360239;0.0277443300457;0;0;0;0;0;0;0;0;0;0;0;0;0
BR;1990;0.927686349132;0.0100394487055;0.00146305779078;0;0;0.0173188344007;0.020738619789;0.0227536901818;0;0;0;0;0;0;0;0;0;0;0;0;0
BR;1991;0.929195270867;0.00615248083216;0.00159145308627;0;0;0.0170665210324;0.0236115318483;0.0223827423339;0;0;0;0;0;0;0;0;0;0;0;0;0
BR;1992;0.923817323721;0.00727578062632;0.00161316341345;0;0;0.0203879037562;0.0207105364389;0.0261952920446;0;0;0;0;0;0;0;0;0;0;0;0;0
BR;1993;0.932782812971;0.00175394041364;0.00153965810067;0;0;0.0197774638498;0.0194798495262;0.0246662751385;0;0;0;0;0;0;0;0;0;0;0;0;0
BR;1994;0.933337178896;0.000211505922166;0.00184202430395;0;0;0.0207198892478;0.0191162898016;0.0247731118289;0;0;0;0;0;0;0;0;0;0;0;0;0
BR;1995;0.921277498993;0.00914002489106;0.00203192296109;0;0;0.0202974590078;0.0197459370612;0.0275071570858;0;0;0;0;0;0;0;0;0;0;0;0;0
BR;1996;0.912410814226;0.00833316165716;0.00334425193822;0;6.86704710108e-06;0.0231865845368;0.0206904129155;0.0320279076794;0;0;0;0;0;0;0;0;0;0;0;0;0
BR;1997;0.905812371542;0.0102895957868;0.00382166432345;0;1.29878141833e-05;0.0239592702147;0.0237352304201;0.0323688798984;0;0;0;0;0;0;0;0;0;0;0;0;0
BR;1998;0.905889373394;0.0101476616866;0.00410568486615;0;1.55400638386e-05;0.0233256358217;0.0216752810421;0.0348408231261;0;0;0;0;0;0;0;0;0;0;0;0;0
BR;1999;0.875342817708;0.0118813596793;0.00792588564976;0;5.97503629835e-06;0.0250234520175;0.0290237388192;0.0507967710904;0;0;0;0;0;0;0;0;0;0;0;0;0
BR;2000;0.872414880202;0.017327754213;0.0116588329703;0;2.86598647254e-06;0.0225123237418;0.0313252321449;0.0447581107417;0;0;0;0;0;0;0;0;0;0;0;0;0
BR;2001;0.815325474584;0.0434605281981;0.0301962252436;0;0.000106528362416;0.0274599681632;0.0337177485383;0.0497335269106;0;0;0;0;0;0;0;0;0;0;0;0;0
BR;2002;0.827520377644;0.0400205945818;0.0358843232424;0;0.000176442343849;0.0297059487102;0.0263882541464;0.0403040593309;0;0;0;0;0;0;0;0;0;0;0;0;0
BR;2003;0.838719592518;0.0366591288311;0.0359785281461;0;0.000167405813647;0.0327648853956;0.0247348950558;0.0309755642399;0;0;0;0;0;0;0;0;0;0;0;0;0
BR;2004;0.827878181025;0.0299644122604;0.0497144464545;0;0.000157422198595;0.0322973576297;0.0267643544529;0.0332238259788;0;0;0;0;0;0;0;0;0;0;0;0;0
BR;2005;0.837189859161;0.0244490588787;0.0466678078708;0;0.000230721712402;0.0338466271215;0.026500745504;0.0311151797521;0;0;0;0;0;0;0;0;0;0;0;0;0
BR;2006;0.831579047751;0.0327906372408;0.0435285338623;0;0.000565026975866;0.0353940526739;0.0249517819806;0.0311909195158;0;0;0;0;0;0;0;0;0;0;0;0;0
BR;2007;0.840201820065;0.0277435195856;0.0348130625925;0;0.00148938894617;0.0405774246376;0.0226396105574;0.032535173616;0;0;0;0;0;0;0;0;0;0;0;0;0
BR;2008;0.797882423554;0.0301594875327;0.0621325601128;0;0.00255413227512;0.0427185639861;0.025817678568;0.0387351539712;0;0;0;0;0;0;0;0;0;0;0;0;0
BR;2009;0.838743862073;0.0277952372474;0.0285996837989;0;0.00265574621535;0.0490733848322;0.0213789715526;0.0317531142807;0;0;0;0;0;0;0;0;0;0;0;0;0
BR;2010;0.78187433477;0.0281563167048;0.0707174694018;0;0.00422063633315;0.061927223589;0.0218883712454;0.0312156479559;0;0;0;0;0;0;0;0;0;0;0;0;0
BR;2011;0.805503631351;0.0294476058658;0.0471925199057;0;0.00508690043215;0.0613606189282;0.0236874668552;0.0277212566619;0;0;0;0;0;0;0;0;0;0;0;0;0
BR;2012;0.751752947522;0.029028159378;0.0846337905296;3.61992260605e-06;0.00914030458029;0.0647350759641;0.0261919500161;0.0345141520874;0;0;0;0;0;0;0;0;0;0;0;0;0
BR;2013;0.684947489204;0.027065614407;0.120880814947;8.75909851358e-06;0.0115199663651;0.0717755568597;0.0384874788687;0.0453143202502;0;0;0;0;0;0;0;0;0;0;0;0;0
BR;2014;0.632367608684;0.0260405289387;0.137285980144;2.70938004305e-05;0.0206759564535;0.0797218144041;0.0455480652486;0.0583329523268;0;0;0;0;0;0;0;0;0;0;0;0;0
BR;2015;0.618935049696;0.0253497330656;0.136761930324;0.000101509043768;0.0372073657715;0.0858181542903;0.0464223223549;0.049403935454;0;0;0;0;0;0;0;0;0;0;0;0;0
BR;2016;0.657993290701;0.0274037913415;0.0975733203431;0.000146830702473;0.0578495693542;0.0886771071933;0.0443480544068;0.026008035958;0;0;0;0;0;0;0;0;0;0;0;0;0
BR;2017;0.629373216183;0.026706780288;0.111301724343;0.00141178227331;0.0719007815708;0.0897839226506;0.0387765006126;0.0307452920794;0;0;0;0;0;0;0;0;0;0;0;0;0
BR;2018;0.646780158165;0.0260626941317;0.0908253463608;0.00575494349813;0.0806041277295;0.0904262748671;0.0345895217128;0.0249569335346;0;0;0;0;0;0;0;0;0;0;0;0;0
BR;2019;0.628241060192;0.0254674184732;0.104146567528;0.0105081325525;0.0884009480215;0.0867193310164;0.0342276167303;0.0222889254862;0;0;0;0;0;0;0;0;0;0;0;0;0
BR;2020;0.630413000744;0.0223501981666;0.0945982912508;0.0170938539738;0.0907351565929;0.0934245599303;0.0282236260346;0.0231613133067;0;0;0;0;0;0;0;0;0;0;0;0;0
BR;2021;0.552743393841;0.0224026691245;0.132476633734;0.0255212181689;0.110125762689;0.0853312410972;0.0369228894187;0.0344761919271;0;0;0;0;0;0;0;0;0;0;0;0;0
BR;2022;0.630741240648;0.0215000251048;0.0621860057121;0.0444886157227;0.120550178539;0.0812538210945;0.0212622681131;0.0180178450651;0;0;0;0;0;0;0;0;0;0;0;0;0
BR;2023;0.601587301587;0.0204824041123;0.0544950008473;0.0715034174999;0.135289216517;0.0815624470429;0.0188004857934;0.0162797266;0;0;0;0;0;0;0;0;0;0;0;0;0
BR;2024;0.561398628576;0.0209852848792;0.0636093571984;0.0940524612158;0.143283431115;0.0817650159183;0.018801175506;0.0161046455913;0;0;0;0;0;0;0;0;0;0;0;0;0
BR;2025;0.521029970982;0.0206855822919;0.0777833939178;0.115253669114;0.151684230926;0.0806576645471;0.0204564263192;0.0124490619009;0;0;0;0;0;0;0;0;0;0;0;0;0
BS;2000;0;0;0;0;0;0;0;1;0;0;0;0;0;0;0;0;0;0;0;0;0
BS;2001;0;0;0;0;0;0;0;1;0;0;0;0;0;0;0;0;0;0;0;0;0
BS;2002;0;0;0;0;0;0;0;1;0;0;0;0;0;0;0;0;0;0;0;0;0
BS;2003;0;0;0;0;0;0;0;1;0;0;0;0;0;0;0;0;0;0;0;0;0
BS;2004;0;0;0;0;0;0;0;1;0;0;0;0;0;0;0;0;0;0;0;0;0
BS;2005;0;0;0;0;0;0;0;1;0;0;0;0;0;0;0;0;0;0;0;0;0
BS;2006;0;0;0;0;0;0;0;1;0;0;0;0;0;0;0;0;0;0;0;0;0
BS;2007;0;0;0;0;0;0;0;1;0;0;0;0;0;0;0;0;0;0;0;0;0
BS;2008;0;0;0;0;0;0;0;1;0;0;0;0;0;0;0;0;0;0;0;0;0
BS;2009;0;0;0;0;0;0;0;1;0;0;0;0;0;0;0;0;0;0;0;0;0
BS;2010;0;0;0;0;0;0;0;1;0;0;0;0;0;0;0;0;0;0;0;0;0
BS;2011;0;0;0;0;0;0;0;1;0;0;0;0;0;0;0;0;0;0;0;0;0
BS;2012;0;0;0;0;0;0;0;1;0;0;0;0;0;0;0;0;0;0;0;0;0
BS;2013;0;0;0;0;0;0;0;1;0;0;0;0;0;0;0;0;0;0;0;0;0
BS;2014;0;0;0;0;0;0;0;1;0;0;0;0;0;0;0;0;0;0;0;0;0
BS;2015;0;0;0;0;0;0;0;1;0;0;0;0;0;0;0;0;0;0;0;0;0
BS;2016;0;0;0;0;0;0;0;1;0;0;0;0;0;0;0;0;0;0;0;0;0
BS;2017;0;0;0;0;0;0;0;1;0;0;0;0;0;0;0;0;0;0;0;0;0
BS;2018;0;0;0;0;0;0;0;1;0;0;0;0;0;0;0;0;0;0;0;0;0
BS;2019;0;0;0;0;0;0;0;1;0;0;0;0;0;0;0;0;0;0;0;0;0
BS;2020;0;0;0;0.00492610837438;0;0;0;0.995073891626;0;0;0;0;0;0;0;0;0;0;0;0;0
BS;2021;0;0;0;0.00490196078431;0;0;0;0.995098039216;0;0;0;0;0;0;0;0;0;0;0;0;0
BS;2022;0;0;0;0.00975609756098;0;0;0;0.990243902439;0;0;0;0;0;0;0;0;0;0;0;0;0
BS;2023;0;0;0;0.00904977375566;0;0;0;0.990950226244;0;0;0;0;0;0;0;0;0;0;0;0;0
BS;2024;0;0;0;0.00888888888889;0;0;0;0.991111111111;0;0;0;0;0;0;0;0;0;0;0;0;0
BT;2000;1;0;0;0;0;0;0;0;0;0;0;0;0;0;0;0;0;0;0;0;0
BT;2001;1;0;0;0;0;0;0;0;0;0;0;0;0;0;0;0;0;0;0;0;0
BT;2002;1;0;0;0;0;0;0;0;0;0;0;0;0;0;0;0;0;0;0;0;0
BT;2003;1;0;0;0;0;0;0;0;0;0;0;0;0;0;0;0;0;0;0;0;0
BT;2004;1;0;0;0;0;0;0;0;0;0;0;0;0;0;0;0;0;0;0;0;0
BT;2005;1;0;0;0;0;0;0;0;0;0;0;0;0;0;0;0;0;0;0;0;0
BT;2006;1;0;0;0;0;0;0;0;0;0;0;0;0;0;0;0;0;0;0;0;0
BT;2007;1;0;0;0;0;0;0;0;0;0;0;0;0;0;0;0;0;0;0;0;0
BT;2008;1;0;0;0;0;0;0;0;0;0;0;0;0;0;0;0;0;0;0;0;0
BT;2009;1;0;0;0;0;0;0;0;0;0;0;0;0;0;0;0;0;0;0;0;0
BT;2010;1;0;0;0;0;0;0;0;0;0;0;0;0;0;0;0;0;0;0;0;0
BT;2011;1;0;0;0;0;0;0;0;0;0;0;0;0;0;0;0;0;0;0;0;0
BT;2012;1;0;0;0;0;0;0;0;0;0;0;0;0;0;0;0;0;0;0;0;0
BT;2013;1;0;0;0;0;0;0;0;0;0;0;0;0;0;0;0;0;0;0;0;0
BT;2014;1;0;0;0;0;0;0;0;0;0;0;0;0;0;0;0;0;0;0;0;0
BT;2015;1;0;0;0;0;0;0;0;0;0;0;0;0;0;0;0;0;0;0;0;0
BT;2016;1;0;0;0;0;0;0;0;0;0;0;0;0;0;0;0;0;0;0;0;0
BT;2017;1;0;0;0;0;0;0;0;0;0;0;0;0;0;0;0;0;0;0;0;0
BT;2018;1;0;0;0;0;0;0;0;0;0;0;0;0;0;0;0;0;0;0;0;0
BT;2019;1;0;0;0;0;0;0;0;0;0;0;0;0;0;0;0;0;0;0;0;0
BT;2020;1;0;0;0;0;0;0;0;0;0;0;0;0;0;0;0;0;0;0;0;0
BT;2021;1;0;0;0;0;0;0;0;0;0;0;0;0;0;0;0;0;0;0;0;0
BT;2022;1;0;0;0;0;0;0;0;0;0;0;0;0;0;0;0;0;0;0;0;0
BT;2023;1;0;0;0;0;0;0;0;0;0;0;0;0;0;0;0;0;0;0;0;0
BT;2024;1;0;0;0;0;0;0;0;0;0;0;0;0;0;0;0;0;0;0;0;0
BW;2000;0;0;0;0;0;0;0.973684210526;0.0263157894737;0;0;0;0;0;0;0;0;0;0;0;0;0
BW;2001;0;0;0;0;0;0;0.982300884956;0.0176991150442;0;0;0;0;0;0;0;0;0;0;0;0;0
BW;2002;0;0;0;0;0;0;0.973913043478;0.0260869565217;0;0;0;0;0;0;0;0;0;0;0;0;0
BW;2003;0;0;0;0;0;0;0.971153846154;0.0288461538462;0;0;0;0;0;0;0;0;0;0;0;0;0
BW;2004;0;0;0;0;0;0;0.948453608247;0.0515463917526;0;0;0;0;0;0;0;0;0;0;0;0;0
BW;2005;0;0;0;0;0;0;0.990566037736;0.00943396226415;0;0;0;0;0;0;0;0;0;0;0;0;0
BW;2006;0;0;0;0;0;0;0.989898989899;0.010101010101;0;0;0;0;0;0;0;0;0;0;0;0;0
BW;2007;0;0;0;0;0;0;0.987951807229;0.0120481927711;0;0;0;0;0;0;0;0;0;0;0;0;0
BW;2008;0;0;0;0;0;0;1;0;0;0;0;0;0;0;0;0;0;0;0;0;0
BW;2009;0;0;0;0;0;0;1;0;0;0;0;0;0;0;0;0;0;0;0;0;0
BW;2010;0;0;0;0;0;0;1;0;0;0;0;0;0;0;0;0;0;0;0;0;0
BW;2011;0;0;0;0;0;0;0.916666666667;0.0833333333333;0;0;0;0;0;0;0;0;0;0;0;0;0
BW;2012;0;0;0;0;0;0;0.714285714286;0.285714285714;0;0;0;0;0;0;0;0;0;0;0;0;0
BW;2013;0;0;0;0;0;0;0.826086956522;0.173913043478;0;0;0;0;0;0;0;0;0;0;0;0;0
BW;2014;0;0;0;0;0;0;0.95670995671;0.04329004329;0;0;0;0;0;0;0;0;0;0;0;0;0
BW;2015;0;0;0;0;0;0;0.962962962963;0.037037037037;0;0;0;0;0;0;0;0;0;0;0;0;0
BW;2016;0;0;0;0;0;0;0.996282527881;0.00371747211896;0;0;0;0;0;0;0;0;0;0;0;0;0
BW;2017;0;0;0;0;0;0;0.996688741722;0.00331125827815;0;0;0;0;0;0;0;0;0;0;0;0;0
BW;2018;0;0;0;0.0032154340836;0;0;0.993569131833;0.0032154340836;0;0;0;0;0;0;0;0;0;0;0;0;0
BW;2019;0;0;0;0.00398406374502;0;0;0.996015936255;0;0;0;0;0;0;0;0;0;0;0;0;0;0
BW;2020;0;0;0;0.0045871559633;0;0;0.97247706422;0.0229357798165;0;0;0;0;0;0;0;0;0;0;0;0;0
BW;2021;0;0;0;0.00401606425703;0;0;0.95983935743;0.0361445783133;0;0;0;0;0;0;0;0;0;0;0;0;0
BW;2022;0;0;0;0.00390625;0;0;0.95703125;0.0390625;0;0;0;0;0;0;0;0;0;0;0;0;0
BW;2023;0;0;0;0.0030959752322;0;0;0.987616099071;0.00928792569659;0;0;0;0;0;0;0;0;0;0;0;0;0
BW;2024;0;0;0;0.00291545189504;0;0;0.98250728863;0.0145772594752;0;0;0;0;0;0;0;0;0;0;0;0;0
BY;2000;0.00114942528736;0;0.933333333333;0;0;0;0;0.0655172413793;0;0;0;0;0;0;0;0;0;0;0;0;0
BY;2001;0.00119664938173;0;0.940566414041;0;0;0;0;0.0582369365776;0;0;0;0;0;0;0;0;0;0;0;0;0
BY;2002;0.00113378684807;0;0.947467876039;0;0;0;0;0.0513983371126;0;0;0;0;0;0;0;0;0;0;0;0;0
BY;2003;0.00112654900488;0;0.957942170484;0;0;0;0;0.0409312805107;0;0;0;0;0;0;0;0;0;0;0;0;0
BY;2004;0.000961538461538;0;0.950641025641;0;0;0;0;0.0483974358974;0;0;0;0;0;0;0;0;0;0;0;0;0
BY;2005;0.00129198966408;0;0.96834625323;0;0;0;0;0.0303617571059;0;0;0;0;0;0;0;0;0;0;0;0;0
BY;2006;0.0012574662056;0;0.949701351776;0;0;0;0;0.0490411820182;0;0;0;0;0;0;0;0;0;0;0;0;0
BY;2007;0.00125667609174;0;0.990260760289;0;0;0.000314169022934;0.000314169022934;0.00785422557336;0;0;0;0;0;0;0;0;0;0;0;0;0
BY;2008;0.00114122681883;0;0.968901569187;0;0;0.000855920114123;0.000285306704708;0.0288159771755;0;0;0;0;0;0;0;0;0;0;0;0;0
BY;2009;0.0013170892328;0;0.81725386895;0;0;0.00230490615739;0.000329272308199;0.178794863352;0;0;0;0;0;0;0;0;0;0;0;0;0
BY;2010;0.00143266475645;0;0.971346704871;0;0;0.0025787965616;0.000859598853868;0.023782234957;0;0;0;0;0;0;0;0;0;0;0;0;0
BY;2011;0.00124262193228;0;0.982913948431;0;0;0.00310655483069;0.000621310966139;0.0121155638397;0;0;0;0;0;0;0;0;0;0;0;0;0
BY;2012;0.00227198961376;0;0.966893865628;0;0.000324569944823;0.0042194092827;0.000649139889646;0.025641025641;0;0;0;0;0;0;0;0;0;0;0;0;0
BY;2013;0.00444303395747;0;0.98413202158;0;0.000317359568391;0.00476039352586;0.000634719136782;0.00571247223104;0;0;0;0;0;0;0;0;0;0;0;0;0
BY;2014;0.00345423143351;0;0.979850316638;0;0.000287852619459;0.00460564191134;0.000863557858377;0.0109383995394;0;0;0;0;0;0;0;0;0;0;0;0;0
BY;2015;0.00322675271341;0;0.978292754473;0.000293341155764;0.000880023467292;0.00557348195952;0.00117336462306;0.0105602816075;0;0;0;0;0;0;0;0;0;0;0;0;0
BY;2016;0.00417039022937;0;0.969019958296;0.000893655049151;0.00238308013107;0.00536193029491;0.000893655049151;0.0172773309503;0;0;0;0;0;0;0;0;0;0;0;0;0
BY;2017;0.0115908432338;0;0.971022891915;0.00260793972762;0.00289771080846;0.00550565053608;0.000869313242538;0.00550565053608;0;0;0;0;0;0;0;0;0;0;0;0;0
BY;2018;0.00820723262375;0;0.971787637856;0.00461656835086;0.00256476019492;0.00538599640934;0.000769428058477;0.0066683765068;0;0;0;0;0;0;0;0;0;0;0;0;0
BY;2019;0.00840336134454;0;0.968610973801;0.00444883835887;0.00444883835887;0.00840336134454;0.000741473059812;0.00494315373208;0;0;0;0;0;0;0;0;0;0;0;0;0
BY;2020;0.0101193565127;0.00882200311365;0.900103788272;0.00467047223664;0.00492994291645;0.015308770109;0.00077841203944;0.0552672548002;0;0;0;0;0;0;0;0;0;0;0;0;0
BY;2021;0.0089696969697;0.140121212121;0.780363636364;0.00436363636364;0.00412121212121;0.0133333333333;0.000727272727273;0.048;0;0;0;0;0;0;0;0;0;0;0;0;0
BY;2022;0.00995158687466;0.125874125874;0.790747713825;0.00564819795589;0.00484131253362;0.0134480903712;0.00080688542227;0.0486820871436;0;0;0;0;0;0;0;0;0;0;0;0;0
BY;2023;0.0093435553426;0.281025395304;0.646621945376;0.00551030186871;0.00455198850024;0.0126976521322;0.000479156684236;0.0397700047916;0;0;0;0;0;0;0;0;0;0;0;0;0
BY;2024;0.00872981230904;0.342426887822;0.58926233086;0.00567437800087;0.00436490615452;0.0120034919249;0.000436490615452;0.0371017023134;0;0;0;0;0;0;0;0;0;0;0;0;0
BY;2025;0.00739583104048;0.373687570161;0.561510862627;0.00341176729546;0.00457837159649;0.0122823622637;0.000418216636218;0.0367150183795;0;0;0;0;0;0;0;0;0;0;0;0;0
BZ;2000;0.692307692308;0;0;0;0;0;0;0.307692307692;0;0;0;0;0;0;0;0;0;0;0;0;0
BZ;2001;0.692307692308;0;0;0;0;0;0;0.307692307692;0;0;0;0;0;0;0;0;0;0;0;0;0
BZ;2002;0.642857142857;0;0;0;0;0;0;0.357142857143;0;0;0;0;0;0;0;0;0;0;0;0;0
BZ;2003;0.375;0;0;0;0;0;0;0.625;0;0;0;0;0;0;0;0;0;0;0;0;0
BZ;2004;0.428571428571;0;0;0;0;0;0;0.571428571429;0;0;0;0;0;0;0;0;0;0;0;0;0
BZ;2005;0.4375;0;0;0;0;0;0;0.5625;0;0;0;0;0;0;0;0;0;0;0;0;0
BZ;2006;0.857142857143;0;0;0;0;0;0;0.142857142857;0;0;0;0;0;0;0;0;0;0;0;0;0
BZ;2007;0.818181818182;0;0;0;0;0;0;0.181818181818;0;0;0;0;0;0;0;0;0;0;0;0;0
BZ;2008;0.952380952381;0;0;0;0;0;0;0.047619047619;0;0;0;0;0;0;0;0;0;0;0;0;0
BZ;2009;0.791666666667;0;0;0;0;0;0;0.208333333333;0;0;0;0;0;0;0;0;0;0;0;0;0
BZ;2010;0.619047619048;0;0.047619047619;0;0;0.261904761905;0;0.0714285714286;0;0;0;0;0;0;0;0;0;0;0;0;0
BZ;2011;0.757575757576;0;0;0;0;0.181818181818;0;0.0606060606061;0;0;0;0;0;0;0;0;0;0;0;0;0
BZ;2012;0.552631578947;0;0.0263157894737;0;0;0.368421052632;0;0.0526315789474;0;0;0;0;0;0;0;0;0;0;0;0;0
BZ;2013;0.702702702703;0;0;0;0;0.243243243243;0;0.0540540540541;0;0;0;0;0;0;0;0;0;0;0;0;0
BZ;2014;0.722222222222;0;0.0277777777778;0;0;0.194444444444;0;0.0555555555556;0;0;0;0;0;0;0;0;0;0;0;0;0
BZ;2015;0.666666666667;0;0.0277777777778;0;0;0.25;0;0.0555555555556;0;0;0;0;0;0;0;0;0;0;0;0;0
BZ;2016;0.684210526316;0;0;0;0;0.263157894737;0;0.0526315789474;0;0;0;0;0;0;0;0;0;0;0;0;0
BZ;2017;0.675;0;0;0;0;0.275;0;0.05;0;0;0;0;0;0;0;0;0;0;0;0;0
BZ;2018;0.609756097561;0;0;0;0;0.317073170732;0;0.0731707317073;0;0;0;0;0;0;0;0;0;0;0;0;0
BZ;2019;0.557692307692;0;0;0.0192307692308;0;0.288461538462;0;0.134615384615;0;0;0;0;0;0;0;0;0;0;0;0;0
BZ;2020;0.545454545455;0;0;0.0227272727273;0;0.318181818182;0;0.113636363636;0;0;0;0;0;0;0;0;0;0;0;0;0
BZ;2021;0.444444444444;0;0;0.0277777777778;0;0.388888888889;0;0.138888888889;0;0;0;0;0;0;0;0;0;0;0;0;0
BZ;2022;0.510638297872;0;0;0.0212765957447;0;0.340425531915;0;0.127659574468;0;0;0;0;0;0;0;0;0;0;0;0;0
BZ;2023;0.533333333333;0;0;0.0222222222222;0;0.333333333333;0;0.111111111111;0;0;0;0;0;0;0;0;0;0;0;0;0
BZ;2024;0.510638297872;0;0;0.0212765957447;0;0.340425531915;0;0.127659574468;0;0;0;0;0;0;0;0;0;0;0;0;0
CA;1985;0.66151288844;0.131849434442;0.0148535127316;0;2.17857329592e-06;0.00365346741726;0.173342541436;0.0147859769594;0;0;0;0;0;0;0;0;0;0;0;0;0
CA;1986;0.662922763048;0.15209012685;0.0147188124221;0;2.13408908541e-06;0.0039800761443;0.153105953255;0.0131801341915;0;0;0;0;0;0;0;0;0;0;0;0;0
CA;1987;0.637000954879;0.155643254002;0.0124275279111;0;2.0145125484e-06;0.0046575530119;0.169968452733;0.0203002429502;0;0;0;0;0;0;0;0;0;0;0;0;0
CA;1988;0.607559840005;0.163763596408;0.0186713463606;0;1.97622209574e-06;0.00491091190792;0.181648406375;0.0234439227218;0;0;0;0;0;0;0;0;0;0;0;0;0
CA;1989;0.58312403507;0.159241346496;0.0298076865164;0;2.00765720458e-06;0.00698062410032;0.184327023267;0.0365172768941;0;0;0;0;0;0;0;0;0;0;0;0;0
CA;1990;0.615246164634;0.150772067009;0.0201168140193;0;4.16152544877e-06;0.00822733581222;0.171319598912;0.0343138580878;0;0;0;0;0;0;0;0;0;0;0;0;0
CA;1991;0.606073038196;0.166350752966;0.0170297537451;0;3.94481207901e-06;0.0078580656614;0.174767009537;0.0279174350832;0;0;0;0;0;0;0;0;0;0;0;0;0
CA;1992;0.607710358311;0.154295861959;0.0253341997235;3.85633605655e-06;0.000113761913668;0.00860927024625;0.173824347749;0.0301083437615;0;0;0;0;0;0;0;0;0;0;0;0;0
CA;1993;0.607684937914;0.175930536067;0.0288967848036;3.77193379502e-06;0.000111272046953;0.0090847025453;0.15560735678;0.0226806379094;0;0;0;0;0;0;0;0;0;0;0;0;0
CA;1994;0.59280903346;0.193622695754;0.0279538201445;3.61627686216e-06;0.000106680167434;0.0103660576254;0.156906636772;0.0182314598006;0;0;0;0;0;0;0;0;0;0;0;0;0
CA;1995;0.598814417005;0.174169921612;0.0362809189971;7.17014209429e-06;0.000105759595891;0.0127951185673;0.166377769691;0.0114489243891;0;0;0;0;0;0;0;0;0;0;0;0;0
CA;1996;0.620324934441;0.161158665764;0.0330410077971;1.04964285902e-05;0.000108463095432;0.0131712684759;0.159015644927;0.0131695190711;0;0;0;0;0;0;0;0;0;0;0;0;0
CA;1997;0.609216167956;0.143192357017;0.0403954279085;1.22304496263e-05;0.000108326839547;0.0142711875068;0.17152506718;0.0212792351426;0;0;0;0;0;0;0;0;0;0;0;0;0
CA;1998;0.588746083122;0.126324087041;0.0475826125329;1.77938792614e-05;0.000110322051421;0.0159913592922;0.190869604673;0.0303581374079;0;0;0;0;0;0;0;0;0;0;0;0;0
CA;1999;0.597122053125;0.126312582969;0.0488254037485;2.25001860592e-05;0.000280386933969;0.0154783972252;0.186000384234;0.0259582915782;0;0;0;0;0;0;0;0;0;0;0;0;0
CA;2000;0.590842243332;0.119728526571;0.0593326443817;2.64981385058e-05;0.000437219285345;0.014767743816;0.192499039442;0.0223660850325;0;0;0;0;0;0;0;0;0;0;0;0;0
CA;2001;0.564046243758;0.129581203052;0.0719432416568;3.40277836854e-05;0.000559757041624;0.0164558361902;0.190021352434;0.027358338083;0;0;0;0;0;0;0;0;0;0;0;0;0
CA;2002;0.582326873316;0.125043348361;0.064734107824;3.83466268306e-05;0.000675234081148;0.0167491397018;0.184570651159;0.0258622989303;0;0;0;0;0;0;0;0;0;0;0;0;0
CA;2003;0.571403558576;0.126425155839;0.0658338277217;3.90977596984e-05;0.00117293279095;0.0160079827426;0.186239628469;0.0328778161011;0;0;0;0;0;0;0;0;0;0;0;0;0
CA;2004;0.565400745184;0.149969089907;0.0675611100901;2.33914220314e-05;0.00157892098712;0.0163823495013;0.166914504352;0.0321698885566;0;0;0;0;0;0;0;0;0;0;0;0;0
CA;2005;0.583349315609;0.147305549422;0.0594395620158;2.73981875293e-05;0.00252546822697;0.0147547298136;0.165767092843;0.0268308838816;0;0;0;0;0;0;0;0;0;0;0;0;0
CA;2006;0.579997961961;0.159892378392;0.0664302103125;3.45151768163e-05;0.00406457296508;0.014690316685;0.157652179058;0.01723786545;0;0;0;0;0;0;0;0;0;0;0;0;0
CA;2007;0.5796747006;0.146379999527;0.0678256344757;4.09975007293e-05;0.00474151864204;0.0141772511176;0.167881611833;0.0192782863045;0;0;0;0;0;0;0;0;0;0;0;0;0
CA;2008;0.594373817119;0.150138088055;0.0623994256041;5.51092580404e-05;0.00596597082044;0.012563336283;0.158709939506;0.0157943133544;0;0;0;0;0;0;0;0;0;0;0;0;0
CA;2009;0.600586761539;0.145737426655;0.0737410364926;0.000177559710561;0.0108197394271;0.0145664122187;0.138016022728;0.0163550412297;0;0;0;0;0;0;0;0;0;0;0;0;0
CA;2010;0.578875575976;0.148313133327;0.0869470670315;0.000421737260981;0.0143720150969;0.0169650402874;0.142417048729;0.0116883822916;0;0;0;0;0;0;0;0;0;0;0;0;0
CA;2011;0.588648904403;0.145606487415;0.097970802874;0.000896155617736;0.0159631636173;0.016002331258;0.125186046293;0.00972610852257;0;0;0;0;0;0;0;0;0;0;0;0;0
CA;2012;0.597387479381;0.147989945802;0.0993543319456;0.00138402325033;0.017769224727;0.0171455502317;0.108946665619;0.0100227790433;0;0;0;0;0;0;0;0;0;0;0;0;0
CA;2013;0.597529896398;0.156661547307;0.0919563019212;0.00228617269678;0.016997594867;0.0168313554915;0.107581278091;0.0101558532274;0;0;0;0;0;0;0;0;0;0;0;0;0
CA;2014;0.58580263174;0.163159007094;0.0996214116811;0.00324679302613;0.0196293142528;0.0150011026844;0.10625130178;0.00728843774121;0;0;0;0;0;0;0;0;0;0;0;0;0
CA;2015;0.578128143497;0.152931459853;0.102836691691;0.00437915130686;0.0407903952127;0.0151069375135;0.098268457858;0.00755876306749;0;0;0;0;0;0;0;0;0;0;0;0;0
CA;2016;0.577749930298;0.150980474453;0.0986590239325;0.00450439647083;0.0463675527562;0.0170282675237;0.097458351196;0.00725200336968;0;0;0;0;0;0;0;0;0;0;0;0;0
CA;2017;0.589512134998;0.150288715087;0.0918211086958;0.0049436389306;0.047081848673;0.0166506061896;0.0938380058117;0.00586394161456;0;0;0;0;0;0;0;0;0;0;0;0;0
CA;2018;0.583617029965;0.151284537009;0.106987028346;0.0052812188545;0.0506207549481;0.0159434734147;0.0801862037988;0.00607975366411;0;0;0;0;0;0;0;0;0;0;0;0;0
CA;2019;0.582236280227;0.153263097533;0.111246675289;0.00572368902662;0.0501390888461;0.0157191747395;0.0764622629999;0.00520973133891;0;0;0;0;0;0;0;0;0;0;0;0;0
CA;2020;0.589352336781;0.148674835831;0.115243466422;0.00620844329993;0.0545281842285;0.0158641582848;0.0595168940707;0.0106116810824;0;0;0;0;0;0;0;0;0;0;0;0;0
CA;2021;0.586184327503;0.14099392401;0.128138392775;0.00783870117289;0.0571685642639;0.0161694287589;0.0533825666305;0.010124094886;0;0;0;0;0;0;0;0;0;0;0;0;0
CA;2022;0.598501207611;0.130366346393;0.136858103787;0.00863310435116;0.0594069537346;0.0143243019555;0.0398654698398;0.0120445123282;0;0;0;0;0;0;0;0;0;0;0;0;0
CA;2023;0.560683930706;0.137426432536;0.165240256925;0.0109906334067;0.0634618941126;0.0146878501594;0.0368851376238;0.0106238645317;0;0;0;0;0;0;0;0;0;0;0;0;0
CA;2024;0.539854711602;0.132270644772;0.188789325598;0.0123407990239;0.0743062385618;0.0155932920832;0.0255888724276;0.0112561159319;0;0;0;0;0;0;0;0;0;0;0;0;0
CA;2025;0.527845351736;0.128488810661;0.197033545295;0.0136871347598;0.0796522777052;0.0150822046042;0.0265381364533;0.0116725387848;0;0;0;0;0;0;0;0;0;0;0;0;0
CD;2000;1;0;0;0;0;0;0;0;0;0;0;0;0;0;0;0;0;0;0;0;0
CD;2001;0.998310810811;0;0;0;0;0;0;0.00168918918919;0;0;0;0;0;0;0;0;0;0;0;0;0
CD;2002;0.998349834983;0;0;0;0;0;0;0.0016501650165;0;0;0;0;0;0;0;0;0;0;0;0;0
CD;2003;0.998363338789;0;0;0;0;0;0;0.00163666121113;0;0;0;0;0;0;0;0;0;0;0;0;0
CD;2004;0.998575498575;0;0;0;0;0;0;0.0014245014245;0;0;0;0;0;0;0;0;0;0;0;0;0
CD;2005;0.99863574352;0;0;0;0;0;0;0.00136425648022;0;0;0;0;0;0;0;0;0;0;0;0;0
CD;2006;0.993333333333;0;0.00533333333333;0;0;0;0;0.00133333333333;0;0;0;0;0;0;0;0;0;0;0;0;0
CD;2007;0.988505747126;0;0.0102171136654;0;0;0;0;0.00127713920817;0;0;0;0;0;0;0;0;0;0;0;0;0
CD;2008;0.986684420772;0;0.0106524633822;0;0;0;0;0.00266311584554;0;0;0;0;0;0;0;0;0;0;0;0;0
CD;2009;0.98847631242;0;0.0102432778489;0;0;0;0;0.00128040973111;0;0;0;0;0;0;0;0;0;0;0;0;0
CD;2010;0.988505747126;0;0.0102171136654;0;0;0;0;0.00127713920817;0;0;0;0;0;0;0;0;0;0;0;0;0
CD;2011;0.988491048593;0;0.0102301790281;0;0;0;0;0.00127877237852;0;0;0;0;0;0;0;0;0;0;0;0;0
CD;2012;0.998670212766;0;0;0;0;0;0;0.00132978723404;0;0;0;0;0;0;0;0;0;0;0;0;0
CD;2013;0.998774509804;0;0;0;0;0;0;0.00122549019608;0;0;0;0;0;0;0;0;0;0;0;0;0
CD;2014;0.99885583524;0;0.00114416475973;0;0;0;0;0;0;0;0;0;0;0;0;0;0;0;0;0;0
CD;2015;0.998868778281;0;0;0;0;0;0;0.00113122171946;0;0;0;0;0;0;0;0;0;0;0;0;0
CD;2016;0.99889135255;0;0;0;0;0;0;0.00110864745011;0;0;0;0;0;0;0;0;0;0;0;0;0
CD;2017;0.996815286624;0;0;0.00106157112527;0;0.00106157112527;0;0.00106157112527;0;0;0;0;0;0;0;0;0;0;0;0;0
CD;2018;0.997131931166;0;0;0.000956022944551;0;0.000956022944551;0;0.000956022944551;0;0;0;0;0;0;0;0;0;0;0;0;0
CD;2019;0.997455470738;0;0;0.000848176420696;0;0.000848176420696;0;0.000848176420696;0;0;0;0;0;0;0;0;0;0;0;0;0
CD;2020;0.99679743795;0;0;0.00160128102482;0;0.00080064051241;0;0.00080064051241;0;0;0;0;0;0;0;0;0;0;0;0;0
CD;2021;0.925299506695;0;0;0.0739957716702;0;0.000704721634954;0;0;0;0;0;0;0;0;0;0;0;0;0;0;0
CD;2022;0.861528412802;0;0;0.137818419334;0;0.000653167864141;0;0;0;0;0;0;0;0;0;0;0;0;0;0;0
CD;2023;0.858605246321;0;0;0.140754958413;0;0.000639795265515;0;0;0;0;0;0;0;0;0;0;0;0;0;0;0
CD;2024;0.841708542714;0;0;0.157663316583;0;0.000628140703518;0;0;0;0;0;0;0;0;0;0;0;0;0;0;0
CF;2000;0.8;0;0;0;0;0;0;0.2;0;0;0;0;0;0;0;0;0;0;0;0;0
CF;2001;0.727272727273;0;0;0;0;0;0;0.272727272727;0;0;0;0;0;0;0;0;0;0;0;0;0
CF;2002;0.727272727273;0;0;0;0;0;0;0.272727272727;0;0;0;0;0;0;0;0;0;0;0;0;0
CF;2003;0.727272727273;0;0;0;0;0;0;0.272727272727;0;0;0;0;0;0;0;0;0;0;0;0;0
CF;2004;0.8;0;0;0;0;0;0;0.2;0;0;0;0;0;0;0;0;0;0;0;0;0
CF;2005;0.8125;0;0;0;0;0;0;0.1875;0;0;0;0;0;0;0;0;0;0;0;0;0
CF;2006;0.823529411765;0;0;0;0;0;0;0.176470588235;0;0;0;0;0;0;0;0;0;0;0;0;0
CF;2007;0.875;0;0;0;0;0;0;0.125;0;0;0;0;0;0;0;0;0;0;0;0;0
CF;2008;0.875;0;0;0;0;0;0;0.125;0;0;0;0;0;0;0;0;0;0;0;0;0
CF;2009;0.875;0;0;0;0;0;0;0.125;0;0;0;0;0;0;0;0;0;0;0;0;0
CF;2010;0.8125;0;0;0;0;0;0;0.1875;0;0;0;0;0;0;0;0;0;0;0;0;0
CF;2011;0.833333333333;0;0;0;0;0;0;0.166666666667;0;0;0;0;0;0;0;0;0;0;0;0;0
CF;2012;0.833333333333;0;0;0;0;0;0;0.166666666667;0;0;0;0;0;0;0;0;0;0;0;0;0
CF;2013;1;0;0;0;0;0;0;0;0;0;0;0;0;0;0;0;0;0;0;0;0
CF;2014;1;0;0;0;0;0;0;0;0;0;0;0;0;0;0;0;0;0;0;0;0
CF;2015;1;0;0;0;0;0;0;0;0;0;0;0;0;0;0;0;0;0;0;0;0
CF;2016;1;0;0;0;0;0;0;0;0;0;0;0;0;0;0;0;0;0;0;0;0
CF;2017;1;0;0;0;0;0;0;0;0;0;0;0;0;0;0;0;0;0;0;0;0
CF;2018;1;0;0;0;0;0;0;0;0;0;0;0;0;0;0;0;0;0;0;0;0
CF;2019;1;0;0;0;0;0;0;0;0;0;0;0;0;0;0;0;0;0;0;0;0
CF;2020;1;0;0;0;0;0;0;0;0;0;0;0;0;0;0;0;0;0;0;0;0
CF;2021;1;0;0;0;0;0;0;0;0;0;0;0;0;0;0;0;0;0;0;0;0
CF;2022;1;0;0;0;0;0;0;0;0;0;0;0;0;0;0;0;0;0;0;0;0
CF;2023;1;0;0;0;0;0;0;0;0;0;0;0;0;0;0;0;0;0;0;0;0
CG;2000;1;0;0;0;0;0;0;0;0;0;0;0;0;0;0;0;0;0;0;0;0
CG;2001;1;0;0;0;0;0;0;0;0;0;0;0;0;0;0;0;0;0;0;0;0
CG;2002;1;0;0;0;0;0;0;0;0;0;0;0;0;0;0;0;0;0;0;0;0
CG;2003;0.85;0;0.15;0;0;0;0;0;0;0;0;0;0;0;0;0;0;0;0;0;0
CG;2004;0.825;0;0.175;0;0;0;0;0;0;0;0;0;0;0;0;0;0;0;0;0;0
CG;2005;0.813953488372;0;0.186046511628;0;0;0;0;0;0;0;0;0;0;0;0;0;0;0;0;0;0
CG;2006;0.822222222222;0;0.177777777778;0;0;0;0;0;0;0;0;0;0;0;0;0;0;0;0;0;0
CG;2007;0.825;0;0.175;0;0;0;0;0;0;0;0;0;0;0;0;0;0;0;0;0;0
CG;2008;0.804347826087;0;0.195652173913;0;0;0;0;0;0;0;0;0;0;0;0;0;0;0;0;0;0
CG;2009;0.611111111111;0;0.351851851852;0;0;0;0;0.037037037037;0;0;0;0;0;0;0;0;0;0;0;0;0
CG;2010;0.530864197531;0;0.41975308642;0;0;0.037037037037;0;0.0123456790123;0;0;0;0;0;0;0;0;0;0;0;0;0
CG;2011;0.595419847328;0;0.374045801527;0;0;0.0229007633588;0;0.00763358778626;0;0;0;0;0;0;0;0;0;0;0;0;0
CG;2012;0.56976744186;0;0.412790697674;0;0;0.0174418604651;0;0;0;0;0;0;0;0;0;0;0;0;0;0;0
CG;2013;0.554913294798;0;0.42774566474;0;0;0.0173410404624;0;0;0;0;0;0;0;0;0;0;0;0;0;0;0
CG;2014;0.534090909091;0;0.448863636364;0;0;0.0170454545455;0;0;0;0;0;0;0;0;0;0;0;0;0;0;0
CG;2015;0.390681003584;0;0.512544802867;0;0;0.010752688172;0;0.0860215053763;0;0;0;0;0;0;0;0;0;0;0;0;0
CG;2016;0.377104377104;0;0.552188552189;0;0;0.010101010101;0;0.0606060606061;0;0;0;0;0;0;0;0;0;0;0;0;0
CG;2017;0.39932885906;0;0.553691275168;0;0;0.010067114094;0;0.0369127516779;0;0;0;0;0;0;0;0;0;0;0;0;0
CG;2018;0.340909090909;0;0.607142857143;0;0;0.00974025974026;0;0.0422077922078;0;0;0;0;0;0;0;0;0;0;0;0;0
CG;2019;0.269922879177;0;0.676092544987;0;0;0.00771208226221;0;0.0462724935733;0;0;0;0;0;0;0;0;0;0;0;0;0
CG;2020;0.261845386534;0;0.683291770574;0;0;0.0074812967581;0;0.0473815461347;0;0;0;0;0;0;0;0;0;0;0;0;0
CG;2021;0.255474452555;0;0.688564476886;0;0;0.00729927007299;0;0.0486618004866;0;0;0;0;0;0;0;0;0;0;0;0;0
CG;2022;0.212121212121;0;0.727272727273;0;0;0.00606060606061;0;0.0545454545455;0;0;0;0;0;0;0;0;0;0;0;0;0
CG;2023;0.227611940299;0;0.710820895522;0.00186567164179;0;0.00559701492537;0;0.0541044776119;0;0;0;0;0;0;0;0;0;0;0;0;0
CG;2024;0.201465201465;0;0.738095238095;0.0018315018315;0;0.00549450549451;0;0.0531135531136;0;0;0;0;0;0;0;0;0;0;0;0;0
CH;2000;0.55701754386;0.400030248034;0.0130066545675;0.000151240169389;0;0.00317604355717;0;0.017090139141;0.00952813067151;0;0;0;0;0;0;0;0;0;0;0;0
CH;2001;0.581421534131;0.377339901478;0.0119634060521;0.000140745953554;0;0.00281491907108;0;0.0167487684729;0.00957072484166;0;0;0;0;0;0;0;0;0;0;0;0
CH;2002;0.53768536921;0.416297202263;0.0136064821893;0.000152881822351;0;0.00321051826938;0;0.0181929368598;0.0108546093869;0;0;0;0;0;0;0;0;0;0;0;0
CH;2003;0.531986531987;0.420722375268;0.014233241506;0.000306091215182;0;0.003367003367;0;0.0183654729109;0.0110192837466;0;0;0;0;0;0;0;0;0;0;0;0
CH;2004;0.528417097229;0.422107405668;0.014717394708;0.000313136057617;0.000156568028809;0.00344449663379;0;0.0189447314858;0.0118991701894;0;0;0;0;0;0;0;0;0;0;0;0
CH;2005;0.540311418685;0.403806228374;0.0150519031142;0.000346020761246;0.000173010380623;0.0038062283737;0;0.022491349481;0.0140138408304;0;0;0;0;0;0;0;0;0;0;0;0
CH;2006;0.498309995171;0.447770803155;0.0127152744246;0.000321905681635;0.000160952840818;0.00370191533881;0;0.0223724448737;0.0146467085144;0;0;0;0;0;0;0;0;0;0;0;0
CH;2007;0.530633749812;0.42029203673;0.0111395453861;0.000451603191329;0.000301068794219;0.00436549751618;0;0.0194189372272;0.0133975613428;0;0;0;0;0;0;0;0;0;0;0;0
CH;2008;0.537589498807;0.413186157518;0.0108890214797;0.000596658711217;0.000298329355609;0.00477326968974;0;0.0190930787589;0.0135739856802;0;0;0;0;0;0;0;0;0;0;0;0
CH;2009;0.535773211339;0.415329233538;0.0106494675266;0.000749962501875;0.00029998500075;0.0053997300135;0;0.0185990700465;0.013199340033;0;0;0;0;0;0;0;0;0;0;0;0
CH;2010;0.54595003785;0.398788796366;0.0155942467827;0.00136260408781;0.000605601816805;0.00545041635125;0;0.0183194549584;0.0139288417865;0;0;0;0;0;0;0;0;0;0;0;0
CH;2011;0.515108142494;0.42477735369;0.0152671755725;0.00270356234097;0.00111323155216;0.00699745547074;0;0.0189249363868;0.0151081424936;0;0;0;0;0;0;0;0;0;0;0;0
CH;2012;0.566563921914;0.373403786878;0.0133568178482;0.00440334654337;0.00132100396301;0.00777924555996;0;0.0183472772641;0.0148246000294;0;0;0;0;0;0;0;0;0;0;0;0
CH;2013;0.559906827777;0.378366574465;0.0109186198864;0.0072790799243;0.00131023438637;0.00844373271219;0;0.0186344446062;0.0151404862425;0;0;0;0;0;0;0;0;0;0;0;0
CH;2014;0.542808219178;0.393264840183;0.00713470319635;0.0119863013699;0.00142694063927;0.00841894977169;0;0.0192636986301;0.015696347032;0;0;0;0;0;0;0;0;0;0;0;0
CH;2015;0.579082790979;0.349477826548;0.00953534130468;0.016951717875;0.00166490086272;0.00787044044196;0;0.0186166187377;0.0168003632511;0;0;0;0;0;0;0;0;0;0;0;0
CH;2016;0.566612111293;0.346153846154;0.0140752864157;0.021767594108;0.00180032733224;0.00949263502455;0;0.0209492635025;0.0191489361702;0;0;0;0;0;0;0;0;0;0;0;0
CH;2017;0.566749792186;0.338819617623;0.011970074813;0.0279301745636;0.0021612635079;0.0114713216958;0;0.0214463840399;0.0194513715711;0;0;0;0;0;0;0;0;0;0;0;0
CH;2018;0.527681399909;0.384824257052;0.00935284356615;0.0294162015387;0.001810227787;0.0101071051441;0;0.0193090963946;0.0174988686076;0;0;0;0;0;0;0;0;0;0;0;0
CH;2019;0.539039251807;0.374380048179;0.00864389967408;0.0308913135893;0.00212554910018;0.0100609324075;0;0.0182797222616;0.0165792829814;0;0;0;0;0;0;0;0;0;0;0;0
CH;2020;0.552846715328;0.350656934307;0.00905109489051;0.0379562043796;0.0021897810219;0.0118248175182;0;0.0182481751825;0.0172262773723;0;0;0;0;0;0;0;0;0;0;0;0
CH;2021;0.585829767;0.306863211285;0.00792518624188;0.0450150578539;0.00221905214773;0.0152163575844;0;0.0193374544302;0.017593913457;0;0;0;0;0;0;0;0;0;0;0;0
CH;2022;0.48444588464;0.391283214517;0.00599481529488;0.0625405055087;0.00243033052495;0.0160401814647;0;0.0196046662346;0.0176604018146;0;0;0;0;0;0;0;0;0;0;0;0
CH;2023;0.533609247895;0.347937776509;0.00385328956758;0.0659340659341;0.00242614528329;0.0148423005566;0;0.0165548736977;0.0148423005566;0;0;0;0;0;0;0;0;0;0;0;0
CH;2024;0.573427911665;0.306571578021;0.00344462447214;0.0723115981782;0.00219435336744;0.013268183152;0;0.0155135679931;0.013268183152;0;0;0;0;0;0;0;0;0;0;0;0
CH;2025;0.522583621684;0.298746635909;0.00415224913495;0.12123029604;0.00233756247597;0.0159938485198;0;0.0189619377163;0.0159938485198;0;0;0;0;0;0;0;0;0;0;0;0
CI;2000;0.364583333333;0;0.633333333333;0;0;0;0;0.00208333333333;0;0;0;0;0;0;0;0;0;0;0;0;0
CI;2001;0.364754098361;0;0.633196721311;0;0;0;0;0.00204918032787;0;0;0;0;0;0;0;0;0;0;0;0;0
CI;2002;0.323251417769;0;0.674858223062;0;0;0;0;0.00189035916824;0;0;0;0;0;0;0;0;0;0;0;0;0
CI;2003;0.356299212598;0;0.641732283465;0;0;0;0;0.00196850393701;0;0;0;0;0;0;0;0;0;0;0;0;0
CI;2004;0.314545454545;0;0.663636363636;0;0;0.02;0;0.00181818181818;0;0;0;0;0;0;0;0;0;0;0;0;0
CI;2005;0.250440917108;0;0.728395061728;0;0;0.0194003527337;0;0.00176366843034;0;0;0;0;0;0;0;0;0;0;0;0;0
CI;2006;0.265957446809;0;0.712765957447;0;0;0.0177304964539;0;0.00354609929078;0;0;0;0;0;0;0;0;0;0;0;0;0
CI;2007;0.316725978648;0;0.658362989324;0;0;0.0213523131673;0;0.00355871886121;0;0;0;0;0;0;0;0;0;0;0;0;0
CI;2008;0.32469775475;0;0.652849740933;0;0;0.020725388601;0;0.00172711571675;0;0;0;0;0;0;0;0;0;0;0;0;0
CI;2009;0.360683760684;0;0.625641025641;0;0;0.0119658119658;0;0.0017094017094;0;0;0;0;0;0;0;0;0;0;0;0;0
CI;2010;0.268907563025;0;0.704201680672;0;0;0.0117647058824;0;0.0151260504202;0;0;0;0;0;0;0;0;0;0;0;0;0
CI;2011;0.289473684211;0;0.695723684211;0;0;0.00986842105263;0;0.00493421052632;0;0;0;0;0;0;0;0;0;0;0;0;0
CI;2012;0.252857142857;0;0.675714285714;0;0;0.01;0;0.0614285714286;0;0;0;0;0;0;0;0;0;0;0;0;0
CI;2013;0.208387942333;0;0.75622542595;0;0;0.00917431192661;0;0.0262123197903;0;0;0;0;0;0;0;0;0;0;0;0;0
CI;2014;0.22853688029;0;0.701330108827;0;0;0.00846432889964;0;0.0616686819831;0;0;0;0;0;0;0;0;0;0;0;0;0
CI;2015;0.154022988506;0;0.781609195402;0;0;0.0114942528736;0;0.0528735632184;0;0;0;0;0;0;0;0;0;0;0;0;0
CI;2016;0.147605083089;0;0.828934506354;0;0;0.0166177908113;0;0.00684261974585;0;0;0;0;0;0;0;0;0;0;0;0;0
CI;2017;0.200592885375;0;0.779644268775;0.00098814229249;0;0.0108695652174;0;0.00790513833992;0;0;0;0;0;0;0;0;0;0;0;0;0
CI;2018;0.291832669323;0;0.700199203187;0.000996015936255;0;0.00597609561753;0;0.000996015936255;0;0;0;0;0;0;0;0;0;0;0;0;0
CI;2019;0.323639774859;0;0.667917448405;0.00093808630394;0;0.00656660412758;0;0.00093808630394;0;0;0;0;0;0;0;0;0;0;0;0;0
CI;2020;0.297513321492;0;0.692717584369;0.00177619893428;0;0.00621669626998;0;0.00177619893428;0;0;0;0;0;0;0;0;0;0;0;0;0
CI;2021;0.229955947137;0;0.759471365639;0.00176211453744;0;0.00704845814978;0;0.00176211453744;0;0;0;0;0;0;0;0;0;0;0;0;0
CI;2022;0.265662172879;0;0.724821570182;0.00158604282316;0;0.00634417129262;0;0.00158604282316;0;0;0;0;0;0;0;0;0;0;0;0;0
CI;2023;0.291438979964;0;0.696721311475;0.00182149362477;0;0.00819672131148;0;0.00182149362477;0;0;0;0;0;0;0;0;0;0;0;0;0
CI;2024;0.278035217794;0;0.708989805375;0.00185356811863;0;0.00926784059314;0;0.00185356811863;0;0;0;0;0;0;0;0;0;0;0;0;0
CK;2000;0;0;0;0;0;0;0;1;0;0;0;0;0;0;0;0;0;0;0;0;0
CK;2001;0;0;0;0;0;0;0;1;0;0;0;0;0;0;0;0;0;0;0;0;0
CK;2002;0;0;0;0;0;0;0;1;0;0;0;0;0;0;0;0;0;0;0;0;0
CK;2003;0;0;0;0;0;0;0;1;0;0;0;0;0;0;0;0;0;0;0;0;0
CK;2004;0;0;0;0;0;0;0;1;0;0;0;0;0;0;0;0;0;0;0;0;0
CK;2005;0;0;0;0;0;0;0;1;0;0;0;0;0;0;0;0;0;0;0;0;0
CK;2006;0;0;0;0;0;0;0;1;0;0;0;0;0;0;0;0;0;0;0;0;0
CK;2007;0;0;0;0;0;0;0;1;0;0;0;0;0;0;0;0;0;0;0;0;0
CK;2008;0;0;0;0;0;0;0;1;0;0;0;0;0;0;0;0;0;0;0;0;0
CK;2009;0;0;0;0;0;0;0;1;0;0;0;0;0;0;0;0;0;0;0;0;0
CK;2010;0;0;0;0;0;0;0;1;0;0;0;0;0;0;0;0;0;0;0;0;0
CK;2011;0;0;0;0;0;0;0;1;0;0;0;0;0;0;0;0;0;0;0;0;0
CK;2012;0;0;0;0;0;0;0;1;0;0;0;0;0;0;0;0;0;0;0;0;0
CK;2013;0;0;0;0;0;0;0;1;0;0;0;0;0;0;0;0;0;0;0;0;0
CK;2014;0;0;0;0;0;0;0;1;0;0;0;0;0;0;0;0;0;0;0;0;0
CK;2015;0;0;0;0;0;0;0;1;0;0;0;0;0;0;0;0;0;0;0;0;0
CK;2016;0;0;0;0;0;0;0;1;0;0;0;0;0;0;0;0;0;0;0;0;0
CK;2017;0;0;0;0.25;0;0;0;0.75;0;0;0;0;0;0;0;0;0;0;0;0;0
CK;2018;0;0;0;0.4;0;0;0;0.6;0;0;0;0;0;0;0;0;0;0;0;0;0
CK;2019;0;0;0;0.25;0;0;0;0.75;0;0;0;0;0;0;0;0;0;0;0;0;0
CK;2020;0;0;0;0.25;0;0;0;0.75;0;0;0;0;0;0;0;0;0;0;0;0;0
CK;2021;0;0;0;0.5;0;0;0;0.5;0;0;0;0;0;0;0;0;0;0;0;0;0
CK;2022;0;0;0;0.5;0;0;0;0.5;0;0;0;0;0;0;0;0;0;0;0;0;0
CK;2023;0;0;0;0.5;0;0;0;0.5;0;0;0;0;0;0;0;0;0;0;0;0;0
CK;2024;0;0;0;0.5;0;0;0;0.5;0;0;0;0;0;0;0;0;0;0;0;0;0
CL;2000;0.475437743191;0;0.254134241245;0;0;0.022859922179;0.205982490272;0.0415856031128;0;0;0;0;0;0;0;0;0;0;0;0;0
CL;2001;0.491257088847;0;0.315217391304;0;0.00023629489603;0.0489130434783;0.114366729679;0.0300094517958;0;0;0;0;0;0;0;0;0;0;0;0;0
CL;2002;0.507366482505;0;0.297421731123;0;0.000230202578269;0.0446593001842;0.116252302026;0.0340699815838;0;0;0;0;0;0;0;0;0;0;0;0;0
CL;2003;0.460218743298;0;0.355565086854;0;0.000214454214025;0.0388162127386;0.104653656444;0.0405318464508;0;0;0;0;0;0;0;0;0;0;0;0;0
CL;2004;0.426666666667;0;0.326274509804;0;0.000196078431373;0.0398039215686;0.15137254902;0.0556862745098;0;0;0;0;0;0;0;0;0;0;0;0;0
CL;2005;0.502106472616;0;0.260436614324;0;0.000191497510532;0.0342780543853;0.138069705094;0.0649176560705;0;0;0;0;0;0;0;0;0;0;0;0;0
CL;2006;0.52398255814;0;0.207848837209;0;0.000181686046512;0.0259811046512;0.192587209302;0.0494186046512;0;0;0;0;0;0;0;0;0;0;0;0;0
CL;2007;0.392930679478;0;0.0794440631434;0;0.000171585449554;0.0463280713795;0.227522306108;0.253603294441;0;0;0;0;0;0;0;0;0;0;0;0;0
CL;2008;0.402791792802;0;0.0368314833502;0;0.00067272115708;0.0517995290952;0.23730238816;0.270602085436;0;0;0;0;0;0;0;0;0;0;0;0;0
CL;2009;0.41477555077;0;0.0650985588869;0;0.00132516150406;0.0707304952791;0.246811330131;0.201258903429;0;0;0;0;0;0;0;0;0;0;0;0;0
CL;2010;0.359170124481;0;0.177427385892;0;0.00547717842324;0.0373443983402;0.28;0.140580912863;0;0;0;0;0;0;0;0;0;0;0;0;0
CL;2011;0.318964204113;0;0.208987052551;0;0.00517897943641;0.0711348057883;0.298857578065;0.0968773800457;0;0;0;0;0;0;0;0;0;0;0;0;0
CL;2012;0.287192755498;0;0.184706051459;0;0.00589334483254;0.0697139571654;0.364237458675;0.0882564323703;0;0;0;0;0;0;0;0;0;0;0;0;0
CL;2013;0.27018121911;0;0.153075233388;0.000137287204833;0.00755079626579;0.0790774299835;0.415156507414;0.0748215266337;0;0;0;0;0;0;0;0;0;0;0;0;0
CL;2014;0.325067692746;0;0.145503776543;0.00684053014109;0.0205215904233;0.075958386775;0.37067122702;0.0554367963517;0;0;0;0;0;0;0;0;0;0;0;0;0
CL;2015;0.31237484982;0;0.151648645041;0.0165531971699;0.028167133894;0.0748898678414;0.374182352156;0.0421839540782;0;0;0;0;0;0;0;0;0;0;0;0;0
CL;2016;0.289356843841;0;0.150323480908;0.032855511861;0.0310795382469;0.0756057338577;0.383864011163;0.0369148801218;0;0;0;0;0;0;0;0;0;0;0;0;0
CL;2017;0.264664892943;0;0.169137210186;0.0486507031547;0.0445964778918;0.076776890916;0.371215000633;0.0241986570379;0.000760167236792;0;0;0;0;0;0;0;0;0;0;0;0
CL;2018;0.280088062622;0;0.159980430528;0.0626223091977;0.0437866927593;0.0695939334638;0.365582191781;0.0157778864971;0.00256849315068;0;0;0;0;0;0;0;0;0;0;0;0
CL;2019;0.262324362944;0;0.188973565135;0.0750178613956;0.0582281495594;0.0641819480829;0.33496070493;0.0139318885449;0.00238151940938;0;0;0;0;0;0;0;0;0;0;0;0
CL;2020;0.262383345298;0;0.182938502034;0.0900933237617;0.0664034458004;0.0626944245035;0.31191672649;0.020698731754;0.00287150035894;0;0;0;0;0;0;0;0;0;0;0;0
CL;2021;0.215209988649;0;0.180476730988;0.119863791146;0.0864926220204;0.0636776390465;0.295913734393;0.0347332576617;0.00363223609535;0;0;0;0;0;0;0;0;0;0;0;0
CL;2022;0.227152899824;0;0.176735500879;0.172561511424;0.097539543058;0.0509666080844;0.236379613357;0.033611599297;0.00505272407733;0;0;0;0;0;0;0;0;0;0;0;0
CL;2023;0.261122940715;0;0.187829205424;0.201053457357;0.106018155329;0.0582763644514;0.162501400874;0.0182673988569;0.00493107699204;0;0;0;0;0;0;0;0;0;0;0;0
CL;2024;0.293387497179;0;0.142969984202;0.227826675694;0.117693522907;0.0564206725344;0.153012863913;0.0036109230422;0.0050778605281;0;0;0;0;0;0;0;0;0;0;0;0
CL;2025;0.222372881356;0;0.152994350282;0.250621468927;0.130847457627;0.0568361581921;0.177627118644;0.00564971751412;0.00305084745763;0;0;0;0;0;0;0;0;0;0;0;0
CM;2000;0.988405797101;0;0;0;0;0;0;0.0115942028986;0;0;0;0;0;0;0;0;0;0;0;0;0
CM;2001;0.980056980057;0;0;0;0;0;0;0.019943019943;0;0;0;0;0;0;0;0;0;0;0;0;0
CM;2002;0.963302752294;0;0;0;0;0;0;0.0366972477064;0;0;0;0;0;0;0;0;0;0;0;0;0
CM;2003;0.956164383562;0;0;0;0;0;0;0.0438356164384;0;0;0;0;0;0;0;0;0;0;0;0;0
CM;2004;0.953316953317;0;0;0;0;0;0;0.046683046683;0;0;0;0;0;0;0;0;0;0;0;0;0
CM;2005;0.941919191919;0;0;0;0;0;0;0.0580808080808;0;0;0;0;0;0;0;0;0;0;0;0;0
CM;2006;0.760869565217;0;0;0;0;0.126482213439;0;0.112648221344;0;0;0;0;0;0;0;0;0;0;0;0;0
CM;2007;0.731285988484;0;0.0921305182342;0;0;0.0153550863724;0;0.16122840691;0;0;0;0;0;0;0;0;0;0;0;0;0
CM;2008;0.742907801418;0;0.0886524822695;0;0;0.0141843971631;0;0.154255319149;0;0;0;0;0;0;0;0;0;0;0;0;0
CM;2009;0.693379790941;0;0.0714285714286;0;0;0.0121951219512;0;0.222996515679;0;0;0;0;0;0;0;0;0;0;0;0;0
CM;2010;0.720136518771;0;0.0716723549488;0;0;0.0102389078498;0;0.19795221843;0;0;0;0;0;0;0;0;0;0;0;0;0
CM;2011;0.739795918367;0;0.062925170068;0;0;0.0102040816327;0;0.187074829932;0;0;0;0;0;0;0;0;0;0;0;0;0
CM;2012;0.77532228361;0;0.0534069981584;0;0;0.0110497237569;0;0.160220994475;0;0;0;0;0;0;0;0;0;0;0;0;0
CM;2013;0.682965299685;0;0.145110410095;0;0;0.0110410094637;0;0.160883280757;0;0;0;0;0;0;0;0;0;0;0;0;0
CM;2014;0.628447024673;0;0.194484760522;0.00145137880987;0;0.0101596516691;0;0.165457184325;0;0;0;0;0;0;0;0;0;0;0;0;0
CM;2015;0.542713567839;0;0.187185929648;0.00125628140704;0;0.00502512562814;0;0.263819095477;0;0;0;0;0;0;0;0;0;0;0;0;0
CM;2016;0.60900140647;0;0.223628691983;0.0014064697609;0;0.0056258790436;0;0.160337552743;0;0;0;0;0;0;0;0;0;0;0;0;0
CM;2017;0.626086956522;0;0.219875776398;0.00248447204969;0;0.00496894409938;0;0.146583850932;0;0;0;0;0;0;0;0;0;0;0;0;0
CM;2018;0.581967213115;0;0.269320843091;0.00234192037471;0;0.00468384074941;0;0.14168618267;0;0;0;0;0;0;0;0;0;0;0;0;0
CM;2019;0.607487922705;0;0.262077294686;0.0024154589372;0;0.0048309178744;0;0.123188405797;0;0;0;0;0;0;0;0;0;0;0;0;0
CM;2020;0.594318181818;0;0.304545454545;0.00227272727273;0;0.00454545454545;0;0.0943181818182;0;0;0;0;0;0;0;0;0;0;0;0;0
CM;2021;0.621878715815;0;0.272294887039;0.00237812128419;0;0.00475624256837;0;0.0986920332937;0;0;0;0;0;0;0;0;0;0;0;0;0
CM;2022;0.641717791411;0;0.244171779141;0.00245398773006;0;0.00490797546012;0;0.106748466258;0;0;0;0;0;0;0;0;0;0;0;0;0
CM;2023;0.724376731302;0;0.220221606648;0.00277008310249;0;0.00554016620499;0;0.0470914127424;0;0;0;0;0;0;0;0;0;0;0;0;0
CM;2024;0.720385674931;0;0.220385674931;0.00550964187328;0;0.00550964187328;0;0.0482093663912;0;0;0;0;0;0;0;0;0;0;0;0;0
CN;1985;0.224957997516;0;0.00236674864253;0;0;0;0.634651440259;0.138023813582;0;0;0;0;0;0;0;0;0;0;0;0;0
CN;1986;0.210328565391;0;0.00376615576269;0;0;0;0.666496118168;0.119409160679;0;0;0;0;0;0;0;0;0;0;0;0;0
CN;1987;0.201147472082;0;0.00550408533042;0;0;0;0.683459791219;0.109888651368;0;0;0;0;0;0;0;0;0;0;0;0;0
CN;1988;0.200231103611;0;0.00376552154216;0;0;0;0.685337759762;0.110665615084;0;0;0;0;0;0;0;0;0;0;0;0;0
CN;1989;0.202474307895;0;0.00634223081001;0;0;0;0.692635214856;0.098548246439;0;0;0;0;0;0;0;0;0;0;0;0;0
CN;1990;0.20403090792;0;0.0044607211848;3.2195750161e-06;3.2195750161e-06;0.000103026400515;0.710320347714;0.0810785576304;0;0;0;0;0;0;0;0;0;0;0;0;0
CN;1991;0.184029222936;0;0.00358497527858;2.95181167442e-06;1.32831525349e-05;9.44579735813e-05;0.735641650063;0.0766334587853;0;0;0;0;0;0;0;0;0;0;0;0;0
CN;1992;0.173337400854;0;0.00327214367191;3.97909647983e-06;0.000173753879619;0.00014987930074;0.7524869353;0.0705759078972;0;0;0;0;0;0;0;0;0;0;0;0;0
CN;1993;0.187097163712;0.0019763698128;0.00384923896209;4.92860302444e-06;0.000261215960295;0.000144161638465;0.726017725721;0.0806491955904;0;0;0;0;0;0;0;0;0;0;0;0;0
CN;1994;0.180459045371;0.0159043754278;0.00339945785438;5.3891215193e-06;0.000413884532682;0.000495799179776;0.747371994891;0.0519500536218;0;0;0;0;0;0;0;0;0;0;0;0;0
CN;1995;0.189249575484;0.012743413801;0.00297806420861;6.95113353128e-06;0.000611699750752;0.00299295949475;0.736706950141;0.0547103859865;0;0;0;0;0;0;0;0;0;0;0;0;0
CN;1996;0.173835440346;0.0132598422284;0.00261534620044;8.32323755445e-06;8.69315922353e-05;0.00141772479677;0.762208802286;0.046567589313;0;0;0;0;0;0;0;0;0;0;0;0;0
CN;1997;0.172586275525;0.0126969533652;0.00711286533022;9.68695290732e-06;0.000174365152332;0.00239708052852;0.763531792579;0.0414909805662;0;0;0;0;0;0;0;0;0;0;0;0;0
CN;1998;0.170428449015;0.0120822622108;0.00522022279349;1.19965724079e-05;0.000305055698372;0.00212510711225;0.764073693231;0.0457532133676;0;0;0;0;0;0;0;0;0;0;0;0;0
CN;1999;0.158621802631;0.0120624546115;0.00388364399258;1.37174211248e-05;0.000382473977245;0.00203340595497;0.782444928589;0.0405575728234;0;0;0;0;0;0;0;0;0;0;0;0;0
CN;2000;0.164068055674;0.0123465988392;0.00425864343064;1.62290239865e-05;0.000435232916002;0.00187150153881;0.782134942859;0.0348687957179;0;0;0;0;0;0;0;0;0;0;0;0;0
CN;2001;0.187351431659;0.0117990275527;0.00333198271205;2.09346299298e-05;0.000485548352242;0.00172474338196;0.762522285251;0.0327640464614;0;0;0;0;0;0;0;0;0;0;0;0;0
CN;2002;0.174105725834;0.0151917025142;0.00253567876566;2.9020643956e-05;0.000506047478983;0.00153930332317;0.775435838681;0.030656682759;0;0;0;0;0;0;0;0;0;0;0;0;0
CN;2003;0.14847893879;0.022685329121;0.00269814202433;3.34977865291e-05;0.000521832705773;0.00132734979121;0.795555681172;0.0286992286088;0;0;0;0;0;0;0;0;0;0;0;0;0
CN;2004;0.160460398219;0.0229059914402;0.00338581497837;3.44935574204e-05;0.00058003639978;0.00114736464683;0.781742469285;0.0297434314736;0;0;0;0;0;0;0;0;0;0;0;0;0
CN;2005;0.15879028581;0.0212329917689;0.00485629494533;3.35965059634e-05;0.000778319054818;0.00212857862782;0.791976834409;0.0202030988777;0;0;0;0;0;0;0;0;0;0;0;0;0
CN;2006;0.152068271705;0.0191375588594;0.00831168087947;3.31504128448e-05;0.00129530876295;0.00248907257707;0.803433754658;0.0132312021456;0;0;0;0;0;0;0;0;0;0;0;0;0
CN;2007;0.14787632563;0.0189331088055;0.0103326077622;3.47396491844e-05;0.0016696362972;0.00300558912198;0.809586802346;0.0085611903876;0;0;0;0;0;0;0;0;0;0;0;0;0
CN;2008;0.182209304987;0.0195648442685;0.00988797857977;4.34812458521e-05;0.00374739684647;0.00425258026867;0.774913895691;0.00538051811337;0;0;0;0;0;0;0;0;0;0;0;0;0
CN;2009;0.165734053006;0.018857765873;0.0152259297646;7.51080182521e-05;0.00743407858075;0.00561533388072;0.783793897137;0.00326383373938;0;0;0;0;0;0;0;0;0;0;0;0;0
CN;2010;0.169523340638;0.0178110996833;0.0185224284215;0.000167049060474;0.0117720735912;0.0042572488807;0.772980088515;0.00496667121027;0;0;0;0;0;0;0;0;0;0;0;0;0
CN;2011;0.146326550577;0.0185448265889;0.0231314811192;0.000555068777488;0.0157588491999;0.00432124233325;0.787366549556;0.00399543184776;0;0;0;0;0;0;0;0;0;0;0;0;0
CN;2012;0.17331305843;0.0197495500418;0.0221467827987;0.000722142765315;0.0207000867777;0.00466389728097;0.75521710484;0.00348737706499;0;0;0;0;0;0;0;0;0;0;0;0;0
CN;2013;0.167795526803;0.0205685160641;0.0214700177367;0.00154474626703;0.0255054690548;0.00512031551636;0.754516501244;0.0034789073143;0;0;0;0;0;0;0;0;0;0;0;0;0
CN;2014;0.183297504976;0.0230430417687;0.0230542849769;0.00406692787811;0.0276345950404;0.00573265242158;0.729602744588;0.00356824834967;0;0;0;0;0;0;0;0;0;0;0;0;0
CN;2015;0.192196927029;0.0295539539265;0.0287829347291;0.00680845648199;0.0320049706682;0.00672085242199;0.699942643484;0.00398926125979;0;0;0;0;0;0;0;0;0;0;0;0;0
CN;2016;0.188986623086;0.034933589015;0.0308535408895;0.0109019777369;0.0394698526591;0.00771502392755;0.682603620654;0.00453577203251;0;0;0;0;0;0;0;0;0;0;0;0;0
CN;2017;0.177286607147;0.0377530929461;0.0309207113529;0.0179254911288;0.0463506332583;0.00867742896111;0.676116200398;0.00496983480701;0;0;0;0;0;0;0;0;0;0;0;0;0
CN;2018;0.168070611451;0.0413557160749;0.0302107010649;0.0247994107581;0.0512810879329;0.00917311839202;0.669580445559;0.00552890876705;0;0;0;0;0;0;0;0;0;0;0;0;0
CN;2019;0.170318307045;0.0466705070235;0.03111813273;0.0299804805657;0.0542459320235;0.0103777968844;0.651150072649;0.00613877107869;0;0;0;0;0;0;0;0;0;0;0;0;0
CN;2020;0.170640857472;0.0472786990224;0.0325993214177;0.0337096349392;0.0602280532331;0.0116866953455;0.636619818322;0.0072369202485;0;0;0;0;0;0;0;0;0;0;0;0;0
CN;2021;0.153086524961;0.0479646001241;0.0337929734862;0.0384893846395;0.0771906374513;0.0121335725247;0.628665481225;0.00867682558859;0;0;0;0;0;0;0;0;0;0;0;0;0
CN;2022;0.148163433619;0.047472750439;0.0313194249772;0.0485511084304;0.086662938813;0.0123857767194;0.61613875797;0.00930580903155;0;0;0;0;0;0;0;0;0;0;0;0;0
CN;2023;0.131041562132;0.0462333221522;0.0316716123871;0.0621254948822;0.0942140069354;0.0126266359324;0.61272764902;0.00935971655928;0;0;0;0;0;0;0;0;0;0;0;0;0
CN;2024;0.136040789194;0.0449725326902;0.0319918946698;0.0836946963035;0.0994552822302;0.0123873217857;0.582179286041;0.00927819708473;0;0;0;0;0;0;0;0;0;0;0;0;0
CN;2025;0.132513939999;0.0461871319869;0.0321357657814;0.111676093259;0.107362261012;0.0130064136367;0.547882871649;0.00923552267618;0;0;0;0;0;0;0;0;0;0;0;0;0
CO;2000;0.741649147395;0;0.192711983181;0.000233590282644;0;0.0116795141322;0.04858677879;0.00513898621817;0;0;0;0;0;0;0;0;0;0;0;0;0
CO;2001;0.729717199815;0;0.20143718127;0.000231803430691;0;0.0115901715345;0.051692165044;0.00533147890589;0;0;0;0;0;0;0;0;0;0;0;0;0
CO;2002;0.752180720197;0;0.182956832923;0.000223663609931;0;0.0109595168866;0.048535003355;0.00514426302841;0;0;0;0;0;0;0;0;0;0;0;0;0
CO;2003;0.775108225108;0;0.147835497835;0.00021645021645;0;0.0108225108225;0.0608225108225;0.00519480519481;0;0;0;0;0;0;0;0;0;0;0;0;0
CO;2004;0.804378674235;0;0.142104196229;0.000202716399757;0.00101358199878;0.00952767078857;0.0377052503548;0.00506790999392;0;0;0;0;0;0;0;0;0;0;0;0;0
CO;2005;0.788946736083;0;0.148177813376;0.000200240288346;0.00100120144173;0.0100120144173;0.0466559871846;0.00500600720865;0;0;0;0;0;0;0;0;0;0;0;0;0
CO;2006;0.793213348331;0;0.138357705287;0.000187476565429;0.00112485939258;0.00993625796775;0.0532433445819;0.00393700787402;0;0;0;0;0;0;0;0;0;0;0;0;0
CO;2007;0.803066252966;0;0.119912392772;0.000182515057492;0.000912575287461;0.00967329804709;0.0618726044899;0.00438036137981;0;0;0;0;0;0;0;0;0;0;0;0;0
CO;2008;0.828046142754;0;0.103821196828;0.000180245133381;0.000901225666907;0.0097332372026;0.0526315789474;0.00468637346792;0;0;0;0;0;0;0;0;0;0;0;0;0
CO;2009;0.716123348018;0;0.192775330396;0.000176211453744;0.00105726872247;0.0095154185022;0.0734801762115;0.00687224669604;0;0;0;0;0;0;0;0;0;0;0;0;0
CO;2010;0.664120869998;0;0.198738170347;0.0001660302175;0.000664120869998;0.0401793126349;0.0670762078698;0.0290552880624;0;0;0;0;0;0;0;0;0;0;0;0;0
CO;2011;0.784278768233;0;0.123824959481;0.000162074554295;0.00064829821718;0.032414910859;0.0364667747164;0.0222042139384;0;0;0;0;0;0;0;0;0;0;0;0;0
CO;2012;0.747066286077;0;0.142562638757;0.000158579130986;0.000792895654932;0.0309229305423;0.0532825880114;0.0252140818268;0;0;0;0;0;0;0;0;0;0;0;0;0
CO;2013;0.676914705482;0;0.208951163107;0.000136035913481;0.000816215480887;0.0142837709155;0.0821656917426;0.0167324173582;0;0;0;0;0;0;0;0;0;0;0;0;0
CO;2014;0.670593244394;0;0.202100482543;0.000141924496168;0.000993471473176;0.0191598069827;0.0774907749077;0.029520295203;0;0;0;0;0;0;0;0;0;0;0;0;0
CO;2015;0.614851866102;0;0.230216750032;0.000128254456842;0.000897781197897;0.0175708605874;0.0905476465307;0.0457868410927;0;0;0;0;0;0;0;0;0;0;0;0;0
CO;2016;0.636208481029;0;0.208743599842;0.00013128528292;0.000656426414599;0.0191676513063;0.0811343048444;0.05395825128;0;0;0;0;0;0;0;0;0;0;0;0;0
CO;2017;0.772779406142;0;0.140308398114;0.000127437237161;0;0.0180960876768;0.0401427297056;0.028545941124;0;0;0;0;0;0;0;0;0;0;0;0;0
CO;2018;0.744022503516;0;0.148574351106;0.000255721774709;0.000511443549418;0.0185398286664;0.0577931210843;0.030303030303;0;0;0;0;0;0;0;0;0;0;0;0;0
CO;2019;0.67250571211;0;0.167047473978;0.0016501650165;0.000761614623001;0.0199289159685;0.103198781417;0.0349073368875;0;0;0;0;0;0;0;0;0;0;0;0;0
CO;2020;0.623022508039;0;0.19536977492;0.00244372990354;0.000128617363344;0.027652733119;0.11729903537;0.0340836012862;0;0;0;0;0;0;0;0;0;0;0;0;0
CO;2021;0.719535324798;0;0.1631104789;0.00391180654339;0.000711237553343;0.0265528686581;0.0526315789474;0.0335467045993;0;0;0;0;0;0;0;0;0;0;0;0;0
CO;2022;0.708785903934;0;0.162804730871;0.00760318609703;0.000844798455226;0.0263094376056;0.0604634322954;0.033188510741;0;0;0;0;0;0;0;0;0;0;0;0;0
CO;2023;0.642721669037;0;0.19191559981;0.015884305358;0.00260787102892;0;0.109056424846;0.0378141299194;0;0;0;0;0;0;0;0;0;0;0;0;0
CO;2024;0.548350908683;0;0.222010320844;0.0384787973974;0.00168274624187;0.0249046443796;0.125757235809;0.0388153466457;0;0;0;0;0;0;0;0;0;0;0;0;0
CO;2025;0.686964167949;0;0.136623433722;0.050560562761;0.00164871400308;0.0253901956474;0.0607825895801;0.0380303363377;0;0;0;0;0;0;0;0;0;0;0;0;0
CR;2000;0.819241982507;0;0;0;0.0262390670554;0.00291545189504;0;0.00874635568513;0.142857142857;0;0;0;0;0;0;0;0;0;0;0;0
CR;2001;0.811594202899;0;0;0;0.0275362318841;0.00289855072464;0;0.0144927536232;0.14347826087;0;0;0;0;0;0;0;0;0;0;0;0
CR;2002;0.791105121294;0;0;0;0.0350404312668;0.00673854447439;0;0.0161725067385;0.150943396226;0;0;0;0;0;0;0;0;0;0;0;0
CR;2003;0.802739726027;0;0;0;0.0424657534247;0.00684931506849;0;0.0219178082192;0.12602739726;0;0;0;0;0;0;0;0;0;0;0;0
CR;2004;0.804511278195;0;0;0;0.0325814536341;0.00250626566416;0;0.00877192982456;0.151629072682;0;0;0;0;0;0;0;0;0;0;0;0
CR;2005;0.793650793651;0;0;0;0.02442002442;0.00854700854701;0;0.032967032967;0.140415140415;0;0;0;0;0;0;0;0;0;0;0;0
CR;2006;0.757540603248;0;0;0;0.0313225058005;0.00812064965197;0;0.0614849187935;0.141531322506;0;0;0;0;0;0;0;0;0;0;0;0
CR;2007;0.746102449889;0;0;0;0.0267260579065;0.00890868596882;0;0.0801781737194;0.138084632517;0;0;0;0;0;0;0;0;0;0;0;0
CR;2008;0.777659574468;0;0;0;0.0212765957447;0.00851063829787;0;0.0723404255319;0.120212765957;0;0;0;0;0;0;0;0;0;0;0;0
CR;2009;0.77380952381;0;0;0;0.0357142857143;0.012987012987;0;0.0487012987013;0.128787878788;0;0;0;0;0;0;0;0;0;0;0;0
CR;2010;0.756046267087;0;0;0;0.0378548895899;0.0147213459516;0;0.0672975814932;0.124079915878;0;0;0;0;0;0;0;0;0;0;0;0
CR;2011;0.724102564103;0;0;0;0.0420512820513;0.014358974359;0;0.0882051282051;0.131282051282;0;0;0;0;0;0;0;0;0;0;0;0
CR;2012;0.708209693373;0;0;0.000989119683482;0.0524233432245;0.0178041543027;0;0.082096933729;0.138476755687;0;0;0;0;0;0;0;0;0;0;0;0
CR;2013;0.665358194308;0;0;0.00196270853778;0.0480863591757;0.01766437684;0;0.117762512267;0.149165848871;0;0;0;0;0;0;0;0;0;0;0;0
CR;2014;0.653883972468;0;0;0.00196656833825;0.0727630285152;0.0176991150442;0;0.102261553589;0.151425762045;0;0;0;0;0;0;0;0;0;0;0;0
CR;2015;0.741875580316;0;0;0.00278551532033;0.100278551532;0.016713091922;0;0.0102135561746;0.128133704735;0;0;0;0;0;0;0;0;0;0;0;0
CR;2016;0.732044198895;0;0;0.00276243093923;0.105893186004;0.0184162062615;0;0.0174953959484;0.123388581952;0;0;0;0;0;0;0;0;0;0;0;0
CR;2017;0.761524822695;0;0;0.00354609929078;0.114361702128;0.0177304964539;0;0.00354609929078;0.0992907801418;0;0;0;0;0;0;0;0;0;0;0;0
CR;2018;0.722027972028;0;0;0.00524475524476;0.157342657343;0.0166083916084;0;0.013986013986;0.0847902097902;0;0;0;0;0;0;0;0;0;0;0;0
CR;2019;0.678633975482;0;0;0.0061295971979;0.15761821366;0.0166374781086;0;0.00875656742557;0.132224168126;0;0;0;0;0;0;0;0;0;0;0;0
CR;2020;0.707337883959;0;0;0.00597269624573;0.12457337884;0.0162116040956;0;0.00170648464164;0.144197952218;0;0;0;0;0;0;0;0;0;0;0;0
CR;2021;0.729772191673;0;0;0.00628436763551;0.123330714847;0.0149253731343;0;0;0.12568735271;0;0;0;0;0;0;0;0;0;0;0;0
CR;2022;0.759646302251;0;0;0.0064308681672;0.110128617363;0.0048231511254;0;0;0.118971061093;0;0;0;0;0;0;0;0;0;0;0;0
CR;2023;0.72866894198;0;0;0.00767918088737;0.127133105802;0.00511945392491;0;0.000853242320819;0.130546075085;0;0;0;0;0;0;0;0;0;0;0;0
CR;2024;0.727272727273;0;0;0.00818181818182;0.112727272727;0.00545454545455;0;0.000909090909091;0.145454545455;0;0;0;0;0;0;0;0;0;0;0;0
CU;2000;0.0059880239521;0;0.0871590153027;0;0;0.0625415834997;0;0.844311377246;0;0;0;0;0;0;0;0;0;0;0;0;0
CU;2001;0.00457516339869;0;0.0823529411765;0;0;0.0607843137255;0;0.852287581699;0;0;0;0;0;0;0;0;0;0;0;0;0
CU;2002;0.006373486297;0;0.0777565328235;0;0;0.0599107711918;0;0.855959209688;0;0;0;0;0;0;0;0;0;0;0;0;0
CU;2003;0.00822264389627;0;0.1018342821;0;0;0.0455407969639;0;0.84440227704;0;0;0;0;0;0;0;0;0;0;0;0;0
CU;2004;0.00575447570332;0;0.119565217391;0;0;0.0505115089514;0;0.824168797954;0;0;0;0;0;0;0;0;0;0;0;0;0
CU;2005;0.00456026058632;0;0.126384364821;0;0;0.0273615635179;0;0.841693811075;0;0;0;0;0;0;0;0;0;0;0;0;0
CU;2006;0.00546448087432;0;0.135397692775;0;0;0.0248937462052;0;0.834244080146;0;0;0;0;0;0;0;0;0;0;0;0;0
CU;2007;0.00681431005111;0;0.14139693356;0;0;0.023282226008;0;0.82850653038;0;0;0;0;0;0;0;0;0;0;0;0;0
CU;2008;0.0079185520362;0;0.143665158371;0;0.000565610859729;0.0311085972851;0;0.816742081448;0;0;0;0;0;0;0;0;0;0;0;0;0
CU;2009;0.00846023688663;0;0.134235758601;0;0;0.0304568527919;0;0.82684715172;0;0;0;0;0;0;0;0;0;0;0;0;0
CU;2010;0.00574712643678;0;0.130459770115;0;0.000574712643678;0.0264367816092;0;0.836781609195;0;0;0;0;0;0;0;0;0;0;0;0;0
CU;2011;0.0056338028169;0;0.115492957746;0;0.00112676056338;0.0253521126761;0;0.852394366197;0;0;0;0;0;0;0;0;0;0;0;0;0
CU;2012;0.00596852957135;0;0.113402061856;0.000542593597396;0.00108518719479;0.0298426478568;0;0.849158979924;0;0;0;0;0;0;0;0;0;0;0;0;0
CU;2013;0.00675324675325;0;0.103376623377;0.00571428571429;0.00103896103896;0.0353246753247;0;0.847792207792;0;0;0;0;0;0;0;0;0;0;0;0;0
CU;2014;0.00514668039115;0;0.143592382913;0.00463201235203;0.00102933607823;0.0329387545033;0;0.812660833762;0;0;0;0;0;0;0;0;0;0;0;0;0
CU;2015;0.00245218244237;0;0.1446787641;0.00637567435017;0.000980872976949;0.0343305541932;0;0.811181951937;0;0;0;0;0;0;0;0;0;0;0;0;0
CU;2016;0.0029197080292;0;0.142092457421;0.00681265206813;0.000973236009732;0.0335766423358;0;0.813625304136;0;0;0;0;0;0;0;0;0;0;0;0;0
CU;2017;0.00388915896937;0;0.136120563928;0.00388915896937;0.000972289742343;0.0301409820126;0;0.824987846378;0;0;0;0;0;0;0;0;0;0;0;0;0
CU;2018;0.00673076923077;0;0.126923076923;0.00576923076923;0.000961538461538;0.0211538461538;0;0.838461538462;0;0;0;0;0;0;0;0;0;0;0;0;0
CU;2019;0.00676328502415;0;0.118357487923;0.0101449275362;0.000966183574879;0.0251207729469;0;0.838647342995;0;0;0;0;0;0;0;0;0;0;0;0;0
CU;2020;0.00578034682081;0;0.105622700998;0.0115606936416;0.00105097214924;0.028901734104;0;0.847083552286;0;0;0;0;0;0;0;0;0;0;0;0;0
CU;2021;0.00673022994952;0;0.0886146943354;0.0123387549075;0.00112170499159;0.0241166573191;0;0.867077958497;0;0;0;0;0;0;0;0;0;0;0;0;0
CU;2022;0.00766773162939;0;0.124600638978;0.0134185303514;0.0038338658147;0.0178913738019;0;0.832587859425;0;0;0;0;0;0;0;0;0;0;0;0;0
CU;2023;0.00607902735562;0;0.126646403242;0.0106382978723;0.00303951367781;0.016717325228;0;0.836879432624;0;0;0;0;0;0;0;0;0;0;0;0;0
CU;2024;0.00617601646938;0;0.136387030365;0.0123520329388;0.0036026762738;0.018013381369;0;0.823468862584;0;0;0;0;0;0;0;0;0;0;0;0;0
CV;2000;0;0;0;0;0.0666666666667;0;0;0.933333333333;0;0;0;0;0;0;0;0;0;0;0;0;0
CV;2001;0;0;0;0;0.0588235294118;0;0;0.941176470588;0;0;0;0;0;0;0;0;0;0;0;0;0
CV;2002;0;0;0;0;0.0526315789474;0;0;0.947368421053;0;0;0;0;0;0;0;0;0;0;0;0;0
CV;2003;0;0;0;0;0;0;0;1;0;0;0;0;0;0;0;0;0;0;0;0;0
CV;2004;0;0;0;0;0.0454545454545;0;0;0.954545454545;0;0;0;0;0;0;0;0;0;0;0;0;0
CV;2005;0;0;0;0;0.0416666666667;0;0;0.958333333333;0;0;0;0;0;0;0;0;0;0;0;0;0
CV;2006;0;0;0;0;0.04;0;0;0.96;0;0;0;0;0;0;0;0;0;0;0;0;0
CV;2007;0;0;0;0;0.037037037037;0;0;0.962962962963;0;0;0;0;0;0;0;0;0;0;0;0;0
CV;2008;0;0;0;0;0.0344827586207;0;0;0.965517241379;0;0;0;0;0;0;0;0;0;0;0;0;0
CV;2009;0;0;0;0;0.0322580645161;0;0;0.967741935484;0;0;0;0;0;0;0;0;0;0;0;0;0
CV;2010;0;0;0;0;0;0;0;1;0;0;0;0;0;0;0;0;0;0;0;0;0
CV;2011;0;0;0;0.027027027027;0.0540540540541;0;0;0.918918918919;0;0;0;0;0;0;0;0;0;0;0;0;0
CV;2012;0;0;0;0.0263157894737;0.157894736842;0;0;0.815789473684;0;0;0;0;0;0;0;0;0;0;0;0;0
CV;2013;0;0;0;0.0243902439024;0.19512195122;0;0;0.780487804878;0;0;0;0;0;0;0;0;0;0;0;0;0
CV;2014;0;0;0;0.0232558139535;0.186046511628;0;0;0.790697674419;0;0;0;0;0;0;0;0;0;0;0;0;0
CV;2015;0;0;0;0.0232558139535;0.186046511628;0;0;0.790697674419;0;0;0;0;0;0;0;0;0;0;0;0;0
CV;2016;0;0;0;0.0222222222222;0.177777777778;0;0;0.8;0;0;0;0;0;0;0;0;0;0;0;0;0
CV;2017;0;0;0;0.0232558139535;0.162790697674;0;0;0.813953488372;0;0;0;0;0;0;0;0;0;0;0;0;0
CV;2018;0;0;0;0.0232558139535;0.186046511628;0;0;0.790697674419;0;0;0;0;0;0;0;0;0;0;0;0;0
CV;2019;0;0;0;0.0227272727273;0.159090909091;0;0;0.818181818182;0;0;0;0;0;0;0;0;0;0;0;0;0
CV;2020;0;0;0;0.0238095238095;0.142857142857;0;0;0.833333333333;0;0;0;0;0;0;0;0;0;0;0;0;0
CV;2021;0;0;0;0.0232558139535;0.162790697674;0;0;0.813953488372;0;0;0;0;0;0;0;0;0;0;0;0;0
CV;2022;0;0;0;0.14;0.14;0;0;0.72;0;0;0;0;0;0;0;0;0;0;0;0;0
CV;2023;0;0;0;0.14;0.14;0;0;0.72;0;0;0;0;0;0;0;0;0;0;0;0;0
CV;2024;0;0;0;0.153846153846;0.153846153846;0;0;0.692307692308;0;0;0;0;0;0;0;0;0;0;0;0;0
CY;1990;0;0;0;0;0;0;0;1;0;0;0;0;0;0;0;0;0;0;0;0;0
CY;1991;0;0;0;0;0;0;0;1;0;0;0;0;0;0;0;0;0;0;0;0;0
CY;1992;0;0;0;0;0;0;0;1;0;0;0;0;0;0;0;0;0;0;0;0;0
CY;1993;0;0;0;0;0;0;0;1;0;0;0;0;0;0;0;0;0;0;0;0;0
CY;1994;0;0;0;0;0;0;0;1;0;0;0;0;0;0;0;0;0;0;0;0;0
CY;1995;0;0;0;0;0;0;0;1;0;0;0;0;0;0;0;0;0;0;0;0;0
CY;1996;0;0;0;0;0;0;0;1;0;0;0;0;0;0;0;0;0;0;0;0;0
CY;1997;0;0;0;0;0;0;0;1;0;0;0;0;0;0;0;0;0;0;0;0;0
CY;1998;0;0;0;0;0;0;0;1;0;0;0;0;0;0;0;0;0;0;0;0;0
CY;1999;0;0;0;0;0;0;0;1;0;0;0;0;0;0;0;0;0;0;0;0;0
CY;2000;0;0;0;0;0;0;0;1;0;0;0;0;0;0;0;0;0;0;0;0;0
CY;2001;0;0;0;0;0;0;0;1;0;0;0;0;0;0;0;0;0;0;0;0;0
CY;2002;0;0;0;0;0;0;0;1;0;0;0;0;0;0;0;0;0;0;0;0;0
CY;2003;0;0;0;0;0;0;0;1;0;0;0;0;0;0;0;0;0;0;0;0;0
CY;2004;0;0;0;0;0;0;0;1;0;0;0;0;0;0;0;0;0;0;0;0;0
CY;2005;0;0;0;0;0;0;0;1;0;0;0;0;0;0;0;0;0;0;0;0;0
CY;2006;0;0;0;0;0;0;0;1;0;0;0;0;0;0;0;0;0;0;0;0;0
CY;2007;0;0;0;0;0;0;0;1;0;0;0;0;0;0;0;0;0;0;0;0;0
CY;2008;0;0;0;0;0;0.00197238658777;0;0.998027613412;0;0;0;0;0;0;0;0;0;0;0;0;0
CY;2009;0;0;0;0;0;0.00575815738964;0;0.99424184261;0;0;0;0;0;0;0;0;0;0;0;0;0
CY;2010;0;0;0;0.00187617260788;0.00562851782364;0.00750469043152;0;0.984990619137;0;0;0;0;0;0;0;0;0;0;0;0;0
CY;2011;0;0;0;0.0020325203252;0.0223577235772;0.010162601626;0;0.965447154472;0;0;0;0;0;0;0;0;0;0;0;0;0
CY;2012;0;0;0;0.00423728813559;0.0402542372881;0.010593220339;0;0.944915254237;0;0;0;0;0;0;0;0;0;0;0;0;0
CY;2013;0;0;0;0.011655011655;0.0536130536131;0.011655011655;0;0.923076923077;0;0;0;0;0;0;0;0;0;0;0;0;0
CY;2014;0;0;0;0.0184331797235;0.0414746543779;0.0115207373272;0;0.928571428571;0;0;0;0;0;0;0;0;0;0;0;0;0
CY;2015;0;0;0;0.0286343612335;0.0484581497797;0.011013215859;0;0.911894273128;0;0;0;0;0;0;0;0;0;0;0;0;0
CY;2016;0;0;0;0.0306748466258;0.0470347648262;0.0102249488753;0;0.912065439673;0;0;0;0;0;0;0;0;0;0;0;0;0
CY;2017;0;0;0;0.034;0.042;0.01;0;0.914;0;0;0;0;0;0;0;0;0;0;0;0;0
CY;2018;0;0;0;0.0395256916996;0.0434782608696;0.0118577075099;0;0.905138339921;0;0;0;0;0;0;0;0;0;0;0;0;0
CY;2019;0;0;0;0.0427184466019;0.0466019417476;0.0116504854369;0;0.899029126214;0;0;0;0;0;0;0;0;0;0;0;0;0
CY;2020;0;0;0;0.0618556701031;0.0494845360825;0.0123711340206;0;0.876288659794;0;0;0;0;0;0;0;0;0;0;0;0;0
CY;2021;0;0;0;0.091796875;0.048828125;0.01171875;0;0.84765625;0;0;0;0;0;0;0;0;0;0;0;0;0
CY;2022;0;0;0;0.114068441065;0.041825095057;0.0114068441065;0;0.832699619772;0;0;0;0;0;0;0;0;0;0;0;0;0
CY;2023;0;0;0;0.155722326454;0.0393996247655;0.0093808630394;0;0.795497185741;0;0;0;0;0;0;0;0;0;0;0;0;0
CY;2024;0;0;0;0.192174515235;0.0356648199446;0.0103878116343;0;0.761772853186;0;0;0;0;0;0;0;0;0;0;0;0;0
CY;2025;0;0;0;0.205541125541;0.0361904761905;0.00900432900433;0;0.749264069264;0;0;0;0;0;0;0;0;0;0;0;0;0
CZ;1990;0.0186285530753;0.202184037257;0.00610245704191;0;0;0;0.755098763449;0.0179861891762;0;0;0;0;0;0;0;0;0;0;0;0;0
CZ;1991;0.0180762852405;0.201160862355;0.00630182421227;0;0;0;0.756218905473;0.0182421227197;0;0;0;0;0;0;0;0;0;0;0;0;0
CZ;1992;0.0237087214225;0.207451312447;0.00643522438611;0;0;0;0.743607112616;0.0187976291279;0;0;0;0;0;0;0;0;0;0;0;0;0
CZ;1993;0.023350945969;0.215271859553;0.0068177944435;0;0;0.0027271177774;0.737514913925;0.0143173683313;0;0;0;0;0;0;0;0;0;0;0;0;0
CZ;1994;0.025;0.222260273973;0.00667808219178;0;0;0.00547945205479;0.723287671233;0.0172945205479;0;0;0;0;0;0;0;0;0;0;0;0;0
CZ;1995;0.0330141961043;0.201881809178;0.00792340706504;0;0;0.00676791020139;0.731924727633;0.0184879498184;0;0;0;0;0;0;0;0;0;0;0;0;0
CZ;1996;0.0308632304559;0.201315995613;0.0162932790224;0;0;0.00454331818894;0.711734294219;0.0352498825004;0;0;0;0;0;0;0;0;0;0;0;0;0
CZ;1997;0.0264756268494;0.194517987852;0.0179099828687;0;0;0.00763121009189;0.712194362249;0.0412708300888;0;0;0;0;0;0;0;0;0;0;0;0;0
CZ;1998;0.0216651191582;0.203961621789;0.0199628597957;0;0;0.00913030021665;0.701176106469;0.044103992572;0;0;0;0;0;0;0;0;0;0;0;0;0
CZ;1999;0.026180458158;0.20819697678;0.0269596384603;0;0;0.0105968521116;0.68801620695;0.0400498675393;0;0;0;0;0;0;0;0;0;0;0;0;0
CZ;2000;0.0241426611797;0.186419753086;0.023182441701;0;0;0.00713305898491;0.723593964335;0.0355281207133;0;0;0;0;0;0;0;0;0;0;0;0;0
CZ;2001;0.0276205874427;0.198733495015;0.0212880625168;0;0;0.00700619779035;0.708569118836;0.0367825383994;0;0;0;0;0;0;0;0;0;0;0;0;0
CZ;2002;0.0327631578947;0.246578947368;0.0211842105263;0;0;0.00657894736842;0.656710526316;0.0361842105263;0;0;0;0;0;0;0;0;0;0;0;0;0
CZ;2003;0.0166686797922;0.312477352337;0.0190844304868;0;0;0.00591858920159;0.613238313806;0.0326126343761;0;0;0;0;0;0;0;0;0;0;0;0;0
CZ;2004;0.0241078887695;0.314237975892;0.0183792815372;0;0.000119345984008;0.00847356486454;0.600429645542;0.0342522974102;0;0;0;0;0;0;0;0;0;0;0;0;0
CZ;2005;0.0290491883315;0.301843036739;0.0179421457342;0;0.000244110826315;0.0089100451605;0.604418405956;0.0375930672525;0;0;0;0;0;0;0;0;0;0;0;0;0
CZ;2006;0.0304805163758;0.31137939278;0.0187664355726;0;0.000597657183839;0.0109968921826;0.593473583552;0.0343055223524;0;0;0;0;0;0;0;0;0;0;0;0;0
CZ;2007;0.0238122365273;0.298165660248;0.0156089780107;0;0.00148114389883;0.0136720975276;0.612851771676;0.0344081121112;0;0;0;0;0;0;0;0;0;0;0;0;0
CZ;2008;0.0242555235351;0.318804034582;0.0122478386167;0.000120076849183;0.0028818443804;0.0174111431316;0.585614793468;0.0386647454371;0;0;0;0;0;0;0;0;0;0;0;0;0
CZ;2009;0.0297648211661;0.333292503675;0.0120039196472;0.00110240078393;0.00355218030377;0.0226604605585;0.562714355708;0.0349093581578;0;0;0;0;0;0;0;0;0;0;0;0;0
CZ;2010;0.0327387937104;0.32856137057;0.0161933818352;0.0072752874912;0.0039896737855;0.0253461628726;0.550340295705;0.0355550340296;0;0;0;0;0;0;0;0;0;0;0;0;0
CZ;2011;0.022622345337;0.326408125577;0.0162742382271;0.025161588181;0.00461680517082;0.031163434903;0.538781163435;0.034972299169;0;0;0;0;0;0;0;0;0;0;0;0;0
CZ;2012;0.0246015246015;0.350196350196;0.0172095172095;0.0248325248325;0.004851004851;0.0389235389235;0.50796950797;0.031416031416;0;0;0;0;0;0;0;0;0;0;0;0;0
CZ;2013;0.0317774415086;0.357932720289;0.0237457804679;0.0236293795833;0.00558724246304;0.0472587591666;0.478640437667;0.0314282388546;0;0;0;0;0;0;0;0;0;0;0;0;0
CZ;2014;0.0224758766769;0.356907507649;0.0214168039539;0.0249470463639;0.00564838785597;0.0548364321017;0.479289244528;0.0344787008708;0;0;0;0;0;0;0;0;0;0;0;0;0
CZ;2015;0.0216995999515;0.325372772457;0.0276397139047;0.027397260274;0.00690992847618;0.058067644563;0.498727118439;0.0341859619348;0;0;0;0;0;0;0;0;0;0;0;0;0
CZ;2016;0.0243902439024;0.293902439024;0.045487804878;0.0259756097561;0.00609756097561;0.0580487804878;0.511829268293;0.0342682926829;0;0;0;0;0;0;0;0;0;0;0;0;0
CZ;2017;0.0218050373134;0.330457089552;0.0431436567164;0.0256529850746;0.0068796641791;0.0579524253731;0.483208955224;0.0309001865672;0;0;0;0;0;0;0;0;0;0;0;0;0
CZ;2018;0.0187701520037;0.344541685859;0.0434131736527;0.027176416398;0.00702441271304;0.0556195301704;0.474435743897;0.0290188853063;0;0;0;0;0;0;0;0;0;0;0;0;0
CZ;2019;0.0234484367709;0.352893140457;0.0677788147457;0.0270648623425;0.00816612225852;0.0586794213719;0.435487634158;0.0264815678955;0;0;0;0;0;0;0;0;0;0;0;0;0
CZ;2020;0.0267166042447;0.375031210986;0.0857677902622;0.0285892634207;0.00873907615481;0.0650436953808;0.387016229713;0.0230961298377;0;0;0;0;0;0;0;0;0;0;0;0;0
CZ;2021;0.0288070762611;0.367320105188;0.0873774802773;0.0268945732728;0.00717188620607;0.0643079129811;0.408558450873;0.00956251494143;0;0;0;0;0;0;0;0;0;0;0;0;0
CZ;2022;0.0249611847605;0.370476531709;0.0517138421115;0.0314104860862;0.007643616386;0.0646124447629;0.440463394243;0.00871849994028;0;0;0;0;0;0;0;0;0;0;0;0;0
CZ;2023;0.0311345646438;0.401187335092;0.0485488126649;0.0381266490765;0.00923482849604;0.0684696569921;0.394986807388;0.00831134564644;0;0;0;0;0;0;0;0;0;0;0;0;0
CZ;2024;0.036524413687;0.407810182897;0.0520404240127;0.0492942274949;0.00944691602131;0.0738726863294;0.364145658263;0.00686549129456;0;0;0;0;0;0;0;0;0;0;0;0;0
DE;1985;0;0;1;0;0;0;0;0;0;0;0;0;0;0;0;0;0;0;0;0;0
DE;1986;0;0;1;0;0;0;0;0;0;0;0;0;0;0;0;0;0;0;0;0;0
DE;1987;0;0;1;0;0;0;0;0;0;0;0;0;0;0;0;0;0;0;0;0;0
DE;1988;0;0;1;0;0;0;0;0;0;0;0;0;0;0;0;0;0;0;0;0;0
DE;1989;0;0;1;0;0;0;0;0;0;0;0;0;0;0;0;0;0;0;0;0;0
DE;1990;0.0321432523144;0.281175082064;0.0662044037915;0;0.000129089366724;0.00295061409656;0.571755246561;0.0456423118061;0;0;0;0;0;0;0;0;0;0;0;0;0
DE;1991;0.0277788142233;0.274672586844;0.0677213536808;0;0.000410432446551;0.00348867579568;0.573989776501;0.0519383605089;0;0;0;0;0;0;0;0;0;0;0;0;0
DE;1992;0.0325983101336;0.297506416621;0.0618243812878;0;0.000543305168893;0.00382187084325;0.553927721678;0.0497779942672;0;0;0;0;0;0;0;0;0;0;0;0;0
DE;1993;0.0343370717468;0.294361653096;0.0629897065601;0;0.00128667998156;0.00378322322937;0.56316254417;0.0400791212168;0;0;0;0;0;0;0;0;0;0;0;0;0
DE;1994;0.0382496881297;0.289223682948;0.0692831781979;0;0.00274445830534;0.00397274733711;0.557125035985;0.039401209097;0;0;0;0;0;0;0;0;0;0;0;0;0
DE;1995;0.0410385890865;0.288457190232;0.0774419656316;0;0.00322203798613;0.00457868555924;0.544807054567;0.040454476937;0;0;0;0;0;0;0;0;0;0;0;0;0
DE;1996;0.0400561808;0.291884792879;0.0831038067964;1.824051949e-05;0.00379402805392;0.0045601298725;0.539901136384;0.0366816846944;0;0;0;0;0;0;0;0;0;0;0;0;0
DE;1997;0.0317733404103;0.311748448853;0.0880355802844;1.83026154437e-05;0.00554569247946;0.00485019309259;0.520416567527;0.0376118747369;0;0;0;0;0;0;0;0;0;0;0;0;0
DE;1998;0.0313512726213;0.294286858683;0.0923788369807;1.82063139497e-05;0.0083566981029;0.0055711320686;0.532097731493;0.0359392637367;0;0;0;0;0;0;0;0;0;0;0;0;0
DE;1999;0.0357747555847;0.309501702259;0.0943069892767;3.64119649717e-05;0.0100679083147;0.00639029985253;0.512079669379;0.0318422633677;0;0;0;0;0;0;0;0;0;0;0;0;0
DE;2000;0.0381931628438;0.29811055453;0.0864750856842;0;0.0164337815274;0.00761051058968;0.52145179717;0.0317251076545;0;0;0;0;0;0;0;0;0;0;0;0;0
DE;2001;0.0392614087816;0.295885583998;0.0958648564618;0.000172729471102;0.0180675026773;0.0079282827236;0.507375548416;0.0354440874702;0;0;0;0;0;0;0;0;0;0;0;0;0
DE;2002;0.0396053172537;0.282376319035;0.0964437440044;0.000342606550637;0.0271686994655;0.00909620391942;0.513224612855;0.0317424969165;0;0;0;0;0;0;0;0;0;0;0;0;0
DE;2003;0.0304303772237;0.274172383436;0.103964918692;0.000514924505423;0.0317093832533;0.0148663687856;0.506004684152;0.0383369599522;0;0;0;0;0;0;0;0;0;0;0;0;0
DE;2004;0.0340387139108;0.27406496063;0.10280511811;0.000918635170604;0.0426837270341;0.0174540682415;0.490108267717;0.0379265091864;0;0;0;0;0;0;0;0;0;0;0;0;0
DE;2005;0.0320213910718;0.265839501745;0.117699807611;0.0021358463495;0.0452766817752;0.0239834349627;0.469788371866;0.0432549646199;0;0;0;0;0;0;0;0;0;0;0;0;0
DE;2006;0.0317835607744;0.265423675024;0.118581402729;0.00360203110124;0.04969850841;0.0300539511266;0.458473500476;0.0423833703586;0;0;0;0;0;0;0;0;0;0;0;0;0
DE;2007;0.0335446046585;0.222674694977;0.122722231025;0.00497543970845;0.0641895103787;0.0390112501981;0.470765330376;0.0421169386785;0;0;0;0;0;0;0;0;0;0;0;0;0
DE;2008;0.0323269385883;0.234844770596;0.139935788958;0.00713280298597;0.0654446535609;0.0443151085736;0.435259137421;0.0407091682614;3.16310553702e-05;0;0;0;0;0;0;0;0;0;0;0;0
DE;2009;0.032366147357;0.229488400571;0.136522892714;0.0114293489353;0.0670453772365;0.052537587591;0.431066739234;0.0395094904415;3.40159194503e-05;0;0;0;0;0;0;0;0;0;0;0;0
DE;2010;0.0335624229025;0.225180628314;0.14219573541;0.0191602185162;0.0617580621906;0.0543406866279;0.421156341616;0.0425978436744;4.80607487865e-05;0;0;0;0;0;0;0;0;0;0;0;0
DE;2011;0.0292066115702;0.178462809917;0.141603305785;0.033041322314;0.0824132231405;0.0609752066116;0.433818181818;0.0404462809917;3.30578512397e-05;0;0;0;0;0;0;0;0;0;0;0;0
DE;2012;0.0350913989771;0.160468530679;0.12253755183;0.0431422532712;0.0833803907649;0.069698778658;0.445668833998;0.0399638598925;4.84019296236e-05;0;0;0;0;0;0;0;0;0;0;0;0
DE;2013;0.0365259095746;0.1545045975;0.106401562674;0.0486271022249;0.0837554987375;0.0722736584669;0.457685527799;0.0400990963808;0.000127046641998;0;0;0;0;0;0;0;0;0;0;0;0
DE;2014;0.0316606060606;0.156977777778;0.0979555555556;0.0572929292929;0.0945454545455;0.0780444444444;0.443490909091;0.0398707070707;0.000161616161616;0;0;0;0;0;0;0;0;0;0;0;0
DE;2015;0.0296947603924;0.143608116776;0.0961715975406;0.0595772642646;0.126132327863;0.0787427444968;0.425864793404;0.0400050064928;0.000203388769811;0;0;0;0;0;0;0;0;0;0;0;0
DE;2016;0.0320332959222;0.131921062477;0.125670283078;0.0585484474373;0.124579124579;0.0793895747599;0.408015338571;0.0395778775408;0.000264995635366;0;0;0;0;0;0;0;0;0;0;0;0
DE;2017;0.031266486671;0.118424727679;0.133507122242;0.0601433758495;0.163997765571;0.07901188592;0.374359929243;0.039040436955;0.000248269869348;0;0;0;0;0;0;0;0;0;0;0;0
DE;2018;0.0279781109635;0.120199911432;0.1289934839;0.070095527298;0.17389447713;0.0803283355475;0.36085278674;0.0373726829885;0.000284684000759;0;0;0;0;0;0;0;0;0;0;0;0
DE;2019;0.0328784015731;0.125097901981;0.149977503374;0.0753553633622;0.209785198887;0.0835374693796;0.285707143928;0.0373277341732;0.000333283340832;0;0;0;0;0;0;0;0;0;0;0;0
DE;2020;0.0330304367005;0.11359505955;0.167622408469;0.0873400970446;0.233101014557;0.0898632554036;0.237494486105;0.0375474194971;0.000405822673136;0;0;0;0;0;0;0;0;0;0;0;0
DE;2021;0.0339650674637;0.119430575471;0.15602162984;0.0852409170223;0.197225437521;0.084826287511;0.284453120951;0.0384223347097;0.000414629511255;0;0;0;0;0;0;0;0;0;0;0;0
DE;2022;0.0310824160316;0.0612298899238;0.139447502117;0.106371718882;0.220170053627;0.0857324301439;0.317404036128;0.0381915043748;0.000370448772227;0;0;0;0;0;0;0;0;0;0;0;0
DE;2023;0.0419166403536;0.0142485001579;0.151286706662;0.126045942532;0.27735238396;0.101160404168;0.246250394695;0.0413640669403;0.00037496053047;0;0;0;0;0;0;0;0;0;0;0;0
DE;2024;0.0484527844593;0;0.159428570267;0.150726181786;0.27943003422;0.10385934663;0.216197422222;0.0414583413817;0.000447319034035;0;0;0;0;0;0;0;0;0;0;0;0
DE;2025;0.0367740702365;0;0.167992193709;0.180478235939;0.266122104077;0.100775599304;0.209767923788;0.0376331646665;0.000456708280101;0;0;0;0;0;0;0;0;0;0;0;0
DJ;2000;0;0;0;0;0;0;0;1;0;0;0;0;0;0;0;0;0;0;0;0;0
DJ;2001;0;0;0;0;0;0;0;1;0;0;0;0;0;0;0;0;0;0;0;0;0
DJ;2002;0;0;0;0;0;0;0;1;0;0;0;0;0;0;0;0;0;0;0;0;0
DJ;2003;0;0;0;0;0;0;0;1;0;0;0;0;0;0;0;0;0;0;0;0;0
DJ;2004;0;0;0;0;0;0;0;1;0;0;0;0;0;0;0;0;0;0;0;0;0
DJ;2005;0;0;0;0;0;0;0;1;0;0;0;0;0;0;0;0;0;0;0;0;0
DJ;2006;0;0;0;0;0;0;0;1;0;0;0;0;0;0;0;0;0;0;0;0;0
DJ;2007;0;0;0;0;0;0;0;1;0;0;0;0;0;0;0;0;0;0;0;0;0
DJ;2008;0;0;0;0;0;0;0;1;0;0;0;0;0;0;0;0;0;0;0;0;0
DJ;2009;0;0;0;0;0;0;0;1;0;0;0;0;0;0;0;0;0;0;0;0;0
DJ;2010;0;0;0;0;0;0;0;1;0;0;0;0;0;0;0;0;0;0;0;0;0
DJ;2011;0;0;0;0;0;0;0;1;0;0;0;0;0;0;0;0;0;0;0;0;0
DJ;2012;0;0;0;0;0;0;0;1;0;0;0;0;0;0;0;0;0;0;0;0;0
DJ;2013;0;0;0;0;0;0;0;1;0;0;0;0;0;0;0;0;0;0;0;0;0
DJ;2014;0;0;0;0;0;0;0;1;0;0;0;0;0;0;0;0;0;0;0;0;0
DJ;2015;0;0;0;0;0;0;0;1;0;0;0;0;0;0;0;0;0;0;0;0;0
DJ;2016;0;0;0;0;0;0;0;1;0;0;0;0;0;0;0;0;0;0;0;0;0
DJ;2017;0;0;0;0;0;0;0;1;0;0;0;0;0;0;0;0;0;0;0;0;0
DJ;2018;0;0;0;0;0;0;0;1;0;0;0;0;0;0;0;0;0;0;0;0;0
DJ;2019;0;0;0;0;0;0;0;1;0;0;0;0;0;0;0;0;0;0;0;0;0
DJ;2020;0;0;0;0;0;0;0;1;0;0;0;0;0;0;0;0;0;0;0;0;0
DJ;2021;0;0;0;0;0.35;0;0;0.65;0;0;0;0;0;0;0;0;0;0;0;0;0
DJ;2022;0;0;0;0;0.35;0;0;0.65;0;0;0;0;0;0;0;0;0;0;0;0;0
DJ;2023;0;0;0;0;0.35;0;0;0.65;0;0;0;0;0;0;0;0;0;0;0;0;0
DJ;2024;0;0;0;0;0.35;0;0;0.65;0;0;0;0;0;0;0;0;0;0;0;0;0
DK;1990;0.0011565150347;0;0.026599845798;0;0.0235158057055;0.00732459521974;0.908249807247;0.0331534309946;0;0;0;0;0;0;0;0;0;0;0;0;0
DK;1991;0.00082304526749;0;0.0227709190672;0;0.0203017832647;0.0079561042524;0.917421124829;0.0307270233196;0;0;0;0;0;0;0;0;0;0;0;0;0
DK;1992;0.000980392156863;0;0.0352941176471;0;0.0300653594771;0.0133986928105;0.881045751634;0.0392156862745;0;0;0;0;0;0;0;0;0;0;0;0;0
DK;1993;0.00088809946714;0;0.0470692717584;0;0.0304914150385;0.0162818235642;0.868265245708;0.0370041444642;0;0;0;0;0;0;0;0;0;0;0;0;0
DK;1994;0.00074294205052;0;0.0564635958395;0;0.0282317979198;0.0141158989599;0.824418028727;0.0760277365032;0;0;0;0;0;0;0;0;0;0;0;0;0
DK;1995;0.000820120284308;0;0.0992345544013;0;0.0322580645161;0.0177692728267;0.747949699289;0.101968288682;0;0;0;0;0;0;0;0;0;0;0;0;0
DK;1996;0.000374672161858;0;0.106406893968;0;0.0230423379543;0.0155488947171;0.743162233046;0.111464968153;0;0;0;0;0;0;0;0;0;0;0;0;0
DK;1997;0.000453103760761;0;0.153602174898;0;0.0437245129135;0.0222020842773;0.651563207975;0.128454916176;0;0;0;0;0;0;0;0;0;0;0;0;0
DK;1998;0.000733137829912;0;0.198680351906;0;0.0689149560117;0.0263929618768;0.577956989247;0.127321603128;0;0;0;0;0;0;0;0;0;0;0;0;0
DK;1999;0.00077479338843;0;0.233987603306;0;0.0782541322314;0.0340909090909;0.518595041322;0.134297520661;0;0;0;0;0;0;0;0;0;0;0;0;0
DK;2000;0.000836820083682;0;0.244630404463;0;0.118270571827;0.0362622036262;0.464993026499;0.135006973501;0;0;0;0;0;0;0;0;0;0;0;0;0
DK;2001;0.000799147575919;0;0.246936600959;0;0.114810868407;0.0402237613213;0.474693660096;0.122535961641;0;0;0;0;0;0;0;0;0;0;0;0;0
DK;2002;0.00076726342711;0;0.245268542199;0;0.124808184143;0.0480818414322;0.467007672634;0.114066496164;0;0;0;0;0;0;0;0;0;0;0;0;0
DK;2003;0.000435066347618;0;0.212312377638;0;0.120948444638;0.0541657602784;0.550576462911;0.0615618881879;0;0;0;0;0;0;0;0;0;0;0;0;0
DK;2004;0.000745526838966;0;0.247017892644;0;0.163767395626;0.0723161033797;0.463966202783;0.0521868787276;0;0;0;0;0;0;0;0;0;0;0;0;0
DK;2005;0.000554323725055;0;0.243348115299;0;0.183203991131;0.0878603104213;0.428492239468;0.0565410199557;0;0;0;0;0;0;0;0;0;0;0;0;0
DK;2006;0.00044014084507;0;0.206866197183;0;0.134242957746;0.0675616197183;0.540713028169;0.050176056338;0;0;0;0;0;0;0;0;0;0;0;0;0
DK;2007;0.000766479305059;0;0.179867143587;0;0.183188553909;0.0792028615227;0.508175779254;0.0487991824221;0;0;0;0;0;0;0;0;0;0;0;0;0
DK;2008;0.000822368421053;0;0.194078947368;0;0.189967105263;0.0860745614035;0.478618421053;0.0504385964912;0;0;0;0;0;0;0;0;0;0;0;0;0
DK;2009;0.000551724137931;0;0.184;0;0.185655172414;0.0915862068966;0.488;0.0502068965517;0;0;0;0;0;0;0;0;0;0;0;0;0
DK;2010;0.000516129032258;0;0.204129032258;0.000258064516129;0.201548387097;0.118451612903;0.438967741935;0.0361290322581;0;0;0;0;0;0;0;0;0;0;0;0;0
DK;2011;0.000569638279692;0;0.16633437767;0.000284819139846;0.27826829963;0.124465964113;0.398177157505;0.0318997436628;0;0;0;0;0;0;0;0;0;0;0;0;0
DK;2012;0.000654236179261;0;0.137062479555;0.0032711808963;0.33595027805;0.145567549886;0.34478246647;0.032711808963;0;0;0;0;0;0;0;0;0;0;0;0;0
DK;2013;0.000288933834152;0;0.09881537128;0.0150245593759;0.321294423577;0.12453048252;0.412886449003;0.0271597804103;0;0;0;0;0;0;0;0;0;0;0;0;0
DK;2014;0.000624219725343;0;0.065543071161;0.0187265917603;0.408239700375;0.133895131086;0.345193508115;0.0277777777778;0;0;0;0;0;0;0;0;0;0;0;0;0
DK;2015;0.000694927032662;0;0.0632383599722;0.0208478109798;0.490965948575;0.145239749826;0.247046560111;0.0319666435024;0;0;0;0;0;0;0;0;0;0;0;0;0
DK;2016;0.000657894736842;0;0.0743421052632;0.0243421052632;0.420394736842;0.159539473684;0.291776315789;0.0289473684211;0;0;0;0;0;0;0;0;0;0;0;0;0
DK;2017;0.000647249190939;0;0.0653721682848;0.0242718446602;0.478317152104;0.202265372168;0.200970873786;0.0281553398058;0;0;0;0;0;0;0;0;0;0;0;0;0
DK;2018;0.000331016219795;0;0.0685203574975;0.0314465408805;0.460112545515;0.194968553459;0.217477656405;0.0271433300232;0;0;0;0;0;0;0;0;0;0;0;0;0
DK;2019;0.000680966973102;0;0.0715015321757;0.0326864147089;0.54988083078;0.202247191011;0.112700034048;0.030303030303;0;0;0;0;0;0;0;0;0;0;0;0;0
DK;2020;0.000699790062981;0;0.0412876137159;0.0412876137159;0.571378586424;0.207137858642;0.107067879636;0.0311406578027;0;0;0;0;0;0;0;0;0;0;0;0;0
DK;2021;0.000607533414338;0;0.046780072904;0.0397934386391;0.487545565006;0.264884568651;0.132746051033;0.0276427703524;0;0;0;0;0;0;0;0;0;0;0;0;0
DK;2022;0.00028441410694;0;0.0290102389078;0.0676905574516;0.540955631399;0.199658703072;0.125995449374;0.0364050056883;0;0;0;0;0;0;0;0;0;0;0;0;0
DK;2023;0.000590144585423;0;0.0295072292712;0.107996459132;0.572145175568;0.183239893774;0.0746532900561;0.0318678076129;0;0;0;0;0;0;0;0;0;0;0;0;0
DK;2024;0.000568214103074;0;0.0258537416899;0.107392465481;0.583783169498;0.200579578385;0.049718734019;0.0321040968237;0;0;0;0;0;0;0;0;0;0;0;0;0
DK;2025;0.000580231512373;0;0.00322028489367;0.132379819548;0.588151672517;0.220807102034;0.00449679422089;0.050364095274;0;0;0;0;0;0;0;0;0;0;0;0;0
DM;2000;0.375;0;0;0;0;0;0;0.625;0;0;0;0;0;0;0;0;0;0;0;0;0
DM;2001;0.375;0;0;0;0;0;0;0.625;0;0;0;0;0;0;0;0;0;0;0;0;0
DM;2002;0.428571428571;0;0;0;0;0;0;0.571428571429;0;0;0;0;0;0;0;0;0;0;0;0;0
DM;2003;0.375;0;0;0;0;0;0;0.625;0;0;0;0;0;0;0;0;0;0;0;0;0
DM;2004;0.272727272727;0;0;0;0;0;0;0.727272727273;0;0;0;0;0;0;0;0;0;0;0;0;0
DM;2005;0.25;0;0;0;0;0;0;0.75;0;0;0;0;0;0;0;0;0;0;0;0;0
DM;2006;0.25;0;0;0;0;0;0;0.75;0;0;0;0;0;0;0;0;0;0;0;0;0
DM;2007;0.166666666667;0;0;0;0;0;0;0.833333333333;0;0;0;0;0;0;0;0;0;0;0;0;0
DM;2008;0.153846153846;0;0;0;0;0;0;0.846153846154;0;0;0;0;0;0;0;0;0;0;0;0;0
DM;2009;0.153846153846;0;0;0;0;0;0;0.846153846154;0;0;0;0;0;0;0;0;0;0;0;0;0
DM;2010;0.142857142857;0;0;0;0;0;0;0.857142857143;0;0;0;0;0;0;0;0;0;0;0;0;0
DM;2011;0.266666666667;0;0;0;0;0;0;0.733333333333;0;0;0;0;0;0;0;0;0;0;0;0;0
DM;2012;0.2;0;0;0;0;0;0;0.8;0;0;0;0;0;0;0;0;0;0;0;0;0
DM;2013;0.266666666667;0;0;0;0;0;0;0.733333333333;0;0;0;0;0;0;0;0;0;0;0;0;0
DM;2014;0.2;0;0;0;0;0;0;0.8;0;0;0;0;0;0;0;0;0;0;0;0;0
DM;2015;0.133333333333;0;0;0;0;0;0;0.866666666667;0;0;0;0;0;0;0;0;0;0;0;0;0
DM;2016;0.25;0;0;0;0;0;0;0.75;0;0;0;0;0;0;0;0;0;0;0;0;0
DM;2017;0.230769230769;0;0;0;0;0;0;0.769230769231;0;0;0;0;0;0;0;0;0;0;0;0;0
DM;2018;0.181818181818;0;0;0;0;0;0;0.818181818182;0;0;0;0;0;0;0;0;0;0;0;0;0
DM;2019;0.142857142857;0;0;0;0;0;0;0.857142857143;0;0;0;0;0;0;0;0;0;0;0;0;0
DM;2020;0.142857142857;0;0;0;0;0;0;0.857142857143;0;0;0;0;0;0;0;0;0;0;0;0;0
DM;2021;0.142857142857;0;0;0;0;0;0;0.857142857143;0;0;0;0;0;0;0;0;0;0;0;0;0
DM;2022;0.133333333333;0;0;0;0;0;0;0.866666666667;0;0;0;0;0;0;0;0;0;0;0;0;0
DM;2023;0.133333333333;0;0;0;0;0;0;0.866666666667;0;0;0;0;0;0;0;0;0;0;0;0;0
DO;2000;0.0576479631053;0;0;0;0;0.0122982321291;0;0.930053804766;0;0;0;0;0;0;0;0;0;0;0;0;0
DO;2001;0.0545171339564;0;0;0;0;0.01246105919;0.0109034267913;0.922118380062;0;0;0;0;0;0;0;0;0;0;0;0;0
DO;2002;0.0625899280576;0;0;0;0;0.0122302158273;0.0424460431655;0.88273381295;0;0;0;0;0;0;0;0;0;0;0;0;0
DO;2003;0.0839210155148;0;0.0641748942172;0;0;0.0119887165021;0.0952045133992;0.744710860367;0;0;0;0;0;0;0;0;0;0;0;0;0
DO;2004;0.133111480865;0;0.0615640599002;0;0;0.0116472545757;0.109816971714;0.683860232945;0;0;0;0;0;0;0;0;0;0;0;0;0
DO;2005;0.143178410795;0;0.0832083958021;0;0;0.0112443778111;0.107196401799;0.655172413793;0;0;0;0;0;0;0;0;0;0;0;0;0
DO;2006;0.12402551382;0;0.122608079376;0;0;0.0113394755493;0.138908575478;0.603118355776;0;0;0;0;0;0;0;0;0;0;0;0;0
DO;2007;0.116678105697;0;0.159917638984;0;0;0.0109814687714;0.142072752231;0.570350034317;0;0;0;0;0;0;0;0;0;0;0;0;0
DO;2008;0.0944558521561;0;0.167693360712;0;0;0.0109514031485;0.139630390144;0.58726899384;0;0;0;0;0;0;0;0;0;0;0;0;0
DO;2009;0.106181818182;0;0.164363636364;0;0;0.0116363636364;0.140363636364;0.577454545455;0;0;0;0;0;0;0;0;0;0;0;0;0
DO;2010;0.096752368065;0;0.22801082544;0;0;0.0108254397835;0.125169147497;0.539242219215;0;0;0;0;0;0;0;0;0;0;0;0;0
DO;2011;0.0970812182741;0;0.219543147208;0;0.000634517766497;0.010152284264;0.126903553299;0.545685279188;0;0;0;0;0;0;0;0;0;0;0;0;0
DO;2012;0.105325443787;0;0.210650887574;0;0.00591715976331;0.0100591715976;0.125443786982;0.542603550296;0;0;0;0;0;0;0;0;0;0;0;0;0
DO;2013;0.106094808126;0;0.251128668172;0.000564334085779;0.0135440180587;0.010158013544;0.124717832957;0.493792325056;0;0;0;0;0;0;0;0;0;0;0;0;0
DO;2014;0.0763888888889;0;0.247685185185;0.00115740740741;0.0138888888889;0.00983796296296;0.140046296296;0.51099537037;0;0;0;0;0;0;0;0;0;0;0;0;0
DO;2015;0.0516666666667;0;0.237777777778;0.00166666666667;0.0161111111111;0.00944444444444;0.128333333333;0.555;0;0;0;0;0;0;0;0;0;0;0;0;0
DO;2016;0.0798722044728;0;0.203407880724;0.00425985090522;0.0170394036209;0.00958466453674;0.125665601704;0.560170394036;0;0;0;0;0;0;0;0;0;0;0;0;0
DO;2017;0.113020833333;0;0.286458333333;0.00729166666667;0.0203125;0.0177083333333;0.125520833333;0.4296875;0;0;0;0;0;0;0;0;0;0;0;0;0
DO;2018;0.0897959183673;0;0.241836734694;0.0117346938776;0.0255102040816;0.0107142857143;0.116326530612;0.504081632653;0;0;0;0;0;0;0;0;0;0;0;0;0
DO;2019;0.0610902255639;0;0.260808270677;0.0173872180451;0.0371240601504;0.00986842105263;0.167293233083;0.446428571429;0;0;0;0;0;0;0;0;0;0;0;0;0
DO;2020;0.0661877886095;0;0.320677270395;0.0307850179579;0.0548999486916;0.00974858902001;0.306310928681;0.211390456644;0;0;0;0;0;0;0;0;0;0;0;0;0
DO;2021;0.0699953336444;0;0.359776014932;0.0396640223985;0.0569295380308;0.0111992533831;0.268782081195;0.193653756416;0;0;0;0;0;0;0;0;0;0;0;0;0
DO;2022;0.0663058186739;0;0.250338294993;0.0559314388814;0.0527740189445;0.00947225981055;0.322958953541;0.242219215156;0;0;0;0;0;0;0;0;0;0;0;0;0
DO;2023;0.0598534201954;0;0.297231270358;0.0553745928339;0.0488599348534;0.00855048859935;0.314332247557;0.215798045603;0;0;0;0;0;0;0;0;0;0;0;0;0
DO;2024;0.0611735330836;0;0.291302538494;0.0645027049521;0.0540990428631;0.00873907615481;0.299625468165;0.220557636288;0;0;0;0;0;0;0;0;0;0;0;0;0
DO;2025;0.06787750232;0;0.267621194043;0.0996066993681;0.0622210437934;0.00782182155641;0.291086658712;0.203765080207;0;0;0;0;0;0;0;0;0;0;0;0;0
DZ;2000;0.00196850393701;0;0.967716535433;0;0;0;0;0.0303149606299;0;0;0;0;0;0;0;0;0;0;0;0;0
DZ;2001;0.00262960180316;0;0.968444778362;0;0;0;0;0.0289256198347;0;0;0;0;0;0;0;0;0;0;0;0;0
DZ;2002;0.00216998191682;0;0.976130198915;0;0;0;0;0.0216998191682;0;0;0;0;0;0;0;0;0;0;0;0;0
DZ;2003;0.00879269529929;0;0.967872844099;0;0;0;0;0.023334460602;0;0;0;0;0;0;0;0;0;0;0;0;0
DZ;2004;0.008;0;0.96992;0;0;0;0;0.02208;0;0;0;0;0;0;0;0;0;0;0;0;0
DZ;2005;0.0162194043055;0;0.962547920967;0;0;0;0;0.0212326747272;0;0;0;0;0;0;0;0;0;0;0;0;0
DZ;2006;0.00624467783139;0;0.972466647743;0;0;0;0;0.0212886744252;0;0;0;0;0;0;0;0;0;0;0;0;0
DZ;2007;0.00591556870126;0;0.972842161871;0;0;0;0;0.0212422694273;0;0;0;0;0;0;0;0;0;0;0;0;0
DZ;2008;0.00695998011434;0;0.973402933134;0;0;0;0;0.0196370867512;0;0;0;0;0;0;0;0;0;0;0;0;0
DZ;2009;0.00779220779221;0;0.976363636364;0;0;0;0;0.0158441558442;0;0;0;0;0;0;0;0;0;0;0;0;0
DZ;2010;0.00371747211896;0;0.97528974415;0;0;0;0;0.0209927837306;0;0;0;0;0;0;0;0;0;0;0;0;0
DZ;2011;0.00976181179227;0;0.969347910972;0;0;0;0;0.0208902772355;0;0;0;0;0;0;0;0;0;0;0;0;0
DZ;2012;0.0108013937282;0;0.970731707317;0;0;0;0;0.0184668989547;0;0;0;0;0;0;0;0;0;0;0;0;0
DZ;2013;0.0055101018534;0;0.979462347637;0;0;0;0;0.0150275505093;0;0;0;0;0;0;0;0;0;0;0;0;0
DZ;2014;0.0038898397386;0;0.985685389762;0;0;0;0;0.0104247704995;0;0;0;0;0;0;0;0;0;0;0;0;0
DZ;2015;0.00203370133643;0;0.983004067403;0.000871586287042;0.000290528762347;0;0;0.0138001162115;0;0;0;0;0;0;0;0;0;0;0;0;0
DZ;2016;0.00309684684685;0;0.980996621622;0.00126689189189;0.000422297297297;0;0;0.0142173423423;0;0;0;0;0;0;0;0;0;0;0;0;0
DZ;2017;0.00078874720652;0;0.986722755357;0.00749309846194;0.000131457867753;0;0;0.00486394110688;0;0;0;0;0;0;0;0;0;0;0;0;0
DZ;2018;0.00156351791531;0;0.983713355049;0.00899022801303;0.000130293159609;0;0;0.00560260586319;0;0;0;0;0;0;0;0;0;0;0;0;0
DZ;2019;0.00183801004779;0;0.984683249602;0.0086999142262;0.000122534003186;0;0;0.00465629212106;0;0;0;0;0;0;0;0;0;0;0;0;0
DZ;2020;0.000629960942422;0;0.984376968628;0.0103313594557;0.000125992188484;0;0;0.00453571878544;0;0;0;0;0;0;0;0;0;0;0;0;0
DZ;2021;0.000116822429907;0;0.986214953271;0.00922897196262;0.000116822429907;0;0;0.00432242990654;0;0;0;0;0;0;0;0;0;0;0;0;0
DZ;2022;0.0002186509238;0;0.986334317262;0.00907401333771;0.0001093254619;0;0;0.0042636930141;0;0;0;0;0;0;0;0;0;0;0;0;0
DZ;2023;0.000208594075928;0;0.987067167292;0.00907384230288;0.000208594075928;0;0;0.00344180225282;0;0;0;0;0;0;0;0;0;0;0;0;0
DZ;2024;0.000207555002076;0;0.985886259859;0.0102739726027;0.000207555002076;0;0;0.00342465753425;0;0;0;0;0;0;0;0;0;0;0;0;0
EC;2000;0.7150997151;0;0;0;0;0;0;0.2849002849;0;0;0;0;0;0;0;0;0;0;0;0;0
EC;2001;0.63752276867;0;0;0;0;0;0;0.36247723133;0;0;0;0;0;0;0;0;0;0;0;0;0
EC;2002;0.630821337849;0;0.0406435224386;0;0;0;0;0.328535139712;0;0;0;0;0;0;0;0;0;0;0;0;0
EC;2003;0.619337979094;0;0.081881533101;0;0;0;0;0.298780487805;0;0;0;0;0;0;0;0;0;0;0;0;0
EC;2004;0.5734375;0;0.096875;0;0;0;0;0.3296875;0;0;0;0;0;0;0;0;0;0;0;0;0
EC;2005;0.538765822785;0;0.117088607595;0;0;0.00158227848101;0;0.342563291139;0;0;0;0;0;0;0;0;0;0;0;0;0
EC;2006;0.501420454545;0;0.127130681818;0;0;0.00142045454545;0;0.370028409091;0;0;0;0;0;0;0;0;0;0;0;0;0
EC;2007;0.51884057971;0;0.11652173913;0;0;0.00115942028986;0;0.36347826087;0;0;0;0;0;0;0;0;0;0;0;0;0
EC;2008;0.604651162791;0;0.093023255814;0;0;0.00108166576528;0;0.30124391563;0;0;0;0;0;0;0;0;0;0;0;0;0
EC;2009;0.502753303965;0;0.104625550661;0;0;0.0011013215859;0;0.391519823789;0;0;0;0;0;0;0;0;0;0;0;0;0
EC;2010;0.440267765191;0;0.112770339856;0;0;0.0010298661174;0;0.445932028836;0;0;0;0;0;0;0;0;0;0;0;0;0
EC;2011;0.539402838962;0;0.0949583945179;0;0;0.000489476260401;0;0.365149290259;0;0;0;0;0;0;0;0;0;0;0;0;0
EC;2012;0.533216014078;0;0.102947646282;0;0;0.00087989441267;0;0.362956445227;0;0;0;0;0;0;0;0;0;0;0;0;0
EC;2013;0.471934369603;0;0.12219343696;0;0.00259067357513;0.00172711571675;0;0.401554404145;0;0;0;0;0;0;0;0;0;0;0;0;0
EC;2014;0.468788755684;0;0.120297643654;0.000826787928896;0.00330715171558;0.00248036378669;0;0.40429929723;0;0;0;0;0;0;0;0;0;0;0;0;0
EC;2015;0.502129307007;0;0.108788230739;0.00154858691444;0.0038714672861;0.00348432055749;0;0.380178087495;0;0;0;0;0;0;0;0;0;0;0;0;0
EC;2016;0.577319587629;0;0.0743740795287;0.00147275405007;0.00294550810015;0.0180412371134;0;0.325846833579;0;0;0;0;0;0;0;0;0;0;0;0;0
EC;2017;0.714696370823;0;0.0621631333094;0.00143729787999;0.00251527128997;0.0165289256198;0;0.202659001078;0;0;0;0;0;0;0;0;0;0;0;0;0
EC;2018;0.70030790284;0;0.0523434827232;0.00136845706466;0.00273691412932;0.0147109134451;0;0.228532329798;0;0;0;0;0;0;0;0;0;0;0;0;0
EC;2019;0.759938366718;0;0.0428351309707;0.00123266563945;0.00277349768875;0.0138674884438;0;0.179352850539;0;0;0;0;0;0;0;0;0;0;0;0;0
EC;2020;0.777564717162;0;0.036752956216;0.00127836369447;0.00255672738894;0.01502077341;0;0.166826462128;0;0;0;0;0;0;0;0;0;0;0;0;0
EC;2021;0.796077210461;0;0.0351805728518;0.00124533001245;0.00186799501868;0.0127646326276;0;0.152864259029;0;0;0;0;0;0;0;0;0;0;0;0;0
EC;2022;0.745311554749;0;0.0314579552329;0.00120992135511;0.00181488203267;0.0117967332123;0;0.208408953418;0;0;0;0;0;0;0;0;0;0;0;0;0
EC;2023;0.718313791178;0;0.0265214963707;0.00111669458403;0.00586264656616;0.0108877721943;0;0.237297599107;0;0;0;0;0;0;0;0;0;0;0;0;0
EC;2024;0.704225352113;0;0.0290875688916;0.0012247397428;0.00704225352113;0.0119412124923;0;0.246478873239;0;0;0;0;0;0;0;0;0;0;0;0;0
EC;2025;0.779305255678;0;0.0262647243707;0.00103856350269;0.00532947060592;0.00839049987701;0;0.179671485966;0;0;0;0;0;0;0;0;0;0;0;0;0
EE;1990;0;0;0.0558789289872;0;0;0;0;0.944121071013;0;0;0;0;0;0;0;0;0;0;0;0;0
EE;1991;0;0;0.0663021189337;0;0;0;0;0.933697881066;0;0;0;0;0;0;0;0;0;0;0;0;0
EE;1992;0;0;0.0245139475909;0;0;0;0;0.975486052409;0;0;0;0;0;0;0;0;0;0;0;0;0
EE;1993;0;0;0.0142543859649;0;0;0;0;0.985745614035;0;0;0;0;0;0;0;0;0;0;0;0;0
EE;1994;0;0;0.024043715847;0;0;0;0;0.975956284153;0;0;0;0;0;0;0;0;0;0;0;0;0
EE;1995;0;0;0.029919447641;0;0;0.00115074798619;0;0.968929804373;0;0;0;0;0;0;0;0;0;0;0;0;0
EE;1996;0;0;0.031903190319;0;0;0;0;0.968096809681;0;0;0;0;0;0;0;0;0;0;0;0;0
EE;1997;0;0;0.0281995661605;0;0;0.00108459869848;0;0.970715835141;0;0;0;0;0;0;0;0;0;0;0;0;0
EE;1998;0;0;0.0315789473684;0;0;0.00116959064327;0;0.967251461988;0;0;0;0;0;0;0;0;0;0;0;0;0
EE;1999;0;0;0.0278113663845;0;0;0.00120918984281;0;0.970979443773;0;0;0;0;0;0;0;0;0;0;0;0;0
EE;2000;0;0;0.0705052878966;0;0;0.00117508813161;0;0.928319623972;0;0;0;0;0;0;0;0;0;0;0;0;0
EE;2001;0.00117785630153;0;0.0706713780919;0;0;0.00117785630153;0;0.926972909305;0;0;0;0;0;0;0;0;0;0;0;0;0
EE;2002;0.00117233294256;0;0.0621336459555;0;0;0.00234466588511;0;0.934349355217;0;0;0;0;0;0;0;0;0;0;0;0;0
EE;2003;0.000984251968504;0;0.0492125984252;0;0.000984251968504;0.00295275590551;0;0.945866141732;0;0;0;0;0;0;0;0;0;0;0;0;0
EE;2004;0.00193986420951;0;0.0475266731329;0;0.000969932104753;0.00290979631426;0;0.946653734239;0;0;0;0;0;0;0;0;0;0;0;0;0
EE;2005;0.00196078431373;0;0.0529411764706;0;0.00490196078431;0.00392156862745;0;0.936274509804;0;0;0;0;0;0;0;0;0;0;0;0;0
EE;2006;0.00102774922919;0;0.0554984583762;0;0.0082219938335;0.00411099691675;0;0.931140801644;0;0;0;0;0;0;0;0;0;0;0;0;0
EE;2007;0.00164203612479;0;0.0279146141215;0;0.00738916256158;0.00246305418719;0;0.960591133005;0;0;0;0;0;0;0;0;0;0;0;0;0
EE;2008;0.00283553875236;0;0.0396975425331;0;0.0122873345936;0.00378071833648;0;0.941398865784;0;0;0;0;0;0;0;0;0;0;0;0;0
EE;2009;0.00341685649203;0;0.0125284738041;0;0.0227790432802;0.0353075170843;0;0.925968109339;0;0;0;0;0;0;0;0;0;0;0;0;0
EE;2010;0.00231303006939;0;0.0231303006939;0;0.0215882806476;0.0570547417116;0;0.895913646877;0;0;0;0;0;0;0;0;0;0;0;0;0
EE;2011;0.00232738557021;0;0.0193948797517;0;0.0287044220326;0.0605120248254;0;0.88906128782;0;0;0;0;0;0;0;0;0;0;0;0;0
EE;2012;0.00334448160535;0;0.0108695652174;0;0.0359531772575;0.0836120401338;0;0.866220735786;0;0;0;0;0;0;0;0;0;0;0;0;0
EE;2013;0.00225903614458;0;0.00677710843373;0;0.0399096385542;0.0504518072289;0.000753012048193;0.89984939759;0;0;0;0;0;0;0;0;0;0;0;0;0
EE;2014;0.00240963855422;0;0.00562248995984;0;0.0481927710843;0.0610441767068;0.000803212851406;0.881927710843;0;0;0;0;0;0;0;0;0;0;0;0;0
EE;2015;0.00295566502463;0;0.00591133004926;0;0.0699507389163;0.0807881773399;0;0.84039408867;0;0;0;0;0;0;0;0;0;0;0;0;0
EE;2016;0.00328677074774;0;0.00575184880855;0.000821692686935;0.0484798685292;0.0780608052588;0;0.863599013969;0;0;0;0;0;0;0;0;0;0;0;0;0
EE;2017;0.00227963525836;0;0.00455927051672;0.000759878419453;0.0547112462006;0.0835866261398;0.00151975683891;0.852583586626;0;0;0;0;0;0;0;0;0;0;0;0;0
EE;2018;0.000808407437348;0;0.00485044462409;0.00242522231205;0.0517380759903;0.105901374293;0;0.834276475344;0;0;0;0;0;0;0;0;0;0;0;0;0
EE;2019;0.00262812089356;0;0.00525624178712;0.00919842312746;0.0906701708279;0.178712220762;0;0.713534822602;0;0;0;0;0;0;0;0;0;0;0;0;0
EE;2020;0.00493421052632;0;0.00493421052632;0.0411184210526;0.138157894737;0.304276315789;0;0.506578947368;0;0;0;0;0;0;0;0;0;0;0;0;0
EE;2021;0.00278164116829;0;0.00556328233658;0.0486787204451;0.101529902643;0.246175243394;0;0.595271210014;0;0;0;0;0;0;0;0;0;0;0;0;0
EE;2022;0.00223713646532;0;0.00671140939597;0.0671140939597;0.0749440715884;0.175615212528;0;0.673378076063;0;0;0;0;0;0;0;0;0;0;0;0;0
EE;2023;0.00348432055749;0;0.00348432055749;0.12543554007;0.118466898955;0.240418118467;0;0.508710801394;0;0;0;0;0;0;0;0;0;0;0;0;0
EE;2024;0.00480230510645;0;0.0128061469505;0.171282215463;0.165999679846;0.214502961421;0;0.430606691212;0;0;0;0;0;0;0;0;0;0;0;0;0
EG;1985;0.302383234721;0;0.305292037153;0;0;0;0;0.392324728126;0;0;0;0;0;0;0;0;0;0;0;0;0
EG;1986;0.276393210314;0;0.316964973353;0;0;0;0;0.406641816333;0;0;0;0;0;0;0;0;0;0;0;0;0
EG;1987;0.251577618847;0;0.328593465152;0;0;0;0;0.419828916001;0;0;0;0;0;0;0;0;0;0;0;0;0
EG;1988;0.228062924599;0;0.339834164234;0;0;0;0;0.432102911167;0;0;0;0;0;0;0;0;0;0;0;0;0
EG;1989;0.233589402669;0;0.33769143645;0;0;0;0;0.42871916088;0;0;0;0;0;0;0;0;0;0;0;0;0
EG;1990;0.237241675208;0;0.392010106548;0;0;0;0;0.370748218244;0;0;0;0;0;0;0;0;0;0;0;0;0
EG;1991;0.229133931047;0;0.47153156484;0;0;0;0;0.299334504113;0;0;0;0;0;0;0;0;0;0;0;0;0
EG;1992;0.217845551949;0;0.510025341217;0;0;0;0;0.272129106833;0;0;0;0;0;0;0;0;0;0;0;0;0
EG;1993;0.215936323177;0;0.559996576515;0;0;0;0;0.224067100308;0;0;0;0;0;0;0;0;0;0;0;0;0
EG;1994;0.22096807415;0;0.60333676622;0;0;0;0;0.175695159629;0;0;0;0;0;0;0;0;0;0;0;0;0
EG;1995;0.220958698571;0;0.601160862355;0;0;0;0;0.177880439074;0;0;0;0;0;0;0;0;0;0;0;0;0
EG;1996;0.214377718457;0;0.588269334877;0;0;0;0;0.197352946667;0;0;0;0;0;0;0;0;0;0;0;0;0
EG;1997;0.207297958896;0;0.575506753782;0;0;0;0;0.217195287322;0;0;0;0;0;0;0;0;0;0;0;0;0
EG;1998;0.199416775129;0;0.535940820798;0;0;0;0;0.264642404073;0;0;0;0;0;0;0;0;0;0;0;0;0
EG;1999;0.204475954297;0;0.566355794246;0;0.000182567816337;0;0;0.22898568364;0;0;0;0;0;0;0;0;0;0;0;0;0
EG;2000;0.193376796967;0;0.575411222346;0;0.00109113723779;0;0;0.230120843449;0;0;0;0;0;0;0;0;0;0;0;0;0
EG;2001;0.178583375664;0;0.600535229765;1.23895778871e-05;0.00221773444179;0;0;0.218651270551;0;0;0;0;0;0;0;0;0;0;0;0;0
EG;2002;0.162277497536;0;0.666214414101;1.15962196324e-05;0.00245839856207;0;0;0.169038093581;0;0;0;0;0;0;0;0;0;0;0;0;0
EG;2003;0.14035601549;0;0.694512241422;1.08475164611e-05;0.00310238970788;0;0;0.162018505863;0;0;0;0;0;0;0;0;0;0;0;0;0
EG;2004;0.130601610129;0;0.757717321609;1.01778062756e-05;0.00512961436292;0;0;0.106541276093;0;0;0;0;0;0;0;0;0;0;0;0;0
EG;2005;0.120478713268;0;0.731695696917;9.52852841407e-06;0.00485954949118;0;0;0.142956511796;0;0;0;0;0;0;0;0;0;0;0;0;0
EG;2006;0.114489391999;0;0.743858643573;8.95567834786e-06;0.00541818540045;0;0;0.136224823349;0;0;0;0;0;0;0;0;0;0;0;0;0
EG;2007;0.118614798068;0;0.744258219527;8.34257969249e-06;0.00552278775643;0;0;0.131595852069;0;0;0;0;0;0;0;0;0;0;0;0;0
EG;2008;0.117211339126;0;0.736507418881;1.55287942668e-05;0.00722088933405;0;0;0.139044823865;0;0;0;0;0;0;0;0;0;0;0;0;0
EG;2009;0.102571741381;0;0.73539291114;1.48956929104e-05;0.00772341677404;0;0;0.154297035012;0;0;0;0;0;0;0;0;0;0;0;0;0
EG;2010;0.0896898865202;0;0.762322493094;0.000173093034044;0.00975552339872;0;0;0.138059003953;0;0;0;0;0;0;0;0;0;0;0;0;0
EG;2011;0.0868524511246;0;0.78531598513;0.00163809472868;0.0099957208954;0;0;0.116197748121;0;0;0;0;0;0;0;0;0;0;0;0;0
EG;2012;0.0800093348318;0;0.777216869024;0.00309523370857;0.0082048258624;0;0;0.131473736574;0;0;0;0;0;0;0;0;0;0;0;0;0
EG;2013;0.080187564748;0;0.746175702611;0.000151457322356;0.0095539278942;0;0;0.163931347425;0;0;0;0;0;0;0;0;0;0;0;0;0
EG;2014;0.07934755948;0;0.727892825023;0.000817594636579;0.00600348061717;0;0;0.185938540243;0;0;0;0;0;0;0;0;0;0;0;0;0
EG;2015;0.0752487117583;0;0.713864615012;0.000230976093974;0.0104214213829;0;0;0.200234275752;0;0;0;0;0;0;0;0;0;0;0;0;0
EG;2016;0.0701301323641;0;0.735808451962;0.00124340437742;0.0127369243277;0;0;0.180081086969;0;0;0;0;0;0;0;0;0;0;0;0;0
EG;2017;0.0661863652361;0;0.78633314701;0.0031209241662;0.0109206467507;0;0;0.133438916837;0;0;0;0;0;0;0;0;0;0;0;0;0
EG;2018;0.0648100783358;0;0.838448730679;0.00277334777681;0.0149800900711;0;0;0.0789877531369;0;0;0;0;0;0;0;0;0;0;0;0;0
EG;2019;0.0654205141501;0;0.856674178816;0.00742406413913;0.0248299794579;0;0;0.0456512634371;0;0;0;0;0;0;0;0;0;0;0;0;0
EG;2020;0.0708923473524;0;0.840149840643;0.0224207118438;0.0263429518003;0;0;0.0401941483604;0;0;0;0;0;0;0;0;0;0;0;0;0
EG;2021;0.0710882163554;0;0.855920440724;0.0237103813408;0.0261667978345;0;0;0.0231141637452;0;0;0;0;0;0;0;0;0;0;0;0;0
EG;2022;0.0678691898427;0;0.844747151737;0.0230860454707;0.027211355215;0;0;0.037086257735;0;0;0;0;0;0;0;0;0;0;0;0;0
EG;2023;0.0678268549644;0;0.808330103912;0.0224497336854;0.0267621373661;0;0;0.0746311700718;0;0;0;0;0;0;0;0;0;0;0;0;0
EG;2024;0.0652225278898;0;0.781155592311;0.026370862939;0.0260628512599;0;0;0.101188165601;0;0;0;0;0;0;0;0;0;0;0;0;0
EG;2025;0.0612165763268;0;0.760785090216;0.0384954912589;0.0409540545669;0;0;0.0985487876313;0;0;0;0;0;0;0;0;0;0;0;0;0
ER;2000;0;0;0;0;0;0;0;1;0;0;0;0;0;0;0;0;0;0;0;0;0
ER;2001;0;0;0;0;0;0;0;1;0;0;0;0;0;0;0;0;0;0;0;0;0
ER;2002;0;0;0;0;0;0;0;1;0;0;0;0;0;0;0;0;0;0;0;0;0
ER;2003;0;0;0;0;0;0;0;1;0;0;0;0;0;0;0;0;0;0;0;0;0
ER;2004;0;0;0;0;0;0;0;1;0;0;0;0;0;0;0;0;0;0;0;0;0
ER;2005;0;0;0;0;0;0;0;1;0;0;0;0;0;0;0;0;0;0;0;0;0
ER;2006;0;0;0;0;0;0;0;1;0;0;0;0;0;0;0;0;0;0;0;0;0
ER;2007;0;0;0;0;0;0;0;1;0;0;0;0;0;0;0;0;0;0;0;0;0
ER;2008;0;0;0;0;0;0;0;1;0;0;0;0;0;0;0;0;0;0;0;0;0
ER;2009;0;0;0;0;0;0;0;1;0;0;0;0;0;0;0;0;0;0;0;0;0
ER;2010;0;0;0;0;0;0;0;1;0;0;0;0;0;0;0;0;0;0;0;0;0
ER;2011;0;0;0;0;0;0;0;1;0;0;0;0;0;0;0;0;0;0;0;0;0
ER;2012;0;0;0;0;0;0;0;1;0;0;0;0;0;0;0;0;0;0;0;0;0
ER;2013;0;0;0;0;0;0;0;1;0;0;0;0;0;0;0;0;0;0;0;0;0
ER;2014;0;0;0;0;0;0;0;1;0;0;0;0;0;0;0;0;0;0;0;0;0
ER;2015;0;0;0;0;0;0;0;1;0;0;0;0;0;0;0;0;0;0;0;0;0
ER;2016;0;0;0;0;0;0;0;1;0;0;0;0;0;0;0;0;0;0;0;0;0
ER;2017;0;0;0;0.0294117647059;0;0;0;0.970588235294;0;0;0;0;0;0;0;0;0;0;0;0;0
ER;2018;0;0;0;0.128205128205;0;0;0;0.871794871795;0;0;0;0;0;0;0;0;0;0;0;0;0
ER;2019;0;0;0;0.125;0;0;0;0.875;0;0;0;0;0;0;0;0;0;0;0;0;0
ER;2020;0;0;0;0.121951219512;0;0;0;0.878048780488;0;0;0;0;0;0;0;0;0;0;0;0;0
ER;2021;0;0;0;0.119047619048;0;0;0;0.880952380952;0;0;0;0;0;0;0;0;0;0;0;0;0
ER;2022;0;0;0;0.113636363636;0;0;0;0.886363636364;0;0;0;0;0;0;0;0;0;0;0;0;0
ER;2023;0;0;0;0.102040816327;0;0;0;0.897959183673;0;0;0;0;0;0;0;0;0;0;0;0;0
ER;2024;0;0;0;0.111111111111;0;0;0;0.888888888889;0;0;0;0;0;0;0;0;0;0;0;0;0
ES;1990;0.168496956867;0.359023551204;0.0099894151892;6.61550674782e-05;6.61550674782e-05;0.00357237364382;0.395210373115;0.0635750198465;0;0;0;0;0;0;0;0;0;0;0;0;0
ES;1991;0.17613599638;0.359252795553;0.00879064055329;6.46370628919e-05;6.46370628919e-05;0.00349040139616;0.380065929804;0.0721349621873;0;0;0;0;0;0;0;0;0;0;0;0;0
ES;1992;0.120778806256;0.356080434089;0.0109160548995;6.38365783594e-05;0.000638365783594;0.00363868496649;0.409958506224;0.0979253112033;0;0;0;0;0;0;0;0;0;0;0;0;0
ES;1993;0.15742650851;0.361397627643;0.00773594636411;6.44662197009e-05;0.000773594636411;0.00373904074265;0.402398143373;0.0664646725116;0;0;0;0;0;0;0;0;0;0;0;0;0
ES;1994;0.176290654847;0.345277482989;0.0202259816468;6.24258692802e-05;0.00106123977776;0.00399525563393;0.384356077158;0.0687308820775;0;0;0;0;0;0;0;0;0;0;0;0;0
ES;1995;0.139819470528;0.335978675713;0.0227176349428;0.000121160719695;0.00163566971588;0.00611861634458;0.399285151754;0.0943236202823;0;0;0;0;0;0;0;0;0;0;0;0;0
ES;1996;0.22972114774;0.325212170198;0.0392009699209;0.000115466774436;0.00207840193984;0.00623520581953;0.311413890653;0.0860227469546;0;0;0;0;0;0;0;0;0;0;0;0;0
ES;1997;0.183736054566;0.292391476762;0.0960714852218;0.000105747369534;0.00391265267276;0.007719557976;0.331359382435;0.0847036429969;0;0;0;0;0;0;0;0;0;0;0;0;0
ES;1998;0.175758829309;0.305031283934;0.0838202595791;0.0001034179637;0.00698071254977;0.00791147422307;0.318423910233;0.101970112208;0;0;0;0;0;0;0;0;0;0;0;0;0
ES;1999;0.110976024899;0.286193648787;0.09269075524;0.000145893108982;0.0133249039537;0.00787822788504;0.357973058406;0.130817487721;0;0;0;0;0;0;0;0;0;0;0;0;0
ES;2000;0.127919608908;0.281595147565;0.0913452833605;4.52652543907e-05;0.0214104653268;0.00674452290422;0.358002896976;0.112936809705;0;0;0;0;0;0;0;0;0;0;0;0;0
ES;2001;0.175440854679;0.273351353671;0.100227399494;8.58111297035e-05;0.0290041618398;0.00699360707084;0.301497404213;0.113399407903;0;0;0;0;0;0;0;0;0;0;0;0;0
ES;2002;0.0884498353549;0.262681839023;0.135008961694;8.33645950565e-05;0.0389312658914;0.0107957150598;0.338376891334;0.125672127048;0;0;0;0;0;0;0;0;0;0;0;0;0
ES;2003;0.157326078508;0.240497473766;0.153012048193;7.77302759425e-05;0.0469102215313;0.0123591138749;0.290439176059;0.0993781577925;0;0;0;0;0;0;0;0;0;0;0;0;0
ES;2004;0.112360362966;0.229962763458;0.200498897365;7.23039658725e-05;0.0567586132099;0.0120386103178;0.285962185026;0.102346263693;0;0;0;0;0;0;0;0;0;0;0;0;0
ES;2005;0.0635320942445;0.198783942514;0.272956539764;0.000172735438403;0.0731707317073;0.00915497823533;0.273129275202;0.109099702895;0;0;0;0;0;0;0;0;0;0;0;0;0
ES;2006;0.0878243512974;0.203423661152;0.306404140871;0.000405967725566;0.0788254000474;0.00937108833181;0.225785716702;0.0879596738726;0;0;0;0;0;0;0;0;0;0;0;0;0
ES;2007;0.0904724044259;0.182534949977;0.314052872192;0.00172265288544;0.0913337308686;0.00960710263036;0.241171403962;0.0691048830584;0;0;0;0;0;0;0;0;0;0;0;0;0
ES;2008;0.0754059201394;0.190354756448;0.389941573324;0.00832822234417;0.106362374512;0.0105232576907;0.157235546661;0.0618483488815;0;0;0;0;0;0;0;0;0;0;0;0;0
ES;2009;0.0908434232251;0.1814804623;0.370631535498;0.0208447991194;0.131122729774;0.0120046780407;0.123520913594;0.069551458448;0;0;0;0;0;0;0;0;0;0;0;0;0
ES;2010;0.142041638684;0.208159838818;0.318502350571;0.0241437206179;0.148656816655;0.0134654130289;0.0850570852921;0.0599731363331;0;0;0;0;0;0;0;0;0;0;0;0;0
ES;2011;0.104959868286;0.1979831241;0.29330452082;0.0322425739178;0.147218220484;0.015812581464;0.150854085203;0.0576250257255;0;0;0;0;0;0;0;0;0;0;0;0;0
ES;2012;0.0699098486137;0.209117196802;0.249396155809;0.0407212110903;0.168293927539;0.0169416567443;0.187344786528;0.0582752168736;0;0;0;0;0;0;0;0;0;0;0;0;0
ES;2013;0.130995523343;0.201556171392;0.204434022596;0.046543025652;0.197683507426;0.0206068357848;0.141902934698;0.0562779791089;0;0;0;0;0;0;0;0;0;0;0;0;0
ES;2014;0.142727007725;0.208825244134;0.172241655735;0.0498105232473;0.189513190497;0.019712869844;0.159634164116;0.0575353447019;0;0;0;0;0;0;0;0;0;0;0;0;0
ES;2015;0.101526139193;0.206371540932;0.189414438792;0.0500054118411;0.177941335642;0.020781469856;0.18533751849;0.0686221452538;0;0;0;0;0;0;0;0;0;0;0;0;0
ES;2016;0.134466198744;0.216586627263;0.195160694496;0.0503878832656;0.180642777983;0.0210195788696;0.134577022534;0.0671592168452;0;0;0;0;0;0;0;0;0;0;0;0;0
ES;2017;0.06725897643;0.213084661135;0.235112710184;0.0528673177179;0.180373008297;0.0223217563698;0.165687642264;0.0632939276011;0;0;0;0;0;0;0;0;0;0;0;0;0
ES;2018;0.126492262343;0.205490051584;0.213706705969;0.0469417833456;0.187509211496;0.0217759764186;0.137582903464;0.0605011053795;0;0;0;0;0;0;0;0;0;0;0;0;0
ES;2019;0.0911208043768;0.215695697176;0.309441076445;0.0558184237764;0.205714919414;0.0205899748632;0.0475380748189;0.054007097442;7.39316871211e-05;0;0;0;0;0;0;0;0;0;0;0;0
ES;2020;0.117585848075;0.224688788685;0.2687786642;0.0796623887155;0.217520329903;0.0236636219987;0.0212741357382;0.0467106023818;0.000115620302925;0;0;0;0;0;0;0;0;0;0;0;0
ES;2021;0.109436749769;0.208901200369;0.264081255771;0.100092336103;0.229215143121;0.0256325023084;0.0179501385042;0.0446168051708;7.38688827331e-05;0;0;0;0;0;0;0;0;0;0;0;0
ES;2022;0.0612571826571;0.204039700505;0.29984328748;0.124394915549;0.218631377329;0.0236810029601;0.0273724534216;0.0407104300888;6.96500087063e-05;0;0;0;0;0;0;0;0;0;0;0;0
ES;2023;0.0895704202644;0.203754792017;0.230590089929;0.174089068826;0.230303464584;0.0211386191824;0.0129697968543;0.0375479201748;3.58281681058e-05;0;0;0;0;0;0;0;0;0;0;0;0
ES;2024;0.122489516663;0.194110820797;0.186315062544;0.207495318985;0.221349698493;0.0219633919736;0.0091840439695;0.0370565495048;3.55970696492e-05;0;0;0;0;0;0;0;0;0;0;0;0
ET;2000;0.96449704142;0;0;0;0;0.0236686390533;0;0.0118343195266;0;0;0;0;0;0;0;0;0;0;0;0;0
ET;2001;0.96568627451;0;0;0;0;0.0245098039216;0;0.00980392156863;0;0;0;0;0;0;0;0;0;0;0;0;0
ET;2002;0.970873786408;0;0;0;0;0.0194174757282;0;0.00970873786408;0;0;0;0;0;0;0;0;0;0;0;0;0
ET;2003;0.969957081545;0;0;0;0;0.0214592274678;0;0.00858369098712;0;0;0;0;0;0;0;0;0;0;0;0;0
ET;2004;0.972762645914;0;0;0;0;0.0194552529183;0;0.00778210116732;0;0;0;0;0;0;0;0;0;0;0;0;0
ET;2005;0.975694444444;0;0;0;0;0.0208333333333;0;0.00347222222222;0;0;0;0;0;0;0;0;0;0;0;0;0
ET;2006;0.97583081571;0;0;0;0;0.0181268882175;0;0.00604229607251;0;0;0;0;0;0;0;0;0;0;0;0;0
ET;2007;0.97667638484;0;0;0;0;0.0116618075802;0;0.0116618075802;0;0;0;0;0;0;0;0;0;0;0;0;0
ET;2008;0.978978978979;0;0;0;0;0.015015015015;0;0.003003003003;0.003003003003;0;0;0;0;0;0;0;0;0;0;0;0
ET;2009;0.96408839779;0;0;0;0;0.0138121546961;0;0.0165745856354;0.00552486187845;0;0;0;0;0;0;0;0;0;0;0;0
ET;2010;0.974051896208;0;0;0;0;0.0119760479042;0;0.00998003992016;0.00399201596806;0;0;0;0;0;0;0;0;0;0;0;0
ET;2011;0.977917981073;0;0;0;0.00473186119874;0.00788643533123;0;0.00788643533123;0.00157728706625;0;0;0;0;0;0;0;0;0;0;0;0
ET;2012;0.965653896962;0;0;0;0.0250990752972;0.00528401585205;0;0.00264200792602;0.00132100396301;0;0;0;0;0;0;0;0;0;0;0;0
ET;2013;0.952710495963;0;0;0.00115340253749;0.0415224913495;0.00346020761246;0;0.00115340253749;0;0;0;0;0;0;0;0;0;0;0;0;0
ET;2014;0.941921858501;0;0;0.00211193241816;0.0527983104541;0.00316789862724;0;0;0;0;0;0;0;0;0;0;0;0;0;0;0
ET;2015;0.922040423484;0;0;0.00192492781521;0.0731472569779;0.00288739172281;0;0;0;0;0;0;0;0;0;0;0;0;0;0;0
ET;2016;0.933440256616;0;0;0.00160384923817;0.0625501202887;0.00240577385726;0;0;0;0;0;0;0;0;0;0;0;0;0;0;0
ET;2017;0.956554878049;0;0;0.0015243902439;0.0403963414634;0.0015243902439;0;0;0;0;0;0;0;0;0;0;0;0;0;0;0
ET;2018;0.959241040056;0;0;0.00140548137737;0.0372452565004;0.00210822206606;0;0;0;0;0;0;0;0;0;0;0;0;0;0;0
ET;2019;0.940561724363;0;0;0.00130633572828;0.055519268452;0.00195950359242;0;0.000653167864141;0;0;0;0;0;0;0;0;0;0;0;0;0
ET;2020;0.956466069142;0;0;0.00192061459667;0.039052496799;0.00192061459667;0;0.000640204865557;0;0;0;0;0;0;0;0;0;0;0;0;0
ET;2021;0.944866920152;0;0;0.00190114068441;0.0519645120406;0.00126742712294;0;0;0;0;0;0;0;0;0;0;0;0;0;0;0
ET;2022;0.963239517519;0;0;0.00229753015508;0.0321654221712;0.000574382538771;0;0;0.00172314761631;0;0;0;0;0;0;0;0;0;0;0;0
ET;2023;0.963984243106;0;0;0.00225098480585;0.0315137872819;0.000562746201463;0;0;0.00168823860439;0;0;0;0;0;0;0;0;0;0;0;0
ET;2024;0.969047619048;0;0;0.0015873015873;0.0277777777778;0.000396825396825;0;0;0.00119047619048;0;0;0;0;0;0;0;0;0;0;0;0
ET;2025;0.964638897213;0;0;0.0011986814504;0.0329637398861;0.000299670362601;0;0;0.000899011087803;0;0;0;0;0;0;0;0;0;0;0;0
FI;1990;0.199779249448;0.353568800589;0.0857247976453;0;0;0.0949227373068;0.17770419426;0.0883002207506;0;0;0;0;0;0;0;0;0;0;0;0;0
FI;1991;0.227743271222;0.336611456177;0.0854037267081;0;0;0.0862663906142;0.168909592823;0.0950655624569;0;0;0;0;0;0;0;0;0;0;0;0;0
FI;1992;0.261871750433;0.333795493934;0.0897746967071;0;0;0.0857885615251;0.132755632582;0.096013864818;0;0;0;0;0;0;0;0;0;0;0;0;0
FI;1993;0.22076645922;0.326400262037;0.0908942024238;0;0;0.0976089092696;0.161152964297;0.103177202751;0;0;0;0;0;0;0;0;0;0;0;0;0
FI;1994;0.179670832063;0.296098750381;0.0979884181652;0;0.000152392563243;0.0985979884182;0.213044803414;0.114446814995;0;0;0;0;0;0;0;0;0;0;0;0;0
FI;1995;0.20203125;0.3003125;0.10359375;0;0.00015625;0.10328125;0.17296875;0.11765625;0;0;0;0;0;0;0;0;0;0;0;0;0
FI;1996;0.17111527918;0.281056124657;0.122781705382;0;0.000144279324773;0.0849805222912;0.218150339056;0.121771750108;0;0;0;0;0;0;0;0;0;0;0;0;0
FI;1997;0.177108956736;0.302271740703;0.0995514397338;0;0.000289393720156;0.114165822602;0.18579076834;0.120821878165;0;0;0;0;0;0;0;0;0;0;0;0;0
FI;1998;0.214662672943;0.311653116531;0.125802310655;0;0.000285266010555;0.133076593924;0.11325060619;0.101269433747;0;0;0;0;0;0;0;0;0;0;0;0;0
FI;1999;0.184096802074;0.330884471334;0.137424373379;0;0.000720253529242;0.120426390089;0.128925381734;0.0975223278594;0;0;0;0;0;0;0;0;0;0;0;0;0
FI;2000;0.209518365014;0.321280548807;0.144776332714;0;0.00114334714878;0.123481492068;0.121337716164;0.0784621980849;0;0;0;0;0;0;0;0;0;0;0;0;0
FI;2001;0.177300201478;0.305842847549;0.157018132975;0;0.000940228341169;0.111081262592;0.142511752854;0.105305574211;0;0;0;0;0;0;0;0;0;0;0;0;0
FI;2002;0.1438868126;0.297650827549;0.155232247731;0;0.000800854244527;0.119994660972;0.169647624132;0.112786972771;0;0;0;0;0;0;0;0;0;0;0;0;0
FI;2003;0.113787375415;0.269696250593;0.164333175131;0;0.00106786900807;0.111295681063;0.228405315615;0.111414333175;0;0;0;0;0;0;0;0;0;0;0;0;0
FI;2004;0.17555917987;0.264678471575;0.148532152842;0;0.00139794967381;0.121621621622;0.192218080149;0.0959925442684;0;0;0;0;0;0;0;0;0;0;0;0;0
FI;2005;0.19529478458;0.329790249433;0.159155328798;0;0.00240929705215;0.134778911565;0.0921201814059;0.0864512471655;0;0;0;0;0;0;0;0;0;0;0;0;0
FI;2006;0.139628144367;0.278405638595;0.149714424596;0;0.00194434317657;0.131364685867;0.198444525459;0.100498237939;0;0;0;0;0;0;0;0;0;0;0;0;0
FI;2007;0.174695084391;0.288530245164;0.130097326598;0;0.00234076629297;0.122582234816;0.171122335838;0.110632006899;0;0;0;0;0;0;0;0;0;0;0;0;0
FI;2008;0.221202327085;0.296832579186;0.142598577893;0;0.00336134453782;0.134453781513;0.10989010989;0.0916612798966;0;0;0;0;0;0;0;0;0;0;0;0;0
FI;2009;0.176103247294;0.326533444352;0.136275326117;0;0.00388565084652;0.121149042465;0.154454621149;0.0815986677769;0;0;0;0;0;0;0;0;0;0;0;0;0
FI;2010;0.160218253968;0.282738095238;0.139632936508;0;0.00359623015873;0.136036706349;0.180307539683;0.0974702380952;0;0;0;0;0;0;0;0;0;0;0;0;0
FI;2011;0.169387755102;0.315510204082;0.128571428571;0.000136054421769;0.0065306122449;0.152925170068;0.13306122449;0.0938775510204;0;0;0;0;0;0;0;0;0;0;0;0;0
FI;2012;0.239454622923;0.326516119869;0.0955830137765;0.0001420252805;0.0069592387445;0.15906831416;0.100837949155;0.0714387160915;0;0;0;0;0;0;0;0;0;0;0;0;0
FI;2013;0.18018523716;0.331321919731;0.0952848722986;0.000140331181589;0.0108055009823;0.168537749088;0.150014033118;0.0637103564412;0;0;0;0;0;0;0;0;0;0;0;0;0
FI;2014;0.196769456681;0.346255506608;0.0810572687225;0.00014684287812;0.0162995594714;0.17268722467;0.116299559471;0.0704845814978;0;0;0;0;0;0;0;0;0;0;0;0;0
FI;2015;0.244425010931;0.338871884565;0.075790701064;0.0001457513482;0.0339600641306;0.166448039644;0.0746246902784;0.0657338580382;0;0;0;0;0;0;0;0;0;0;0;0;0
FI;2016;0.229818181818;0.337454545455;0.0544;0.000290909090909;0.0446545454545;0.167563636364;0.101381818182;0.0644363636364;0;0;0;0;0;0;0;0;0;0;0;0;0
FI;2017;0.21875;0.332938388626;0.0488744075829;0.000740521327014;0.070941943128;0.175651658768;0.0867890995261;0.0653139810427;0;0;0;0;0;0;0;0;0;0;0;0;0
FI;2018;0.189377758793;0.324505197209;0.0598035027766;0.00128150363093;0.0831553467179;0.183824576392;0.0824434002563;0.0756087142247;0;0;0;0;0;0;0;0;0;0;0;0;0
FI;2019;0.181023174464;0.347908468153;0.056114269057;0.002186270223;0.0877423116164;0.193703541758;0.0635475878152;0.067774376913;0;0;0;0;0;0;0;0;0;0;0;0;0
FI;2020;0.229347198151;0.336366262276;0.0576256499133;0.00317735413056;0.119295205084;0.16709994223;0.0352397458117;0.0518486424032;0;0;0;0;0;0;0;0;0;0;0;0;0
FI;2021;0.218971016503;0.327277770073;0.0531132991263;0.00416031063653;0.118014145056;0.188323394813;0.0370267646651;0.0531132991263;0;0;0;0;0;0;0;0;0;0;0;0;0
FI;2022;0.186919772759;0.35111542192;0.013301926008;0.00540390744076;0.166551198559;0.176804766523;0.0476652348621;0.0522377719274;0;0;0;0;0;0;0;0;0;0;0;0;0
FI;2023;0.186457311089;0.420878312071;0.00809617271835;0.00883218842002;0.184494602552;0.139106967615;0.0191364082434;0.0329980372915;0;0;0;0;0;0;0;0;0;0;0;0;0
FI;2024;0.17354368932;0.395631067961;0.00995145631068;0.0114077669903;0.246723300971;0.12609223301;0.010072815534;0.0265776699029;0;0;0;0;0;0;0;0;0;0;0;0;0
FI;2025;0.151609881889;0.399022028682;0.011433993018;0.0118962182676;0.273783313668;0.125859069954;0.00182457335393;0.023074771016;0.00149615015022;0;0;0;0;0;0;0;0;0;0;0;0
FJ;2000;0.546666666667;0;0;0;0;0.173333333333;0;0.28;0;0;0;0;0;0;0;0;0;0;0;0;0
FJ;2001;0.582278481013;0;0;0;0;0.164556962025;0;0.253164556962;0;0;0;0;0;0;0;0;0;0;0;0;0
FJ;2002;0.542168674699;0;0;0;0;0.156626506024;0;0.301204819277;0;0;0;0;0;0;0;0;0;0;0;0;0
FJ;2003;0.390804597701;0;0;0;0;0.149425287356;0;0.459770114943;0;0;0;0;0;0;0;0;0;0;0;0;0
FJ;2004;0.420454545455;0;0;0;0;0.147727272727;0;0.431818181818;0;0;0;0;0;0;0;0;0;0;0;0;0
FJ;2005;0.38202247191;0;0;0;0;0.14606741573;0;0.47191011236;0;0;0;0;0;0;0;0;0;0;0;0;0
FJ;2006;0.377777777778;0;0;0;0;0.144444444444;0;0.477777777778;0;0;0;0;0;0;0;0;0;0;0;0;0
FJ;2007;0.573033707865;0;0;0;0.0112359550562;0.101123595506;0;0.314606741573;0;0;0;0;0;0;0;0;0;0;0;0;0
FJ;2008;0.595238095238;0;0;0;0.0238095238095;0.0595238095238;0;0.321428571429;0;0;0;0;0;0;0;0;0;0;0;0;0
FJ;2009;0.55421686747;0;0;0;0.0240963855422;0.0481927710843;0;0.373493975904;0;0;0;0;0;0;0;0;0;0;0;0;0
FJ;2010;0.465909090909;0;0;0;0.0113636363636;0.0454545454545;0;0.477272727273;0;0;0;0;0;0;0;0;0;0;0;0;0
FJ;2011;0.529411764706;0;0;0;0;0.0470588235294;0;0.423529411765;0;0;0;0;0;0;0;0;0;0;0;0;0
FJ;2012;0.604651162791;0;0;0;0.0116279069767;0.046511627907;0;0.337209302326;0;0;0;0;0;0;0;0;0;0;0;0;0
FJ;2013;0.590909090909;0;0;0;0;0.0454545454545;0;0.363636363636;0;0;0;0;0;0;0;0;0;0;0;0;0
FJ;2014;0.43956043956;0;0;0;0;0.043956043956;0;0.516483516484;0;0;0;0;0;0;0;0;0;0;0;0;0
FJ;2015;0.430107526882;0;0;0;0.010752688172;0.0430107526882;0;0.516129032258;0;0;0;0;0;0;0;0;0;0;0;0;0
FJ;2016;0.515789473684;0;0;0.0105263157895;0;0.0210526315789;0;0.452631578947;0;0;0;0;0;0;0;0;0;0;0;0;0
FJ;2017;0.480392156863;0;0;0.00980392156863;0;0.00980392156863;0;0.5;0;0;0;0;0;0;0;0;0;0;0;0;0
FJ;2018;0.509090909091;0;0;0.00909090909091;0;0.0727272727273;0;0.409090909091;0;0;0;0;0;0;0;0;0;0;0;0;0
FJ;2019;0.491228070175;0;0;0.00877192982456;0;0.0789473684211;0;0.421052631579;0;0;0;0;0;0;0;0;0;0;0;0;0
FJ;2020;0.518518518519;0;0;0.00925925925926;0;0.101851851852;0;0.37037037037;0;0;0;0;0;0;0;0;0;0;0;0;0
FJ;2021;0.518867924528;0;0;0.00943396226415;0;0.0943396226415;0;0.377358490566;0;0;0;0;0;0;0;0;0;0;0;0;0
FJ;2022;0.560747663551;0;0;0.00934579439252;0;0.0373831775701;0;0.392523364486;0;0;0;0;0;0;0;0;0;0;0;0;0
FJ;2023;0.521739130435;0;0;0.00869565217391;0;0.104347826087;0;0.365217391304;0;0;0;0;0;0;0;0;0;0;0;0;0
FJ;2024;0.521739130435;0;0;0.00869565217391;0;0.104347826087;0;0.365217391304;0;0;0;0;0;0;0;0;0;0;0;0;0
FK;2000;0;0;0;0;0;0;0;1;0;0;0;0;0;0;0;0;0;0;0;0;0
FK;2001;0;0;0;0;0;0;0;1;0;0;0;0;0;0;0;0;0;0;0;0;0
FK;2002;0;0;0;0;0;0;0;1;0;0;0;0;0;0;0;0;0;0;0;0;0
FK;2003;0;0;0;0;0;0;0;1;0;0;0;0;0;0;0;0;0;0;0;0;0
FK;2004;0;0;0;0;0;0;0;1;0;0;0;0;0;0;0;0;0;0;0;0;0
FK;2005;0;0;0;0;0;0;0;1;0;0;0;0;0;0;0;0;0;0;0;0;0
FK;2006;0;0;0;0;0;0;0;1;0;0;0;0;0;0;0;0;0;0;0;0;0
FK;2007;0;0;0;0;0;0;0;1;0;0;0;0;0;0;0;0;0;0;0;0;0
FK;2008;0;0;0;0;0;0;0;1;0;0;0;0;0;0;0;0;0;0;0;0;0
FK;2009;0;0;0;0;0;0;0;1;0;0;0;0;0;0;0;0;0;0;0;0;0
FK;2010;0;0;0;0;0;0;0;1;0;0;0;0;0;0;0;0;0;0;0;0;0
FK;2011;0;0;0;0;0.5;0;0;0.5;0;0;0;0;0;0;0;0;0;0;0;0;0
FK;2012;0;0;0;0;0.5;0;0;0.5;0;0;0;0;0;0;0;0;0;0;0;0;0
FK;2013;0;0;0;0;0.5;0;0;0.5;0;0;0;0;0;0;0;0;0;0;0;0;0
FK;2014;0;0;0;0;0.5;0;0;0.5;0;0;0;0;0;0;0;0;0;0;0;0;0
FK;2015;0;0;0;0;0.5;0;0;0.5;0;0;0;0;0;0;0;0;0;0;0;0;0
FK;2016;0;0;0;0;0.5;0;0;0.5;0;0;0;0;0;0;0;0;0;0;0;0;0
FK;2017;0;0;0;0;0;0;0;1;0;0;0;0;0;0;0;0;0;0;0;0;0
FK;2018;0;0;0;0;0;0;0;1;0;0;0;0;0;0;0;0;0;0;0;0;0
FK;2019;0;0;0;0;0;0;0;1;0;0;0;0;0;0;0;0;0;0;0;0;0
FK;2020;0;0;0;0;0;0;0;1;0;0;0;0;0;0;0;0;0;0;0;0;0
FK;2021;0;0;0;0;0;0;0;1;0;0;0;0;0;0;0;0;0;0;0;0;0
FK;2022;0;0;0;0;0;0;0;1;0;0;0;0;0;0;0;0;0;0;0;0;0
FK;2023;0;0;0;0;0;0;0;1;0;0;0;0;0;0;0;0;0;0;0;0;0
FO;2000;0.363636363636;0;0;0;0;0;0;0.636363636364;0;0;0;0;0;0;0;0;0;0;0;0;0
FO;2001;0.333333333333;0;0;0;0;0;0;0.666666666667;0;0;0;0;0;0;0;0;0;0;0;0;0
FO;2002;0.416666666667;0;0;0;0;0;0;0.583333333333;0;0;0;0;0;0;0;0;0;0;0;0;0
FO;2003;0.333333333333;0;0;0;0;0;0;0.666666666667;0;0;0;0;0;0;0;0;0;0;0;0;0
FO;2004;0.36;0;0;0;0.04;0;0;0.6;0;0;0;0;0;0;0;0;0;0;0;0;0
FO;2005;0.4;0;0;0;0.04;0;0;0.56;0;0;0;0;0;0;0;0;0;0;0;0;0
FO;2006;0.4;0;0;0;0.04;0;0;0.56;0;0;0;0;0;0;0;0;0;0;0;0;0
FO;2007;0.37037037037;0;0;0;0.0740740740741;0;0;0.555555555556;0;0;0;0;0;0;0;0;0;0;0;0;0
FO;2008;0.333333333333;0;0;0;0.037037037037;0;0;0.62962962963;0;0;0;0;0;0;0;0;0;0;0;0;0
FO;2009;0.333333333333;0;0;0;0.037037037037;0;0;0.62962962963;0;0;0;0;0;0;0;0;0;0;0;0;0
FO;2010;0.25;0;0;0;0.0357142857143;0;0;0.714285714286;0;0;0;0;0;0;0;0;0;0;0;0;0
FO;2011;0.333333333333;0;0;0;0.037037037037;0;0;0.62962962963;0;0;0;0;0;0;0;0;0;0;0;0;0
FO;2012;0.344827586207;0;0;0;0.0344827586207;0;0;0.620689655172;0;0;0;0;0;0;0;0;0;0;0;0;0
FO;2013;0.310344827586;0;0;0;0.0689655172414;0;0;0.620689655172;0;0;0;0;0;0;0;0;0;0;0;0;0
FO;2014;0.387096774194;0;0;0;0.129032258065;0;0;0.483870967742;0;0;0;0;0;0;0;0;0;0;0;0;0
FO;2015;0.40625;0;0;0;0.1875;0;0;0.40625;0;0;0;0;0;0;0;0;0;0;0;0;0
FO;2016;0.322580645161;0;0;0;0.161290322581;0;0;0.516129032258;0;0;0;0;0;0;0;0;0;0;0;0;0
FO;2017;0.333333333333;0;0;0;0.181818181818;0;0;0.484848484848;0;0;0;0;0;0;0;0;0;0;0;0;0
FO;2018;0.314285714286;0;0;0;0.171428571429;0;0;0.514285714286;0;0;0;0;0;0;0;0;0;0;0;0;0
FO;2019;0.263157894737;0;0;0;0.131578947368;0;0;0.605263157895;0;0;0;0;0;0;0;0;0;0;0;0;0
FO;2020;0.268292682927;0;0;0;0.121951219512;0;0;0.609756097561;0;0;0;0;0;0;0;0;0;0;0;0;0
FO;2021;0.255813953488;0;0;0;0.116279069767;0.0232558139535;0;0.604651162791;0;0;0;0;0;0;0;0;0;0;0;0;0
FO;2022;0.270833333333;0;0;0;0.1875;0;0;0.541666666667;0;0;0;0;0;0;0;0;0;0;0;0;0
FO;2023;0.265306122449;0;0;0;0.183673469388;0.0204081632653;0;0.530612244898;0;0;0;0;0;0;0;0;0;0;0;0;0
FR;1990;0.126694548601;0.754927410826;0.00728295356216;0;0;0.00338909720219;0.0756417652149;0.0308624170753;0.00120180751851;0;0;0;0;0;0;0;0;0;0;0;0
FR;1991;0.125061064973;0.735755207177;0.00677266065639;0;0;0.00353066571923;0.087955766754;0.0397699515921;0.0011546831283;0;0;0;0;0;0;0;0;0;0;0;0
FR;1992;0.147162733895;0.738103546037;0.00693505473895;0;0;0.00353295241418;0.0746499760108;0.0284817027958;0.00113403410826;0;0;0;0;0;0;0;0;0;0;0;0
FR;1993;0.135236182622;0.786613113423;0.00747751404704;0;0;0.00316192022561;0.0447796269789;0.0216847907364;0.00104685196659;0;0;0;0;0;0;0;0;0;0;0;0
FR;1994;0.162909229338;0.761314609593;0.00767701548092;0;0;0.00351070129431;0.0442009982235;0.0193300059217;0.00105744014889;0;0;0;0;0;0;0;0;0;0;0;0
FR;1995;0.145746919761;0.770785231197;0.00784618213768;0;0;0.003718763409;0.0494064281482;0.0214544042827;0.00104207106516;0;0;0;0;0;0;0;0;0;0;0;0
FR;1996;0.127355796688;0.78248882412;0.00811359026369;0;1.96931802517e-05;0.00380078378857;0.0552196774257;0.0220366687016;0.000964965832332;0;0;0;0;0;0;0;0;0;0;0;0
FR;1997;0.124391660491;0.792053033186;0.00981354268891;0;2.00276381406e-05;0.00432596983838;0.0444213013959;0.0239530552162;0.00102140954517;0;0;0;0;0;0;0;0;0;0;0;0
FR;1998;0.120115430988;0.766884746902;0.00982349336865;0;3.95311604372e-05;0.00421006858656;0.066273990473;0.0316249283498;0.00102781017137;0;0;0;0;0;0;0;0;0;0;0;0
FR;1999;0.136312892174;0.758825114524;0.0148208030181;0;7.69911845094e-05;0.0045039842938;0.0563575470609;0.028121030142;0.000981637602495;0;0;0;0;0;0;0;0;0;0;0;0
FR;2000;0.121638876371;0.779555355265;0.021612588253;1.87772269791e-05;9.38861348956e-05;0.00465675229082;0.0506985128436;0.0207676130389;0.000957638575935;0;0;0;0;0;0;0;0;0;0;0;0
FR;2001;0.133837080722;0.776041282713;0.0279211205308;1.84297825286e-05;0.000239587172871;0.00525248802064;0.0377441946185;0.018061186878;0.000884629561371;0;0;0;0;0;0;0;0;0;0;0;0
FR;2002;0.106813729047;0.792322763225;0.0333248675713;1.81409186561e-05;0.000489804803715;0.00551483927146;0.0429214135404;0.0177055366084;0.00088890501415;0;0;0;0;0;0;0;0;0;0;0;0
FR;2003;0.102570064207;0.788850535654;0.0346431062544;1.78849283709e-05;0.000697512206464;0.00577683186379;0.0469658219019;0.0196018814945;0.000876361490172;0;0;0;0;0;0;0;0;0;0;0;0
FR;2004;0.102489846371;0.791523927247;0.0371711107187;1.7658484902e-05;0.00104185060922;0.00584495850256;0.0430337277062;0.0180469715698;0.000829948790394;0;0;0;0;0;0;0;0;0;0;0;0
FR;2005;0.0880978318164;0.79335488632;0.0405348420424;1.75703693292e-05;0.0016867554556;0.00595635520259;0.0483360860245;0.0211722950416;0.0008433777278;0;0;0;0;0;0;0;0;0;0;0;0
FR;2006;0.0967389388331;0.793566014454;0.0383571302662;1.76273576591e-05;0.00384276396968;0.00595804688877;0.0403490216816;0.0203595980962;0.000810858452318;0;0;0;0;0;0;0;0;0;0;0;0
FR;2007;0.0996547059661;0.782660543927;0.0391392567279;3.55973230813e-05;0.00724405524705;0.00667449807774;0.0435177274669;0.0202370781717;0.000836537092411;0;0;0;0;0;0;0;0;0;0;0;0
FR;2008;0.109633496772;0.775071431091;0.0385904264701;7.05492257222e-05;0.010035627359;0.00700201065293;0.0406716286289;0.0180958763978;0.000828953402236;0;0;0;0;0;0;0;0;0;0;0;0
FR;2009;0.104921814435;0.774746156901;0.0387618885548;0.00032144005143;0.0149564165107;0.00780910242593;0.0409741524382;0.0166581579594;0.000850870724375;0;0;0;0;0;0;0;0;0;0;0;0
FR;2010;0.108827085852;0.76200298741;0.0422505156839;0.00110249662138;0.0176755103492;0.00789529838538;0.0415392275411;0.0178533323849;0.000853545771392;0;0;0;0;0;0;0;0;0;0;0;0
FR;2011;0.080576401367;0.779322129444;0.0519501109819;0.00410456963675;0.0217912130501;0.00887855406405;0.0306345347567;0.0217912130501;0.00095127364972;0;0;0;0;0;0;0;0;0;0;0;0
FR;2012;0.105410595676;0.749502281576;0.0400817491499;0.00780492961469;0.026744657235;0.00933772617558;0.0378089818355;0.0224105428214;0.000898535915009;0;0;0;0;0;0;0;0;0;0;0;0
FR;2013;0.124698742956;0.734599046381;0.0318855656697;0.00899869960988;0.0279843953186;0.00984828781968;0.0413350671868;0.0197832683138;0.00086692674469;0;0;0;0;0;0;0;0;0;0;0;0
FR;2014;0.112606169766;0.770743938832;0.0232381557804;0.0112835726016;0.0305839557839;0.0105772456782;0.0198831028942;0.0200950009712;0.000988857692783;0;0;0;0;0;0;0;0;0;0;0;0
FR;2015;0.0967691369851;0.761874074719;0.0368196464339;0.0134982147522;0.0373073238701;0.0113733344945;0.0207088739876;0.0206392057825;0.00101018897501;0;0;0;0;0;0;0;0;0;0;0;0
FR;2016;0.108868370195;0.721494524372;0.0625760503901;0.0154963853697;0.0382578197695;0.0134564454942;0.0183057762508;0.0204709755923;0.00107365256603;0;0;0;0;0;0;0;0;0;0;0;0
FR;2017;0.0899701299169;0.716810019074;0.0728758052327;0.0159607010473;0.0442832979451;0.0139993522151;0.0230503472847;0.0218807355958;0.00116961168892;0;0;0;0;0;0;0;0;0;0;0;0
FR;2018;0.112991114813;0.71661113425;0.0530161044009;0.0193495765653;0.0496320977371;0.0145425517146;0.0144210745523;0.018377759267;0.00105858669999;0;0;0;0;0;0;0;0;0;0;0;0
FR;2019;0.100633045692;0.705563021644;0.0693874664026;0.021254774367;0.0613948224643;0.0152779742538;0.00643655396803;0.0189736879332;0.00107865327486;0;0;0;0;0;0;0;0;0;0;0;0
FR;2020;0.118577524893;0.671085822665;0.0668563300142;0.0248269321954;0.075960170697;0.0166145092461;0.00586059743954;0.0190611664296;0.0011569464201;0;0;0;0;0;0;0;0;0;0;0;0
FR;2021;0.108193563628;0.689356907925;0.0605295197252;0.0277661681598;0.0674528901892;0.0174083698279;0.00988533735531;0.018353291781;0.00105395140921;0;0;0;0;0;0;0;0;0;0;0;0
FR;2022;0.0971027179367;0.629267459487;0.0976578346179;0.0412921408288;0.0815594508615;0.0206460704144;0.0088818669001;0.0223114204582;0.00128103849521;0;0;0;0;0;0;0;0;0;0;0;0
FR;2023;0.107759036145;0.651951807229;0.0578698795181;0.0435469879518;0.0973108433735;0.0191614457831;0.00310361445783;0.018178313253;0.00111807228916;0;0;0;0;0;0;0;0;0;0;0;0
FR;2024;0.125989385146;0.673968807352;0.0320642276596;0.044393897522;0.0849471737421;0.0189196658234;0.0018069343764;0.0169001509322;0.00100975744563;0;0;0;0;0;0;0;0;0;0;0;0
FR;2025;0.103448816183;0.682569280134;0.0299945505605;0.0557357526755;0.0883314094897;0.0178543136753;0.00303984706749;0.0180336402778;0.000992389936121;0;0;0;0;0;0;0;0;0;0;0;0
GA;2000;0.610687022901;0;0.175572519084;0;0;0.00763358778626;0;0.206106870229;0;0;0;0;0;0;0;0;0;0;0;0;0
GA;2001;0.621428571429;0;0.221428571429;0;0;0.00714285714286;0;0.15;0;0;0;0;0;0;0;0;0;0;0;0;0
GA;2002;0.619047619048;0;0.224489795918;0;0;0.00680272108844;0;0.149659863946;0;0;0;0;0;0;0;0;0;0;0;0;0
GA;2003;0.581699346405;0;0.228758169935;0;0;0.00653594771242;0;0.183006535948;0;0;0;0;0;0;0;0;0;0;0;0;0
GA;2004;0.575163398693;0;0.209150326797;0;0;0.00653594771242;0;0.209150326797;0;0;0;0;0;0;0;0;0;0;0;0;0
GA;2005;0.509554140127;0;0.210191082803;0;0;0.00636942675159;0;0.273885350318;0;0;0;0;0;0;0;0;0;0;0;0;0
GA;2006;0.566265060241;0;0.198795180723;0;0;0.00602409638554;0;0.228915662651;0;0;0;0;0;0;0;0;0;0;0;0;0
GA;2007;0.456647398844;0;0.196531791908;0;0;0.00578034682081;0;0.341040462428;0;0;0;0;0;0;0;0;0;0;0;0;0
GA;2008;0.486187845304;0;0.276243093923;0;0;0.00552486187845;0;0.232044198895;0;0;0;0;0;0;0;0;0;0;0;0;0
GA;2009;0.513661202186;0;0.349726775956;0;0;0.00546448087432;0;0.131147540984;0;0;0;0;0;0;0;0;0;0;0;0;0
GA;2010;0.466321243523;0;0.419689119171;0;0;0.00518134715026;0;0.108808290155;0;0;0;0;0;0;0;0;0;0;0;0;0
GA;2011;0.408866995074;0;0.472906403941;0;0;0.00492610837438;0;0.113300492611;0;0;0;0;0;0;0;0;0;0;0;0;0
GA;2012;0.416666666667;0;0.439814814815;0;0;0.00462962962963;0;0.138888888889;0;0;0;0;0;0;0;0;0;0;0;0;0
GA;2013;0.444976076555;0;0.401913875598;0;0;0.00478468899522;0;0.148325358852;0;0;0;0;0;0;0;0;0;0;0;0;0
GA;2014;0.396984924623;0;0.472361809045;0;0;0.00502512562814;0;0.125628140704;0;0;0;0;0;0;0;0;0;0;0;0;0
GA;2015;0.429245283019;0;0.462264150943;0;0;0.00471698113208;0;0.103773584906;0;0;0;0;0;0;0;0;0;0;0;0;0
GA;2016;0.374429223744;0;0.525114155251;0;0;0.00456621004566;0;0.0958904109589;0;0;0;0;0;0;0;0;0;0;0;0;0
GA;2017;0.415178571429;0;0.495535714286;0;0;0.00446428571429;0;0.0848214285714;0;0;0;0;0;0;0;0;0;0;0;0;0
GA;2018;0.467625899281;0;0.388489208633;0;0;0.00359712230216;0;0.140287769784;0;0;0;0;0;0;0;0;0;0;0;0;0
GA;2019;0.461267605634;0;0.387323943662;0;0;0.00352112676056;0;0.147887323944;0;0;0;0;0;0;0;0;0;0;0;0;0
GA;2020;0.484641638225;0;0.37542662116;0;0;0.00341296928328;0;0.136518771331;0;0;0;0;0;0;0;0;0;0;0;0;0
GA;2021;0.462837837838;0;0.375;0;0;0.00337837837838;0;0.158783783784;0;0;0;0;0;0;0;0;0;0;0;0;0
GA;2022;0.476489028213;0;0.351097178683;0;0;0.00313479623824;0;0.169278996865;0;0;0;0;0;0;0;0;0;0;0;0;0
GA;2023;0.351351351351;0;0.440154440154;0;0;0.003861003861;0;0.204633204633;0;0;0;0;0;0;0;0;0;0;0;0;0
GA;2024;0.35;0;0.442307692308;0;0;0.00384615384615;0;0.203846153846;0;0;0;0;0;0;0;0;0;0;0;0;0
GB;1985;0.0132510315676;0.204971652857;0.00972860545473;0;0;0;0.594317152538;0.177731557583;0;0;0;0;0;0;0;0;0;0;0;0;0
GB;1986;0.0158434915468;0.196233434085;0.00577938685356;0;0;0;0.668814561398;0.113329126117;0;0;0;0;0;0;0;0;0;0;0;0;0
GB;1987;0.013869120519;0.182847307272;0.0149945384132;0;0;0;0.694846248055;0.0934427857403;0;0;0;0;0;0;0;0;0;0;0;0;0
GB;1988;0.0158020853572;0.205491872288;0.0154782721326;0;0;0;0.658538954731;0.104688815491;0;0;0;0;0;0;0;0;0;0;0;0;0
GB;1989;0.0151630745756;0.228018310128;0.015735266069;0;0;0;0.635577595524;0.105505753703;0;0;0;0;0;0;0;0;0;0;0;0;0
GB;1990;0.0160125097733;0.205629397967;0.0156372165754;0;3.12744331509e-05;0.00187646598905;0.645629397967;0.115183737295;0;0;0;0;0;0;0;0;0;0;0;0;0
GB;1991;0.0140609514371;0.218471258672;0.0180252725471;0;3.0971258672e-05;0.00213701684836;0.654918235877;0.0923562933598;0;0;0;0;0;0;0;0;0;0;0;0;0
GB;1992;0.0166645900822;0.239253675554;0.0391851482681;0;9.34462995265e-05;0.00289683528532;0.603164714677;0.098741589833;0;0;0;0;0;0;0;0;0;0;0;0;0
GB;1993;0.0133081613073;0.276531212281;0.105351118814;0;0.000680882671536;0.00371390548111;0.530005261366;0.0704094580793;0;0;0;0;0;0;0;0;0;0;0;0;0
GB;1994;0.015678588927;0.270333170015;0.163094071534;0;0.00104115629593;0.0046545810877;0.494059284664;0.0511391474767;0;0;0;0;0;0;0;0;0;0;0;0;0
GB;1995;0.0137810443957;0.26364767945;0.188904036512;0;0.00115582952996;0.00486041135677;0.459990516271;0.0676604824847;0;0;0;0;0;0;0;0;0;0;0;0;0
GB;1996;0.00969019864907;0.269815031208;0.239661413059;0;0.00139652862884;0.00513010516716;0.419728104426;0.0545786188617;0;0;0;0;0;0;0;0;0;0;0;0;0
GB;1997;0.0125474092452;0.279892776685;0.316422847692;0;0.00191062822597;0.00601705306984;0.347819887644;0.0353893974392;0;0;0;0;0;0;0;0;0;0;0;0;0
GB;1998;0.0141159604091;0.274296269747;0.324777370351;0;0.00242618069532;0.00730611232114;0.339031181936;0.0380469245403;0;0;0;0;0;0;0;0;0;0;0;0;0
GB;1999;0.0145049572185;0.258400108651;0.388157001222;0;0.00230884150482;0.00931685454299;0.288415048214;0.0388971886459;0;0;0;0;0;0;0;0;0;0;0;0;0
GB;2000;0.0134991778497;0.225587439665;0.392722643611;0;0.00249297194081;0.0102901395003;0.318119132234;0.0372884951997;0;0;0;0;0;0;0;0;0;0;0;0;0
GB;2001;0.010525768641;0.23413987577;0.36881773527;0;0.0024949970112;0.0117732671466;0.341658653221;0.0305897029394;0;0;0;0;0;0;0;0;0;0;0;0;0
GB;2002;0.0123695899184;0.226861894432;0.393244499535;0;0.00322797231691;0.0131184794959;0.320937919636;0.0302396446648;0;0;0;0;0;0;0;0;0;0;0;0;0
GB;2003;0.00811129805881;0.222721679516;0.373873082042;0;0.00323949674795;0.0154943371588;0.34770598428;0.0288541221968;0;0;0;0;0;0;0;0;0;0;0;0;0
GB;2004;0.0122867587327;0.203086921202;0.39871039805;0;0.00492485783916;0.0186839967506;0.334560316816;0.0277467506093;0;0;0;0;0;0;0;0;0;0;0;0;0
GB;2005;0.0123509476591;0.20489519267;0.383180620058;2.51035521526e-05;0.00728003012426;0.0228442324589;0.337994226183;0.0314296472951;0;0;0;0;0;0;0;0;0;0;0;0;0
GB;2006;0.0115538550608;0.189921212274;0.354494424447;2.51717975181e-05;0.0106224985526;0.0233594280968;0.374682206056;0.0353412037154;0;0;0;0;0;0;0;0;0;0;0;0;0
GB;2007;0.0128020967214;0.15884176306;0.417807010912;2.52009777979e-05;0.0132809152995;0.0234873113077;0.342582092185;0.0311736095361;0;0;0;0;0;0;0;0;0;0;0;0;0
GB;2008;0.01321472645;0.134949609214;0.453054298643;5.14191690662e-05;0.0183309337721;0.0248097490745;0.319775812423;0.0358134512546;0;0;0;0;0;0;0;0;0;0;0;0;0
GB;2009;0.0138815160845;0.183405881728;0.441925894469;5.30841915278e-05;0.0246310648689;0.0284265845631;0.273489754751;0.0341862193439;0;0;0;0;0;0;0;0;0;0;0;0;0
GB;2010;0.00939642988012;0.162644610794;0.459744542742;0.00010469559755;0.0269329424698;0.0320892006491;0.28160498351;0.0274825943569;0;0;0;0;0;0;0;0;0;0;0;0;0
GB;2011;0.0154632171101;0.187460934315;0.39813028236;0.00065222708373;0.043373101068;0.0361714270185;0.294697937332;0.0240508737125;0;0;0;0;0;0;0;0;0;0;0;0;0
GB;2012;0.0145931239179;0.193503174211;0.275290625773;0.00371011625031;0.0545249677082;0.0405089729849;0.392420369912;0.0254486492429;0;0;0;0;0;0;0;0;0;0;0;0;0
GB;2013;0.0131182315507;0.197080495702;0.267500279111;0.00561013732276;0.0792676119236;0.0505191470358;0.363570391872;0.0233337054817;0;0;0;0;0;0;0;0;0;0;0;0;0
GB;2014;0.0174219119735;0.188564836725;0.298420492191;0.0119794131566;0.0945042593469;0.0669072408897;0.296497870327;0.0257039753904;0;0;0;0;0;0;0;0;0;0;0;0;0
GB;2015;0.0185912001653;0.207572225337;0.294744297223;0.0222209106737;0.11883613185;0.0863457963231;0.223920677546;0.0277687608818;0;0;0;0;0;0;0;0;0;0;0;0;0
GB;2016;0.0158323014329;0.211480629754;0.421988324783;0.0306916681408;0.109558346601;0.08865499145;0.0904239636771;0.0313697741612;0;0;0;0;0;0;0;0;0;0;0;0;0
GB;2017;0.0173851339365;0.207971143043;0.404322630241;0.0338832712436;0.146797942168;0.0943173082609;0.0666134468689;0.0287091242387;0;0;0;0;0;0;0;0;0;0;0;0;0
GB;2018;0.0162991371045;0.194930488974;0.393965723873;0.037961409396;0.170511744966;0.105195349952;0.0504254554171;0.0306807286673;2.99616490892e-05;0;0;0;0;0;0;0;0;0;0;0;0
GB;2019;0.0181240257954;0.171704514197;0.406766710474;0.0379595953422;0.195115987652;0.114734557902;0.0211497906415;0.0344142547144;3.05632812739e-05;0;0;0;0;0;0;0;0;0;0;0;0
GB;2020;0.0221720200708;0.161907309354;0.360585367111;0.0404446005653;0.243698860139;0.124330891618;0.0183692608145;0.0284884676492;3.22267733588e-06;0;0;0;0;0;0;0;0;0;0;0;0
GB;2021;0.0176031178954;0.149723936343;0.398960701526;0.0393959077623;0.210880155895;0.129944787269;0.0220526144852;0.0314387788243;0;0;0;0;0;0;0;0;0;0;0;0;0
GB;2022;0.0174379197732;0.14603487584;0.385451968698;0.0410992667447;0.247119354242;0.110450428246;0.0183005730482;0.0341056134081;0;0;0;0;0;0;0;0;0;0;0;0;0
GB;2023;0.0189382285578;0.138789184015;0.347519912488;0.0474481249786;0.280825898198;0.116569240762;0.0129217516152;0.0369876593854;0;0;0;0;0;0;0;0;0;0;0;0;0
GB;2024;0.0202702702703;0.142842060811;0.30370213964;0.0520481418919;0.293074324324;0.141082488739;0.00668637387387;0.0402942004505;0;0;0;0;0;0;0;0;0;0;0;0;0
GB;2025;0.0184616433453;0.124002522455;0.313551377976;0.066125815963;0.293644436112;0.139525846642;0.0011180611184;0.0435702963885;0;0;0;0;0;0;0;0;0;0;0;0;0
GD;2000;0;0;0;0;0;0;0;1;0;0;0;0;0;0;0;0;0;0;0;0;0
GD;2001;0;0;0;0;0;0;0;1;0;0;0;0;0;0;0;0;0;0;0;0;0
GD;2002;0;0;0;0;0;0;0;1;0;0;0;0;0;0;0;0;0;0;0;0;0
GD;2003;0;0;0;0;0;0;0;1;0;0;0;0;0;0;0;0;0;0;0;0;0
GD;2004;0;0;0;0;0;0;0;1;0;0;0;0;0;0;0;0;0;0;0;0;0
GD;2005;0;0;0;0;0;0;0;1;0;0;0;0;0;0;0;0;0;0;0;0;0
GD;2006;0;0;0;0;0;0;0;1;0;0;0;0;0;0;0;0;0;0;0;0;0
GD;2007;0;0;0;0;0;0;0;1;0;0;0;0;0;0;0;0;0;0;0;0;0
GD;2008;0;0;0;0;0;0;0;1;0;0;0;0;0;0;0;0;0;0;0;0;0
GD;2009;0;0;0;0;0;0;0;1;0;0;0;0;0;0;0;0;0;0;0;0;0
GD;2010;0;0;0;0;0;0;0;1;0;0;0;0;0;0;0;0;0;0;0;0;0
GD;2011;0;0;0;0;0;0;0;1;0;0;0;0;0;0;0;0;0;0;0;0;0
GD;2012;0;0;0;0;0;0;0;1;0;0;0;0;0;0;0;0;0;0;0;0;0
GD;2013;0;0;0;0;0;0;0;1;0;0;0;0;0;0;0;0;0;0;0;0;0
GD;2014;0;0;0;0;0;0;0;1;0;0;0;0;0;0;0;0;0;0;0;0;0
GD;2015;0;0;0;0;0;0;0;1;0;0;0;0;0;0;0;0;0;0;0;0;0
GD;2016;0;0;0;0;0;0;0;1;0;0;0;0;0;0;0;0;0;0;0;0;0
GD;2017;0;0;0;0;0;0;0;1;0;0;0;0;0;0;0;0;0;0;0;0;0
GD;2018;0;0;0;0;0;0;0;1;0;0;0;0;0;0;0;0;0;0;0;0;0
GD;2019;0;0;0;0;0;0;0;1;0;0;0;0;0;0;0;0;0;0;0;0;0
GD;2020;0;0;0;0;0;0;0;1;0;0;0;0;0;0;0;0;0;0;0;0;0
GD;2021;0;0;0;0;0;0;0;1;0;0;0;0;0;0;0;0;0;0;0;0;0
GD;2022;0;0;0;0;0;0;0;1;0;0;0;0;0;0;0;0;0;0;0;0;0
GD;2023;0;0;0;0;0;0;0;1;0;0;0;0;0;0;0;0;0;0;0;0;0
GD;2024;0;0;0;0;0;0;0;1;0;0;0;0;0;0;0;0;0;0;0;0;0
GE;2000;0.788043478261;0;0.183423913043;0;0;0;0;0.0285326086957;0;0;0;0;0;0;0;0;0;0;0;0;0
GE;2001;0.797965116279;0;0.191860465116;0;0;0;0;0.0101744186047;0;0;0;0;0;0;0;0;0;0;0;0;0
GE;2002;0.931849791377;0;0.0570236439499;0;0;0;0;0.0111265646732;0;0;0;0;0;0;0;0;0;0;0;0;0
GE;2003;0.90985915493;0;0.0788732394366;0;0;0;0;0.0112676056338;0;0;0;0;0;0;0;0;0;0;0;0;0
GE;2004;0.873177842566;0;0.112244897959;0;0;0;0;0.0145772594752;0;0;0;0;0;0;0;0;0;0;0;0;0
GE;2005;0.856944444444;0;0.120833333333;0;0;0;0;0.0222222222222;0;0;0;0;0;0;0;0;0;0;0;0;0
GE;2006;0.704149933066;0;0.28781793842;0;0;0;0;0.00803212851406;0;0;0;0;0;0;0;0;0;0;0;0;0
GE;2007;0.794117647059;0;0.198823529412;0;0;0;0;0.00705882352941;0;0;0;0;0;0;0;0;0;0;0;0;0
GE;2008;0.846062052506;0;0.152744630072;0;0;0;0;0.00119331742243;0;0;0;0;0;0;0;0;0;0;0;0;0
GE;2009;0.881152460984;0;0.114045618247;0;0;0;0;0.00480192076831;0;0;0;0;0;0;0;0;0;0;0;0;0
GE;2010;0.931658291457;0;0.0653266331658;0;0;0;0;0.00301507537688;0;0;0;0;0;0;0;0;0;0;0;0;0
GE;2011;0.779441117764;0;0.219560878244;0;0;0;0;0.000998003992016;0;0;0;0;0;0;0;0;0;0;0;0;0
GE;2012;0.743243243243;0;0.256756756757;0;0;0;0;0;0;0;0;0;0;0;0;0;0;0;0;0;0
GE;2013;0.820641282565;0;0.179358717435;0;0;0;0;0;0;0;0;0;0;0;0;0;0;0;0;0;0
GE;2014;0.801749271137;0;0.198250728863;0;0;0;0;0;0;0;0;0;0;0;0;0;0;0;0;0;0
GE;2015;0.778604651163;0;0.221395348837;0;0;0;0;0;0;0;0;0;0;0;0;0;0;0;0;0;0
GE;2016;0.804177545692;0;0.193211488251;0;0.000870322019147;0;0.00174064403829;0;0;0;0;0;0;0;0;0;0;0;0;0;0
GE;2017;0.797202797203;0;0.193181818182;0;0.00786713286713;0;0.00174825174825;0;0;0;0;0;0;0;0;0;0;0;0;0;0
GE;2018;0.818106312292;0;0.174418604651;0;0.00664451827243;0;0.000830564784053;0;0;0;0;0;0;0;0;0;0;0;0;0;0
GE;2019;0.752951096121;0;0.239460370995;0;0.00758853288364;0;0;0;0;0;0;0;0;0;0;0;0;0;0;0;0
GE;2020;0.739247311828;0;0.252688172043;0;0.00806451612903;0;0;0;0;0;0;0;0;0;0;0;0;0;0;0;0
GE;2021;0.805379746835;0;0.188291139241;0;0.00632911392405;0;0;0;0;0;0;0;0;0;0;0;0;0;0;0;0
GE;2022;0.755789473684;0;0.237894736842;0;0.00631578947368;0;0;0;0;0;0;0;0;0;0;0;0;0;0;0;0
GE;2023;0.752598752599;0;0.239085239085;0.002079002079;0.00623700623701;0;0;0;0;0;0;0;0;0;0;0;0;0;0;0;0
GE;2024;0.789662598708;0;0.201722900215;0.0021536252692;0.00646087580761;0;0;0;0;0;0;0;0;0;0;0;0;0;0;0;0
GE;2025;0.788121158261;0;0.204769310524;0.000296230467304;0.00681330074798;0;0;0;0;0;0;0;0;0;0;0;0;0;0;0;0
GF;2000;0.891304347826;0;0;0;0;0;0;0.108695652174;0;0;0;0;0;0;0;0;0;0;0;0;0
GF;2001;0.7;0;0;0;0;0;0;0.3;0;0;0;0;0;0;0;0;0;0;0;0;0
GF;2002;0.666666666667;0;0;0;0;0;0;0.333333333333;0;0;0;0;0;0;0;0;0;0;0;0;0
GF;2003;0.507462686567;0;0;0;0;0;0;0.492537313433;0;0;0;0;0;0;0;0;0;0;0;0;0
GF;2004;0.611940298507;0;0;0;0;0;0;0.388059701493;0;0;0;0;0;0;0;0;0;0;0;0;0
GF;2005;0.605633802817;0;0;0;0;0;0;0.394366197183;0;0;0;0;0;0;0;0;0;0;0;0;0
GF;2006;0.739726027397;0;0;0;0;0;0;0.260273972603;0;0;0;0;0;0;0;0;0;0;0;0;0
GF;2007;0.684931506849;0;0;0;0;0;0;0.315068493151;0;0;0;0;0;0;0;0;0;0;0;0;0
GF;2008;0.666666666667;0;0;0;0;0;0;0.333333333333;0;0;0;0;0;0;0;0;0;0;0;0;0
GF;2009;0.448717948718;0;0;0;0;0;0;0.551282051282;0;0;0;0;0;0;0;0;0;0;0;0;0
GF;2010;0.55421686747;0;0;0;0;0.0120481927711;0;0.433734939759;0;0;0;0;0;0;0;0;0;0;0;0;0
GF;2011;0.55421686747;0;0;0.0481927710843;0;0.0120481927711;0;0.385542168675;0;0;0;0;0;0;0;0;0;0;0;0;0
GF;2012;0.629213483146;0;0;0.0561797752809;0;0.0112359550562;0;0.303370786517;0;0;0;0;0;0;0;0;0;0;0;0;0
GF;2013;0.550561797753;0;0;0.0449438202247;0;0.0112359550562;0;0.393258426966;0;0;0;0;0;0;0;0;0;0;0;0;0
GF;2014;0.54347826087;0;0;0.054347826087;0;0.0108695652174;0;0.391304347826;0;0;0;0;0;0;0;0;0;0;0;0;0
GF;2015;0.52688172043;0;0;0.0537634408602;0;0.010752688172;0;0.408602150538;0;0;0;0;0;0;0;0;0;0;0;0;0
GF;2016;0.483516483516;0;0;0.0549450549451;0;0.010989010989;0;0.450549450549;0;0;0;0;0;0;0;0;0;0;0;0;0
GF;2017;0.608695652174;0;0;0.054347826087;0;0.0108695652174;0;0.326086956522;0;0;0;0;0;0;0;0;0;0;0;0;0
GF;2018;0.58064516129;0;0;0.0537634408602;0;0.010752688172;0;0.354838709677;0;0;0;0;0;0;0;0;0;0;0;0;0
GF;2019;0.431578947368;0;0;0.0526315789474;0;0.0105263157895;0;0.505263157895;0;0;0;0;0;0;0;0;0;0;0;0;0
GF;2020;0.452631578947;0;0;0.0631578947368;0;0.0105263157895;0;0.473684210526;0;0;0;0;0;0;0;0;0;0;0;0;0
GF;2021;0.59793814433;0;0;0.0618556701031;0;0.0412371134021;0;0.298969072165;0;0;0;0;0;0;0;0;0;0;0;0;0
GF;2022;0.621052631579;0;0;0.0526315789474;0;0.0421052631579;0;0.284210526316;0;0;0;0;0;0;0;0;0;0;0;0;0
GF;2023;0.530612244898;0;0;0.0612244897959;0;0.0612244897959;0;0.34693877551;0;0;0;0;0;0;0;0;0;0;0;0;0
GH;2000;0.912133891213;0;0;0;0;0.00139470013947;0;0.0864714086471;0;0;0;0;0;0;0;0;0;0;0;0;0
GH;2001;0.837387964149;0;0;0;0;0.00128040973111;0;0.16133162612;0;0;0;0;0;0;0;0;0;0;0;0;0
GH;2002;0.686382393398;0;0;0;0;0.00137551581843;0;0.312242090784;0;0;0;0;0;0;0;0;0;0;0;0;0
GH;2003;0.654761904762;0;0;0;0;0.00170068027211;0;0.343537414966;0;0;0;0;0;0;0;0;0;0;0;0;0
GH;2004;0.871666666667;0;0;0;0;0.00166666666667;0;0.126666666667;0;0;0;0;0;0;0;0;0;0;0;0;0
GH;2005;0.826409495549;0;0;0;0;0.00148367952522;0;0.172106824926;0;0;0;0;0;0;0;0;0;0;0;0;0
GH;2006;0.662693682956;0;0;0;0;0.00119189511323;0;0.336114421931;0;0;0;0;0;0;0;0;0;0;0;0;0
GH;2007;0.530172413793;0;0;0;0;0.0014367816092;0;0.468390804598;0;0;0;0;0;0;0;0;0;0;0;0;0
GH;2008;0.736778846154;0;0;0;0;0.00240384615385;0;0.260817307692;0;0;0;0;0;0;0;0;0;0;0;0;0
GH;2009;0.761744966443;0;0.00223713646532;0;0;0.00223713646532;0;0.233780760626;0;0;0;0;0;0;0;0;0;0;0;0;0
GH;2010;0.684782608696;0;0.128458498024;0;0;0.00197628458498;0;0.184782608696;0;0;0;0;0;0;0;0;0;0;0;0;0
GH;2011;0.662245800177;0;0.255526083112;0;0;0.00176834659593;0;0.0804597701149;0;0;0;0;0;0;0;0;0;0;0;0;0
GH;2012;0.657613168724;0;0.167901234568;0;0;0.00164609053498;0;0.172839506173;0;0;0;0;0;0;0;0;0;0;0;0;0
GH;2013;0.62740569669;0;0.113933795227;0;0;0.00153964588145;0;0.257120862202;0;0;0;0;0;0;0;0;0;0;0;0;0
GH;2014;0.634556574924;0;0.213302752294;0;0;0.00152905198777;0;0.150611620795;0;0;0;0;0;0;0;0;0;0;0;0;0
GH;2015;0.497422680412;0;0.417525773196;0;0;0.00171821305842;0;0.0833333333333;0;0;0;0;0;0;0;0;0;0;0;0;0
GH;2016;0.418375094913;0;0.303720577069;0.00227790432802;0;0.00151860288535;0;0.274107820805;0;0;0;0;0;0;0;0;0;0;0;0;0
GH;2017;0.422556390977;0;0.3;0.00225563909774;0;0.0015037593985;0;0.273684210526;0;0;0;0;0;0;0;0;0;0;0;0;0
GH;2018;0.403755868545;0;0.343393695506;0.00201207243461;0;0.00134138162307;0;0.249496981891;0;0;0;0;0;0;0;0;0;0;0;0;0
GH;2019;0.419075144509;0;0.415606936416;0.0028901734104;0;0.00115606936416;0;0.161271676301;0;0;0;0;0;0;0;0;0;0;0;0;0
GH;2020;0.369488089204;0;0.587430309174;0.00304105423213;0;0.00101368474404;0;0.0390268626457;0;0;0;0;0;0;0;0;0;0;0;0;0
GH;2021;0.341032608696;0;0.625;0.00588768115942;0;0.000905797101449;0;0.0271739130435;0;0;0;0;0;0;0;0;0;0;0;0;0
GH;2022;0.352713178295;0;0.612833763997;0.00689061154177;0;0.000861326442722;0;0.0267011197244;0;0;0;0;0;0;0;0;0;0;0;0;0
GH;2023;0.378189300412;0;0.592181069959;0.00617283950617;0;0.00082304526749;0;0.022633744856;0;0;0;0;0;0;0;0;0;0;0;0;0
GH;2024;0.354346930367;0;0.61433868974;0.00700453234446;0;0.00082406262876;0;0.0234857849197;0;0;0;0;0;0;0;0;0;0;0;0;0
GL;2000;0.586206896552;0;0;0;0;0;0;0.413793103448;0;0;0;0;0;0;0;0;0;0;0;0;0
GL;2001;0.571428571429;0;0;0;0;0;0;0.428571428571;0;0;0;0;0;0;0;0;0;0;0;0;0
GL;2002;0.58064516129;0;0;0;0;0;0;0.41935483871;0;0;0;0;0;0;0;0;0;0;0;0;0
GL;2003;0.58064516129;0;0;0;0;0;0;0.41935483871;0;0;0;0;0;0;0;0;0;0;0;0;0
GL;2004;0.575757575758;0;0;0;0;0;0;0.424242424242;0;0;0;0;0;0;0;0;0;0;0;0;0
GL;2005;0.588235294118;0;0;0;0;0;0;0.411764705882;0;0;0;0;0;0;0;0;0;0;0;0;0
GL;2006;0.571428571429;0;0;0;0;0;0;0.428571428571;0;0;0;0;0;0;0;0;0;0;0;0;0
GL;2007;0.555555555556;0;0;0;0;0;0;0.444444444444;0;0;0;0;0;0;0;0;0;0;0;0;0
GL;2008;0.540540540541;0;0;0;0;0;0;0.459459459459;0;0;0;0;0;0;0;0;0;0;0;0;0
GL;2009;0.634146341463;0;0;0;0;0;0;0.365853658537;0;0;0;0;0;0;0;0;0;0;0;0;0
GL;2010;0.707317073171;0;0;0;0;0;0;0.292682926829;0;0;0;0;0;0;0;0;0;0;0;0;0
GL;2011;0.755555555556;0;0;0;0;0;0;0.244444444444;0;0;0;0;0;0;0;0;0;0;0;0;0
GL;2012;0.755555555556;0;0;0;0;0;0;0.244444444444;0;0;0;0;0;0;0;0;0;0;0;0;0
GL;2013;0.804347826087;0;0;0;0;0;0;0.195652173913;0;0;0;0;0;0;0;0;0;0;0;0;0
GL;2014;0.8125;0;0;0;0;0;0;0.1875;0;0;0;0;0;0;0;0;0;0;0;0;0
GL;2015;0.823529411765;0;0;0;0;0;0;0.176470588235;0;0;0;0;0;0;0;0;0;0;0;0;0
GL;2016;0.833333333333;0;0;0;0;0;0;0.166666666667;0;0;0;0;0;0;0;0;0;0;0;0;0
GL;2017;0.76;0;0;0;0;0;0;0.24;0;0;0;0;0;0;0;0;0;0;0;0;0
GL;2018;0.807692307692;0;0;0;0;0;0;0.192307692308;0;0;0;0;0;0;0;0;0;0;0;0;0
GL;2019;0.836734693878;0;0;0;0;0;0;0.163265306122;0;0;0;0;0;0;0;0;0;0;0;0;0
GL;2020;0.826923076923;0;0;0;0;0;0;0.173076923077;0;0;0;0;0;0;0;0;0;0;0;0;0
GL;2021;0.843137254902;0;0;0;0;0;0;0.156862745098;0;0;0;0;0;0;0;0;0;0;0;0;0
GL;2022;0.87037037037;0;0;0;0;0;0;0.12962962963;0;0;0;0;0;0;0;0;0;0;0;0;0
GL;2023;0.786885245902;0;0;0;0;0.0327868852459;0;0.180327868852;0;0;0;0;0;0;0;0;0;0;0;0;0
GL;2024;0.783333333333;0;0;0;0;0.05;0;0.166666666667;0;0;0;0;0;0;0;0;0;0;0;0;0
GLO;2000;0.171779342063;0.165769793264;0.179253138459;7.06023127673e-05;0.00203317695334;0.0103772349433;0.381141169585;0.086727437292;0.00284810512724;0;0;0;0;0;0;0;0;0;0;0;0
GLO;2001;0.165081737722;0.168075576962;0.187575827644;9.19756399623e-05;0.00245697164095;0.00994218076815;0.380962907768;0.0829728970944;0.00283992476007;0;0;0;0;0;0;0;0;0;0;0;0
GLO;2002;0.162411430255;0.164912789426;0.192966128564;0.000111193605585;0.00324412003244;0.0104326934545;0.383771684617;0.0793027825485;0.0028471774963;0;0;0;0;0;0;0;0;0;0;0;0
GLO;2003;0.156801644973;0.155973341744;0.19531111892;0.000131384375154;0.00378993851139;0.0108902715597;0.396289755617;0.0780176730274;0.0027948712721;0;0;0;0;0;0;0;0;0;0;0;0
GLO;2004;0.16068370959;0.155714865928;0.200677587289;0.000163478941822;0.00489411861173;0.0113268861361;0.391141892106;0.0726338370031;0.00276362439514;0;0;0;0;0;0;0;0;0;0;0;0
GLO;2005;0.160332361888;0.149969370672;0.202496178827;0.000221683848036;0.00574117720558;0.0120083242257;0.396016224112;0.0705422642099;0.00267241501152;0;0;0;0;0;0;0;0;0;0;0;0
GLO;2006;0.159964892946;0.146196083771;0.206574965308;0.000290582393502;0.00705063317475;0.0123037212281;0.40243289831;0.0624991430493;0.00268707981953;0;0;0;0;0;0;0;0;0;0;0;0
GLO;2007;0.155121933254;0.136768341412;0.213529056953;0.000372794528799;0.00865825284575;0.0129035270592;0.409222913371;0.0607514948838;0.00267168569146;0;0;0;0;0;0;0;0;0;0;0;0
GLO;2008;0.161177485679;0.133687460386;0.21642811246;0.000591804805719;0.0109564506277;0.0135071794471;0.40247563822;0.0583684543283;0.00280741404567;0;0;0;0;0;0;0;0;0;0;0;0
GLO;2009;0.162268010234;0.132853090771;0.219218693486;0.000994108805209;0.0138139119327;0.0146242006188;0.399490224205;0.0538046889232;0.00293307102462;0;0;0;0;0;0;0;0;0;0;0;0
GLO;2010;0.161144259345;0.127827513545;0.226300252405;0.00151332123583;0.0162257576136;0.0153423343633;0.399036341419;0.0498101889586;0.0028000311151;0;0;0;0;0;0;0;0;0;0;0;0
GLO;2011;0.158657993021;0.118443624693;0.221439156213;0.00288813952374;0.019968258872;0.0156507067379;0.407150666079;0.0530299372547;0.00277151760601;0;0;0;0;0;0;0;0;0;0;0;0
GLO;2012;0.16241288476;0.107677644378;0.229198707826;0.00429481968093;0.0234363401396;0.0165734752755;0.399611102701;0.0540124560309;0.00278256920791;0;0;0;0;0;0;0;0;0;0;0;0
GLO;2013;0.16348059798;0.105369712487;0.218345114336;0.00567208693628;0.0272956407529;0.0174062950572;0.408825094019;0.0508372180036;0.00276824042739;0;0;0;0;0;0;0;0;0;0;0;0
GLO;2014;0.162895007778;0.104985501041;0.219664938532;0.00830928042584;0.0296685059292;0.0183605447515;0.405758490381;0.0474370189664;0.00292071219571;0;0;0;0;0;0;0;0;0;0;0;0
GLO;2015;0.161643832542;0.105281062297;0.230783353675;0.0106414398287;0.0344855457897;0.019565338719;0.387961164209;0.0466013779474;0.00303688499162;0;0;0;0;0;0;0;0;0;0;0;0
GLO;2016;0.162611655184;0.103943038146;0.236766773152;0.0132389768264;0.0388285840667;0.0195021484709;0.379124801131;0.0429172735134;0.00306674950947;0;0;0;0;0;0;0;0;0;0;0;0
GLO;2017;0.159359451321;0.101789454702;0.234732886428;0.0174269193452;0.0447064296411;0.019674890866;0.381165245918;0.0380520933617;0.00309262841751;0;0;0;0;0;0;0;0;0;0;0;0
GLO;2018;0.157837054782;0.100300312649;0.234705737554;0.0216981877685;0.047845552417;0.0198849565451;0.381017697905;0.0336275847759;0.00308291560368;0;0;0;0;0;0;0;0;0;0;0;0
GLO;2019;0.157412712307;0.102374152682;0.238006485961;0.0259409087832;0.0528255356096;0.0204376587213;0.367629103197;0.0322900406708;0.00308340206712;0;0;0;0;0;0;0;0;0;0;0;0
GLO;2020;0.162442986984;0.0988236430949;0.238618420488;0.0318061462316;0.0593835636115;0.0213644396971;0.354748015994;0.0295996095973;0.00321317430192;0;0;0;0;0;0;0;0;0;0;0;0
GLO;2021;0.151581322089;0.0973858577878;0.231785349948;0.0371962355235;0.0654880543181;0.0214616678872;0.361459120079;0.0305968761021;0.00304551626507;0;0;0;0;0;0;0;0;0;0;0;0
GLO;2022;0.149532772152;0.0910441582451;0.227731267854;0.0460365835157;0.0726063399878;0.0209228798205;0.357397684604;0.0316962497642;0.00303206405584;0;0;0;0;0;0;0;0;0;0;0;0
GLO;2023;0.142795248576;0.0905279688681;0.225309552936;0.056057246983;0.0777954432841;0.0206625325801;0.353528957182;0.0303552892898;0.00296776030176;0;0;0;0;0;0;0;0;0;0;0;0
GLO;2024;0.143645152896;0.0893139656346;0.221905381551;0.0695320188047;0.0806613593941;0.0204521121618;0.342865685794;0.0287775211704;0.00284680259331;0;0;0;0;0;0;0;0;0;0;0;0
GLO;2025;0.139291334162;0.0878738596287;0.216810577036;0.0879271806512;0.0847453065909;0.020437490531;0.332264594578;0.0277872076413;0.00286244918055;0;0;0;0;0;0;0;0;0;0;0;0
GM;2000;0;0;0;0;0;0;0;1;0;0;0;0;0;0;0;0;0;0;0;0;0
GM;2001;0;0;0;0;0;0;0;1;0;0;0;0;0;0;0;0;0;0;0;0;0
GM;2002;0;0;0;0;0;0;0;1;0;0;0;0;0;0;0;0;0;0;0;0;0
GM;2003;0;0;0;0;0;0;0;1;0;0;0;0;0;0;0;0;0;0;0;0;0
GM;2004;0;0;0;0;0;0;0;1;0;0;0;0;0;0;0;0;0;0;0;0;0
GM;2005;0;0;0;0;0;0;0;1;0;0;0;0;0;0;0;0;0;0;0;0;0
GM;2006;0;0;0;0;0;0;0;1;0;0;0;0;0;0;0;0;0;0;0;0;0
GM;2007;0;0;0;0;0;0;0;1;0;0;0;0;0;0;0;0;0;0;0;0;0
GM;2008;0;0;0;0;0;0;0;1;0;0;0;0;0;0;0;0;0;0;0;0;0
GM;2009;0;0;0;0;0;0;0;1;0;0;0;0;0;0;0;0;0;0;0;0;0
GM;2010;0;0;0;0;0;0;0;1;0;0;0;0;0;0;0;0;0;0;0;0;0
GM;2011;0;0;0;0;0;0;0;1;0;0;0;0;0;0;0;0;0;0;0;0;0
GM;2012;0;0;0;0;0;0;0;1;0;0;0;0;0;0;0;0;0;0;0;0;0
GM;2013;0;0;0;0;0;0;0;1;0;0;0;0;0;0;0;0;0;0;0;0;0
GM;2014;0;0;0;0;0;0;0;1;0;0;0;0;0;0;0;0;0;0;0;0;0
GM;2015;0;0;0;0;0;0;0;1;0;0;0;0;0;0;0;0;0;0;0;0;0
GM;2016;0;0;0;0;0;0;0;1;0;0;0;0;0;0;0;0;0;0;0;0;0
GM;2017;0;0;0;0;0;0;0;1;0;0;0;0;0;0;0;0;0;0;0;0;0
GM;2018;0;0;0;0;0;0;0;1;0;0;0;0;0;0;0;0;0;0;0;0;0
GM;2019;0;0;0;0;0;0;0;1;0;0;0;0;0;0;0;0;0;0;0;0;0
GM;2020;0;0;0;0;0;0;0;1;0;0;0;0;0;0;0;0;0;0;0;0;0
GM;2021;0;0;0;0;0;0;0;1;0;0;0;0;0;0;0;0;0;0;0;0;0
GM;2022;0;0;0;0;0;0;0;1;0;0;0;0;0;0;0;0;0;0;0;0;0
GM;2023;0;0;0;0;0;0;0;1;0;0;0;0;0;0;0;0;0;0;0;0;0
GM;2024;0;0;0;0;0;0;0;1;0;0;0;0;0;0;0;0;0;0;0;0;0
GN;2000;0.506172839506;0;0;0;0;0;0;0.493827160494;0;0;0;0;0;0;0;0;0;0;0;0;0
GN;2001;0.572916666667;0;0;0;0;0;0;0.427083333333;0;0;0;0;0;0;0;0;0;0;0;0;0
GN;2002;0.584158415842;0;0;0;0;0;0;0.415841584158;0;0;0;0;0;0;0;0;0;0;0;0;0
GN;2003;0.46511627907;0;0;0;0;0;0;0.53488372093;0;0;0;0;0;0;0;0;0;0;0;0;0
GN;2004;0.611111111111;0;0;0;0;0;0;0.388888888889;0;0;0;0;0;0;0;0;0;0;0;0;0
GN;2005;0.620253164557;0;0;0;0;0;0;0.379746835443;0;0;0;0;0;0;0;0;0;0;0;0;0
GN;2006;0.630136986301;0;0;0;0;0;0;0.369863013699;0;0;0;0;0;0;0;0;0;0;0;0;0
GN;2007;0.679487179487;0;0;0;0;0;0;0.320512820513;0;0;0;0;0;0;0;0;0;0;0;0;0
GN;2008;0.641975308642;0;0;0;0;0;0;0.358024691358;0;0;0;0;0;0;0;0;0;0;0;0;0
GN;2009;0.65;0;0;0;0;0;0;0.35;0;0;0;0;0;0;0;0;0;0;0;0;0
GN;2010;0.761904761905;0;0;0;0;0;0;0.238095238095;0;0;0;0;0;0;0;0;0;0;0;0;0
GN;2011;0.745454545455;0;0;0;0;0;0;0.254545454545;0;0;0;0;0;0;0;0;0;0;0;0;0
GN;2012;0.671232876712;0;0;0;0;0;0;0.328767123288;0;0;0;0;0;0;0;0;0;0;0;0;0
GN;2013;0.738461538462;0;0;0;0;0;0;0.261538461538;0;0;0;0;0;0;0;0;0;0;0;0;0
GN;2014;0.591549295775;0;0;0;0;0;0;0.408450704225;0;0;0;0;0;0;0;0;0;0;0;0;0
GN;2015;0.771929824561;0;0;0.0175438596491;0;0;0;0.210526315789;0;0;0;0;0;0;0;0;0;0;0;0;0
GN;2016;0.670807453416;0;0;0.0124223602484;0;0;0;0.316770186335;0;0;0;0;0;0;0;0;0;0;0;0;0
GN;2017;0.683615819209;0;0;0.0112994350282;0;0;0;0.305084745763;0;0;0;0;0;0;0;0;0;0;0;0;0
GN;2018;0.613402061856;0;0;0.0103092783505;0;0;0;0.376288659794;0;0;0;0;0;0;0;0;0;0;0;0;0
GN;2019;0.629268292683;0;0;0.00975609756098;0;0;0;0.360975609756;0;0;0;0;0;0;0;0;0;0;0;0;0
GN;2020;0.600806451613;0;0;0.00806451612903;0;0;0;0.391129032258;0;0;0;0;0;0;0;0;0;0;0;0;0
GN;2021;0.725274725275;0;0;0.00549450549451;0;0;0;0.269230769231;0;0;0;0;0;0;0;0;0;0;0;0;0
GN;2022;0.7375;0;0;0.0075;0;0;0;0.255;0;0;0;0;0;0;0;0;0;0;0;0;0
GN;2023;0.7375;0;0;0.0075;0;0;0;0.255;0;0;0;0;0;0;0;0;0;0;0;0;0
GN;2024;0.744416873449;0;0;0.00744416873449;0;0;0;0.248138957816;0;0;0;0;0;0;0;0;0;0;0;0;0
GP;2000;0.00819672131148;0;0;0;0.00819672131148;0.0655737704918;0.27868852459;0.622950819672;0.016393442623;0;0;0;0;0;0;0;0;0;0;0;0
GP;2001;0.0077519379845;0;0;0;0.015503875969;0.046511627907;0.263565891473;0.651162790698;0.015503875969;0;0;0;0;0;0;0;0;0;0;0;0
GP;2002;0.015037593985;0;0;0;0.0225563909774;0.0526315789474;0.225563909774;0.669172932331;0.015037593985;0;0;0;0;0;0;0;0;0;0;0;0
GP;2003;0.0144927536232;0;0;0;0.0217391304348;0.0434782608696;0.239130434783;0.666666666667;0.0144927536232;0;0;0;0;0;0;0;0;0;0;0;0
GP;2004;0.020979020979;0;0;0;0.020979020979;0.0559440559441;0.20979020979;0.671328671329;0.020979020979;0;0;0;0;0;0;0;0;0;0;0;0
GP;2005;0.0133333333333;0;0;0;0.0133333333333;0.0466666666667;0.173333333333;0.686666666667;0.0666666666667;0;0;0;0;0;0;0;0;0;0;0;0
GP;2006;0.0130718954248;0;0;0;0.0196078431373;0.0457516339869;0.222222222222;0.647058823529;0.0522875816993;0;0;0;0;0;0;0;0;0;0;0;0
GP;2007;0.0125;0;0;0;0.025;0.04375;0.20625;0.65625;0.05625;0;0;0;0;0;0;0;0;0;0;0;0
GP;2008;0.0124223602484;0;0;0;0.0310559006211;0.0372670807453;0.211180124224;0.652173913043;0.055900621118;0;0;0;0;0;0;0;0;0;0;0;0
GP;2009;0.0122699386503;0;0;0.00613496932515;0.0306748466258;0.0368098159509;0.134969325153;0.748466257669;0.0306748466258;0;0;0;0;0;0;0;0;0;0;0;0
GP;2010;0.0115606936416;0;0;0.0115606936416;0.0231213872832;0.0346820809249;0.161849710983;0.751445086705;0.00578034682081;0;0;0;0;0;0;0;0;0;0;0;0
GP;2011;0.00595238095238;0;0;0.0178571428571;0.0297619047619;0.0297619047619;0.303571428571;0.577380952381;0.0357142857143;0;0;0;0;0;0;0;0;0;0;0;0
GP;2012;0.00581395348837;0;0;0.0523255813953;0.0290697674419;0.0348837209302;0.31976744186;0.529069767442;0.0290697674419;0;0;0;0;0;0;0;0;0;0;0;0
GP;2013;0.0114942528736;0;0;0.0574712643678;0.0344827586207;0.0287356321839;0.310344827586;0.511494252874;0.0459770114943;0;0;0;0;0;0;0;0;0;0;0;0
GP;2014;0.0172413793103;0;0;0.0574712643678;0.0287356321839;0.0344827586207;0.281609195402;0.534482758621;0.0459770114943;0;0;0;0;0;0;0;0;0;0;0;0
GP;2015;0.0113636363636;0;0;0.0568181818182;0.0284090909091;0.0340909090909;0.232954545455;0.590909090909;0.0454545454545;0;0;0;0;0;0;0;0;0;0;0;0
GP;2016;0.0169491525424;0;0;0.0508474576271;0.0282485875706;0.0282485875706;0.28813559322;0.542372881356;0.045197740113;0;0;0;0;0;0;0;0;0;0;0;0
GP;2017;0.0227272727273;0;0;0.0511363636364;0.0284090909091;0.0397727272727;0.278409090909;0.517045454545;0.0625;0;0;0;0;0;0;0;0;0;0;0;0
GP;2018;0.0233918128655;0;0;0.0584795321637;0.0292397660819;0.0409356725146;0.263157894737;0.520467836257;0.0643274853801;0;0;0;0;0;0;0;0;0;0;0;0
GP;2019;0.0232558139535;0;0;0.0581395348837;0.0348837209302;0.0348837209302;0.226744186047;0.558139534884;0.0639534883721;0;0;0;0;0;0;0;0;0;0;0;0
GP;2020;0.0176470588235;0;0;0.0647058823529;0.0411764705882;0.0470588235294;0.164705882353;0.594117647059;0.0705882352941;0;0;0;0;0;0;0;0;0;0;0;0
GP;2021;0.00602409638554;0;0;0.066265060241;0.066265060241;0.150602409639;0.138554216867;0.524096385542;0.0481927710843;0;0;0;0;0;0;0;0;0;0;0;0
GP;2022;0.00609756097561;0;0;0.0670731707317;0.0670731707317;0.146341463415;0.134146341463;0.518292682927;0.0609756097561;0;0;0;0;0;0;0;0;0;0;0;0
GP;2023;0.0059880239521;0;0;0.0658682634731;0.059880239521;0.155688622754;0.131736526946;0.51497005988;0.0658682634731;0;0;0;0;0;0;0;0;0;0;0;0
GQ;2000;0.2;0;0.6;0;0;0;0;0.2;0;0;0;0;0;0;0;0;0;0;0;0;0
GQ;2001;0.166666666667;0;0.666666666667;0;0;0;0;0.166666666667;0;0;0;0;0;0;0;0;0;0;0;0;0
GQ;2002;0.142857142857;0;0.714285714286;0;0;0;0;0.142857142857;0;0;0;0;0;0;0;0;0;0;0;0;0
GQ;2003;0.142857142857;0;0.714285714286;0;0;0;0;0.142857142857;0;0;0;0;0;0;0;0;0;0;0;0;0
GQ;2004;0.111111111111;0;0.777777777778;0;0;0;0;0.111111111111;0;0;0;0;0;0;0;0;0;0;0;0;0
GQ;2005;0.1;0;0.8;0;0;0;0;0.1;0;0;0;0;0;0;0;0;0;0;0;0;0
GQ;2006;0.0909090909091;0;0.818181818182;0;0;0;0;0.0909090909091;0;0;0;0;0;0;0;0;0;0;0;0;0
GQ;2007;0.0769230769231;0;0.846153846154;0;0;0;0;0.0769230769231;0;0;0;0;0;0;0;0;0;0;0;0;0
GQ;2008;0.25;0;0.7;0;0;0;0;0.05;0;0;0;0;0;0;0;0;0;0;0;0;0
GQ;2009;0.227272727273;0;0.727272727273;0;0;0;0;0.0454545454545;0;0;0;0;0;0;0;0;0;0;0;0;0
GQ;2010;0.136363636364;0;0.818181818182;0;0;0;0;0.0454545454545;0;0;0;0;0;0;0;0;0;0;0;0;0
GQ;2011;0.1;0;0.866666666667;0;0;0;0;0.0333333333333;0;0;0;0;0;0;0;0;0;0;0;0;0
GQ;2012;0.148148148148;0;0.833333333333;0;0;0;0;0.0185185185185;0;0;0;0;0;0;0;0;0;0;0;0;0
GQ;2013;0.294117647059;0;0.694117647059;0;0;0;0;0.0117647058824;0;0;0;0;0;0;0;0;0;0;0;0;0
GQ;2014;0.348623853211;0;0.642201834862;0;0;0;0;0.00917431192661;0;0;0;0;0;0;0;0;0;0;0;0;0
GQ;2015;0.361538461538;0;0.630769230769;0;0;0;0;0.00769230769231;0;0;0;0;0;0;0;0;0;0;0;0;0
GQ;2016;0.335714285714;0;0.657142857143;0;0;0;0;0.00714285714286;0;0;0;0;0;0;0;0;0;0;0;0;0
GQ;2017;0.328358208955;0;0.664179104478;0;0;0;0;0.00746268656716;0;0;0;0;0;0;0;0;0;0;0;0;0
GQ;2018;0.325925925926;0;0.666666666667;0;0;0;0;0.00740740740741;0;0;0;0;0;0;0;0;0;0;0;0;0
GQ;2019;0.321428571429;0;0.671428571429;0;0;0;0;0.00714285714286;0;0;0;0;0;0;0;0;0;0;0;0;0
GQ;2020;0.347517730496;0;0.645390070922;0;0;0;0;0.00709219858156;0;0;0;0;0;0;0;0;0;0;0;0;0
GQ;2021;0.328671328671;0;0.664335664336;0;0;0;0;0.00699300699301;0;0;0;0;0;0;0;0;0;0;0;0;0
GQ;2022;0.317880794702;0;0.675496688742;0;0;0;0;0.00662251655629;0;0;0;0;0;0;0;0;0;0;0;0;0
GQ;2023;0.244755244755;0;0.748251748252;0;0;0;0;0.00699300699301;0;0;0;0;0;0;0;0;0;0;0;0;0
GQ;2024;0.268456375839;0;0.724832214765;0;0;0;0;0.00671140939597;0;0;0;0;0;0;0;0;0;0;0;0;0
GR;1990;0.0517543859649;0;0.00263157894737;0;0;0;0.735964912281;0.209649122807;0;0;0;0;0;0;0;0;0;0;0;0;0
GR;1991;0.0880932082978;0;0.00255754475703;0;0;0;0.673486786019;0.235862460926;0;0;0;0;0;0;0;0;0;0;0;0;0
GR;1992;0.0598476605005;0;0.00217627856366;0;0.000272034820457;0;0.723884657236;0.213819368879;0;0;0;0;0;0;0;0;0;0;0;0;0
GR;1993;0.0604293665518;0;0.00212032865094;0;0.00132520540684;0;0.736549165121;0.19957593427;0;0;0;0;0;0;0;0;0;0;0;0;0
GR;1994;0.0649675162419;0;0.00199900049975;0;0.000999500249875;0;0.739130434783;0.192903548226;0;0;0;0;0;0;0;0;0;0;0;0;0
GR;1995;0.0862237420616;0;0.00195407914021;0;0.000732779677577;0;0.701025891549;0.210063507572;0;0;0;0;0;0;0;0;0;0;0;0;0
GR;1996;0.103153900877;0;0.00189708323453;0;0.000948541617263;0;0.694806734645;0.199193739625;0;0;0;0;0;0;0;0;0;0;0;0;0
GR;1997;0.090633029666;0;0.00770847932726;0;0.000934361130577;0;0.715487035739;0.185237094137;0;0;0;0;0;0;0;0;0;0;0;0;0
GR;1998;0.0814004376368;0;0.0374179431072;0;0.00153172866521;0;0.710065645514;0.169584245077;0;0;0;0;0;0;0;0;0;0;0;0;0
GR;1999;0.0938842299039;0;0.0799754551033;0;0.00327265289425;0;0.662303129474;0.160564532624;0;0;0;0;0;0;0;0;0;0;0;0;0
GR;2000;0.0697015489233;0;0.111824707216;0;0.00850018889309;0;0.648092179826;0.161881375142;0;0;0;0;0;0;0;0;0;0;0;0;0
GR;2001;0.0399695470118;0;0.116673011039;0;0.0144651693947;0.00152264940997;0.674343357442;0.153026265702;0;0;0;0;0;0;0;0;0;0;0;0;0
GR;2002;0.0524737631184;0;0.132308845577;0;0.0121814092954;0.00243628185907;0.647863568216;0.152736131934;0;0;0;0;0;0;0;0;0;0;0;0;0
GR;2003;0.0832751396648;0;0.14001396648;0;0.0178072625698;0.00174581005587;0.614001396648;0.143156424581;0;0;0;0;0;0;0;0;0;0;0;0;0
GR;2004;0.0802129852284;0;0.154414290622;0;0.0192373754723;0.00206114737204;0.607694950189;0.136379251116;0;0;0;0;0;0;0;0;0;0;0;0;0
GR;2005;0.0854759066916;0;0.139111186787;0;0.0216243827686;0.00204324876554;0.60514217606;0.146603098927;0;0;0;0;0;0;0;0;0;0;0;0;0
GR;2006;0.0986365931661;0;0.178589463053;0;0.0286147113281;0.00185154014476;0.543006227908;0.1493014644;0;0;0;0;0;0;0;0;0;0;0;0;0
GR;2007;0.0415064102564;0;0.226923076923;0;0.0291666666667;0.00288461538462;0.555769230769;0.14375;0;0;0;0;0;0;0;0;0;0;0;0;0
GR;2008;0.0532325506594;0;0.221936313927;0.000160823415889;0.0360244451592;0.0030556449019;0.536506915407;0.149083306529;0;0;0;0;0;0;0;0;0;0;0;0;0
GR;2009;0.088664235996;0;0.182631753397;0.000828637719589;0.0420947961551;0.00364600596619;0.566622472655;0.115512098111;0;0;0;0;0;0;0;0;0;0;0;0;0
GR;2010;0.131955484897;0;0.173997526939;0.00282635576753;0.0478714008126;0.00335629747394;0.54407348525;0.0959194488606;0;0;0;0;0;0;0;0;0;0;0;0;0
GR;2011;0.0686056458512;0;0.240718562874;0.0104362703165;0.0568006843456;0.00359281437126;0.531565440547;0.0882805816938;0;0;0;0;0;0;0;0;0;0;0;0;0
GR;2012;0.073276581539;0;0.225004172926;0.0282089801369;0.0642630612586;0.0033383408446;0.519278918378;0.0866299449174;0;0;0;0;0;0;0;0;0;0;0;0;0
GR;2013;0.112648571935;0;0.19301046656;0.0647507539471;0.0734433209154;0.00390278516942;0.46833422033;0.0839098811425;0;0;0;0;0;0;0;0;0;0;0;0;0
GR;2014;0.0902861749295;0;0.136839983877;0.0763804917372;0.0743651753325;0.00443369609029;0.518943974204;0.0987505038291;0;0;0;0;0;0;0;0;0;0;0;0;0
GR;2015;0.119490695397;0;0.17806072478;0.0763956904995;0.090499510284;0.00450538687561;0.433104799216;0.0979431929481;0;0;0;0;0;0;0;0;0;0;0;0;0
GR;2016;0.102897473997;0;0.278046062407;0.0729940564636;0.0956537890045;0.00501485884101;0.350668647845;0.0947251114413;0;0;0;0;0;0;0;0;0;0;0;0;0
GR;2017;0.0722627737226;0;0.312591240876;0.0728102189781;0.101094890511;0.00565693430657;0.342335766423;0.0932481751825;0;0;0;0;0;0;0;0;0;0;0;0;0
GR;2018;0.109104732941;0;0.267819806121;0.0720395362098;0.11974909713;0.00589241589052;0.326743965026;0.0986504466831;0;0;0;0;0;0;0;0;0;0;0;0;0
GR;2019;0.0834202294056;0;0.302398331595;0.0923879040667;0.151616266945;0.00834202294056;0.252763295099;0.109071949948;0;0;0;0;0;0;0;0;0;0;0;0;0
GR;2020;0.0703009892654;0;0.404756893286;0.093664491686;0.195958745527;0.00947169017049;0.139128604504;0.0867185855609;0;0;0;0;0;0;0;0;0;0;0;0;0
GR;2021;0.108775811209;0;0.414638643068;0.0967920353982;0.193215339233;0.00921828908555;0.0980825958702;0.0792772861357;0;0;0;0;0;0;0;0;0;0;0;0;0
GR;2022;0.0747048577511;0;0.370427714341;0.138184633249;0.21056706019;0.0110315463518;0.111476678924;0.083607509193;0;0;0;0;0;0;0;0;0;0;0;0;0
GR;2023;0.0780707132638;0;0.326589004701;0.181688125894;0.225219701615;0.0132842836705;0.0938074800736;0.0813406907828;0;0;0;0;0;0;0;0;0;0;0;0;0
GR;2024;0.0627178921182;0;0.377183300923;0.19726353778;0.219880520664;0.012438464638;0.0572870131918;0.0732292706855;0;0;0;0;0;0;0;0;0;0;0;0;0
GR;2025;0.0592779496397;0;0.402986364343;0.196671448076;0.209080068438;0.0122703627534;0.0474742063149;0.0722396004355;0;0;0;0;0;0;0;0;0;0;0;0;0
GT;2000;0.386996904025;0;0;0;0;0.0835913312693;0.0835913312693;0.414860681115;0.030959752322;0;0;0;0;0;0;0;0;0;0;0;0
GT;2001;0.323922734027;0;0;0;0;0.0832095096582;0.136701337296;0.426448736999;0.0297176820208;0;0;0;0;0;0;0;0;0;0;0;0
GT;2002;0.28978978979;0;0;0;0;0.0765765765766;0.153153153153;0.45045045045;0.03003003003;0;0;0;0;0;0;0;0;0;0;0;0
GT;2003;0.383502170767;0;0;0;0;0.0752532561505;0.140376266281;0.371924746744;0.0289435600579;0;0;0;0;0;0;0;0;0;0;0;0
GT;2004;0.395638629283;0;0;0;0;0.082554517134;0.17445482866;0.316199376947;0.0311526479751;0;0;0;0;0;0;0;0;0;0;0;0
GT;2005;0.418705035971;0;0;0;0;0.119424460432;0.153956834532;0.284892086331;0.0230215827338;0;0;0;0;0;0;0;0;0;0;0;0
GT;2006;0.415501905972;0;0;0;0;0.0991105463787;0.139771283355;0.325285895807;0.0203303684879;0;0;0;0;0;0;0;0;0;0;0;0
GT;2007;0.344036697248;0;0;0;0;0.135321100917;0.129587155963;0.36123853211;0.0298165137615;0;0;0;0;0;0;0;0;0;0;0;0
GT;2008;0.41935483871;0;0;0;0;0.0967741935484;0.13133640553;0.319124423963;0.0334101382488;0;0;0;0;0;0;0;0;0;0;0;0
GT;2009;0.326599326599;0;0;0;0;0.0998877665544;0.0819304152637;0.460157126824;0.0314253647587;0;0;0;0;0;0;0;0;0;0;0;0
GT;2010;0.430995475113;0;0;0;0;0.176470588235;0.132352941176;0.230769230769;0.0294117647059;0;0;0;0;0;0;0;0;0;0;0;0
GT;2011;0.471461187215;0;0;0;0;0.126712328767;0.135844748858;0.237442922374;0.0285388127854;0;0;0;0;0;0;0;0;0;0;0;0
GT;2012;0.476495726496;0;0;0;0;0.162393162393;0.132478632479;0.200854700855;0.0277777777778;0;0;0;0;0;0;0;0;0;0;0;0
GT;2013;0.459486166008;0;0;0;0;0.194664031621;0.157114624506;0.166996047431;0.0217391304348;0;0;0;0;0;0;0;0;0;0;0;0
GT;2014;0.454887218045;0;0;0.00093984962406;0;0.203947368421;0.176691729323;0.139097744361;0.0244360902256;0;0;0;0;0;0;0;0;0;0;0;0
GT;2015;0.346463742167;0;0;0.0143240823635;0.00984780662489;0.217547000895;0.261414503133;0.127126230976;0.0232766338406;0;0;0;0;0;0;0;0;0;0;0;0
GT;2016;0.336424957841;0;0;0.0160202360877;0.0185497470489;0.218381112985;0.297639123103;0.0843170320405;0.0286677908938;0;0;0;0;0;0;0;0;0;0;0;0
GT;2017;0.470826580227;0;0;0.0162074554295;0.0178282009724;0.157212317666;0.277957860616;0.0356564019449;0.0243111831442;0;0;0;0;0;0;0;0;0;0;0;0
GT;2018;0.400754716981;0;0;0.0150943396226;0.0241509433962;0.198490566038;0.294339622642;0.0445283018868;0.022641509434;0;0;0;0;0;0;0;0;0;0;0;0
GT;2019;0.351968503937;0;0;0.0181102362205;0.0259842519685;0.21811023622;0.31968503937;0.0417322834646;0.0244094488189;0;0;0;0;0;0;0;0;0;0;0;0
GT;2020;0.4653784219;0;0.000805152979066;0.0177133655395;0.024959742351;0.223027375201;0.210950080515;0.0305958132045;0.0265700483092;0;0;0;0;0;0;0;0;0;0;0;0
GT;2021;0.430510665805;0;0.000646412411118;0.0148674854557;0.0206851971558;0.248868778281;0.215901745314;0.0484809308339;0.0200387847447;0;0;0;0;0;0;0;0;0;0;0;0
GT;2022;0.522255192878;0;0.000741839762611;0.0170623145401;0.0229970326409;0.258902077151;0.0942136498516;0.0586053412463;0.0252225519288;0;0;0;0;0;0;0;0;0;0;0;0
GT;2023;0.378940308518;0;0;0.0160965794769;0.0228034875922;0.232059020791;0.159624413146;0.167672702884;0.0228034875922;0;0;0;0;0;0;0;0;0;0;0;0
GT;2024;0.398986700443;0;0;0.0177327422419;0.0234325522483;0.221659278024;0.158328055731;0.158328055731;0.0215326155795;0;0;0;0;0;0;0;0;0;0;0;0
GU;2000;0;0;0;0;0;0;0;1;0;0;0;0;0;0;0;0;0;0;0;0;0
GU;2001;0;0;0;0;0;0;0;1;0;0;0;0;0;0;0;0;0;0;0;0;0
GU;2002;0;0;0;0;0;0;0;1;0;0;0;0;0;0;0;0;0;0;0;0;0
GU;2003;0;0;0;0;0;0;0;1;0;0;0;0;0;0;0;0;0;0;0;0;0
GU;2004;0;0;0;0;0;0;0;1;0;0;0;0;0;0;0;0;0;0;0;0;0
GU;2005;0;0;0;0;0;0;0;1;0;0;0;0;0;0;0;0;0;0;0;0;0
GU;2006;0;0;0;0;0;0;0;1;0;0;0;0;0;0;0;0;0;0;0;0;0
GU;2007;0;0;0;0;0;0;0;1;0;0;0;0;0;0;0;0;0;0;0;0;0
GU;2008;0;0;0;0;0;0;0;1;0;0;0;0;0;0;0;0;0;0;0;0;0
GU;2009;0;0;0;0;0;0;0;1;0;0;0;0;0;0;0;0;0;0;0;0;0
GU;2010;0;0;0;0;0;0;0;1;0;0;0;0;0;0;0;0;0;0;0;0;0
GU;2011;0;0;0;0;0;0;0;1;0;0;0;0;0;0;0;0;0;0;0;0;0
GU;2012;0;0;0;0;0;0;0;1;0;0;0;0;0;0;0;0;0;0;0;0;0
GU;2013;0;0;0;0;0;0;0;1;0;0;0;0;0;0;0;0;0;0;0;0;0
GU;2014;0;0;0;0;0;0;0;1;0;0;0;0;0;0;0;0;0;0;0;0;0
GU;2015;0;0;0;0.0175438596491;0;0;0;0.982456140351;0;0;0;0;0;0;0;0;0;0;0;0;0
GU;2016;0;0;0;0.0402298850575;0;0;0;0.959770114943;0;0;0;0;0;0;0;0;0;0;0;0;0
GU;2017;0;0;0;0.0338983050847;0;0;0;0.966101694915;0;0;0;0;0;0;0;0;0;0;0;0;0
GU;2018;0;0;0;0.0404624277457;0;0;0;0.959537572254;0;0;0;0;0;0;0;0;0;0;0;0;0
GU;2019;0;0;0;0.0457142857143;0;0;0;0.954285714286;0;0;0;0;0;0;0;0;0;0;0;0;0
GU;2020;0;0;0;0.046783625731;0;0;0;0.953216374269;0;0;0;0;0;0;0;0;0;0;0;0;0
GU;2021;0;0;0;0.0459770114943;0;0;0;0.954022988506;0;0;0;0;0;0;0;0;0;0;0;0;0
GU;2022;0;0;0;0.0777777777778;0;0;0;0.922222222222;0;0;0;0;0;0;0;0;0;0;0;0;0
GU;2023;0;0;0;0.0777777777778;0;0;0;0.922222222222;0;0;0;0;0;0;0;0;0;0;0;0;0
GU;2024;0;0;0;0.0860215053763;0;0;0;0.913978494624;0;0;0;0;0;0;0;0;0;0;0;0;0
GW;2000;0;0;0;0;0;0;0;1;0;0;0;0;0;0;0;0;0;0;0;0;0
GW;2001;0;0;0;0;0;0;0;1;0;0;0;0;0;0;0;0;0;0;0;0;0
GW;2002;0;0;0;0;0;0;0;1;0;0;0;0;0;0;0;0;0;0;0;0;0
GW;2003;0;0;0;0;0;0;0;1;0;0;0;0;0;0;0;0;0;0;0;0;0
GW;2004;0;0;0;0;0;0;0;1;0;0;0;0;0;0;0;0;0;0;0;0;0
GW;2005;0;0;0;0;0;0;0;1;0;0;0;0;0;0;0;0;0;0;0;0;0
GW;2006;0;0;0;0;0;0;0;1;0;0;0;0;0;0;0;0;0;0;0;0;0
GW;2007;0;0;0;0;0;0;0;1;0;0;0;0;0;0;0;0;0;0;0;0;0
GW;2008;0;0;0;0;0;0;0;1;0;0;0;0;0;0;0;0;0;0;0;0;0
GW;2009;0;0;0;0;0;0;0;1;0;0;0;0;0;0;0;0;0;0;0;0;0
GW;2010;0;0;0;0;0;0;0;1;0;0;0;0;0;0;0;0;0;0;0;0;0
GW;2011;0;0;0;0;0;0;0;1;0;0;0;0;0;0;0;0;0;0;0;0;0
GW;2012;0;0;0;0;0;0;0;1;0;0;0;0;0;0;0;0;0;0;0;0;0
GW;2013;0;0;0;0;0;0;0;1;0;0;0;0;0;0;0;0;0;0;0;0;0
GW;2014;0;0;0;0;0;0;0;1;0;0;0;0;0;0;0;0;0;0;0;0;0
GW;2015;0;0;0;0;0;0;0;1;0;0;0;0;0;0;0;0;0;0;0;0;0
GW;2016;0;0;0;0;0;0;0;1;0;0;0;0;0;0;0;0;0;0;0;0;0
GW;2017;0;0;0;0;0;0;0;1;0;0;0;0;0;0;0;0;0;0;0;0;0
GW;2018;0;0;0;0;0;0;0;1;0;0;0;0;0;0;0;0;0;0;0;0;0
GW;2019;0;0;0;0;0;0;0;1;0;0;0;0;0;0;0;0;0;0;0;0;0
GW;2020;0;0;0;0;0;0;0;1;0;0;0;0;0;0;0;0;0;0;0;0;0
GW;2021;0;0;0;0;0;0;0;1;0;0;0;0;0;0;0;0;0;0;0;0;0
GW;2022;0;0;0;0;0;0;0;1;0;0;0;0;0;0;0;0;0;0;0;0;0
GW;2023;0;0;0;0;0;0;0;1;0;0;0;0;0;0;0;0;0;0;0;0;0
GW;2024;0;0;0;0;0;0;0;1;0;0;0;0;0;0;0;0;0;0;0;0;0
GY;2000;0;0;0;0;0;0.0111111111111;0;0.988888888889;0;0;0;0;0;0;0;0;0;0;0;0;0
GY;2001;0;0;0;0;0;0.0108695652174;0;0.989130434783;0;0;0;0;0;0;0;0;0;0;0;0;0
GY;2002;0;0;0;0;0;0.0108695652174;0;0.989130434783;0;0;0;0;0;0;0;0;0;0;0;0;0
GY;2003;0;0;0;0;0;0.0121951219512;0;0.987804878049;0;0;0;0;0;0;0;0;0;0;0;0;0
GY;2004;0;0;0;0;0;0.0116279069767;0;0.988372093023;0;0;0;0;0;0;0;0;0;0;0;0;0
GY;2005;0;0;0;0;0;0.0153846153846;0;0.984615384615;0;0;0;0;0;0;0;0;0;0;0;0;0
GY;2006;0;0;0;0;0;0.0151515151515;0;0.984848484848;0;0;0;0;0;0;0;0;0;0;0;0;0
GY;2007;0;0;0;0;0;0.0142857142857;0;0.985714285714;0;0;0;0;0;0;0;0;0;0;0;0;0
GY;2008;0;0;0;0;0;0.0140845070423;0;0.985915492958;0;0;0;0;0;0;0;0;0;0;0;0;0
GY;2009;0;0;0;0;0;0.0120481927711;0;0.987951807229;0;0;0;0;0;0;0;0;0;0;0;0;0
GY;2010;0;0;0;0;0;0.0444444444444;0;0.955555555556;0;0;0;0;0;0;0;0;0;0;0;0;0
GY;2011;0;0;0;0;0;0.0526315789474;0;0.947368421053;0;0;0;0;0;0;0;0;0;0;0;0;0
GY;2012;0;0;0;0;0;0.0416666666667;0;0.958333333333;0;0;0;0;0;0;0;0;0;0;0;0;0
GY;2013;0;0;0;0;0;0.0408163265306;0;0.959183673469;0;0;0;0;0;0;0;0;0;0;0;0;0
GY;2014;0;0;0;0;0;0.04;0;0.96;0;0;0;0;0;0;0;0;0;0;0;0;0
GY;2015;0;0;0;0;0;0.039603960396;0;0.960396039604;0;0;0;0;0;0;0;0;0;0;0;0;0
GY;2016;0;0;0;0;0;0.0363636363636;0;0.963636363636;0;0;0;0;0;0;0;0;0;0;0;0;0
GY;2017;0;0;0;0.00892857142857;0;0.0267857142857;0;0.964285714286;0;0;0;0;0;0;0;0;0;0;0;0;0
GY;2018;0;0;0;0.00877192982456;0;0.0175438596491;0;0.973684210526;0;0;0;0;0;0;0;0;0;0;0;0;0
GY;2019;0;0;0;0.0173913043478;0;0.0173913043478;0;0.965217391304;0;0;0;0;0;0;0;0;0;0;0;0;0
GY;2020;0;0;0;0.00877192982456;0;0.0175438596491;0;0.973684210526;0;0;0;0;0;0;0;0;0;0;0;0;0
GY;2021;0;0;0;0.00877192982456;0;0.0263157894737;0;0.964912280702;0;0;0;0;0;0;0;0;0;0;0;0;0
GY;2022;0;0;0.0078125;0.0078125;0;0.015625;0;0.96875;0;0;0;0;0;0;0;0;0;0;0;0;0
GY;2023;0;0;0.00724637681159;0.0144927536232;0;0.0144927536232;0;0.963768115942;0;0;0;0;0;0;0;0;0;0;0;0;0
GY;2024;0;0;0.00724637681159;0.0144927536232;0;0.0144927536232;0;0.963768115942;0;0;0;0;0;0;0;0;0;0;0;0;0
HK;2000;0;0;0.391554702495;0;0;0;0.603646833013;0.00479846449136;0;0;0;0;0;0;0;0;0;0;0;0;0
HK;2001;0;0;0.382262051916;0;0;0;0.612793572311;0.00494437577256;0;0;0;0;0;0;0;0;0;0;0;0;0
HK;2002;0;0;0.356120362255;0;0;0;0.638913234005;0.00496640373941;0;0;0;0;0;0;0;0;0;0;0;0;0
HK;2003;0;0;0.215918712955;0;0;0;0.778436353373;0.00564493367203;0;0;0;0;0;0;0;0;0;0;0;0;0
HK;2004;0;0;0.302834008097;0;0;0;0.690688259109;0.00647773279352;0;0;0;0;0;0;0;0;0;0;0;0;0
HK;2005;0;0;0.29181865555;0;0;0;0.704273058885;0.0039082855654;0;0;0;0;0;0;0;0;0;0;0;0;0
HK;2006;0;0;0.306434872859;0;0;0;0.689673066943;0.0038920601972;0;0;0;0;0;0;0;0;0;0;0;0;0
HK;2007;0;0;0.263631687243;0;0;0;0.73353909465;0.002829218107;0;0;0;0;0;0;0;0;0;0;0;0;0
HK;2008;0;0;0.313999472713;0;0;0;0.682309517532;0.00369100975481;0;0;0;0;0;0;0;0;0;0;0;0;0
HK;2009;0;0;0.286897980321;0;0;0;0.709476954946;0.0036250647333;0;0;0;0;0;0;0;0;0;0;0;0;0
HK;2010;0;0;0.373790217107;0;0;0.00104629871828;0.622286162699;0.00287732147528;0;0;0;0;0;0;0;0;0;0;0;0;0
HK;2011;0;0;0.283038234539;0;0;0.00102643058763;0.71285604311;0.00307929176289;0;0;0;0;0;0;0;0;0;0;0;0;0
HK;2012;0;0;0.331689592525;0;0;0.00103815208928;0.645730599533;0.0215416558526;0;0;0;0;0;0;0;0;0;0;0;0;0
HK;2013;0;0;0.243783645219;0;0;0.00102537810818;0.75108946424;0.00410151243271;0;0;0;0;0;0;0;0;0;0;0;0;0
HK;2014;0;0;0.229240060393;0;0;0.00100654252642;0.764972320081;0.0047810770005;0;0;0;0;0;0;0;0;0;0;0;0;0
HK;2015;0;0;0.334653988378;0;0;0.00184891706286;0.657422081352;0.00607501320655;0;0;0;0;0;0;0;0;0;0;0;0;0
HK;2016;0;0;0.327911857293;0;0;0.00367261280168;0.658971668416;0.00944386149003;0;0;0;0;0;0;0;0;0;0;0;0;0
HK;2017;0;0;0.336762317271;0.000270709258257;0;0.00378992961559;0.648077964266;0.0110990795885;0;0;0;0;0;0;0;0;0;0;0;0;0
HK;2018;0;0;0.386655728739;0.00027344818157;0;0.00382827454197;0.601312551272;0.00792999726552;0;0;0;0;0;0;0;0;0;0;0;0;0
HK;2019;0;0;0.420682187331;0.000541418516513;0;0.00378992961559;0.570113697888;0.00487276664862;0;0;0;0;0;0;0;0;0;0;0;0;0
HK;2020;0;0;0.636681222707;0.00145560407569;0;0.00407569141194;0.353129548763;0.00465793304221;0;0;0;0;0;0;0;0;0;0;0;0;0
HK;2021;0;0;0.614577581447;0.00331308669244;0;0.00386526780784;0.372722252899;0.00552181115406;0;0;0;0;0;0;0;0;0;0;0;0;0
HK;2022;0;0;0.632686980609;0.00498614958449;0;0.00415512465374;0.352631578947;0.00554016620499;0;0;0;0;0;0;0;0;0;0;0;0;0
HK;2023;0;0;0.646092715232;0.00529801324503;0;0.00423841059603;0.332715231788;0.0116556291391;0;0;0;0;0;0;0;0;0;0;0;0;0
HK;2024;0;0;0.641025641026;0.00614316239316;0;0.0042735042735;0.336538461538;0.0120192307692;0;0;0;0;0;0;0;0;0;0;0;0;0
HN;2000;0.615384615385;0;0;0;0;0.00274725274725;0;0.381868131868;0;0;0;0;0;0;0;0;0;0;0;0;0
HN;2001;0.480818414322;0;0;0;0;0.0153452685422;0;0.503836317136;0;0;0;0;0;0;0;0;0;0;0;0;0
HN;2002;0.385542168675;0;0;0;0;0.021686746988;0;0.592771084337;0;0;0;0;0;0;0;0;0;0;0;0;0
HN;2003;0.367521367521;0;0;0;0;0.042735042735;0;0.589743589744;0;0;0;0;0;0;0;0;0;0;0;0;0
HN;2004;0.269379844961;0;0;0;0;0.0717054263566;0;0.658914728682;0;0;0;0;0;0;0;0;0;0;0;0;0
HN;2005;0.307414104882;0;0;0;0;0.0235081374322;0;0.669077757685;0;0;0;0;0;0;0;0;0;0;0;0;0
HN;2006;0.343959731544;0;0;0;0;0.0234899328859;0;0.63255033557;0;0;0;0;0;0;0;0;0;0;0;0;0
HN;2007;0.348171701113;0;0;0;0;0.027027027027;0;0.62480127186;0;0;0;0;0;0;0;0;0;0;0;0;0
HN;2008;0.350308641975;0;0;0;0;0.0308641975309;0;0.618827160494;0;0;0;0;0;0;0;0;0;0;0;0;0
HN;2009;0.403790087464;0;0;0;0;0.069970845481;0;0.526239067055;0;0;0;0;0;0;0;0;0;0;0;0;0
HN;2010;0.423611111111;0;0;0;0;0.0625;0;0.513888888889;0;0;0;0;0;0;0;0;0;0;0;0;0
HN;2011;0.373493975904;0;0;0;0.0160642570281;0.0709504685408;0.0133868808568;0.526104417671;0;0;0;0;0;0;0;0;0;0;0;0;0
HN;2012;0.352040816327;0;0;0;0.0433673469388;0.0688775510204;0.0127551020408;0.522959183673;0;0;0;0;0;0;0;0;0;0;0;0;0
HN;2013;0.330085261876;0;0;0;0.0377588306943;0.0730816077954;0.0121802679659;0.546894031669;0;0;0;0;0;0;0;0;0;0;0;0;0
HN;2014;0.310843373494;0;0;0.00120481927711;0.0481927710843;0.0457831325301;0.0156626506024;0.578313253012;0;0;0;0;0;0;0;0;0;0;0;0;0
HN;2015;0.257491675916;0;0;0.0488346281909;0.0743618201998;0.0599334073252;0.00998890122087;0.549389567148;0;0;0;0;0;0;0;0;0;0;0;0;0
HN;2016;0.241935483871;0;0;0.0956989247312;0.0623655913978;0.0806451612903;0.00430107526882;0.515053763441;0;0;0;0;0;0;0;0;0;0;0;0;0
HN;2017;0.316631130064;0;0;0.0991471215352;0.0618336886994;0.0863539445629;0;0.426439232409;0.00959488272921;0;0;0;0;0;0;0;0;0;0;0;0
HN;2018;0.324407826982;0;0;0.10298661174;0.0957775489186;0.0741503604531;0;0.371781668383;0.0308959835221;0;0;0;0;0;0;0;0;0;0;0;0
HN;2019;0.227954971857;0;0;0.105065666041;0.0769230769231;0.0909943714822;0.0046904315197;0.466228893058;0.0281425891182;0;0;0;0;0;0;0;0;0;0;0;0
HN;2020;0.266272189349;0;0;0.109467455621;0.0700197238659;0.0700197238659;0.00493096646943;0.448717948718;0.0305719921105;0;0;0;0;0;0;0;0;0;0;0;0
HN;2021;0.339028776978;0;0;0.102517985612;0.0692446043165;0.0719424460432;0.00539568345324;0.380395683453;0.0314748201439;0;0;0;0;0;0;0;0;0;0;0;0
HN;2022;0.342453662842;0;0;0.0917917034422;0.0609002647838;0.0714916151809;0.00617828773169;0.397175639894;0.0300088261253;0;0;0;0;0;0;0;0;0;0;0;0
HN;2023;0.310648518815;0;0;0.0832666132906;0.0552441953563;0.06645316253;0.00480384307446;0.451561248999;0.0280224179343;0;0;0;0;0;0;0;0;0;0;0;0
HN;2024;0.304487179487;0;0;0.0945512820513;0.0600961538462;0.0673076923077;0.00480769230769;0.440705128205;0.0280448717949;0;0;0;0;0;0;0;0;0;0;0;0
HR;1990;0.44494892168;0;0.154370034052;0;0;0.0011350737798;0.0715096481271;0.328036322361;0;0;0;0;0;0;0;0;0;0;0;0;0
HR;1991;0.644522144522;0;0.0862470862471;0;0;0.0011655011655;0.0454545454545;0.222610722611;0;0;0;0;0;0;0;0;0;0;0;0;0
HR;1992;0.488764044944;0;0.15393258427;0;0;0.00112359550562;0.0741573033708;0.28202247191;0;0;0;0;0;0;0;0;0;0;0;0;0
HR;1993;0.476939203354;0;0.190775681342;0;0;0.0020964360587;0.0471698113208;0.283018867925;0;0;0;0;0;0;0;0;0;0;0;0;0
HR;1994;0.621281464531;0;0.210526315789;0;0;0.00114416475973;0.0114416475973;0.155606407323;0;0;0;0;0;0;0;0;0;0;0;0;0
HR;1995;0.614718614719;0;0.0952380952381;0;0;0.00108225108225;0.025974025974;0.262987012987;0;0;0;0;0;0;0;0;0;0;0;0;0
HR;1996;0.705565529623;0;0.117594254937;0;0;0.000897666068223;0.0107719928187;0.165170556553;0;0;0;0;0;0;0;0;0;0;0;0;0
HR;1997;0.572967678746;0;0.114593535749;0;0;0;0.0499510284035;0.262487757101;0;0;0;0;0;0;0;0;0;0;0;0;0
HR;1998;0.526223776224;0;0.117132867133;0;0;0.000874125874126;0.0472027972028;0.308566433566;0;0;0;0;0;0;0;0;0;0;0;0;0
HR;1999;0.565586419753;0;0.0949074074074;0;0;0.000771604938272;0.0401234567901;0.298611111111;0;0;0;0;0;0;0;0;0;0;0;0;0
HR;2000;0.575379125781;0;0.14005352364;0;0;0;0.138269402319;0.14629794826;0;0;0;0;0;0;0;0;0;0;0;0;0
HR;2001;0.563137254902;0;0.143529411765;0;0;0;0.12862745098;0.164705882353;0;0;0;0;0;0;0;0;0;0;0;0;0
HR;2002;0.460992907801;0;0.199369582348;0;0;0;0.166272655634;0.173364854216;0;0;0;0;0;0;0;0;0;0;0;0;0
HR;2003;0.414893617021;0;0.156534954407;0;0;0;0.182370820669;0.246200607903;0;0;0;0;0;0;0;0;0;0;0;0;0
HR;2004;0.55010814708;0;0.177361211247;0;0;0;0.154289834174;0.118240807498;0;0;0;0;0;0;0;0;0;0;0;0;0
HR;2005;0.539463601533;0;0.139463601533;0;0.000766283524904;0.000766283524904;0.178544061303;0.140996168582;0;0;0;0;0;0;0;0;0;0;0;0;0
HR;2006;0.512780790085;0;0.15956622773;0;0.00154918667699;0.000774593338497;0.174283501162;0.151045701007;0;0;0;0;0;0;0;0;0;0;0;0;0
HR;2007;0.374800637959;0;0.244816586922;0;0.00239234449761;0.000797448165869;0.19298245614;0.184210526316;0;0;0;0;0;0;0;0;0;0;0;0;0
HR;2008;0.452269170579;0;0.192488262911;0;0.00312989045383;0.00156494522692;0.194835680751;0.155712050078;0;0;0;0;0;0;0;0;0;0;0;0;0
HR;2009;0.555056179775;0;0.165543071161;0;0.00374531835206;0.00149812734082;0.123595505618;0.150561797753;0;0;0;0;0;0;0;0;0;0;0;0;0
HR;2010;0.617308992563;0;0.172413793103;0;0.00946585530764;0.00202839756592;0.16091954023;0.0378634212306;0;0;0;0;0;0;0;0;0;0;0;0;0
HR;2011;0.447907390917;0;0.233303650935;0;0.0178094390027;0.00445235975067;0.229741763134;0.06678539626;0;0;0;0;0;0;0;0;0;0;0;0;0
HR;2012;0.457899716178;0;0.237464522233;0;0.0312204351939;0.0085146641438;0.211920529801;0.0529801324503;0;0;0;0;0;0;0;0;0;0;0;0;0
HR;2013;0.618364418938;0;0.144906743185;0.000717360114778;0.0373027259684;0.00932568149211;0.173601147776;0.0157819225251;0;0;0;0;0;0;0;0;0;0;0;0;0
HR;2014;0.670886075949;0;0.0744601638124;0.00297840655249;0.054355919583;0.01191362621;0.176470588235;0.00893521965748;0;0;0;0;0;0;0;0;0;0;0;0;0
HR;2015;0.568505338078;0;0.106761565836;0.00533807829181;0.0711743772242;0.0240213523132;0.205516014235;0.0186832740214;0;0;0;0;0;0;0;0;0;0;0;0;0
HR;2016;0.543650793651;0;0.12619047619;0.00555555555556;0.0801587301587;0.034126984127;0.206349206349;0.00396825396825;0;0;0;0;0;0;0;0;0;0;0;0;0
HR;2017;0.451146983857;0;0.262531860663;0.00679694137638;0.101954120646;0.0450297366185;0.116397621071;0.0161427357689;0;0;0;0;0;0;0;0;0;0;0;0;0
HR;2018;0.569526627219;0;0.166420118343;0.0051775147929;0.0991124260355;0.0495562130178;0.10724852071;0.00295857988166;0;0;0;0;0;0;0;0;0;0;0;0;0
HR;2019;0.460869565217;0;0.20790513834;0.00632411067194;0.116205533597;0.0695652173913;0.129644268775;0.00237154150198;0.00711462450593;0;0;0;0;0;0;0;0;0;0;0;0
HR;2020;0.427815570673;0;0.260015117158;0.00755857898715;0.130007558579;0.0740740740741;0.0922146636432;0.00151171579743;0.00680272108844;0;0;0;0;0;0;0;0;0;0;0;0
HR;2021;0.471872931833;0;0.205162144275;0.00992720052945;0.136333553938;0.0727994705493;0.09662475182;0.00132362673726;0.00595632031767;0;0;0;0;0;0;0;0;0;0;0;0
HR;2022;0.387234042553;0;0.248936170213;0.0106382978723;0.151773049645;0.0801418439716;0.110638297872;0.00567375886525;0.00496453900709;0;0;0;0;0;0;0;0;0;0;0;0
HR;2023;0.467889908257;0;0.221330275229;0.0235091743119;0.148509174312;0.0602064220183;0.0762614678899;0.00114678899083;0.00114678899083;0;0;0;0;0;0;0;0;0;0;0;0
HR;2024;0.44038738385;0;0.212668498888;0.0536578981809;0.174846224316;0.0654364611962;0.0523491689569;0.000654364611962;0;0;0;0;0;0;0;0;0;0;0;0;0
HT;2000;0.518518518519;0;0;0;0;0;0;0.481481481481;0;0;0;0;0;0;0;0;0;0;0;0;0
HT;2001;0.474576271186;0;0;0;0;0;0;0.525423728814;0;0;0;0;0;0;0;0;0;0;0;0;0
HT;2002;0.472727272727;0;0;0;0;0;0;0.527272727273;0;0;0;0;0;0;0;0;0;0;0;0;0
HT;2003;0.471698113208;0;0;0;0;0;0;0.528301886792;0;0;0;0;0;0;0;0;0;0;0;0;0
HT;2004;0.472727272727;0;0;0;0;0;0;0.527272727273;0;0;0;0;0;0;0;0;0;0;0;0;0
HT;2005;0.472727272727;0;0;0;0;0;0;0.527272727273;0;0;0;0;0;0;0;0;0;0;0;0;0
HT;2006;0.473684210526;0;0;0;0;0;0;0.526315789474;0;0;0;0;0;0;0;0;0;0;0;0;0
HT;2007;0.326086956522;0;0;0;0;0;0;0.673913043478;0;0;0;0;0;0;0;0;0;0;0;0;0
HT;2008;0.367346938776;0;0;0;0;0;0;0.632653061224;0;0;0;0;0;0;0;0;0;0;0;0;0
HT;2009;0.281690140845;0;0;0;0;0;0;0.718309859155;0;0;0;0;0;0;0;0;0;0;0;0;0
HT;2010;0.25;0;0;0;0;0;0;0.75;0;0;0;0;0;0;0;0;0;0;0;0;0
HT;2011;0.121212121212;0;0;0;0;0;0;0.878787878788;0;0;0;0;0;0;0;0;0;0;0;0;0
HT;2012;0.2;0;0;0;0;0;0;0.8;0;0;0;0;0;0;0;0;0;0;0;0;0
HT;2013;0.133333333333;0;0;0;0;0;0;0.866666666667;0;0;0;0;0;0;0;0;0;0;0;0;0
HT;2014;0.0873786407767;0;0;0;0;0;0;0.912621359223;0;0;0;0;0;0;0;0;0;0;0;0;0
HT;2015;0.0776699029126;0;0;0;0;0;0;0.922330097087;0;0;0;0;0;0;0;0;0;0;0;0;0
HT;2016;0.0648148148148;0;0;0;0;0;0;0.935185185185;0;0;0;0;0;0;0;0;0;0;0;0;0
HT;2017;0.122641509434;0;0;0;0;0;0;0.877358490566;0;0;0;0;0;0;0;0;0;0;0;0;0
HT;2018;0.182692307692;0;0;0;0;0;0;0.817307692308;0;0;0;0;0;0;0;0;0;0;0;0;0
HT;2019;0.160377358491;0;0;0;0;0;0;0.839622641509;0;0;0;0;0;0;0;0;0;0;0;0;0
HT;2020;0.137254901961;0;0;0;0;0;0;0.862745098039;0;0;0;0;0;0;0;0;0;0;0;0;0
HT;2021;0.126213592233;0;0;0;0;0;0;0.873786407767;0;0;0;0;0;0;0;0;0;0;0;0;0
HT;2022;0.188118811881;0;0;0;0;0;0;0.811881188119;0;0;0;0;0;0;0;0;0;0;0;0;0
HT;2023;0.223529411765;0;0;0;0;0;0;0.776470588235;0;0;0;0;0;0;0;0;0;0;0;0;0
HT;2024;0.186046511628;0;0;0;0;0;0;0.813953488372;0;0;0;0;0;0;0;0;0;0;0;0;0
HU;1990;0.00632911392405;0.482770745429;0.157172995781;0;0;0.00070323488045;0.300632911392;0.0523909985935;0;0;0;0;0;0;0;0;0;0;0;0;0
HU;1991;0.00634178905207;0.458277703605;0.167890520694;0;0;0.000667556742323;0.268357810414;0.0984646194927;0;0;0;0;0;0;0;0;0;0;0;0;0
HU;1992;0.00505050505051;0.440656565657;0.132575757576;0;0;0.00157828282828;0.287563131313;0.132575757576;0;0;0;0;0;0;0;0;0;0;0;0;0
HU;1993;0.00516560316013;0.419325432999;0.123974475843;0;0;0.00121543603768;0.274080826497;0.176238225463;0;0;0;0;0;0;0;0;0;0;0;0;0
HU;1994;0.00477326968974;0.41915274463;0.144093078759;0;0;0.00149164677804;0.260441527446;0.170047732697;0;0;0;0;0;0;0;0;0;0;0;0;0
HU;1995;0.00470311581423;0.41240446796;0.153145208701;0;0;0.00176366843034;0.266901822457;0.161081716637;0;0;0;0;0;0;0;0;0;0;0;0;0
HU;1996;0.00598461100028;0.404103733257;0.181533200342;0;0;0.00142490738102;0.273867198632;0.133086349387;0;0;0;0;0;0;0;0;0;0;0;0;0
HU;1997;0.00621468926554;0.394632768362;0.162146892655;0;0;0.00141242937853;0.265254237288;0.170338983051;0;0;0;0;0;0;0;0;0;0;0;0;0
HU;1998;0.00430107526882;0.375;0.196774193548;0;0;0.00161290322581;0.256989247312;0.165322580645;0;0;0;0;0;0;0;0;0;0;0;0;0
HU;1999;0.00475812846947;0.372720063442;0.206714247951;0;0;0.00158604282316;0.269098598996;0.145122918319;0;0;0;0;0;0;0;0;0;0;0;0;0
HU;2000;0.00511508951407;0.402955385053;0.187553282182;0;0;0.00170502983802;0.272520602444;0.130150610969;0;0;0;0;0;0;0;0;0;0;0;0;0
HU;2001;0.00521691378364;0.387973640857;0.243272926963;0;0;0.00192202086766;0.242723778144;0.118890719385;0;0;0;0;0;0;0;0;0;0;0;0;0
HU;2002;0.00525587828492;0.385892116183;0.297095435685;0;0;0.00110650069156;0.248409405256;0.0622406639004;0;0;0;0;0;0;0;0;0;0;0;0;0
HU;2003;0.0049809551714;0.322590096689;0.348080867272;0;0;0.00468795780838;0.268678581893;0.0509815411661;0;0;0;0;0;0;0;0;0;0;0;0;0
HU;2004;0.00593295757935;0.35330762385;0.34767131415;0;0.000296647878968;0.0216552951646;0.242657964996;0.0284781963809;0;0;0;0;0;0;0;0;0;0;0;0;0
HU;2005;0.00559440559441;0.386853146853;0.346293706294;0;0.00027972027972;0.0464335664336;0.196363636364;0.0181818181818;0;0;0;0;0;0;0;0;0;0;0;0;0
HU;2006;0.00529986052999;0.375453277545;0.367085076709;0;0.00111576011158;0.0351464435146;0.195258019526;0.0206415620642;0;0;0;0;0;0;0;0;0;0;0;0;0
HU;2007;0.00525525525526;0.367367367367;0.381131131131;0;0.00275275275275;0.039039039039;0.184434434434;0.02002002002;0;0;0;0;0;0;0;0;0;0;0;0;0
HU;2008;0.00524737631184;0.370314842579;0.379310344828;0;0.00499750124938;0.0484757621189;0.176911544228;0.0147426286857;0;0;0;0;0;0;0;0;0;0;0;0;0
HU;2009;0.00640490114174;0.429685324422;0.290169869117;0;0.00918964076859;0.0648844333055;0.176552492342;0.0231133389028;0;0;0;0;0;0;0;0;0;0;0;0;0
HU;2010;0.00508565310493;0.421841541756;0.310492505353;0;0.0141862955032;0.0615631691649;0.166755888651;0.0200749464668;0;0;0;0;0;0;0;0;0;0;0;0;0
HU;2011;0.00610771793448;0.435591338145;0.29816768462;0;0.017490283176;0.0516379789006;0.179900055525;0.0111049416991;0;0;0;0;0;0;0;0;0;0;0;0;0
HU;2012;0.00606585788562;0.456094742923;0.271519352975;0.000288850375505;0.0222414789139;0.0476603119584;0.18313113807;0.0129982668977;0;0;0;0;0;0;0;0;0;0;0;0;0
HU;2013;0.00693756194252;0.507763462174;0.183019491245;0.000660720185002;0.0237859266601;0.0604558969277;0.208126858276;0.00925008259002;0;0;0;0;0;0;0;0;0;0;0;0;0
HU;2014;0.0102075535897;0.532494045594;0.1442667574;0.00238176250425;0.0224566178972;0.0724736304866;0.203810820007;0.0119088125213;0;0;0;0;0;0;0;0;0;0;0;0;0
HU;2015;0.00758325090669;0.521925486317;0.168480052753;0.00461589185625;0.0227497527201;0.0712166172107;0.190900098912;0.0125288493241;0;0;0;0;0;0;0;0;0;0;0;0;0
HU;2016;0.00815558343789;0.503450439147;0.203262233375;0.00752823086575;0.0213299874529;0.0649309912171;0.176599749059;0.0147427854454;0;0;0;0;0;0;0;0;0;0;0;0;0
HU;2017;0.00668286755772;0.489064398542;0.239064398542;0.0106318347509;0.0230862697448;0.0653098420413;0.149756986634;0.0164034021871;0;0;0;0;0;0;0;0;0;0;0;0;0
HU;2018;0.00686427457098;0.490795631825;0.227145085803;0.0196567862715;0.0190327613105;0.0717628705148;0.145709828393;0.01872074883;0.000312012480499;0;0;0;0;0;0;0;0;0;0;0;0
HU;2019;0.00641773628938;0.4752042007;0.253792298716;0.0437572928821;0.0212952158693;0.0650525087515;0.11756126021;0.0163360560093;0.000583430571762;0;0;0;0;0;0;0;0;0;0;0;0
HU;2020;0.00687285223368;0.45990836197;0.260309278351;0.0704467353952;0.0186139747995;0.06156930126;0.106242840779;0.0154639175258;0.00057273768614;0;0;0;0;0;0;0;0;0;0;0;0
HU;2021;0.00581717451524;0.442936288089;0.267313019391;0.105263157895;0.0182825484765;0.0617728531856;0.083379501385;0.0149584487535;0.000277008310249;0;0;0;0;0;0;0;0;0;0;0;0
HU;2022;0.00503074343208;0.441866964785;0.247903856903;0.132196757965;0.0170486305198;0.0598099496926;0.0835662381219;0.0125768585802;0;0;0;0;0;0;0;0;0;0;0;0;0
HU;2023;0.00619020821609;0.447945976365;0.204839617333;0.194991558807;0.0182892515476;0.0438942037141;0.0700619020822;0.0132245357344;0.000562746201463;0;0;0;0;0;0;0;0;0;0;0;0
HU;2024;0.00605693519079;0.421878703289;0.187764990915;0.242277407632;0.01745977405;0.0481921365181;0.0642561820241;0.0118505253733;0.000263345008295;0;0;0;0;0;0;0;0;0;0;0;0
HU;2025;0.00620081681442;0.400662416575;0.203082976392;0.271018029684;0.0148172128698;0.0598167148122;0.0339675266461;0.00986153999402;0.000572766211774;0;0;0;0;0;0;0;0;0;0;0;0
ID;2000;0.089351310592;0;0.231645140537;0.000484251451025;0;0.0636859836876;0.458454684441;0.119727712327;0.0366509169647;0;0;0;0;0;0;0;0;0;0;0;0
ID;2001;0.0951960495765;0;0.226580332908;0.000457830537297;0;0.0627489453547;0.458484580922;0.117525098924;0.0390071617777;0;0;0;0;0;0;0;0;0;0;0;0
ID;2002;0.0796180714968;0;0.191200009927;0.000434291670286;0;0.0610365921753;0.475239170627;0.152926505441;0.0395453586629;0;0;0;0;0;0;0;0;0;0;0;0
ID;2003;0.0724258026353;0;0.178121963144;0.000422519058628;0;0.060685808792;0.483850717981;0.168772219975;0.0357209684137;0;0;0;0;0;0;0;0;0;0;0;0
ID;2004;0.0762663107265;0;0.162917405012;0.000402733988447;0;0.0599383241663;0.470726992383;0.19353669482;0.0362115389041;0;0;0;0;0;0;0;0;0;0;0;0
ID;2005;0.0788736256204;0;0.127515011927;0.000383866633764;0;0.0599490005758;0.469490828329;0.227572591922;0.0362150749911;0;0;0;0;0;0;0;0;0;0;0;0
ID;2006;0.070225642004;0;0.13515733469;0.000370947399659;0;0.0567496528992;0.495553930453;0.206660095598;0.0352823969561;0;0;0;0;0;0;0;0;0;0;0;0
ID;2007;0.0734828882609;0;0.130904431521;0.000347648160196;0;0.0583204620741;0.50236649069;0.199708968826;0.0348691104677;0;0;0;0;0;0;0;0;0;0;0;0
ID;2008;0.0715471281751;0;0.139437001527;0.000332910061969;0;0.0589869071228;0.475619093819;0.214560534939;0.0395164243557;0;0;0;0;0;0;0;0;0;0;0;0
ID;2009;0.0696105785611;0;0.193154507031;0.000322292512685;1.84167150105e-05;0.0557750214094;0.479138466072;0.159184876194;0.0427958415058;0;0;0;0;0;0;0;0;0;0;0;0
ID;2010;0.102548301274;0;0.171623585812;0.000301750150875;1.70000085e-05;0.0604945302473;0.447516723758;0.177730838865;0.0397672698836;0;0;0;0;0;0;0;0;0;0;0;0
ID;2011;0.073519374554;0;0.15790494214;0.000275338938355;1.93900660813e-05;0.058922532808;0.489257903391;0.183701486055;0.0363990320479;0;0;0;0;0;0;0;0;0;0;0;0
ID;2012;0.0692502972461;0;0.180240010569;0.00026064819278;1.78526159438e-05;0.0560822077259;0.542733806785;0.117695155871;0.0337200209947;0;0;0;0;0;0;0;0;0;0;0;0
ID;2013;0.0779404584384;0;0.196640889956;0.000250729093812;0;0.0533030259043;0.553045698676;0.0876957996279;0.031123398303;0;0;0;0;0;0;0;0;0;0;0;0
ID;2014;0.071839781101;0;0.210273759211;0.000260755309926;0;0.0553410814911;0.529153798223;0.0990768584742;0.0340539661899;0;0;0;0;0;0;0;0;0;0;0;0
ID;2015;0.0680006112713;0;0.185015879766;0.000249159501947;1.32885067705e-05;0.0568449098375;0.533141535886;0.123320664957;0.0334139502744;0;0;0;0;0;0;0;0;0;0;0;0
ID;2016;0.0792137635327;0;0.198834833214;0.000285641642157;1.88335148675e-05;0.0553454223573;0.548086671835;0.084757094742;0.0334577391621;0;0;0;0;0;0;0;0;0;0;0;0
ID;2017;0.0744626560999;0;0.172271253602;0.000297190201729;0;0.0586215177714;0.579944164265;0.0752011287224;0.0392020893372;0;0;0;0;0;0;0;0;0;0;0;0
ID;2018;0.0782470177116;0;0.164033505047;0.000444806467486;0.00052820768014;0.0568462665447;0.59293536128;0.0671268560245;0.0398379792442;0;0;0;0;0;0;0;0;0;0;0;0
ID;2019;0.0727294148449;0;0.168592747742;0.000492211022385;0.00126718156827;0.0542112841995;0.62180128289;0.0439638696164;0.0369420081162;0;0;0;0;0;0;0;0;0;0;0;0
ID;2020;0.0812648034107;0;0.140404758145;0.000634243907574;0.00125006579294;0.0555134480762;0.645783988631;0.0341702194852;0.0409784725512;0;0;0;0;0;0;0;0;0;0;0;0
ID;2021;0.0767680798496;0;0.147924810882;0.000647842291046;0.00107645278018;0.0540098481881;0.648692122188;0.0316974699665;0.0391833738543;0;0;0;0;0;0;0;0;0;0;0;0
ID;2022;0.0759513203548;0;0.13770857113;0.00116638717246;0.000807847924897;0.0498256092331;0.668748312256;0.0279297535383;0.0378621983902;0;0;0;0;0;0;0;0;0;0;0;0
ID;2023;0.0651744985118;0;0.138319266086;0.00165054765298;0.00101393795796;0.047395802592;0.683792591718;0.0269357572283;0.0357175982529;0;0;0;0;0;0;0;0;0;0;0;0
ID;2024;0.065746830053;0;0.141309061948;0.00280130267474;0.000920625157709;0.0456764130709;0.684231484986;0.0262506308352;0.0330636512743;0;0;0;0;0;0;0;0;0;0;0;0
ID;2025;0.0673391303031;0;0.116130607887;0.00301396990195;0.000726987715044;0.0533881603235;0.693779143404;0.0320215370111;0.0336004634547;0;0;0;0;0;0;0;0;0;0;0;0
IE;1990;0.0492610837438;0;0.277269528501;0;0;0;0.416608022519;0.256861365236;0;0;0;0;0;0;0;0;0;0;0;0;0
IE;1991;0.0503018108652;0;0.251509054326;0;0;0;0.392354124748;0.30583501006;0;0;0;0;0;0;0;0;0;0;0;0;0
IE;1992;0.0520304568528;0;0.231598984772;0;0.000634517766497;0;0.422588832487;0.293147208122;0;0;0;0;0;0;0;0;0;0;0;0;0
IE;1993;0.0471464019851;0;0.281017369727;0;0.00124069478908;0;0.410669975186;0.259925558313;0;0;0;0;0;0;0;0;0;0;0;0;0
IE;1994;0.0547945205479;0;0.265634306135;0;0.0011911852293;0;0.397855866587;0.280524121501;0;0;0;0;0;0;0;0;0;0;0;0;0
IE;1995;0.0404097894138;0;0.293682413204;0;0.00113830392715;0;0.399544678429;0.265224815026;0;0;0;0;0;0;0;0;0;0;0;0;0
IE;1996;0.0381558028617;0;0.333333333333;0;0.000529941706412;0.00158982511924;0.370429252782;0.255961844197;0;0;0;0;0;0;0;0;0;0;0;0;0
IE;1997;0.0346055979644;0;0.334351145038;0;0.00254452926209;0.00407124681934;0.345547073791;0.278880407125;0;0;0;0;0;0;0;0;0;0;0;0;0
IE;1998;0.0441247002398;0;0.308393285372;0;0.00815347721823;0.00431654676259;0.323261390887;0.31175059952;0;0;0;0;0;0;0;0;0;0;0;0;0
IE;1999;0.0391344383057;0;0.32044198895;0;0.00874769797422;0.00414364640884;0.268416206262;0.359116022099;0;0;0;0;0;0;0;0;0;0;0;0;0
IE;2000;0.0359712230216;0;0.391874735506;0;0.0105797714769;0.0038087177317;0.288616165891;0.269149386373;0;0;0;0;0;0;0;0;0;0;0;0;0
IE;2001;0.0244001626678;0;0.372102480683;0;0.0138267588451;0.00406669377796;0.287108580724;0.298495323302;0;0;0;0;0;0;0;0;0;0;0;0;0
IE;2002;0.0366935483871;0;0.436693548387;0;0.0157258064516;0.00322580645161;0.275;0.232661290323;0;0;0;0;0;0;0;0;0;0;0;0;0
IE;2003;0.024164317358;0;0.525171163915;0;0.0185259766412;0.00362464760371;0.249697946033;0.178815948449;0;0;0;0;0;0;0;0;0;0;0;0;0
IE;2004;0.025;0;0.511904761905;0;0.0265873015873;0.00436507936508;0.247222222222;0.184920634921;0;0;0;0;0;0;0;0;0;0;0;0;0
IE;2005;0.024609375;0;0.451953125;0;0.044140625;0.005078125;0.249609375;0.224609375;0;0;0;0;0;0;0;0;0;0;0;0;0
IE;2006;0.0265682656827;0;0.508856088561;0;0.0608856088561;0.00479704797048;0.216974169742;0.181918819188;0;0;0;0;0;0;0;0;0;0;0;0;0
IE;2007;0.0236248236953;0;0.566290550071;0;0.0701692524683;0.00634696755994;0.191819464034;0.141748942172;0;0;0;0;0;0;0;0;0;0;0;0;0
IE;2008;0.0324089542265;0;0.558636819245;0;0.0818576678917;0.00735048446375;0.171734046108;0.148012028065;0;0;0;0;0;0;0;0;0;0;0;0;0
IE;2009;0.0321658327377;0;0.582558970693;0;0.107219442459;0.00929235167977;0.142959256612;0.125804145818;0;0;0;0;0;0;0;0;0;0;0;0;0
IE;2010;0.0213068181818;0;0.643110795455;0;0.1015625;0.0110085227273;0.126065340909;0.0969460227273;0;0;0;0;0;0;0;0;0;0;0;0;0
IE;2011;0.0261029411765;0;0.567279411765;0;0.163602941176;0.0125;0.144852941176;0.0856617647059;0;0;0;0;0;0;0;0;0;0;0;0;0
IE;2012;0.0294550810015;0;0.520618556701;0;0.150220913108;0.0162002945508;0.184830633284;0.0986745213549;0;0;0;0;0;0;0;0;0;0;0;0;0
IE;2013;0.0234192037471;0;0.512490241998;0;0.180327868852;0.0191256830601;0.167056986729;0.0975800156128;0;0;0;0;0;0;0;0;0;0;0;0;0
IE;2014;0.0274555297757;0;0.488785769528;0;0.201856148492;0.0208816705336;0.15313225058;0.10788863109;0;0;0;0;0;0;0;0;0;0;0;0;0
IE;2015;0.0287744227353;0;0.439431616341;0;0.23730017762;0.0170515097691;0.173001776199;0.104440497336;0;0;0;0;0;0;0;0;0;0;0;0;0
IE;2016;0.0224422442244;0;0.505940594059;0;0.206270627063;0.0224422442244;0.155115511551;0.0877887788779;0;0;0;0;0;0;0;0;0;0;0;0;0
IE;2017;0.0224098733355;0;0.50925625203;0.000324780772978;0.245859045145;0.0240337772004;0.118220201364;0.0798960701526;0;0;0;0;0;0;0;0;0;0;0;0;0
IE;2018;0.0222293814433;0;0.516108247423;0.000644329896907;0.282860824742;0.0273840206186;0.0692654639175;0.0815077319588;0;0;0;0;0;0;0;0;0;0;0;0;0
IE;2019;0.028830579851;0;0.515387107224;0.000971817298348;0.329770003239;0.0275348234532;0.0165208940719;0.0809847748623;0;0;0;0;0;0;0;0;0;0;0;0;0
IE;2020;0.0289179104478;0;0.504975124378;0.00186567164179;0.365049751244;0.0286069651741;0.0208333333333;0.0497512437811;0;0;0;0;0;0;0;0;0;0;0;0;0
IE;2021;0.023629489603;0;0.477630749842;0.00252047889099;0.313169502205;0.031190926276;0.0856962822936;0.0661625708885;0;0;0;0;0;0;0;0;0;0;0;0;0
IE;2022;0.0207161882214;0;0.48919798757;0.00443918319029;0.337081976916;0.029890500148;0.0701390944066;0.0485350695472;0;0;0;0;0;0;0;0;0;0;0;0;0
IE;2023;0.0298034242232;0;0.486683576411;0.0206087507926;0.37603043754;0.0263157894737;0.0383639822448;0.0221940393152;0;0;0;0;0;0;0;0;0;0;0;0;0
IE;2024;0.024780355936;0;0.48595243459;0.0350786856757;0.373089177099;0.0321822804364;0.0202748366749;0.0286422295884;0;0;0;0;0;0;0;0;0;0;0;0;0
IE;2025;0.0208539900848;0;0.479321925476;0.0466336158644;0.376587238126;0.0330081560851;0.014808891732;0.0287861826323;0;0;0;0;0;0;0;0;0;0;0;0;0
IL;2000;0.00070323488045;0;0.000234411626817;0;0;0;0.684950773558;0.314111579934;0;0;0;0;0;0;0;0;0;0;0;0;0
IL;2001;0.000227531285552;0;0.000227531285552;0;0.000227531285552;0;0.749260523322;0.250056882821;0;0;0;0;0;0;0;0;0;0;0;0;0
IL;2002;0.00043956043956;0;0.000659340659341;0;0.00021978021978;0;0.771428571429;0.227252747253;0;0;0;0;0;0;0;0;0;0;0;0;0
IL;2003;0.000637755102041;0;0.000637755102041;0;0.000212585034014;0;0.767219387755;0.231292517007;0;0;0;0;0;0;0;0;0;0;0;0;0
IL;2004;0.000634517766497;0;0.09179357022;0;0.000211505922166;0;0.771785109983;0.135575296108;0;0;0;0;0;0;0;0;0;0;0;0;0
IL;2005;0.000617156963588;0;0.115819790167;0;0.000205718987863;0;0.743879860111;0.139477473771;0;0;0;0;0;0;0;0;0;0;0;0;0
IL;2006;0.000197784810127;0;0.179786392405;0;0.000197784810127;0;0.706289556962;0.113528481013;0;0;0;0;0;0;0;0;0;0;0;0;0
IL;2007;0.000185908161368;0;0.196504926566;0;0.000185908161368;0;0.693065625581;0.11005763153;0;0;0;0;0;0;0;0;0;0;0;0;0
IL;2008;0.000352174678641;0;0.270822327875;0;0.00017608733932;0.00017608733932;0.622468744497;0.106004578271;0;0;0;0;0;0;0;0;0;0;0;0;0
IL;2009;0.000365430294171;0;0.329252695048;0.000365430294171;0.000182715147086;0.000730860588343;0.627626530239;0.0414763383885;0;0;0;0;0;0;0;0;0;0;0;0;0
IL;2010;0.000512382578992;0;0.374893253629;0.00119555935098;0.000170794192997;0.00102476515798;0.584799316823;0.0374039282664;0;0;0;0;0;0;0;0;0;0;0;0;0
IL;2011;0.000503355704698;0;0.331375838926;0.00318791946309;0.000167785234899;0.0011744966443;0.589765100671;0.0738255033557;0;0;0;0;0;0;0;0;0;0;0;0;0
IL;2012;0.000476114902396;0;0.167751150611;0.00587208379622;0.000158704967465;0.00126963973972;0.614505634026;0.209966671957;0;0;0;0;0;0;0;0;0;0;0;0;0
IL;2013;0.000489236790607;0;0.430202217873;0.00799086757991;0.000163078930202;0.000652315720809;0.523157208089;0.0373450750163;0;0;0;0;0;0;0;0;0;0;0;0;0
IL;2014;0.00016431153467;0;0.484061781137;0.0144594150509;0.00016431153467;0.000985869208018;0.494577719356;0.00558659217877;0;0;0;0;0;0;0;0;0;0;0;0;0
IL;2015;0.000311380974622;0;0.516113965437;0.0174373345789;0.000155690487311;0.00108983341118;0.453993461;0.0108983341118;0;0;0;0;0;0;0;0;0;0;0;0;0
IL;2016;0;0;0.609162811521;0.0229816445307;0.000746157289957;0.0016415460379;0.360543202507;0.00492463811371;0;0;0;0;0;0;0;0;0;0;0;0;0
IL;2017;0;0;0.634638196916;0.0223902728351;0.00266903914591;0;0.326660735469;0.0136417556346;0;0;0;0;0;0;0;0;0;0;0;0;0
IL;2018;0;0;0.667053028108;0.0227470298464;0.00260793972762;0.0018835120255;0.298464213272;0.00724427702115;0;0;0;0;0;0;0;0;0;0;0;0;0
IL;2019;0;0;0.634025581076;0.0441479851465;0.00261312061615;0.00151285930408;0.301196534177;0.0165039196809;0;0;0;0;0;0;0;0;0;0;0;0;0
IL;2020;0.00027495188342;0;0.670882595546;0.0563651361012;0.0027495188342;0.00164971130052;0.261204289249;0.00687379708551;0;0;0;0;0;0;0;0;0;0;0;0;0
IL;2021;0.000269832703724;0;0.688073394495;0.0744738262277;0.00242849433351;0.00134916351862;0.228008634647;0.00539665407447;0;0;0;0;0;0;0;0;0;0;0;0;0
IL;2022;0.000260179523871;0;0.680369454924;0.0917132821647;0.00377260309614;0.00143098738129;0.217249902433;0.00520359047743;0;0;0;0;0;0;0;0;0;0;0;0;0
IL;2023;0;0;0.706444530544;0.11055146584;0.00594084979982;0.00142063799561;0.169185070386;0.00645744543459;0;0;0;0;0;0;0;0;0;0;0;0;0
IL;2024;0.000124378109453;0;0.713930348259;0.130845771144;0.00572139303483;0.00136815920398;0.143034825871;0.00497512437811;0;0;0;0;0;0;0;0;0;0;0;0;0
IL;2025;0;0;0.79658952497;0.161753958587;0.00560292326431;0.00194884287454;0.0341047503045;0;0;0;0;0;0;0;0;0;0;0;0;0;0
IN;1985;0.277965556092;0.0241965770696;0.0115886045389;0;0;0;0.622565588283;0.0636836740168;0;0;0;0;0;0;0;0;0;0;0;0;0
IN;1986;0.259387181132;0.0247693294518;0.0181575960922;0;0;0;0.640943405536;0.056742487788;0;0;0;0;0;0;0;0;0;0;0;0;0
IN;1987;0.218893906201;0.0237850404614;0.0189564984128;0;0;0;0.683149282425;0.0552152724997;0;0;0;0;0;0;0;0;0;0;0;0;0
IN;1988;0.226315789474;0.0251968503937;0.0149191877331;0;0;0;0.682469954414;0.0510982179859;0;0;0;0;0;0;0;0;0;0;0;0;0
IN;1989;0.232584599574;0.0147544593702;0.0267195184614;0;0;0;0.67892534684;0.0470160757542;0;0;0;0;0;0;0;0;0;0;0;0;0
IN;1990;0.230747845427;0.0222060050042;0.034612176814;0;0.000104253544621;0.000139004726161;0.665936891854;0.04625382263;0;0;0;0;0;0;0;0;0;0;0;0;0
IN;1991;0.23067561242;0.0168825089718;0.0416601653924;0;0.000343267280387;0.000312061163988;0.668185364331;0.04194102044;0;0;0;0;0;0;0;0;0;0;0;0;0
IN;1992;0.207800682189;0.0189826486727;0.0482277917841;0;0.00026694349696;0.000355924662613;0.680438973751;0.0439270354442;0;0;0;0;0;0;0;0;0;0;0;0;0
IN;1993;0.195295027197;0.0172018665268;0.0493690808184;0;0.000248502084656;0.00069028356849;0.697959521772;0.039235718033;0;0;0;0;0;0;0;0;0;0;0;0;0
IN;1994;0.206742789391;0.0127587184576;0.0563961131015;0;0.000489728587262;0.000979457174524;0.682037270923;0.0405959223651;0;0;0;0;0;0;0;0;0;0;0;0;0
IN;1995;0.177740319333;0.0178161726834;0.0689001264223;0;0.00117057639182;0.00131104555883;0.693660158262;0.0394016013485;0;0;0;0;0;0;0;0;0;0;0;0;0
IN;1996;0.155817783895;0.0189526409603;0.0722456623271;2.25626678098e-05;0.00198551476727;0.00171476275355;0.704474177027;0.0447868956025;0;0;0;0;0;0;0;0;0;0;0;0;0
IN;1997;0.149650439083;0.021463892915;0.0856424247591;2.13146900844e-05;0.00211015431836;0.00208883962827;0.69449654702;0.0445263875863;0;0;0;0;0;0;0;0;0;0;0;0;0
IN;1998;0.165581008573;0.0225117310472;0.0993327657552;1.97992357495e-05;0.00213831746095;0.00255410141169;0.666204684499;0.0416575920169;0;0;0;0;0;0;0;0;0;0;0;0;0
IN;1999;0.150261244474;0.0232562388103;0.10780445029;1.82688443129e-05;0.00264898242537;0.00308743468888;0.667616646571;0.045306733896;0;0;0;0;0;0;0;0;0;0;0;0;0
IN;2000;0.134741595058;0.027599362957;0.0979366107212;1.75011813297e-05;0.0027651866501;0.00295769964473;0.68294859903;0.0510334447575;0;0;0;0;0;0;0;0;0;0;0;0;0
IN;2001;0.122882151205;0.0322305447969;0.0954290296712;1.7062225938e-05;0.00356600522104;0.00353188076917;0.696633622822;0.0457097032879;0;0;0;0;0;0;0;0;0;0;0;0;0
IN;2002;0.112427006102;0.0317400433042;0.103142838396;1.64031231546e-05;0.00342825273932;0.00351026835509;0.699921265009;0.0458139229709;0;0;0;0;0;0;0;0;0;0;0;0;0
IN;2003;0.108598561422;0.0284268095843;0.114083337251;3.13415761679e-05;0.00407440490182;0.00424678357075;0.691818281541;0.0487204801529;0;0;0;0;0;0;0;0;0;0;0;0;0
IN;2004;0.144117310116;0.0304444953603;0.10966319166;2.86401649674e-05;0.00748940313896;0.0047399473021;0.663034139077;0.0404828731813;0;0;0;0;0;0;0;0;0;0;0;0;0
IN;2005;0.138278544257;0.0251660705161;0.107122579913;2.83881224096e-05;0.00850224266167;0.00573440072674;0.679157440527;0.0360103332766;0;0;0;0;0;0;0;0;0;0;0;0;0
IN;2006;0.151283532367;0.0236825490644;0.100345230579;1.34330964631e-05;0.0125465120965;0.00750910092285;0.678989293822;0.0256303480515;0;0;0;0;0;0;0;0;0;0;0;0;0
IN;2007;0.153982367568;0.0223921834577;0.113091201366;7.5352271871e-05;0.0146685755909;0.00929344686409;0.669718433677;0.0167784392033;0;0;0;0;0;0;0;0;0;0;0;0;0
IN;2008;0.139025361838;0.0183846163132;0.10366847334;7.24279040572e-05;0.017358554339;0.0112263251289;0.691831339554;0.0184329015825;0;0;0;0;0;0;0;0;0;0;0;0;0
IN;2009;0.121029329752;0.0191434392179;0.118787202804;9.10508405131e-05;0.0185174646893;0.0120187109477;0.695525989324;0.0148868124239;0;0;0;0;0;0;0;0;0;0;0;0;0
IN;2010;0.116126827497;0.0246478497207;0.126047907389;0.000117472420679;0.0207819391493;0.0141180491035;0.686647657493;0.0115122972266;0;0;0;0;0;0;0;0;0;0;0;0;0
IN;2011;0.127576720397;0.0312112523249;0.113879417235;0.000804014259144;0.0232001704898;0.0149759764414;0.679295179789;0.00905726906386;0;0;0;0;0;0;0;0;0;0;0;0;0
IN;2012;0.106374377538;0.0304478050752;0.088430936587;0.00192940225281;0.0252016684736;0.0151779643887;0.723185902501;0.0092519431837;0;0;0;0;0;0;0;0;0;0;0;0;0
IN;2013;0.115647152634;0.029187806139;0.0581039755352;0.00300552912209;0.0262961891994;0.0153956695846;0.743031641299;0.00933203648695;0;0;0;0;0;0;0;0;0;0;0;0;0
IN;2014;0.110433152191;0.0275606190612;0.0508548638256;0.00390091206661;0.0265754600057;0.0167953729304;0.754703340007;0.00917627991229;0;0;0;0;0;0;0;0;0;0;0;0;0
IN;2015;0.101849591015;0.0292317787816;0.0494216212917;0.00540990111098;0.0249816872177;0.0140092784764;0.768030460261;0.00706568184593;0;0;0;0;0;0;0;0;0;0;0;0;0
IN;2016;0.0921551619078;0.0271698221416;0.052059959998;0.00874595857857;0.031148516413;0.0123303678321;0.769644354914;0.00674585821511;0;0;0;0;0;0;0;0;0;0;0;0;0
IN;2017;0.0929847715042;0.0255814112514;0.0512790705626;0.0152900389089;0.0359890316537;0.0102503436156;0.762614624006;0.00601070849773;0;0;0;0;0;0;0;0;0;0;0;0;0
IN;2018;0.0890274552222;0.0248464989024;0.0453408837846;0.0238284605351;0.0383736837082;0.0117074412242;0.762803423154;0.00407215346928;0;0;0;0;0;0;0;0;0;0;0;0;0
IN;2019;0.101369161389;0.0282077227698;0.0449412235006;0.0233919224475;0.039544528976;0.0118614848405;0.748766380592;0.00191757548502;0;0;0;0;0;0;0;0;0;0;0;0;0
IN;2020;0.10494880273;0.0285578021823;0.0478780099802;0.0330165578918;0.0386852272109;0.0127264987085;0.73220898857;0.00197811272682;0;0;0;0;0;0;0;0;0;0;0;0;0
IN;2021;0.0957263836269;0.0261836131836;0.036008429788;0.0383066499343;0.0405929467594;0.0126387203892;0.748522253388;0.00202100293016;0;0;0;0;0;0;0;0;0;0;0;0;0
IN;2022;0.0970948084306;0.0256143080782;0.0256032172325;0.0524591454836;0.0388456869642;0.0129152897844;0.74553773688;0.00192980714683;0;0;0;0;0;0;0;0;0;0;0;0;0
IN;2023;0.077952605567;0.0251443190011;0.0265006515613;0.0595190027408;0.0428340255846;0.012003543158;0.754037436865;0.00200841552187;0;0;0;0;0;0;0;0;0;0;0;0;0
IN;2024;0.0769114734348;0.026877005027;0.0277319591175;0.0696478031365;0.0400649175485;0.0109326025933;0.745824605677;0.00200963346546;0;0;0;0;0;0;0;0;0;0;0;0;0
IN;2025;0.0855428497811;0.0258676386039;0.023322264119;0.093585656298;0.049995096729;0.0110722588312;0.70864571656;0.00196851907757;0;0;0;0;0;0;0;0;0;0;0;0;0
IQ;2000;0.0191222570533;0;0.187774294671;0;0;0;0;0.793103448276;0;0;0;0;0;0;0;0;0;0;0;0;0
IQ;2001;0.0192248062016;0;0.162480620155;0;0;0;0;0.818294573643;0;0;0;0;0;0;0;0;0;0;0;0;0
IQ;2002;0.0153573538098;0;0.132309509746;0;0;0;0;0.852333136444;0;0;0;0;0;0;0;0;0;0;0;0;0
IQ;2003;0.0151782562654;0;0.104482880339;0;0;0;0;0.880338863396;0;0;0;0;0;0;0;0;0;0;0;0;0
IQ;2004;0.015174976773;0;0.0588417466708;0;0;0;0;0.925983276556;0;0;0;0;0;0;0;0;0;0;0;0;0
IQ;2005;0.197368421053;0;0.328947368421;0;0;0;0;0.473684210526;0;0;0;0;0;0;0;0;0;0;0;0;0
IQ;2006;0.180313331363;0;0.419154596512;0;0;0;0;0.400532072125;0;0;0;0;0;0;0;0;0;0;0;0;0
IQ;2007;0.172683513839;0;0.389290012034;0;0;0;0;0.438026474128;0;0;0;0;0;0;0;0;0;0;0;0;0
IQ;2008;0.0943600867679;0;0.494848156182;0;0;0;0;0.41079175705;0;0;0;0;0;0;0;0;0;0;0;0;0
IQ;2009;0.0853368560106;0;0.480845442536;0;0;0;0;0.433817701453;0;0;0;0;0;0;0;0;0;0;0;0;0
IQ;2010;0.0975260682887;0;0.308116949499;0;0;0;0;0.594356982212;0;0;0;0;0;0;0;0;0;0;0;0;0
IQ;2011;0.0630797773655;0;0.333951762523;0;0;0;0;0.602968460111;0;0;0;0;0;0;0;0;0;0;0;0;0
IQ;2012;0.0953933072577;0;0.223381138635;0;0;0;0;0.681225554107;0;0;0;0;0;0;0;0;0;0;0;0;0
IQ;2013;0.0808149405772;0;0.211375212224;0.000848896434635;0;0;0;0.706960950764;0;0;0;0;0;0;0;0;0;0;0;0;0
IQ;2014;0.0424453136318;0;0.219469795741;0.000869187309865;0;0;0;0.737215703317;0;0;0;0;0;0;0;0;0;0;0;0;0
IQ;2015;0.0360985277463;0;0.298272933182;0.000849377123443;0;0;0;0.664779161948;0;0;0;0;0;0;0;0;0;0;0;0;0
IQ;2016;0.0411326742341;0;0.254973758086;0.000732332478945;0;0;0;0.703161235201;0;0;0;0;0;0;0;0;0;0;0;0;0
IQ;2017;0.0232955759778;0;0.360653985894;0.00064116264159;0;0;0;0.615409275486;0;0;0;0;0;0;0;0;0;0;0;0;0
IQ;2018;0.0184940554822;0;0.543135860177;0.000609694136775;0;0;0;0.437760390204;0;0;0;0;0;0;0;0;0;0;0;0;0
IQ;2019;0.0430518184185;0;0.576686051558;0.000520788126031;0;0;0;0.379741341897;0;0;0;0;0;0;0;0;0;0;0;0;0
IQ;2020;0.0355191256831;0;0.610570355191;0.00324453551913;0;0;0;0.350665983607;0;0;0;0;0;0;0;0;0;0;0;0;0
IQ;2021;0.0278100614312;0;0.58832807571;0.00315457413249;0;0;0;0.380707288727;0;0;0;0;0;0;0;0;0;0;0;0;0
IQ;2022;0.0197968026296;0;0.674137158225;0.00283878679217;0;0;0;0.303227252353;0;0;0;0;0;0;0;0;0;0;0;0;0
IQ;2023;0.0095165850631;0;0.521895041721;0.00262050893042;0;0;0;0.465967864285;0;0;0;0;0;0;0;0;0;0;0;0;0
IQ;2024;0.0133573766112;0;0.529619982635;0.00287183597142;0;0;0;0.454150804782;0;0;0;0;0;0;0;0;0;0;0;0;0
IR;1985;0.151586791726;0;0.353000128485;0;0;0;0.00226133881537;0.493151740974;0;0;0;0;0;0;0;0;0;0;0;0;0
IR;1986;0.167117053051;0;0.373844403357;0;0;0;0.00206229554829;0.456976248044;0;0;0;0;0;0;0;0;0;0;0;0;0
IR;1987;0.173449913453;0;0.300208601482;0;0;0;0.00188629000044;0.524455195065;0;0;0;0;0;0;0;0;0;0;0;0;0
IR;1988;0.175558867362;0;0.426144347456;0;0;0;0.00187353629977;0.396423248882;0;0;0;0;0;0;0;0;0;0;0;0;0
IR;1989;0.130893818903;0;0.512550796212;0;0;0;0.00124438568179;0.355310999203;0;0;0;0;0;0;0;0;0;0;0;0;0
IR;1990;0.128020119677;0;0.525921429191;0;0;0;0.0011273957159;0.344931055416;0;0;0;0;0;0;0;0;0;0;0;0;0
IR;1991;0.0892635399752;0;0.5572324641;0;0;0;0.00149648167606;0.352007514248;0;0;0;0;0;0;0;0;0;0;0;0;0
IR;1992;0.137009139897;0;0.553142397809;0;0;0;0.00123552353449;0.30861293876;0;0;0;0;0;0;0;0;0;0;0;0;0
IR;1993;0.141030447473;0;0.539378196717;0;0;0;0.00128538146373;0.318305974346;0;0;0;0;0;0;0;0;0;0;0;0;0
IR;1994;0.0851315984396;0;0.583279838033;0;0;0;0.00117278159103;0.330415781937;0;0;0;0;0;0;0;0;0;0;0;0;0
IR;1995;0.0986686899103;0;0.55244034;0;0;0;0.00107879980558;0.347812170284;0;0;0;0;0;0;0;0;0;0;0;0;0
IR;1996;0.09821707154;0;0.547069311344;0;0;0;0.0010251838645;0.353688433252;0;0;0;0;0;0;0;0;0;0;0;0;0
IR;1997;0.0612581586464;0;0.607240444202;0;0;0;0.000989864203005;0.330511532949;0;0;0;0;0;0;0;0;0;0;0;0;0
IR;1998;0.0731357132392;0;0.700835083264;0;0;0;0.00109391024076;0.224935293256;0;0;0;0;0;0;0;0;0;0;0;0;0
IR;1999;0.0467171717172;0;0.700812077611;0;0.000317927476201;0;0.00378787878788;0.248364944408;0;0;0;0;0;0;0;0;0;0;0;0;0
IR;2000;0.031680729302;0;0.683377043411;0;0.000301641432126;0;0.00405540147637;0.280585184378;0;0;0;0;0;0;0;0;0;0;0;0;0
IR;2001;0.0323033157528;0;0.701402004655;0;0.000266451415719;0;0.00369897259469;0.262329255582;0;0;0;0;0;0;0;0;0;0;0;0;0
IR;2002;0.0579638847089;0;0.709283481884;0;0.000217039009145;0;0.00373307095729;0.22880252344;0;0;0;0;0;0;0;0;0;0;0;0;0
IR;2003;0.0632266147911;0;0.724395792806;0;0.00018464176201;0;0.0031125325596;0.209080418082;0;0;0;0;0;0;0;0;0;0;0;0;0
IR;2004;0.0733187920494;0;0.704193419557;0;0.00028263340604;0;0.00292464133206;0.219280513655;0;0;0;0;0;0;0;0;0;0;0;0;0
IR;2005;0.0815916239828;0;0.703558339028;0;0.000400955516527;0;0.0032245859146;0.211224495558;0;0;0;0;0;0;0;0;0;0;0;0;0
IR;2006;0.0956883627152;0;0.646854159127;0;0.000646228609833;0;0.00291578348757;0.25389546606;0;0;0;0;0;0;0;0;0;0;0;0;0
IR;2007;0.0884109269388;0;0.683076438358;0;0.000694133342523;0;0.00283068561667;0.224987815745;0;0;0;0;0;0;0;0;0;0;0;0;0
IR;2008;0.0353382744204;0;0.641671417712;0;0.00093120486507;0;0.00185290763968;0.320206195363;0;0;0;0;0;0;0;0;0;0;0;0;0
IR;2009;0.0303102711378;0;0.673620190617;0;0.00101890841546;9.01688863241e-06;0.00169517506289;0.293346437878;0;0;0;0;0;0;0;0;0;0;0;0;0
IR;2010;0.0434994759866;0;0.737653862636;4.24302340876e-06;0.00071707095608;4.24302340876e-05;0.00149778726329;0.2165851299;0;0;0;0;0;0;0;0;0;0;0;0;0
IR;2011;0.0453503574036;0.000454182725776;0.604156408646;4.24469837173e-06;0.000899876054808;9.33833641781e-05;0.00180399680799;0.3472375503;0;0;0;0;0;0;0;0;0;0;0;0;0
IR;2012;0.0502578821902;0.00583702167175;0.628545126368;4.01998737724e-06;0.00113765642776;9.24597096765e-05;0.0016079949509;0.312517838694;0;0;0;0;0;0;0;0;0;0;0;0;0
IR;2013;0.0564956036654;0.0164379645512;0.53191012625;3.86321141038e-06;0.000846043298873;7.34010167972e-05;0.00177321403736;0.392459783969;0;0;0;0;0;0;0;0;0;0;0;0;0
IR;2014;0.0526212676414;0.0147661720422;0.696578746871;3.62805209883e-06;0.000725610419766;0.000170518448645;0.00192286761238;0.233211188913;0;0;0;0;0;0;0;0;0;0;0;0;0
IR;2015;0.0472883763087;0.0124715420464;0.737251907307;7.13679087062e-06;0.000503143756379;5.70943269649e-05;0.00164859869111;0.200772200772;0;0;0;0;0;0;0;0;0;0;0;0;0
IR;2016;0.0538961288586;0.0226250511108;0.787420974827;1.74737805922e-05;0.000545181954477;7.68846346058e-05;0.0017054409858;0.133712863848;0;0;0;0;0;0;0;0;0;0;0;0;0
IR;2017;0.0564679975358;0.0228008546224;0.827420665609;0.000281815679438;0.00104206262862;7.86462361222e-05;0.00225780236201;0.0896501553263;0;0;0;0;0;0;0;0;0;0;0;0;0
IR;2018;0.0314967184248;0.0220425804386;0.852540419401;0.000710741155755;0.00240115255323;7.68368817032e-05;0.00205538658556;0.088676164559;0;0;0;0;0;0;0;0;0;0;0;0;0
IR;2019;0.106198159211;0.0201044263606;0.703388368848;0.00159932263982;0.00226413910971;3.44951941923e-05;0.00255264437023;0.163858444267;0;0;0;0;0;0;0;0;0;0;0;0;0
IR;2020;0.068813052684;0.0187712399694;0.736440522155;0.00173181740002;0.0033390862884;6.52396965761e-05;0.00237235260277;0.168466689204;0;0;0;0;0;0;0;0;0;0;0;0;0
IR;2021;0.0387948812193;0.00992388044207;0.792339224439;0.00173955495451;0.00317328492507;6.1726143547e-05;0.00204818567224;0.151919262204;0;0;0;0;0;0;0;0;0;0;0;0;0
IR;2022;0.0381503457069;0.0178874014504;0.759217487482;0.00200504530422;0.00308112260743;5.99334194195e-05;0.00193966339212;0.177659000637;0;0;0;0;0;0;0;0;0;0;0;0;0
IR;2023;0.0597223167495;0.0173682915465;0.768712469046;0.00192661078797;0.00296059347989;5.75889094231e-05;0.00186902187855;0.147383107602;0;0;0;0;0;0;0;0;0;0;0;0;0
IR;2024;0.0476851009642;0.0177799001476;0.722505204859;0.00244830513613;0.00295363127362;8.59054433732e-05;0.00184191377115;0.204700038405;0;0;0;0;0;0;0;0;0;0;0;0;0
IR;2025;0.0299939801344;0.013514598174;0.732928664593;0.00552573492525;0.00293970101334;8.52814287148e-05;0.00186615832246;0.213145881409;0;0;0;0;0;0;0;0;0;0;0;0;0
IS;2000;0.826544021025;0;0;0;0;0;0;0;0.173455978975;0;0;0;0;0;0;0;0;0;0;0;0
IS;2001;0.81783919598;0;0;0;0;0;0;0;0.18216080402;0;0;0;0;0;0;0;0;0;0;0;0
IS;2002;0.82754491018;0;0;0;0;0;0;0.00119760479042;0.17125748503;0;0;0;0;0;0;0;0;0;0;0;0
IS;2003;0.831753554502;0;0;0;0;0;0;0.00118483412322;0.167061611374;0;0;0;0;0;0;0;0;0;0;0;0
IS;2004;0.826697892272;0;0;0;0;0;0;0;0.173302107728;0;0;0;0;0;0;0;0;0;0;0;0
IS;2005;0.807200929152;0;0;0;0;0;0;0;0.192799070848;0;0;0;0;0;0;0;0;0;0;0;0
IS;2006;0.732994923858;0;0;0;0;0;0;0;0.267005076142;0;0;0;0;0;0;0;0;0;0;0;0
IS;2007;0.698906644239;0;0;0;0;0;0;0;0.301093355761;0;0;0;0;0;0;0;0;0;0;0;0
IS;2008;0.752753977968;0;0;0;0;0;0;0;0.247246022032;0;0;0;0;0;0;0;0;0;0;0;0
IS;2009;0.727707959306;0;0;0;0;0;0;0;0.272292040694;0;0;0;0;0;0;0;0;0;0;0;0
IS;2010;0.747311827957;0;0;0;0;0;0;0;0.252688172043;0;0;0;0;0;0;0;0;0;0;0;0
IS;2011;0.73471810089;0;0;0;0;0;0;0;0.26528189911;0;0;0;0;0;0;0;0;0;0;0;0
IS;2012;0.706188548294;0;0;0;0;0;0;0;0.293811451706;0;0;0;0;0;0;0;0;0;0;0;0
IS;2013;0.708727070595;0;0;0;0;0;0;0;0.291272929405;0;0;0;0;0;0;0;0;0;0;0;0
IS;2014;0.705056179775;0;0;0;0.000561797752809;0;0;0;0.294382022472;0;0;0;0;0;0;0;0;0;0;0;0
IS;2015;0.729919137466;0;0;0;0.000539083557951;0;0;0;0.269541778976;0;0;0;0;0;0;0;0;0;0;0;0
IS;2016;0.720418271877;0;0;0;0.000550357732526;0;0;0;0.279031370391;0;0;0;0;0;0;0;0;0;0;0;0
IS;2017;0.72836916623;0;0;0;0.000524383848977;0;0;0;0.271106449921;0;0;0;0;0;0;0;0;0;0;0;0
IS;2018;0.694768918233;0;0;0;0;0;0;0;0.305231081767;0;0;0;0;0;0;0;0;0;0;0;0
IS;2019;0.688533057851;0;0;0;0.00051652892562;0;0;0;0.310950413223;0;0;0;0;0;0;0;0;0;0;0;0
IS;2020;0.683959767073;0;0;0;0.000529380624669;0;0;0;0.315510852303;0;0;0;0;0;0;0;0;0;0;0;0
IS;2021;0.70036101083;0;0;0;0.000515729757607;0;0;0;0.299123259412;0;0;0;0;0;0;0;0;0;0;0;0
IS;2022;0.701560140916;0;0;0;0.000503271263211;0;0;0;0.297936587821;0;0;0;0;0;0;0;0;0;0;0;0
IS;2023;0.711761736497;0;0;0;0.000504795557799;0;0;0;0.287733467945;0;0;0;0;0;0;0;0;0;0;0;0
IS;2024;0.70656167979;0;0;0.000524934383202;0.000524934383202;0;0;0;0.292388451444;0;0;0;0;0;0;0;0;0;0;0;0
IS;2025;0.712377511359;0;0;0.00054743526578;0.000437948212624;0;0;5.4743526578e-05;0.286582361636;0;0;0;0;0;0;0;0;0;0;0;0
IT;1990;0.148393150364;0;0.186300727187;0;0;0.000234576589256;0.150363593713;0.499601219798;0.0151067323481;0;0;0;0;0;0;0;0;0;0;0;0
IT;1991;0.193380030216;0;0.166369088495;0;0;0.000503593828687;0.130476582887;0.494712264799;0.0145584397748;0;0;0;0;0;0;0;0;0;0;0;0
IT;1992;0.189509610203;0;0.15933177654;4.49074905694e-05;0;0.000449074905694;0.0959223998563;0.539204239267;0.015537991737;0;0;0;0;0;0;0;0;0;0;0;0
IT;1993;0.188495494676;0;0.181851278784;4.5508328024e-05;0;0.000546099936288;0.075816874488;0.536543187403;0.0167015563848;0;0;0;0;0;0;0;0;0;0;0;0
IT;1994;0.195234972678;0;0.178360655738;4.37158469945e-05;4.37158469945e-05;0.000655737704918;0.0868196721311;0.523890710383;0.0149508196721;0;0;0;0;0;0;0;0;0;0;0;0
IT;1995;0.159160803808;0;0.198003117496;4.21283228715e-05;4.21283228715e-05;0.000926823103172;0.101613514766;0.525719341113;0.0144921430678;0;0;0;0;0;0;0;0;0;0;0;0
IT;1996;0.175613016417;0;0.209657880446;4.17728392999e-05;0.0001253185179;0.0015873678934;0.0922344291742;0.505033627136;0.0157065875768;0;0;0;0;0;0;0;0;0;0;0;0
IT;1997;0.168762677485;0;0.248640973631;4.05679513185e-05;0.000486815415822;0.00227180527383;0.0832048681542;0.480770791075;0.0158215010142;0;0;0;0;0;0;0;0;0;0;0;0
IT;1998;0.162500985571;0;0.279429157139;7.88456989671e-05;0.000906725538122;0.00315382795868;0.0918946621462;0.445438776315;0.0165970196326;0;0;0;0;0;0;0;0;0;0;0;0
IT;1999;0.175004821601;0;0.335506268081;7.71456123433e-05;0.00154291224687;0.0043587270974;0.0918418514947;0.374696239151;0.0169720347155;0;0;0;0;0;0;0;0;0;0;0;0
IT;2000;0.16374009039;0;0.375490849818;7.40905386382e-05;0.00207453508187;0.00514929243536;0.0973549677706;0.338704897385;0.01741127658;0;0;0;0;0;0;0;0;0;0;0;0
IT;2001;0.172158881942;0;0.383192350129;7.35564545789e-05;0.00433983082015;0.00673041559397;0.116697315189;0.300220669364;0.0165869805075;0;0;0;0;0;0;0;0;0;0;0;0
IT;2002;0.142399019926;0;0.358195510395;7.2064281339e-05;0.00504449969373;0.00976471012143;0.127733938673;0.339999279357;0.016790977552;0;0;0;0;0;0;0;0;0;0;0;0
IT;2003;0.128095853565;0;0.409753030356;6.98641142977e-05;0.00510008034373;0.0117721032592;0.135571313795;0.29098403605;0.0186537185175;0;0;0;0;0;0;0;0;0;0;0;0
IT;2004;0.144155799939;0;0.442068707228;0.000102141568214;0.00626468285043;0.0143679139287;0.154982806169;0.21953627728;0.0185216710361;0;0;0;0;0;0;0;0;0;0;0;0
IT;2005;0.12242473611;0;0.506839086312;0.000101822624987;0.00794216474901;0.015850388623;0.148016155856;0.180769100227;0.0180565454977;0;0;0;0;0;0;0;0;0;0;0;0
IT;2006;0.121036615294;0;0.5174568895;0.000130885769445;0.00971826838127;0.0167206570466;0.144661496679;0.172180229705;0.0180949576257;0;0;0;0;0;0;0;0;0;0;0;0
IT;2007;0.107195348989;0;0.564098376719;0.00013064637293;0.0131626220727;0.0171799980403;0.144070287749;0.135970212627;0.0181925074305;0;0;0;0;0;0;0;0;0;0;0;0
IT;2008;0.133581538659;0;0.554514234361;0.000609814808871;0.0155984209006;0.0191610232051;0.138235388516;0.120582854575;0.0177167249735;0;0;0;0;0;0;0;0;0;0;0;0
IT;2009;0.171602179075;0;0.514597010756;0.00237463332868;0.0228383852493;0.0264003352424;0.138776365414;0.104763235089;0.0186478558458;0;0;0;0;0;0;0;0;0;0;0;0
IT;2010;0.172335906685;0;0.515153558305;0.00643899807841;0.0307453730236;0.031824158042;0.133937902437;0.0914270303071;0.0181370731214;0;0;0;0;0;0;0;0;0;0;0;0
IT;2011;0.153567717934;0;0.484633173576;0.0361966685659;0.0330127023494;0.0362972148674;0.149914535644;0.0874417669337;0.0189362201294;0;0;0;0;0;0;0;0;0;0;0;0
IT;2012;0.141812023709;0;0.437392040644;0.0638780694327;0.0454191363251;0.0423031329382;0.166435224386;0.0838272650296;0.018933107536;0;0;0;0;0;0;0;0;0;0;0;0
IT;2013;0.184497587581;0;0.380777568002;0.0754842318719;0.0520942591427;0.059716103769;0.157681281029;0.0699601426474;0.0197888259562;0;0;0;0;0;0;0;0;0;0;0;0
IT;2014;0.211731096084;0;0.33869742885;0.0806784074061;0.0548945864825;0.0676960908401;0.157125809135;0.0677684157234;0.0214081654793;0;0;0;0;0;0;0;0;0;0;0;0
IT;2015;0.162817304255;0;0.396424740794;0.0820164461923;0.0530568466214;0.06932427601;0.154451197712;0.0598140865213;0.0220951018949;0;0;0;0;0;0;0;0;0;0;0;0
IT;2016;0.148382584368;0;0.441230984438;0.0772862388529;0.0618639622312;0.0681937401644;0.124532260885;0.0565133764644;0.0219968525966;0;0;0;0;0;0;0;0;0;0;0;0
IT;2017;0.12393440378;0;0.480536820843;0.083467424424;0.0607347050567;0.0663151768291;0.111712143517;0.0520729912013;0.021226334349;0;0;0;0;0;0;0;0;0;0;0;0
IT;2018;0.170558624065;0;0.44941620639;0.0791791931763;0.0619450464937;0.0669090400615;0.0995245752639;0.0511081591275;0.0213591554219;0;0;0;0;0;0;0;0;0;0;0;0
IT;2019;0.15972964585;0;0.488637539225;0.0816924721542;0.0696575743991;0.0674161177972;0.0649677575089;0.0469671367978;0.0209317562675;0;0;0;0;0;0;0;0;0;0;0;0
IT;2020;0.171778476211;0;0.483002781691;0.0900979010874;0.0677721180593;0.0708789422347;0.0483364040316;0.0463494815939;0.0217838950905;0;0;0;0;0;0;0;0;0;0;0;0
IT;2021;0.158989806998;0;0.504430978318;0.0877088514484;0.073312550352;0.0667624084907;0.0491085502119;0.0389856036989;0.0207012504816;0;0;0;0;0;0;0;0;0;0;0;0
IT;2022;0.101367027162;0;0.504943427205;0.100367633937;0.0731341685405;0.0628546953635;0.0807010029625;0.0557875575543;0.0208444872756;0;0;0;0;0;0;0;0;0;0;0;0
IT;2023;0.154922576945;0;0.455056394571;0.117415408144;0.0901930797171;0.0612120053527;0.0505448289046;0.048900783789;0.0217549225769;0;0;0;0;0;0;0;0;0;0;0;0
IT;2024;0.198569314258;0;0.443221061129;0.134509874273;0.0830605014127;0.0643958081057;0.0147628231003;0.0402894260812;0.0211911916401;0;0;0;0;0;0;0;0;0;0;0;0
IT;2025;0.157094422975;0;0.47280348898;0.167980553225;0.0807861494406;0.0586639372947;0.0134524423238;0.0258023488152;0.0234166569458;0;0;0;0;0;0;0;0;0;0;0;0
JM;2000;0.0162481536189;0;0;0;0;0.0295420974889;0;0.954209748892;0;0;0;0;0;0;0;0;0;0;0;0;0
JM;2001;0.00883652430044;0;0;0;0;0.0250368188513;0;0.966126656848;0;0;0;0;0;0;0;0;0;0;0;0;0
JM;2002;0.0129310344828;0;0;0;0;0.00862068965517;0;0.978448275862;0;0;0;0;0;0;0;0;0;0;0;0;0
JM;2003;0.016713091922;0;0;0;0;0.008356545961;0;0.974930362117;0;0;0;0;0;0;0;0;0;0;0;0;0
JM;2004;0.0179310344828;0;0;0;0.00413793103448;0.00965517241379;0;0.968275862069;0;0;0;0;0;0;0;0;0;0;0;0;0
JM;2005;0.0200803212851;0;0;0;0.00669344042838;0.00937081659973;0;0.963855421687;0;0;0;0;0;0;0;0;0;0;0;0;0
JM;2006;0.0213333333333;0;0;0;0.00666666666667;0.00933333333333;0;0.962666666667;0;0;0;0;0;0;0;0;0;0;0;0;0
JM;2007;0.026402640264;0;0;0;0.00825082508251;0.0148514851485;0;0.950495049505;0;0;0;0;0;0;0;0;0;0;0;0;0
JM;2008;0.0378250591017;0;0;0;0.0118203309693;0.0118203309693;0;0.93853427896;0;0;0;0;0;0;0;0;0;0;0;0;0
JM;2009;0.0318181818182;0;0;0;0.0136363636364;0.0295454545455;0;0.925;0;0;0;0;0;0;0;0;0;0;0;0;0
JM;2010;0.0347222222222;0;0;0;0.0115740740741;0.0300925925926;0;0.923611111111;0;0;0;0;0;0;0;0;0;0;0;0;0
JM;2011;0.0344036697248;0;0;0;0.0206422018349;0.0321100917431;0;0.912844036697;0;0;0;0;0;0;0;0;0;0;0;0;0
JM;2012;0.0348027842227;0;0;0;0.0255220417633;0.0417633410673;0;0.897911832947;0;0;0;0;0;0;0;0;0;0;0;0;0
JM;2013;0.027972027972;0;0;0;0.027972027972;0.037296037296;0;0.90675990676;0;0;0;0;0;0;0;0;0;0;0;0;0
JM;2014;0.0328638497653;0;0;0.00234741784038;0.0281690140845;0.0352112676056;0;0.901408450704;0;0;0;0;0;0;0;0;0;0;0;0;0
JM;2015;0.0303738317757;0;0;0.00233644859813;0.0303738317757;0.0397196261682;0;0.897196261682;0;0;0;0;0;0;0;0;0;0;0;0;0
JM;2016;0.0267260579065;0;0.011135857461;0.0022271714922;0.0467706013363;0.0467706013363;0;0.866369710468;0;0;0;0;0;0;0;0;0;0;0;0;0
JM;2017;0.0342465753425;0;0.187214611872;0.00913242009132;0.0570776255708;0.0159817351598;0;0.696347031963;0;0;0;0;0;0;0;0;0;0;0;0;0
JM;2018;0.0454545454545;0;0.118686868687;0.0126262626263;0.0757575757576;0.0126262626263;0;0.734848484848;0;0;0;0;0;0;0;0;0;0;0;0;0
JM;2019;0.0344827586207;0;0.271551724138;0.0193965517241;0.0581896551724;0.0150862068966;0;0.601293103448;0;0;0;0;0;0;0;0;0;0;0;0;0
JM;2020;0.0327102803738;0;0.579439252336;0.0280373831776;0.0654205607477;0.0116822429907;0;0.282710280374;0;0;0;0;0;0;0;0;0;0;0;0;0
JM;2021;0.032183908046;0;0.583908045977;0.0298850574713;0.0597701149425;0.0114942528736;0;0.28275862069;0;0;0;0;0;0;0;0;0;0;0;0;0
JM;2022;0.0267260579065;0;0.532293986637;0.0289532293987;0.0601336302895;0.0133630289532;0;0.338530066815;0;0;0;0;0;0;0;0;0;0;0;0;0
JM;2023;0.0251572327044;0;0.589098532495;0.0272536687631;0.0566037735849;0.0125786163522;0;0.289308176101;0;0;0;0;0;0;0;0;0;0;0;0;0
JM;2024;0.0243902439024;0;0.569105691057;0.030487804878;0.0589430894309;0.0121951219512;0;0.30487804878;0;0;0;0;0;0;0;0;0;0;0;0;0
JO;2000;0.00542740841248;0;0.100407055631;0;0;0;0;0.894165535957;0;0;0;0;0;0;0;0;0;0;0;0;0
JO;2001;0.0053050397878;0;0.102122015915;0;0;0;0;0.892572944297;0;0;0;0;0;0;0;0;0;0;0;0;0
JO;2002;0.00615763546798;0;0.0837438423645;0;0;0;0;0.910098522167;0;0;0;0;0;0;0;0;0;0;0;0;0
JO;2003;0.00498132004981;0;0.093399750934;0;0;0.00124533001245;0;0.900373599004;0;0;0;0;0;0;0;0;0;0;0;0;0
JO;2004;0.00558035714286;0;0.501116071429;0;0;0.00111607142857;0;0.4921875;0;0;0;0;0;0;0;0;0;0;0;0;0
JO;2005;0.00621761658031;0;0.549222797927;0;0;0;0;0.444559585492;0;0;0;0;0;0;0;0;0;0;0;0;0
JO;2006;0.0044964028777;0;0.702338129496;0;0;0.00089928057554;0;0.29226618705;0;0;0;0;0;0;0;0;0;0;0;0;0
JO;2007;0.00467653936087;0;0.824629773967;0;0;0.000779423226812;0;0.169914263445;0;0;0;0;0;0;0;0;0;0;0;0;0
JO;2008;0.00424028268551;0;0.83816254417;0;0;0.000706713780919;0;0.156890459364;0;0;0;0;0;0;0;0;0;0;0;0;0
JO;2009;0.00420168067227;0;0.909663865546;0;0;0.000700280112045;0;0.0854341736695;0;0;0;0;0;0;0;0;0;0;0;0;0
JO;2010;0.00405953991881;0;0.711772665765;0;0;0.000676589986468;0;0.28349120433;0;0;0;0;0;0;0;0;0;0;0;0;0
JO;2011;0.00341530054645;0;0.270491803279;0;0;0.00068306010929;0;0.725409836066;0;0;0;0;0;0;0;0;0;0;0;0;0
JO;2012;0.00361663652803;0;0.185654008439;0;0;0.000602772754671;0;0.810126582278;0;0;0;0;0;0;0;0;0;0;0;0;0
JO;2013;0.00289687137891;0;0.251448435689;0;0;0.000579374275782;0;0.745075318656;0;0;0;0;0;0;0;0;0;0;0;0;0
JO;2014;0.00328407224959;0;0.0711548987411;0;0;0.000547345374932;0;0.925013683634;0;0;0;0;0;0;0;0;0;0;0;0;0
JO;2015;0.00262329485834;0;0.483210912907;0.00262329485834;0.00629590766002;0.000524658971668;0;0.504721930745;0;0;0;0;0;0;0;0;0;0;0;0;0
JO;2016;0.00203355363498;0;0.84595831215;0.021860701576;0.019827147941;0;0;0.110320284698;0;0;0;0;0;0;0;0;0;0;0;0;0
JO;2017;0.00192492781521;0;0.796920115496;0.043792107796;0.0216554379211;0;0;0.135707410972;0;0;0;0;0;0;0;0;0;0;0;0;0
JO;2018;0.000981836033382;0;0.832106038292;0.0702012763868;0.0348551791851;0;0;0.0618556701031;0;0;0;0;0;0;0;0;0;0;0;0;0
JO;2019;0.000974184120799;0;0.811495372625;0.100340964442;0.0428641013151;0;0;0.0443253774963;0;0;0;0;0;0;0;0;0;0;0;0;0
JO;2020;0.000966183574879;0;0.770531400966;0.121739130435;0.0666666666667;0;0;0.0400966183575;0;0;0;0;0;0;0;0;0;0;0;0;0
JO;2021;0.000936329588015;0;0.7265917603;0.154026217228;0.0749063670412;0;0;0.0435393258427;0;0;0;0;0;0;0;0;0;0;0;0;0
JO;2022;0.000886132033673;0;0.730615861763;0.152857775809;0.0775365529464;0;0;0.0381036774479;0;0;0;0;0;0;0;0;0;0;0;0;0
JO;2023;0.000841396718553;0;0.617164493058;0.14514093395;0.0736222128734;0;0;0.163230963399;0;0;0;0;0;0;0;0;0;0;0;0;0
JO;2024;0.000844951415294;0;0.619771863118;0.166032953105;0.0739332488382;0;0;0.139416983523;0;0;0;0;0;0;0;0;0;0;0;0;0
JP;1985;0.123333030733;0.23748387164;0.193132555402;0;0;0.0188986432087;0.149828931488;0.277322967529;0;0;0;0;0;0;0;0;0;0;0;0;0
JP;1986;0.119486133925;0.244498885953;0.196230426561;0;0;0.0204076804911;0.148143822178;0.271233050891;0;0;0;0;0;0;0;0;0;0;0;0;0
JP;1987;0.10400314845;0.262285073788;0.190705119291;0;0;0.0205706148378;0.151578953224;0.270857090409;0;0;0;0;0;0;0;0;0;0;0;0;0
JP;1988;0.119792392226;0.230715548957;0.190876296388;0;0;0.0212105411892;0.150888449297;0.286516771943;0;0;0;0;0;0;0;0;0;0;0;0;0
JP;1989;0.114709372331;0.232334586612;0.189634757036;0;0;0.0213149046787;0.148154029476;0.293852349866;0;0;0;0;0;0;0;0;0;0;0;0;0
JP;1990;0.0985762904141;0.220727169597;0.199202495746;1.13442994895e-06;0;0.0128644356211;0.137406693137;0.331221781055;0;0;0;0;0;0;0;0;0;0;0;0;0
JP;1991;0.103605383055;0.229005908018;0.206149649294;1.0973286631e-06;0;0.0127849762538;0.140425149017;0.308027837034;0;0;0;0;0;0;0;0;0;0;0;0;0
JP;1992;0.0873114474791;0.236734377778;0.204087754298;1.09076590309e-05;0;0.0129255759517;0.146256436882;0.312673499951;0;0;0;0;0;0;0;0;0;0;0;0;0
JP;1993;0.0999673902011;0.267465138829;0.201393582996;2.37554826574e-05;1.07979466625e-06;0.0124813465471;0.154896544873;0.263771161276;0;0;0;0;0;0;0;0;0;0;0;0;0
JP;1994;0.0654772908723;0.262315463578;0.205810294425;2.94567564658e-05;1.01575022296e-06;0.0136852027539;0.162117798585;0.290563477279;0;0;0;0;0;0;0;0;0;0;0;0;0
JP;1995;0.0779448817418;0.283799972499;0.202997187602;3.95694448704e-05;9.89236121759e-07;0.0141411303605;0.170136742109;0.250939527007;0;0;0;0;0;0;0;0;0;0;0;0;0
JP;1996;0.0749356464053;0.287905019823;0.210775864999;5.24344642023e-05;1.94201719268e-06;0.014805939077;0.176650738889;0.234872414325;0;0;0;0;0;0;0;0;0;0;0;0;0
JP;1997;0.0819441350315;0.304453176473;0.212971328085;9.1006906097e-05;9.47988605177e-07;0.0155830366919;0.182392059647;0.202564309177;0;0;0;0;0;0;0;0;0;0;0;0;0
JP;1998;0.0840634389769;0.307620151293;0.221930725211;0.000134948436486;6.60586752027e-06;0.0152623850579;0.185407827387;0.18557391777;0;0;0;0;0;0;0;0;0;0;0;0;0
JP;1999;0.0776468713107;0.293969653669;0.230874157432;0.000202012339433;3.33598358696e-05;0.0152778781662;0.199666957639;0.182329109607;0;0;0;0;0;0;0;0;0;0;0;0;0
JP;2000;0.0768120646994;0.290197704586;0.23506666994;0.000312820834595;9.91205551479e-05;0.0146507455412;0.216648433941;0.166212439902;0;0;0;0;0;0;0;0;0;0;0;0;0
JP;2001;0.0752782183684;0.295933497178;0.236832289764;0.000461619990731;0.000232656475328;0.0147986136628;0.234418017213;0.142045087348;0;0;0;0;0;0;0;0;0;0;0;0;0
JP;2002;0.0730681364906;0.284891395003;0.229142945208;0.000630054030533;0.000374406208072;0.0153560938463;0.239715161185;0.156821808028;0;0;0;0;0;0;0;0;0;0;0;0;0
JP;2003;0.0846352033462;0.210579400418;0.249956296706;0.000873150618482;0.000761489847565;0.016361048696;0.267312224566;0.169521185801;0;0;0;0;0;0;0;0;0;0;0;0;0
JP;2004;0.0817583754462;0.254965688364;0.229986068423;0.00113450482254;0.00128434508212;0.0161015845607;0.263462879751;0.151306553549;0;0;0;0;0;0;0;0;0;0;0;0;0
JP;2005;0.0672653051313;0.254139199921;0.219494892291;0.0014136285938;0.00165646049949;0.0188073310952;0.276825770709;0.160397411759;0;0;0;0;0;0;0;0;0;0;0;0;0
JP;2006;0.0762718051031;0.261340027775;0.240512080141;0.00171426264805;0.00183364266212;0.0184893017472;0.267394054532;0.132444825392;0;0;0;0;0;0;0;0;0;0;0;0;0
JP;2007;0.0631382355359;0.236426465691;0.251540323818;0.00195914106239;0.00232181942515;0.0188101268612;0.26888363702;0.156920250587;0;0;0;0;0;0;0;0;0;0;0;0;0
JP;2008;0.0634981781994;0.21267209532;0.27441141014;0.00219139846535;0.00248792154219;0.0179882218668;0.281909811366;0.1448409631;0;0;0;0;0;0;0;0;0;0;0;0;0
JP;2009;0.0632547100369;0.246543998047;0.291491772022;0.00273428102592;0.00307629056987;0.0182458949878;0.280139927684;0.0945131256261;0;0;0;0;0;0;0;0;0;0;0;0;0
JP;2010;0.0765581653652;0.252897217443;0.282076567681;0.00344370310971;0.00339612620164;0.018881112227;0.274084512159;0.0886625958134;0;0;0;0;0;0;0;0;0;0;0;0;0
JP;2011;0.0747041024903;0.147554345611;0.343990081354;0.00492581392758;0.00403827988658;0.0191136795259;0.258170067824;0.14750362938;0;0;0;0;0;0;0;0;0;0;0;0;0
JP;2012;0.0696552471813;0.0162537944493;0.393438313096;0.0066601618965;0.00427056230124;0.0199931338537;0.302020092512;0.187708694709;0;0;0;0;0;0;0;0;0;0;0;0;0
JP;2013;0.0729314619664;0.0134248240192;0.389403554641;0.0118674966284;0.00471886747181;0.0213070702112;0.333300237828;0.153046487234;0;0;0;0;0;0;0;0;0;0;0;0;0
JP;2014;0.0768860170373;0;0.424269969108;0.0221580478184;0.00471804194672;0.0222333257114;0.334612116541;0.115122481837;0;0;0;0;0;0;0;0;0;0;0;0;0
JP;2015;0.083257775353;0.00439174693286;0.405293006405;0.0335302694653;0.00507031260618;0.0276522792623;0.339416802412;0.101387807563;0;0;0;0;0;0;0;0;0;0;0;0;0
JP;2016;0.0746699708751;0.0166194413055;0.430979210186;0.0407316389864;0.00502118090353;0.022253580447;0.318315229756;0.0914097475402;0;0;0;0;0;0;0;0;0;0;0;0;0
JP;2017;0.0736236731471;0.0270113580935;0.431221053121;0.0496885234478;0.00578078182705;0.0221252874364;0.33769354052;0.0528557824077;0;0;0;0;0;0;0;0;0;0;0;0;0
JP;2018;0.0747991430102;0.0453484291598;0.411510259867;0.0564966847053;0.00680328020243;0.0237703858301;0.333059675304;0.0482121419205;0;0;0;0;0;0;0;0;0;0;0;0;0
JP;2019;0.0705811469783;0.0626721703901;0.398118574494;0.0643087737792;0.00711836538269;0.0263327002715;0.334934607478;0.0359336612269;0;0;0;0;0;0;0;0;0;0;0;0;0
JP;2020;0.0774973535028;0.0425418245496;0.405073359914;0.0748577816912;0.00831544268231;0.0300483789586;0.336627521592;0.0250383371093;0;0;0;0;0;0;0;0;0;0;0;0;0
JP;2021;0.0769585400436;0.0591720379912;0.372852557504;0.0813599816752;0.00921654532257;0.0336293723258;0.336590438801;0.0302205263366;0;0;0;0;0;0;0;0;0;0;0;0;0
JP;2022;0.071950479987;0.0497564266555;0.364077040101;0.0875095742728;0.00904810825824;0.0363538862658;0.337308478505;0.0439960059545;0;0;0;0;0;0;0;0;0;0;0;0;0
JP;2023;0.0740334213749;0.0769438603148;0.344661529858;0.0957147014913;0.00989052577626;0.0417275491422;0.324743399611;0.0322850124314;0;0;0;0;0;0;0;0;0;0;0;0;0
JP;2024;0.0783093179635;0.083653291953;0.341859651716;0.095360969482;0.0108879529052;0.0429586935639;0.322633562403;0.0243365600138;0;0;0;0;0;0;0;0;0;0;0;0;0
JP;2025;0.0722761040033;0.0915606335511;0.327392169383;0.107837430598;0.0124952304566;0.0463181071337;0.318304729051;0.023815595823;0;0;0;0;0;0;0;0;0;0;0;0;0
KE;2000;0.303944315545;0;0;0;0;0;0;0.596287703016;0.0997679814385;0;0;0;0;0;0;0;0;0;0;0;0
KE;2001;0.494802494802;0;0;0;0;0;0;0.405405405405;0.0997920997921;0;0;0;0;0;0;0;0;0;0;0;0
KE;2002;0.6;0;0;0;0;0.0912621359223;0;0.233009708738;0.0757281553398;0;0;0;0;0;0;0;0;0;0;0;0
KE;2003;0.589416058394;0;0;0;0;0.0857664233577;0;0.180656934307;0.144160583942;0;0;0;0;0;0;0;0;0;0;0;0
KE;2004;0.461038961039;0;0;0;0;0.0762987012987;0;0.295454545455;0.167207792208;0;0;0;0;0;0;0;0;0;0;0;0
KE;2005;0.44776119403;0;0;0;0;0.0701492537313;0;0.332835820896;0.149253731343;0;0;0;0;0;0;0;0;0;0;0;0
KE;2006;0.431424766977;0;0;0;0;0.0625832223702;0;0.371504660453;0.1344873502;0;0;0;0;0;0;0;0;0;0;0;0
KE;2007;0.51724137931;0;0;0;0;0.0704647676162;0;0.259370314843;0.152923538231;0;0;0;0;0;0;0;0;0;0;0;0
KE;2008;0.458536585366;0;0;0;0;0.0764227642276;0;0.273170731707;0.191869918699;0;0;0;0;0;0;0;0;0;0;0;0
KE;2009;0.328244274809;0;0;0;0.00152671755725;0.0717557251908;0;0.393893129771;0.204580152672;0;0;0;0;0;0;0;0;0;0;0;0
KE;2010;0.473463687151;0;0;0;0.00279329608939;0.0656424581006;0;0.255586592179;0.20251396648;0;0;0;0;0;0;0;0;0;0;0;0
KE;2011;0.436781609195;0;0;0.00127713920817;0.00255427841635;0.0600255427842;0;0.30779054917;0.191570881226;0;0;0;0;0;0;0;0;0;0;0;0
KE;2012;0.521419828641;0;0;0.00122399020808;0.00122399020808;0.0575275397797;0;0.225214198286;0.193390452876;0;0;0;0;0;0;0;0;0;0;0;0
KE;2013;0.483910891089;0;0;0.00371287128713;0.00123762376238;0.0581683168317;0;0.216584158416;0.236386138614;0;0;0;0;0;0;0;0;0;0;0;0
KE;2014;0.35652173913;0;0;0.0054347826087;0.00217391304348;0.0510869565217;0;0.235869565217;0.348913043478;0;0;0;0;0;0;0;0;0;0;0;0
KE;2015;0.382262996942;0;0;0.00509683995923;0.00611620795107;0.0479102956167;0;0.101936799185;0.456676860347;0;0;0;0;0;0;0;0;0;0;0;0
KE;2016;0.34194214876;0;0;0.00619834710744;0.00619834710744;0.0537190082645;0;0.107438016529;0.484504132231;0;0;0;0;0;0;0;0;0;0;0;0
KE;2017;0.29270544783;0;0;0.00646352723915;0.00554016620499;0.0646352723915;0;0.191135734072;0.439519852262;0;0;0;0;0;0;0;0;0;0;0;0
KE;2018;0.353097345133;0;0;0.00796460176991;0.0336283185841;0.0141592920354;0;0.137168141593;0.453982300885;0;0;0;0;0;0;0;0;0;0;0;0
KE;2019;0.2776816609;0;0;0.00778546712803;0.134948096886;0.0129757785467;0;0.113321799308;0.453287197232;0;0;0;0;0;0;0;0;0;0;0;0
KE;2020;0.362157534247;0;0;0.00770547945205;0.113869863014;0.0188356164384;0;0.0642123287671;0.433219178082;0;0;0;0;0;0;0;0;0;0;0;0
KE;2021;0.296445880452;0;0;0.013731825525;0.160743134087;0.0201938610662;0;0.101777059774;0.407108239095;0;0;0;0;0;0;0;0;0;0;0;0
KE;2022;0.234567901235;0;0;0.0324074074074;0.16512345679;0.0200617283951;0;0.121913580247;0.425925925926;0;0;0;0;0;0;0;0;0;0;0;0
KE;2023;0.20859375;0;0;0.0453125;0.15703125;0.015625;0;0.10234375;0.47109375;0;0;0;0;0;0;0;0;0;0;0;0
KE;2024;0.233785822021;0;0;0.0497737556561;0.163650075415;0.0150829562594;0;0.0852187028658;0.452488687783;0;0;0;0;0;0;0;0;0;0;0;0
KE;2025;0.208698127981;0;0;0.0479037653926;0.165207488077;0.0201437824756;0;0.0995088618407;0.458537974233;0;0;0;0;0;0;0;0;0;0;0;0
KG;2000;0.854889589905;0;0.0927444794953;0;0;0;0.0523659305994;0;0;0;0;0;0;0;0;0;0;0;0;0;0
KG;2001;0.83119513842;0;0.113436866982;0;0;0;0.0553679945982;0;0;0;0;0;0;0;0;0;0;0;0;0;0
KG;2002;0.82280431433;0;0.133281972265;0;0;0;0.0439137134052;0;0;0;0;0;0;0;0;0;0;0;0;0;0
KG;2003;0.866580310881;0;0.095207253886;0;0;0;0.0382124352332;0;0;0;0;0;0;0;0;0;0;0;0;0;0
KG;2004;0.863242574257;0;0.0996287128713;0;0;0;0.0371287128713;0;0;0;0;0;0;0;0;0;0;0;0;0;0
KG;2005;0.854827819041;0;0.0438892640108;0;0;0;0.101282916948;0;0;0;0;0;0;0;0;0;0;0;0;0;0
KG;2006;0.848797250859;0;0.0481099656357;0;0;0;0.103092783505;0;0;0;0;0;0;0;0;0;0;0;0;0;0
KG;2007;0.857823129252;0;0.0258503401361;0;0;0;0.108843537415;0.00748299319728;0;0;0;0;0;0;0;0;0;0;0;0;0
KG;2008;0.857142857143;0;0.0188195038494;0;0;0;0.114627887083;0.00940975192472;0;0;0;0;0;0;0;0;0;0;0;0;0
KG;2009;0.920765027322;0;0.00728597449909;0;0;0;0.0355191256831;0.0364298724954;0;0;0;0;0;0;0;0;0;0;0;0;0
KG;2010;0.917431192661;0;0.0150125104254;0;0;0;0.0500417014178;0.0175145954962;0;0;0;0;0;0;0;0;0;0;0;0;0
KG;2011;0.93271152565;0;0.00999333777482;0;0;0;0.0419720186542;0.0153231179214;0;0;0;0;0;0;0;0;0;0;0;0;0
KG;2012;0.934131736527;0;0.00532268795742;0;0;0;0.0485695276114;0.0119760479042;0;0;0;0;0;0;0;0;0;0;0;0;0
KG;2013;0.933908045977;0;0.00215517241379;0;0;0;0.0567528735632;0.00718390804598;0;0;0;0;0;0;0;0;0;0;0;0;0
KG;2014;0.911988911989;0;0.00831600831601;0;0;0;0.0741510741511;0.00554400554401;0;0;0;0;0;0;0;0;0;0;0;0;0
KG;2015;0.850619195046;0;0.0131578947368;0;0;0;0.133126934985;0.0030959752322;0;0;0;0;0;0;0;0;0;0;0;0;0
KG;2016;0.865399239544;0;0.0144486692015;0;0;0;0.118631178707;0.00152091254753;0;0;0;0;0;0;0;0;0;0;0;0;0
KG;2017;0.914769030579;0;0.00780741704619;0;0;0;0.0754716981132;0.00195185426155;0;0;0;0;0;0;0;0;0;0;0;0;0
KG;2018;0.918340894362;0;0.0051847051199;0;0;0;0.0706416072586;0.00583279325988;0;0;0;0;0;0;0;0;0;0;0;0;0
KG;2019;0.915831663327;0;0.0060120240481;0;0;0;0.0754843019372;0.00267201068804;0;0;0;0;0;0;0;0;0;0;0;0;0
KG;2020;0.907792207792;0;0.00519480519481;0;0;0;0.0837662337662;0.00324675324675;0;0;0;0;0;0;0;0;0;0;0;0;0
KG;2021;0.856010568032;0;0.0112285336856;0;0;0;0.130118890357;0.00264200792602;0;0;0;0;0;0;0;0;0;0;0;0;0
KG;2022;0.861070911722;0;0.00868306801737;0;0;0;0.127351664255;0.00289435600579;0;0;0;0;0;0;0;0;0;0;0;0;0
KG;2023;0.864705882353;0;0.0147058823529;0;0;0;0.116911764706;0.00367647058824;0;0;0;0;0;0;0;0;0;0;0;0;0
KG;2024;0.887761572606;0;0.0120481927711;0;0;0;0.0970196575777;0.00317057704502;0;0;0;0;0;0;0;0;0;0;0;0;0
KH;2000;0.0625;0;0;0;0;0;0;0.9375;0;0;0;0;0;0;0;0;0;0;0;0;0
KH;2001;0.0576923076923;0;0;0;0;0;0;0.942307692308;0;0;0;0;0;0;0;0;0;0;0;0;0
KH;2002;0.0701754385965;0;0;0;0;0;0;0.929824561404;0;0;0;0;0;0;0;0;0;0;0;0;0
KH;2003;0.0625;0;0;0;0;0;0;0.9375;0;0;0;0;0;0;0;0;0;0;0;0;0
KH;2004;0.0405405405405;0;0;0;0;0;0;0.959459459459;0;0;0;0;0;0;0;0;0;0;0;0;0
KH;2005;0.0454545454545;0;0;0;0;0;0;0.954545454545;0;0;0;0;0;0;0;0;0;0;0;0;0
KH;2006;0.0462962962963;0;0;0;0;0;0;0.953703703704;0;0;0;0;0;0;0;0;0;0;0;0;0
KH;2007;0.0373134328358;0;0;0;0;0;0;0.962686567164;0;0;0;0;0;0;0;0;0;0;0;0;0
KH;2008;0.0337837837838;0;0;0;0;0;0.0135135135135;0.952702702703;0;0;0;0;0;0;0;0;0;0;0;0;0
KH;2009;0.0403225806452;0;0;0;0;0.00806451612903;0.0241935483871;0.927419354839;0;0;0;0;0;0;0;0;0;0;0;0;0
KH;2010;0.0309278350515;0;0;0;0;0.0103092783505;0.0309278350515;0.927835051546;0;0;0;0;0;0;0;0;0;0;0;0;0
KH;2011;0.0490196078431;0;0;0;0;0.00980392156863;0.0490196078431;0.892156862745;0;0;0;0;0;0;0;0;0;0;0;0;0
KH;2012;0.363636363636;0;0;0;0;0.00699300699301;0.027972027972;0.601398601399;0;0;0;0;0;0;0;0;0;0;0;0;0
KH;2013;0.573033707865;0;0;0;0;0.00561797752809;0.0955056179775;0.325842696629;0;0;0;0;0;0;0;0;0;0;0;0;0
KH;2014;0.604575163399;0;0;0;0;0.00653594771242;0.281045751634;0.107843137255;0;0;0;0;0;0;0;0;0;0;0;0;0
KH;2015;0.481069042316;0;0;0;0;0.00890868596882;0.47438752784;0.0356347438753;0;0;0;0;0;0;0;0;0;0;0;0;0
KH;2016;0.46897810219;0;0;0;0;0.00729927007299;0.436131386861;0.0875912408759;0;0;0;0;0;0;0;0;0;0;0;0;0
KH;2017;0.40874811463;0;0;0;0;0.00904977375566;0.538461538462;0.0437405731523;0;0;0;0;0;0;0;0;0;0;0;0;0
KH;2018;0.579462102689;0;0;0.00244498777506;0;0.00733496332518;0.374083129584;0.0366748166259;0;0;0;0;0;0;0;0;0;0;0;0;0
KH;2019;0.464821222607;0;0;0.0103806228374;0;0.0103806228374;0.430219146482;0.0841983852364;0;0;0;0;0;0;0;0;0;0;0;0;0
KH;2020;0.51329787234;0;0;0.0385638297872;0;0;0.38829787234;0.0598404255319;0;0;0;0;0;0;0;0;0;0;0;0;0
KH;2021;0.519052523172;0;0;0.0628218331617;0;0.00514933058702;0.356333676622;0.0566426364573;0;0;0;0;0;0;0;0;0;0;0;0;0
KH;2022;0.584158415842;0;0;0.0693069306931;0;0.000990099009901;0.310891089109;0.0346534653465;0;0;0;0;0;0;0;0;0;0;0;0;0
KH;2023;0.355882352941;0;0;0.0602941176471;0;0.00514705882353;0.575;0.00367647058824;0;0;0;0;0;0;0;0;0;0;0;0;0
KH;2024;0.282299741602;0;0;0.0691214470284;0;0.00516795865633;0.609173126615;0.0342377260982;0;0;0;0;0;0;0;0;0;0;0;0;0
KH;2025;0.298986486486;0;0;0.106418918919;0;0.00337837837838;0.565878378378;0.0253378378378;0;0;0;0;0;0;0;0;0;0;0;0;0
KI;2000;0;0;0;0;0;0;0;1;0;0;0;0;0;0;0;0;0;0;0;0;0
KI;2001;0;0;0;0;0;0;0;1;0;0;0;0;0;0;0;0;0;0;0;0;0
KI;2002;0;0;0;0;0;0;0;1;0;0;0;0;0;0;0;0;0;0;0;0;0
KI;2003;0;0;0;0;0;0;0;1;0;0;0;0;0;0;0;0;0;0;0;0;0
KI;2004;0;0;0;0;0;0;0;1;0;0;0;0;0;0;0;0;0;0;0;0;0
KI;2005;0;0;0;0;0;0;0;1;0;0;0;0;0;0;0;0;0;0;0;0;0
KI;2006;0;0;0;0;0;0;0;1;0;0;0;0;0;0;0;0;0;0;0;0;0
KI;2007;0;0;0;0;0;0;0;1;0;0;0;0;0;0;0;0;0;0;0;0;0
KI;2008;0;0;0;0;0;0;0;1;0;0;0;0;0;0;0;0;0;0;0;0;0
KI;2009;0;0;0;0;0;0;0;1;0;0;0;0;0;0;0;0;0;0;0;0;0
KI;2010;0;0;0;0;0;0;0;1;0;0;0;0;0;0;0;0;0;0;0;0;0
KI;2011;0;0;0;0;0;0;0;1;0;0;0;0;0;0;0;0;0;0;0;0;0
KI;2012;0;0;0;0;0;0;0;1;0;0;0;0;0;0;0;0;0;0;0;0;0
KI;2013;0;0;0;0;0;0;0;1;0;0;0;0;0;0;0;0;0;0;0;0;0
KI;2014;0;0;0;0;0;0;0;1;0;0;0;0;0;0;0;0;0;0;0;0;0
KI;2015;0;0;0;0;0;0;0;1;0;0;0;0;0;0;0;0;0;0;0;0;0
KI;2016;0;0;0;0;0;0;0;1;0;0;0;0;0;0;0;0;0;0;0;0;0
KI;2017;0;0;0;0;0;0;0;1;0;0;0;0;0;0;0;0;0;0;0;0;0
KI;2018;0;0;0;0;0;0;0;1;0;0;0;0;0;0;0;0;0;0;0;0;0
KI;2019;0;0;0;0.25;0;0;0;0.75;0;0;0;0;0;0;0;0;0;0;0;0;0
KI;2020;0;0;0;0.25;0;0;0;0.75;0;0;0;0;0;0;0;0;0;0;0;0;0
KI;2021;0;0;0;0.25;0;0;0;0.75;0;0;0;0;0;0;0;0;0;0;0;0;0
KI;2022;0;0;0;0.25;0;0;0;0.75;0;0;0;0;0;0;0;0;0;0;0;0;0
KI;2023;0;0;0;0.25;0;0;0;0.75;0;0;0;0;0;0;0;0;0;0;0;0;0
KI;2024;0;0;0;0.25;0;0;0;0.75;0;0;0;0;0;0;0;0;0;0;0;0;0
KM;2000;0;0;0;0;0;0;0;1;0;0;0;0;0;0;0;0;0;0;0;0;0
KM;2001;0;0;0;0;0;0;0;1;0;0;0;0;0;0;0;0;0;0;0;0;0
KM;2002;0;0;0;0;0;0;0;1;0;0;0;0;0;0;0;0;0;0;0;0;0
KM;2003;0;0;0;0;0;0;0;1;0;0;0;0;0;0;0;0;0;0;0;0;0
KM;2004;0;0;0;0;0;0;0;1;0;0;0;0;0;0;0;0;0;0;0;0;0
KM;2005;0;0;0;0;0;0;0;1;0;0;0;0;0;0;0;0;0;0;0;0;0
KM;2006;0;0;0;0;0;0;0;1;0;0;0;0;0;0;0;0;0;0;0;0;0
KM;2007;0;0;0;0;0;0;0;1;0;0;0;0;0;0;0;0;0;0;0;0;0
KM;2008;0;0;0;0;0;0;0;1;0;0;0;0;0;0;0;0;0;0;0;0;0
KM;2009;0;0;0;0;0;0;0;1;0;0;0;0;0;0;0;0;0;0;0;0;0
KM;2010;0;0;0;0;0;0;0;1;0;0;0;0;0;0;0;0;0;0;0;0;0
KM;2011;0;0;0;0;0;0;0;1;0;0;0;0;0;0;0;0;0;0;0;0;0
KM;2012;0;0;0;0;0;0;0;1;0;0;0;0;0;0;0;0;0;0;0;0;0
KM;2013;0;0;0;0;0;0;0;1;0;0;0;0;0;0;0;0;0;0;0;0;0
KM;2014;0;0;0;0;0;0;0;1;0;0;0;0;0;0;0;0;0;0;0;0;0
KM;2015;0;0;0;0;0;0;0;1;0;0;0;0;0;0;0;0;0;0;0;0;0
KM;2016;0;0;0;0;0;0;0;1;0;0;0;0;0;0;0;0;0;0;0;0;0
KM;2017;0;0;0;0;0;0;0;1;0;0;0;0;0;0;0;0;0;0;0;0;0
KM;2018;0;0;0;0;0;0;0;1;0;0;0;0;0;0;0;0;0;0;0;0;0
KM;2019;0;0;0;0;0;0;0;1;0;0;0;0;0;0;0;0;0;0;0;0;0
KM;2020;0;0;0;0;0;0;0;1;0;0;0;0;0;0;0;0;0;0;0;0;0
KM;2021;0;0;0;0;0;0;0;1;0;0;0;0;0;0;0;0;0;0;0;0;0
KM;2022;0;0;0;0;0;0;0;1;0;0;0;0;0;0;0;0;0;0;0;0;0
KM;2023;0;0;0;0;0;0;0;1;0;0;0;0;0;0;0;0;0;0;0;0;0
KN;2000;0;0;0;0;0;0;0;1;0;0;0;0;0;0;0;0;0;0;0;0;0
KN;2001;0;0;0;0;0;0;0;1;0;0;0;0;0;0;0;0;0;0;0;0;0
KN;2002;0;0;0;0;0;0;0;1;0;0;0;0;0;0;0;0;0;0;0;0;0
KN;2003;0;0;0;0;0;0;0;1;0;0;0;0;0;0;0;0;0;0;0;0;0
KN;2004;0;0;0;0;0;0;0;1;0;0;0;0;0;0;0;0;0;0;0;0;0
KN;2005;0;0;0;0;0;0;0;1;0;0;0;0;0;0;0;0;0;0;0;0;0
KN;2006;0;0;0;0;0;0;0;1;0;0;0;0;0;0;0;0;0;0;0;0;0
KN;2007;0;0;0;0;0;0;0;1;0;0;0;0;0;0;0;0;0;0;0;0;0
KN;2008;0;0;0;0;0;0;0;1;0;0;0;0;0;0;0;0;0;0;0;0;0
KN;2009;0;0;0;0;0;0;0;1;0;0;0;0;0;0;0;0;0;0;0;0;0
KN;2010;0;0;0;0;0;0;0;1;0;0;0;0;0;0;0;0;0;0;0;0;0
KN;2011;0;0;0;0;0;0;0;1;0;0;0;0;0;0;0;0;0;0;0;0;0
KN;2012;0;0;0;0;0.0454545454545;0;0;0.954545454545;0;0;0;0;0;0;0;0;0;0;0;0;0
KN;2013;0;0;0;0;0.0454545454545;0;0;0.954545454545;0;0;0;0;0;0;0;0;0;0;0;0;0
KN;2014;0;0;0;0;0.0454545454545;0;0;0.954545454545;0;0;0;0;0;0;0;0;0;0;0;0;0
KN;2015;0;0;0;0;0.0454545454545;0;0;0.954545454545;0;0;0;0;0;0;0;0;0;0;0;0;0
KN;2016;0;0;0;0;0.0434782608696;0;0;0.95652173913;0;0;0;0;0;0;0;0;0;0;0;0;0
KN;2017;0;0;0;0;0;0;0;1;0;0;0;0;0;0;0;0;0;0;0;0;0
KN;2018;0;0;0;0;0.0434782608696;0;0;0.95652173913;0;0;0;0;0;0;0;0;0;0;0;0;0
KN;2019;0;0;0;0;0.0434782608696;0;0;0.95652173913;0;0;0;0;0;0;0;0;0;0;0;0;0
KN;2020;0;0;0;0;0.0454545454545;0;0;0.954545454545;0;0;0;0;0;0;0;0;0;0;0;0;0
KN;2021;0;0;0;0;0.0454545454545;0;0;0.954545454545;0;0;0;0;0;0;0;0;0;0;0;0;0
KN;2022;0;0;0;0;0.0454545454545;0;0;0.954545454545;0;0;0;0;0;0;0;0;0;0;0;0;0
KN;2023;0;0;0;0;0.0454545454545;0;0;0.954545454545;0;0;0;0;0;0;0;0;0;0;0;0;0
KN;2024;0;0;0;0.0434782608696;0.0434782608696;0;0;0.913043478261;0;0;0;0;0;0;0;0;0;0;0;0;0
KP;2000;0.523316062176;0;0;0;0;0;0.435233160622;0.0414507772021;0;0;0;0;0;0;0;0;0;0;0;0;0
KP;2001;0.522150323544;0;0;0;0;0;0.427575908412;0.0502737680438;0;0;0;0;0;0;0;0;0;0;0;0;0
KP;2002;0.534587995931;0;0;0;0;0;0.414038657172;0.0513733468973;0;0;0;0;0;0;0;0;0;0;0;0;0
KP;2003;0.555555555556;0;0;0;0;0;0.397030651341;0.0474137931034;0;0;0;0;0;0;0;0;0;0;0;0;0
KP;2004;0.566331198536;0;0;0;0;0;0.387923147301;0.0457456541629;0;0;0;0;0;0;0;0;0;0;0;0;0
KP;2005;0.570926657883;0;0;0;0;0;0.392621870883;0.0364514712341;0;0;0;0;0;0;0;0;0;0;0;0;0
KP;2006;0.559838637382;0;0;0;0;0;0.411474675034;0.028686687584;0;0;0;0;0;0;0;0;0;0;0;0;0
KP;2007;0.614773258532;0;0;0;0;0;0.349696119682;0.0355306217859;0;0;0;0;0;0;0;0;0;0;0;0;0
KP;2008;0.604076322637;0;0;0;0;0;0.362098872507;0.0338248048569;0;0;0;0;0;0;0;0;0;0;0;0;0
KP;2009;0.529512403764;0;0;0;0;0;0.444824636441;0.0256629597947;0;0;0;0;0;0;0;0;0;0;0;0;0
KP;2010;0.563003818413;0;0;0;0;0;0.412812897751;0.0241832838354;0;0;0;0;0;0;0;0;0;0;0;0;0
KP;2011;0.626257786296;0;0;0;0;0;0.344034499281;0.0297077144226;0;0;0;0;0;0;0;0;0;0;0;0;0
KP;2012;0.625468164794;0;0;0;0;0;0.348782771536;0.0257490636704;0;0;0;0;0;0;0;0;0;0;0;0;0
KP;2013;0.62630860264;0;0;0.00045516613564;0;0;0.347291761493;0.0259444697315;0;0;0;0;0;0;0;0;0;0;0;0;0
KP;2014;0.599162011173;0;0;0.000465549348231;0;0;0.372905027933;0.0274674115456;0;0;0;0;0;0;0;0;0;0;0;0;0
KP;2015;0.522979397781;0;0;0.00158478605388;0;0;0.43264659271;0.0427892234548;0;0;0;0;0;0;0;0;0;0;0;0;0
KP;2016;0.532129357413;0;0;0.00167996640067;0;0;0.426711465771;0.0394792104158;0;0;0;0;0;0;0;0;0;0;0;0;0
KP;2017;0.502774221084;0;0;0.00213401621852;0;0;0.461801109688;0.033290653009;0;0;0;0;0;0;0;0;0;0;0;0;0
KP;2018;0.510269834877;0;0;0.0024164317358;0;0;0.456302859444;0.0310108739428;0;0;0;0;0;0;0;0;0;0;0;0;0
KP;2019;0.460636515913;0;0;0.00335008375209;0;0;0.497068676717;0.0389447236181;0;0;0;0;0;0;0;0;0;0;0;0;0
KP;2020;0.53112033195;0;0;0.00414937759336;0;0;0.429460580913;0.0352697095436;0;0;0;0;0;0;0;0;0;0;0;0;0
KP;2021;0.628170113149;0;0;0.00507218103785;0;0;0.346859149434;0.0198985563792;0;0;0;0;0;0;0;0;0;0;0;0;0
KP;2022;0.625235404896;0;0;0.00564971751412;0;0;0.347645951036;0.0214689265537;0;0;0;0;0;0;0;0;0;0;0;0;0
KP;2023;0.62125748503;0;0;0.00561377245509;0;0;0.345434131737;0.0276946107784;0;0;0;0;0;0;0;0;0;0;0;0;0
KP;2024;0.627306273063;0;0;0.00627306273063;0;0;0.340590405904;0.0258302583026;0;0;0;0;0;0;0;0;0;0;0;0;0
KR;1985;0.0508250087767;0.267210289471;0.000925541761083;0;0;0;0.399546803689;0.281492356302;0;0;0;0;0;0;0;0;0;0;0;0;0
KR;1986;0.0446326061998;0.406300229621;0.000774971297359;0;0;0;0.367451205511;0.180840987371;0;0;0;0;0;0;0;0;0;0;0;0;0
KR;1987;0.0494074840189;0.489887976474;0.123437714172;0;0;0;0.306114565551;0.0311522597849;0;0;0;0;0;0;0;0;0;0;0;0;0
KR;1988;0.021340579321;0.430688762633;0.122630465369;0;0;0;0.327616019934;0.0977241727438;0;0;0;0;0;0;0;0;0;0;0;0;0
KR;1989;0.0286034123369;0.457085231221;0.0985775496024;0;0;0;0.304601250676;0.111132556165;0;0;0;0;0;0;0;0;0;0;0;0;0
KR;1990;0.0395401056879;0.446446961895;0.107578801641;8.4415255525e-06;0;0;0.29091185359;0.11551383566;0;0;0;0;0;0;0;0;0;0;0;0;0
KR;1991;0.0264861415026;0.427843119378;0.102609105276;7.5978604425e-06;0;0;0.28605944566;0.156994590323;0;0;0;0;0;0;0;0;0;0;0;0;0
KR;1992;0.0211487376997;0.386031043643;0.136193227214;1.36575639003e-05;0;0;0.295269702743;0.161343631137;0;0;0;0;0;0;0;0;0;0;0;0;0
KR;1993;0.0261147244304;0.35909599076;0.119004823936;1.23532282074e-05;6.17661410368e-06;0;0.336477229912;0.15928870112;0;0;0;0;0;0;0;0;0;0;0;0;0
KR;1994;0.0127941537371;0.319859297031;0.0991028822294;1.0907206937e-05;5.45360346849e-06;0;0.36018869468;0.208038611513;0;0;0;0;0;0;0;0;0;0;0;0;0
KR;1995;0.0135595218795;0.329304779731;0.146526355092;9.82574049237e-06;0;0.00122821756155;0.361110701705;0.148260598289;0;0;0;0;0;0;0;0;0;0;0;0;0
KR;1996;0.0107330723862;0.327323285099;0.156856059935;1.32835054285e-05;0;0.00178441756257;0.368661553993;0.134628327518;0;0;0;0;0;0;0;0;0;0;0;0;0
KR;1997;0.0114117475303;0.312610508216;0.172972731844;1.21660421432e-05;4.05534738106e-06;0.000316317095722;0.386843642026;0.115828831898;0;0;0;0;0;0;0;0;0;0;0;0;0
KR;1998;0.0180398571651;0.378120296631;0.119040291403;1.68636196916e-05;8.43180984582e-06;0.000244522485529;0.439617701742;0.0449120351438;0;0;0;0;0;0;0;0;0;0;0;0;0
KR;1999;0.0158648417712;0.393145961122;0.115532210321;1.90729042693e-05;2.28874851231e-05;0.000331868534285;0.429098385669;0.0459847721932;0;0;0;0;0;0;0;0;0;0;0;0;0
KR;2000;0.0138064955947;0.375164834408;0.10210265009;1.72150817889e-05;5.85312780821e-05;0.000271998292264;0.395533719181;0.113044556075;0;0;0;0;0;0;0;0;0;0;0;0;0
KR;2001;0.00751886978157;0.361851255458;0.108665416749;1.93618964332e-05;4.19507756053e-05;0.000283974481021;0.410988521622;0.110630649237;0;0;0;0;0;0;0;0;0;0;0;0;0
KR;2002;0.0097373358914;0.358721285702;0.129308085934;2.10830037859e-05;4.51778652555e-05;0.000539122525382;0.414106336647;0.0875215724307;0;0;0;0;0;0;0;0;0;0;0;0;0
KR;2003;0.0140500002876;0.372879991258;0.130858240501;2.30045031315e-05;7.18890722859e-05;0.00054060582359;0.400062687271;0.0815135812835;0;0;0;0;0;0;0;0;0;0;0;0;0
KR;2004;0.0117136235066;0.355171954689;0.171674822638;2.71714764709e-05;0.000127705939413;0.000796124260596;0.389668861216;0.0708197362736;0;0;0;0;0;0;0;0;0;0;0;0;0
KR;2005;0.00943057117475;0.376860823975;0.165575462542;3.59455476304e-05;0.00033378008514;0.000667560170279;0.386065451707;0.0610304047982;0;0;0;0;0;0;0;0;0;0;0;0;0
KR;2006;0.00860569395194;0.369114293442;0.185722190928;7.69251766177e-05;0.00059306829715;0.00059803121177;0.382114648291;0.0531751487013;0;0;0;0;0;0;0;0;0;0;0;0;0
KR;2007;0.00853770624367;0.336000582971;0.198405291873;0.000166898993199;0.000883859456944;0.000902664977304;0.401704720421;0.0533982750636;0;0;0;0;0;0;0;0;0;0;0;0;0
KR;2008;0.00693611320098;0.341062467946;0.184586465316;0.000641646954097;0.000985063633755;0.00147533613037;0.431408166539;0.0329047402798;0;0;0;0;0;0;0;0;0;0;0;0;0
KR;2009;0.00621730280011;0.326604000027;0.157757704217;0.00125097525235;0.00151398948385;0.00119129975445;0.46271496993;0.0427497585353;0;0;0;0;0;0;0;0;0;0;0;0;0
KR;2010;0.00743794807981;0.300176353305;0.210698767143;0.00156152467835;0.00165040835991;0.00084439497484;0.441202434605;0.0364281688548;0;0;0;0;0;0;0;0;0;0;0;0;0
KR;2011;0.00887356996187;0.29859620818;0.222595760448;0.00178127557086;0.00166548300937;0.00196654366923;0.434382285282;0.0301388738787;0;0;0;0;0;0;0;0;0;0;0;0;0
KR;2012;0.0074717479824;0.282994572676;0.242725446676;0.00212160745179;0.00171874676441;0.00405872729908;0.420614795529;0.0382943556206;0;0;0;0;0;0;0;0;0;0;0;0;0
KR;2013;0.00798445182056;0.258361893557;0.267800263977;0.00310516801975;0.00213713002798;0.00581008956213;0.416539301412;0.0382617016246;0;0;0;0;0;0;0;0;0;0;0;0;0
KR;2014;0.00509088082786;0.289439984603;0.242123106418;0.00498539910951;0.00212073770583;0.0116603562691;0.418359000551;0.0262205345147;0;0;0;0;0;0;0;0;0;0;0;0;0
KR;2015;0.00391748098306;0.300769805093;0.222770677673;0.00772178218003;0.00244979472473;0.0136527680672;0.424743656912;0.0239740343665;0;0;0;0;0;0;0;0;0;0;0;0;0
KR;2016;0.00507322846997;0.288769376667;0.232667954879;0.00983272250189;0.00300008556394;0.0144032628382;0.415175833892;0.0310775351882;0;0;0;0;0;0;0;0;0;0;0;0;0
KR;2017;0.00487325038341;0.257501578732;0.234490260439;0.0134261604547;0.00376293345732;0.0166738374635;0.45244373816;0.016828240911;0;0;0;0;0;0;0;0;0;0;0;0;0
KR;2018;0.00566531625587;0.225170600399;0.275392726672;0.0171494300952;0.00415748870816;0.0199272734632;0.434579849082;0.0179573153249;0;0;0;0;0;0;0;0;0;0;0;0;0
KR;2019;0.00475284037171;0.248650748883;0.264846874696;0.0241868280372;0.00456538521183;0.0227519439952;0.417585338962;0.0126600398427;0;0;0;0;0;0;0;0;0;0;0;0;0
KR;2020;0.00671793343406;0.277561374569;0.281652434883;0.0335082271725;0.00545821261731;0.0243176367845;0.36036159359;0.0104225869502;0;0;0;0;0;0;0;0;0;0;0;0;0
KR;2021;0.00502658082265;0.259991871912;0.296114148632;0.0406700572092;0.00523225106907;0.0282228938955;0.352661948865;0.0120802475941;0;0;0;0;0;0;0;0;0;0;0;0;0
KR;2022;0.00568757679674;0.282779058281;0.281587253146;0.0493522972767;0.00541130929913;0.0286675714963;0.336217544592;0.0102973891115;0;0;0;0;0;0;0;0;0;0;0;0;0
KR;2023;0.00598434022488;0.290672094873;0.276328037181;0.0535240935721;0.00546256244424;0.0301407189582;0.327037107419;0.010851045327;0;0;0;0;0;0;0;0;0;0;0;0;0
KR;2024;0.00684947872281;0.300666629499;0.287392976895;0.0596541809696;0.00595267488073;0.0322180364297;0.297088971543;0.0101770510605;0;0;0;0;0;0;0;0;0;0;0;0;0
KR;2025;0.00606050952878;0.294174424809;0.280290203636;0.0603040607803;0.00583911377989;0.0323365215383;0.310935197942;0.0100599679852;0;0;0;0;0;0;0;0;0;0;0;0;0
KW;2000;0;0;0.32941540365;0;0;0;0;0.67058459635;0;0;0;0;0;0;0;0;0;0;0;0;0
KW;2001;0;0;0.306997084548;0;0;0;0;0.693002915452;0;0;0;0;0;0;0;0;0;0;0;0;0
KW;2002;0;0;0.219961506736;0;0;0;0;0.780038493264;0;0;0;0;0;0;0;0;0;0;0;0;0
KW;2003;0;0;0.246231155779;0;0;0;0;0.753768844221;0;0;0;0;0;0;0;0;0;0;0;0;0
KW;2004;0;0;0.277023751818;0;0;0;0;0.722976248182;0;0;0;0;0;0;0;0;0;0;0;0;0
KW;2005;0;0;0.250857534873;0;0;0;0;0.749142465127;0;0;0;0;0;0;0;0;0;0;0;0;0
KW;2006;0;0;0.314075630252;0;0;0;0;0.685924369748;0;0;0;0;0;0;0;0;0;0;0;0;0
KW;2007;0;0;0.318974358974;0;0;0;0;0.681025641026;0;0;0;0;0;0;0;0;0;0;0;0;0
KW;2008;0;0;0.356714975845;0;0;0;0;0.643285024155;0;0;0;0;0;0;0;0;0;0;0;0;0
KW;2009;0;0;0.288425403983;0;0;0;0;0.711574596017;0;0;0;0;0;0;0;0;0;0;0;0;0
KW;2010;0;0;0.346308960196;0;0;0;0;0.653691039804;0;0;0;0;0;0;0;0;0;0;0;0;0
KW;2011;0;0;0.391576749043;0;0;0;0;0.608423250957;0;0;0;0;0;0;0;0;0;0;0;0;0
KW;2012;0;0;0.512270942408;0;0;0;0;0.487729057592;0;0;0;0;0;0;0;0;0;0;0;0;0
KW;2013;0;0;0.447122479095;0;0.000163961305132;0;0;0.5527135596;0;0;0;0;0;0;0;0;0;0;0;0;0
KW;2014;0;0;0.518495778972;0;0.000153491941673;0;0;0.481350729087;0;0;0;0;0;0;0;0;0;0;0;0;0
KW;2015;0;0;0.553001464129;0;0.000146412884334;0;0;0.446852122987;0;0;0;0;0;0;0;0;0;0;0;0;0
KW;2016;0;0;0.581027104137;0.000142653352354;0.000142653352354;0;0;0.418687589158;0;0;0;0;0;0;0;0;0;0;0;0;0
KW;2017;0;0;0.528523733488;0.000145158949049;0.000435476847148;0;0;0.470895630716;0;0;0;0;0;0;0;0;0;0;0;0;0
KW;2018;0;0;0.532038311075;0.000674490759477;0.000539592607581;0;0;0.466747605558;0;0;0;0;0;0;0;0;0;0;0;0;0
KW;2019;0;0;0.565031982942;0.000799573560768;0.000533049040512;0;0;0.433635394456;0;0;0;0;0;0;0;0;0;0;0;0;0
KW;2020;0;0;0.525723472669;0.0008038585209;0.00040192926045;0;0;0.47307073955;0;0;0;0;0;0;0;0;0;0;0;0;0
KW;2021;0;0;0.508415841584;0.00173267326733;0.000866336633663;0;0;0.488985148515;0;0;0;0;0;0;0;0;0;0;0;0;0
KW;2022;0;0;0.510141868918;0.00211044671122;0.0201664907961;0;0;0.467581193575;0;0;0;0;0;0;0;0;0;0;0;0;0
KW;2023;0;0;0.613413547237;0.00211675579323;0.0191622103387;0;0;0.365307486631;0;0;0;0;0;0;0;0;0;0;0;0;0
KW;2024;0;0;0.620823872851;0.00227051573143;0.0201102821927;0;0;0.356795329225;0;0;0;0;0;0;0;0;0;0;0;0;0
KW;2025;0;0;0.62230441605;0.00235373234701;0.0208473436449;0;0;0.354494507958;0;0;0;0;0;0;0;0;0;0;0;0;0
KY;2000;0;0;0;0;0;0;0;1;0;0;0;0;0;0;0;0;0;0;0;0;0
KY;2001;0;0;0;0;0;0;0;1;0;0;0;0;0;0;0;0;0;0;0;0;0
KY;2002;0;0;0;0;0;0;0;1;0;0;0;0;0;0;0;0;0;0;0;0;0
KY;2003;0;0;0;0;0;0;0;1;0;0;0;0;0;0;0;0;0;0;0;0;0
KY;2004;0;0;0;0;0;0;0;1;0;0;0;0;0;0;0;0;0;0;0;0;0
KY;2005;0;0;0;0;0;0;0;1;0;0;0;0;0;0;0;0;0;0;0;0;0
KY;2006;0;0;0;0;0;0;0;1;0;0;0;0;0;0;0;0;0;0;0;0;0
KY;2007;0;0;0;0;0;0;0;1;0;0;0;0;0;0;0;0;0;0;0;0;0
KY;2008;0;0;0;0;0;0;0;1;0;0;0;0;0;0;0;0;0;0;0;0;0
KY;2009;0;0;0;0;0;0;0;1;0;0;0;0;0;0;0;0;0;0;0;0;0
KY;2010;0;0;0;0;0;0;0;1;0;0;0;0;0;0;0;0;0;0;0;0;0
KY;2011;0;0;0;0;0;0;0;1;0;0;0;0;0;0;0;0;0;0;0;0;0
KY;2012;0;0;0;0;0;0;0;1;0;0;0;0;0;0;0;0;0;0;0;0;0
KY;2013;0;0;0;0;0;0;0;1;0;0;0;0;0;0;0;0;0;0;0;0;0
KY;2014;0;0;0;0;0;0;0;1;0;0;0;0;0;0;0;0;0;0;0;0;0
KY;2015;0;0;0;0;0;0;0;1;0;0;0;0;0;0;0;0;0;0;0;0;0
KY;2016;0;0;0;0;0;0;0;1;0;0;0;0;0;0;0;0;0;0;0;0;0
KY;2017;0;0;0;0.0147058823529;0;0;0;0.985294117647;0;0;0;0;0;0;0;0;0;0;0;0;0
KY;2018;0;0;0;0.0149253731343;0;0;0;0.985074626866;0;0;0;0;0;0;0;0;0;0;0;0;0
KY;2019;0;0;0;0.0277777777778;0;0;0;0.972222222222;0;0;0;0;0;0;0;0;0;0;0;0;0
KY;2020;0;0;0;0.0289855072464;0;0;0;0.971014492754;0;0;0;0;0;0;0;0;0;0;0;0;0
KY;2021;0;0;0;0.0285714285714;0;0;0;0.971428571429;0;0;0;0;0;0;0;0;0;0;0;0;0
KY;2022;0;0;0;0.0285714285714;0;0;0;0.971428571429;0;0;0;0;0;0;0;0;0;0;0;0;0
KY;2023;0;0;0;0.0285714285714;0;0;0;0.971428571429;0;0;0;0;0;0;0;0;0;0;0;0;0
KY;2024;0;0;0;0.0422535211268;0;0;0;0.957746478873;0;0;0;0;0;0;0;0;0;0;0;0;0
KZ;1985;0.0641128188721;0;0.106887513382;0;0;0;0.726874469316;0.10212519843;0;0;0;0;0;0;0;0;0;0;0;0;0
KZ;1986;0.0561966766164;0;0.107786682962;0;0;0;0.733024655087;0.102991985334;0;0;0;0;0;0;0;0;0;0;0;0;0
KZ;1987;0.0647749488649;0;0.106813122238;0;0;0;0.726356352623;0.102055576273;0;0;0;0;0;0;0;0;0;0;0;0;0
KZ;1988;0.0790693992038;0;0.105173271806;0;0;0;0.715266467608;0.100490861383;0;0;0;0;0;0;0;0;0;0;0;0;0
KZ;1989;0.0813312810904;0.00113765642776;0.104787079792;0;0;0;0.712619063553;0.100124919137;0;0;0;0;0;0;0;0;0;0;0;0;0
KZ;1990;0.0842994312134;0;0.104578903398;0;0;0;0.711200631731;0.099921033658;0;0;0;0;0;0;0;0;0;0;0;0;0
KZ;1991;0.0837316400935;0.00626824361256;0.100489597507;0;0;0;0.722313319145;0.0871971996418;0;0;0;0;0;0;0;0;0;0;0;0;0
KZ;1992;0.0825577760142;0.0055792030397;0.105030902051;0;0;0;0.719079912464;0.0877522064305;0;0;0;0;0;0;0;0;0;0;0;0;0
KZ;1993;0.0979470785348;0.00572609739501;0.0996289591598;0;0;0;0.710241497516;0.0864563673946;0;0;0;0;0;0;0;0;0;0;0;0;0
KZ;1994;0.137457507825;0.00569058208665;0.0801174056936;0;0;0;0.705392575288;0.0713419291073;0;0;0;0;0;0;0;0;0;0;0;0;0
KZ;1995;0.124829559927;0.00119869941114;0.0817213323544;0;0;0;0.719504337793;0.0727460705135;0;0;0;0;0;0;0;0;0;0;0;0;0
KZ;1996;0.124791475164;0.00149797433017;0.0810948830559;0;0;0;0.720406495761;0.0722091716883;0;0;0;0;0;0;0;0;0;0;0;0;0
KZ;1997;0.124978365801;0.00578835022403;0.0812676679295;0;0;0;0.715486240649;0.0724793753966;0;0;0;0;0;0;0;0;0;0;0;0;0
KZ;1998;0.123315729232;0.0017671037571;0.0817887909396;0;0;0;0.720195184642;0.0729331914295;0;0;0;0;0;0;0;0;0;0;0;0;0
KZ;1999;0.12964333284;0;0.0866403095203;0;0;0;0.719994080213;0.0637222774266;0;0;0;0;0;0;0;0;0;0;0;0;0
KZ;2000;0.145850682676;0;0.106884864917;0;0;0;0.695226106323;0.0520383460831;0;0;0;0;0;0;0;0;0;0;0;0;0
KZ;2001;0.145908565651;0;0.106312292359;0;0;0;0.705691174346;0.0420879676441;0;0;0;0;0;0;0;0;0;0;0;0;0
KZ;2002;0.152406096244;0;0.106787128628;0;0;0;0.688176098473;0.0526306766556;0;0;0;0;0;0;0;0;0;0;0;0;0
KZ;2003;0.135046268026;0;0.106784411355;0;0;0;0.717553666213;0.0406156544068;0;0;0;0;0;0;0;0;0;0;0;0;0
KZ;2004;0.120356123867;0;0.106792345727;0;0;0;0.755209655976;0.0176418744305;0;0;0;0;0;0;0;0;0;0;0;0;0
KZ;2005;0.11566548881;0;0.106919905771;0;0;0;0.73863368669;0.0387809187279;0;0;0;0;0;0;0;0;0;0;0;0;0
KZ;2006;0.108388681141;0;0.111681643132;0;0;0;0.688201149746;0.0917285259809;0;0;0;0;0;0;0;0;0;0;0;0;0
KZ;2007;0.106641782279;0;0.0659088239517;0;0;0;0.734093786299;0.0933556074705;0;0;0;0;0;0;0;0;0;0;0;0;0
KZ;2008;0.0928461193807;0;0.10215562304;0;0;0;0.766652561358;0.0383456962214;0;0;0;0;0;0;0;0;0;0;0;0;0
KZ;2009;0.0873767909765;0;0.163347220811;0;0;0;0.738047454527;0.0112285336856;0;0;0;0;0;0;0;0;0;0;0;0;0
KZ;2010;0.0970645887278;0;0.0888972243061;0;0;0;0.806536311497;0.00750187546887;0;0;0;0;0;0;0;0;0;0;0;0;0
KZ;2011;0.0910434832823;0;0.0917017959231;0;0;0;0.810983426691;0.00627129410406;0;0;0;0;0;0;0;0;0;0;0;0;0
KZ;2012;0.0842815048613;0;0.16147793363;0;3.31078322095e-05;0;0.746305717723;0.007901735954;0;0;0;0;0;0;0;0;0;0;0;0;0
KZ;2013;0.0834727965708;0;0.165639137523;1.07971538702e-05;5.39857693512e-05;0;0.745046805662;0.00577647732058;0;0;0;0;0;0;0;0;0;0;0;0;0
KZ;2014;0.0873070380271;0;0.178365013789;1.05660217871e-05;0.000137358283233;0;0.720106082859;0.0140739410205;0;0;0;0;0;0;0;0;0;0;0;0;0
KZ;2015;0.101140269518;0;0.173168203394;0.000501936821431;0.0014403404441;0;0.704031862076;0.0197173877462;0;0;0;0;0;0;0;0;0;0;0;0;0
KZ;2016;0.12278903658;0;0.182994864859;0.000929819741764;0.00290568669301;2.11322668583e-05;0.663341856681;0.0270176031783;0;0;0;0;0;0;0;0;0;0;0;0;0
KZ;2017;0.108698814107;0;0.193194930621;0.000901783203561;0.00329684181947;1.93931871733e-05;0.684298306005;0.00958993105722;0;0;0;0;0;0;0;0;0;0;0;0;0
KZ;2018;0.096729686393;0;0.183176716262;0.00131446470522;0.00358914121639;1.86448894358e-05;0.706249766939;0.00892157959503;0;0;0;0;0;0;0;0;0;0;0;0;0
KZ;2019;0.0938553571932;0;0.183803987491;0.00367194763483;0.00663955748805;4.69558521078e-05;0.704356563959;0.00762563038231;0;0;0;0;0;0;0;0;0;0;0;0;0
KZ;2020;0.088926529748;0;0.204448167616;0.0113873827431;0.0094726086036;6.44395143102e-05;0.678004952637;0.00769591913762;0;0;0;0;0;0;0;0;0;0;0;0;0
KZ;2021;0.0800139033716;0;0.222984011123;0.0141553701773;0.0151807438304;2.60688216893e-05;0.637191518943;0.0304483837331;0;0;0;0;0;0;0;0;0;0;0;0;0
KZ;2022;0.0811003772521;0;0.239713711526;0.0156189401685;0.0203786623418;2.64429009625e-05;0.637168141593;0.00599372421817;0;0;0;0;0;0;0;0;0;0;0;0;0
KZ;2023;0.0774750187085;0;0.260518554387;0.0164810494343;0.033279042127;4.40198969934e-05;0.607668266056;0.00453404939032;0;0;0;0;0;0;0;0;0;0;0;0;0
KZ;2024;0.0950948420423;0;0.262372441456;0.0159095313935;0.037498630668;1.68533171541e-05;0.584793251932;0.00431444919146;0;0;0;0;0;0;0;0;0;0;0;0;0
KZ;2025;0.0839343576879;0;0.270891124137;0.0167402368719;0.04086161565;1.60809191853e-05;0.583271019771;0.00428556496289;0;0;0;0;0;0;0;0;0;0;0;0;0
LA;2000;0.898630136986;0;0;0;0;0;0;0.101369863014;0;0;0;0;0;0;0;0;0;0;0;0;0
LA;2001;0.899182561308;0;0;0;0;0;0;0.100817438692;0;0;0;0;0;0;0;0;0;0;0;0;0
LA;2002;0.899159663866;0;0;0;0;0;0;0.100840336134;0;0;0;0;0;0;0;0;0;0;0;0;0
LA;2003;0.898412698413;0;0;0;0;0;0;0.101587301587;0;0;0;0;0;0;0;0;0;0;0;0;0
LA;2004;1;0;0;0;0;0;0;0;0;0;0;0;0;0;0;0;0;0;0;0;0
LA;2005;1;0;0;0;0;0;0;0;0;0;0;0;0;0;0;0;0;0;0;0;0
LA;2006;1;0;0;0;0;0;0;0;0;0;0;0;0;0;0;0;0;0;0;0;0
LA;2007;1;0;0;0;0;0;0;0;0;0;0;0;0;0;0;0;0;0;0;0;0
LA;2008;1;0;0;0;0;0;0;0;0;0;0;0;0;0;0;0;0;0;0;0;0
LA;2009;1;0;0;0;0;0;0;0;0;0;0;0;0;0;0;0;0;0;0;0;0
LA;2010;1;0;0;0;0;0;0;0;0;0;0;0;0;0;0;0;0;0;0;0;0
LA;2011;1;0;0;0;0;0;0;0;0;0;0;0;0;0;0;0;0;0;0;0;0
LA;2012;1;0;0;0;0;0;0;0;0;0;0;0;0;0;0;0;0;0;0;0;0
LA;2013;0.999348958333;0;0;0;0;0.000651041666667;0;0;0;0;0;0;0;0;0;0;0;0;0;0;0
LA;2014;1;0;0;0;0;0;0;0;0;0;0;0;0;0;0;0;0;0;0;0;0
LA;2015;0.860148514851;0;0;0;0;0;0.139851485149;0;0;0;0;0;0;0;0;0;0;0;0;0;0
LA;2016;0.687720674774;0;0;0;0;0;0.312279325226;0;0;0;0;0;0;0;0;0;0;0;0;0;0
LA;2017;0.646926295462;0;0;0.000321853878339;0;0.000965561635018;0.351786289025;0;0;0;0;0;0;0;0;0;0;0;0;0;0
LA;2018;0.648750726322;0;0;0.000581057524695;0;0.00145264381174;0.349215572342;0;0;0;0;0;0;0;0;0;0;0;0;0;0
LA;2019;0.631882202305;0;0;0.00128040973111;0;0.00160051216389;0.3652368758;0;0;0;0;0;0;0;0;0;0;0;0;0;0
LA;2020;0.713463463463;0;0;0.001001001001;0;0.0015015015015;0.284034034034;0;0;0;0;0;0;0;0;0;0;0;0;0;0
LA;2021;0.732739420935;0;0;0.00155902004454;0;0.0011135857461;0.264587973274;0;0;0;0;0;0;0;0;0;0;0;0;0;0
LA;2022;0.759012539185;0;0;0.00156739811912;0;0.000783699059561;0.238636363636;0;0;0;0;0;0;0;0;0;0;0;0;0;0
LA;2023;0.764818355641;0;0;0.00152963671128;0;0.000764818355641;0.232887189293;0;0;0;0;0;0;0;0;0;0;0;0;0;0
LA;2024;0.764672146817;0;0;0.00172051233034;0;0.000764672146817;0.232842668706;0;0;0;0;0;0;0;0;0;0;0;0;0;0
LB;2000;0.0442211055276;0;0;0;0;0;0;0.955778894472;0;0;0;0;0;0;0;0;0;0;0;0;0
LB;2001;0.0331658291457;0;0;0;0;0;0;0.966834170854;0;0;0;0;0;0;0;0;0;0;0;0;0
LB;2002;0.0580086580087;0;0;0;0;0;0;0.941991341991;0;0;0;0;0;0;0;0;0;0;0;0;0
LB;2003;0.104408352668;0;0;0;0;0;0;0.895591647332;0;0;0;0;0;0;0;0;0;0;0;0;0
LB;2004;0.097027972028;0;0;0;0;0;0;0.902972027972;0;0;0;0;0;0;0;0;0;0;0;0;0
LB;2005;0.0886615515772;0;0;0;0;0;0;0.911338448423;0;0;0;0;0;0;0;0;0;0;0;0;0
LB;2006;0.0609002647838;0;0;0;0;0;0;0.939099735216;0;0;0;0;0;0;0;0;0;0;0;0;0
LB;2007;0.0548722800378;0;0;0;0;0;0;0.945127719962;0;0;0;0;0;0;0;0;0;0;0;0;0
LB;2008;0.029718875502;0;0;0;0;0;0;0.970281124498;0;0;0;0;0;0;0;0;0;0;0;0;0
LB;2009;0.0477657935285;0;0.0146379044684;0;0;0;0;0.937596302003;0;0;0;0;0;0;0;0;0;0;0;0;0
LB;2010;0.0528325907066;0;0.0630171865054;0;0;0;0;0.884150222788;0;0;0;0;0;0;0;0;0;0;0;0;0
LB;2011;0.0490797546012;0;0;0;0;0;0;0.950920245399;0;0;0;0;0;0;0;0;0;0;0;0;0
LB;2012;0.0607533414338;0;0;0;0;0;0;0.939246658566;0;0;0;0;0;0;0;0;0;0;0;0;0
LB;2013;0.0670212765957;0;0;0;0;0;0;0.932978723404;0;0;0;0;0;0;0;0;0;0;0;0;0
LB;2014;0.0105731775181;0;0;0.000556483027268;0.000556483027268;0;0;0.988313856427;0;0;0;0;0;0;0;0;0;0;0;0;0
LB;2015;0.0252145922747;0;0;0.00107296137339;0.000536480686695;0;0;0.973175965665;0;0;0;0;0;0;0;0;0;0;0;0;0
LB;2016;0.0195775373519;0;0;0.00206079340546;0.000515198351365;0;0;0.977846470891;0;0;0;0;0;0;0;0;0;0;0;0;0
LB;2017;0.0192941176471;0;0;0.00282352941176;0.000470588235294;0;0;0.977411764706;0;0;0;0;0;0;0;0;0;0;0;0;0
LB;2018;0.015977443609;0;0;0.00422932330827;0.00046992481203;0.00140977443609;0;0.977913533835;0;0;0;0;0;0;0;0;0;0;0;0;0
LB;2019;0.0444650301065;0;0;0.00555812876332;0.000463177396943;0.00138953219083;0;0.948124131542;0;0;0;0;0;0;0;0;0;0;0;0;0
LB;2020;0.0575342465753;0;0;0.00767123287671;0.000547945205479;0.00164383561644;0;0.932602739726;0;0;0;0;0;0;0;0;0;0;0;0;0
LB;2021;0.0589941972921;0;0;0.0299806576402;0.000967117988395;0.00290135396518;0;0.907156673114;0;0;0;0;0;0;0;0;0;0;0;0;0
LB;2022;0.157894736842;0;0;0.288329519451;0.00228832951945;0.00686498855835;0;0.544622425629;0;0;0;0;0;0;0;0;0;0;0;0;0
LB;2023;0.111464968153;0;0;0.222929936306;0.0015923566879;0.00477707006369;0;0.65923566879;0;0;0;0;0;0;0;0;0;0;0;0;0
LB;2024;0.131086142322;0;0;0.299625468165;0.00187265917603;0.00561797752809;0;0.561797752809;0;0;0;0;0;0;0;0;0;0;0;0;0
LC;2000;0;0;0;0;0;0;0;1;0;0;0;0;0;0;0;0;0;0;0;0;0
LC;2001;0;0;0;0;0;0;0;1;0;0;0;0;0;0;0;0;0;0;0;0;0
LC;2002;0;0;0;0;0;0;0;1;0;0;0;0;0;0;0;0;0;0;0;0;0
LC;2003;0;0;0;0;0;0;0;1;0;0;0;0;0;0;0;0;0;0;0;0;0
LC;2004;0;0;0;0;0;0;0;1;0;0;0;0;0;0;0;0;0;0;0;0;0
LC;2005;0;0;0;0;0;0;0;1;0;0;0;0;0;0;0;0;0;0;0;0;0
LC;2006;0;0;0;0;0;0;0;1;0;0;0;0;0;0;0;0;0;0;0;0;0
LC;2007;0;0;0;0;0;0;0;1;0;0;0;0;0;0;0;0;0;0;0;0;0
LC;2008;0;0;0;0;0;0;0;1;0;0;0;0;0;0;0;0;0;0;0;0;0
LC;2009;0;0;0;0;0;0;0;1;0;0;0;0;0;0;0;0;0;0;0;0;0
LC;2010;0;0;0;0;0;0;0;1;0;0;0;0;0;0;0;0;0;0;0;0;0
LC;2011;0;0;0;0;0;0;0;1;0;0;0;0;0;0;0;0;0;0;0;0;0
LC;2012;0;0;0;0;0;0;0;1;0;0;0;0;0;0;0;0;0;0;0;0;0
LC;2013;0;0;0;0;0;0;0;1;0;0;0;0;0;0;0;0;0;0;0;0;0
LC;2014;0;0;0;0;0;0;0;1;0;0;0;0;0;0;0;0;0;0;0;0;0
LC;2015;0;0;0;0;0;0;0;1;0;0;0;0;0;0;0;0;0;0;0;0;0
LC;2016;0;0;0;0;0;0;0;1;0;0;0;0;0;0;0;0;0;0;0;0;0
LC;2017;0;0;0;0;0;0;0;1;0;0;0;0;0;0;0;0;0;0;0;0;0
LC;2018;0;0;0;0.0243902439024;0;0;0;0.975609756098;0;0;0;0;0;0;0;0;0;0;0;0;0
LC;2019;0;0;0;0.0238095238095;0;0;0;0.97619047619;0;0;0;0;0;0;0;0;0;0;0;0;0
LC;2020;0;0;0;0.0263157894737;0;0;0;0.973684210526;0;0;0;0;0;0;0;0;0;0;0;0;0
LC;2021;0;0;0;0.025;0;0;0;0.975;0;0;0;0;0;0;0;0;0;0;0;0;0
LC;2022;0;0;0;0.025;0;0;0;0.975;0;0;0;0;0;0;0;0;0;0;0;0;0
LC;2023;0;0;0;0.025;0;0;0;0.975;0;0;0;0;0;0;0;0;0;0;0;0;0
LC;2024;0;0;0;0.025;0;0;0;0.975;0;0;0;0;0;0;0;0;0;0;0;0;0
LK;2000;0.473451327434;0;0;0;0;0;0;0.526548672566;0;0;0;0;0;0;0;0;0;0;0;0;0
LK;2001;0.467766116942;0;0;0;0;0;0;0.532233883058;0;0;0;0;0;0;0;0;0;0;0;0;0
LK;2002;0.389048991354;0;0;0;0;0;0;0.610951008646;0;0;0;0;0;0;0;0;0;0;0;0;0
LK;2003;0.435124508519;0;0;0;0;0;0;0.564875491481;0;0;0;0;0;0;0;0;0;0;0;0;0
LK;2004;0.367119901112;0;0;0;0;0;0;0.632880098888;0;0;0;0;0;0;0;0;0;0;0;0;0
LK;2005;0.392290249433;0;0;0.00113378684807;0;0;0;0.606575963719;0;0;0;0;0;0;0;0;0;0;0;0;0
LK;2006;0.491525423729;0;0;0.0010593220339;0;0;0;0.507415254237;0;0;0;0;0;0;0;0;0;0;0;0;0
LK;2007;0.400809716599;0;0;0.00101214574899;0;0;0;0.598178137652;0;0;0;0;0;0;0;0;0;0;0;0;0
LK;2008;0.417338709677;0;0;0.00100806451613;0;0.00100806451613;0;0.58064516129;0;0;0;0;0;0;0;0;0;0;0;0;0
LK;2009;0.393326592518;0;0;0.0010111223458;0;0.00202224469161;0;0.603640040445;0;0;0;0;0;0;0;0;0;0;0;0;0
LK;2010;0.526119402985;0;0;0.000932835820896;0.00466417910448;0.00279850746269;0;0.465485074627;0;0;0;0;0;0;0;0;0;0;0;0;0
LK;2011;0.400865800866;0;0;0.000865800865801;0.00779220779221;0.0025974025974;0.0900432900433;0.497835497835;0;0;0;0;0;0;0;0;0;0;0;0;0
LK;2012;0.279661016949;0;0;0.000847457627119;0.0118644067797;0.00169491525424;0.118644067797;0.587288135593;0;0;0;0;0;0;0;0;0;0;0;0;0
LK;2013;0.578464106845;0;0;0.0016694490818;0.0191986644407;0.0025041736227;0.122704507513;0.275459098497;0;0;0;0;0;0;0;0;0;0;0;0;0
LK;2014;0.366265060241;0;0;0.00240963855422;0.021686746988;0.00321285140562;0.25702811245;0.349397590361;0;0;0;0;0;0;0;0;0;0;0;0;0
LK;2015;0.454201362604;0;0;0.00302800908403;0.0257380772142;0.00454201362604;0.337623012869;0.174867524603;0;0;0;0;0;0;0;0;0;0;0;0;0
LK;2016;0.296995108316;0;0;0.00349406009783;0.0244584206848;0.00489168413697;0.35429769392;0.315863032844;0;0;0;0;0;0;0;0;0;0;0;0;0
LK;2017;0.270651443922;0;0;0.0100738750839;0.0248488918737;0.00470114170584;0.343854936199;0.345869711216;0;0;0;0;0;0;0;0;0;0;0;0;0
LK;2018;0.398879900436;0;0;0.0136901057872;0.0205351586808;0.00560049782203;0.329807093964;0.231487243311;0;0;0;0;0;0;0;0;0;0;0;0;0
LK;2019;0.289142171566;0;0;0.0203959208158;0.0209958008398;0.00719856028794;0.355128974205;0.307138572286;0;0;0;0;0;0;0;0;0;0;0;0;0
LK;2020;0.301818181818;0;0;0.0278787878788;0.02;0.00606060606061;0.385454545455;0.258787878788;0;0;0;0;0;0;0;0;0;0;0;0;0
LK;2021;0.412906910337;0;0;0.0365505425471;0.0371216447744;0.00513992004569;0.348943460879;0.157053112507;0.00228440890919;0;0;0;0;0;0;0;0;0;0;0;0
LK;2022;0.404179104478;0;0;0.0501492537313;0.0441791044776;0.00298507462687;0.342089552239;0.154626865672;0.00179104477612;0;0;0;0;0;0;0;0;0;0;0;0
LK;2023;0.36485661989;0;0;0.0610128126907;0.0500305064063;0.00732153752288;0.314215985357;0.200122025625;0.00244051250763;0;0;0;0;0;0;0;0;0;0;0;0
LK;2024;0.401331649638;0;0;0.0666398806107;0.0548157502009;0.00918379060957;0.345023533463;0.120709447825;0.00229594765239;0;0;0;0;0;0;0;0;0;0;0;0
LK;2025;0.362199818758;0;0;0.107895333031;0.0623017671047;0.0112709560489;0.308960126869;0.145106479384;0.00226551880381;0;0;0;0;0;0;0;0;0;0;0;0
LR;2000;0;0;0;0;0;0;0;1;0;0;0;0;0;0;0;0;0;0;0;0;0
LR;2001;0;0;0;0;0;0;0;1;0;0;0;0;0;0;0;0;0;0;0;0;0
LR;2002;0;0;0;0;0;0;0;1;0;0;0;0;0;0;0;0;0;0;0;0;0
LR;2003;0;0;0;0;0;0;0;1;0;0;0;0;0;0;0;0;0;0;0;0;0
LR;2004;0;0;0;0;0;0;0;1;0;0;0;0;0;0;0;0;0;0;0;0;0
LR;2005;0;0;0;0;0;0;0;1;0;0;0;0;0;0;0;0;0;0;0;0;0
LR;2006;0;0;0;0;0;0;0;1;0;0;0;0;0;0;0;0;0;0;0;0;0
LR;2007;0;0;0;0;0;0;0;1;0;0;0;0;0;0;0;0;0;0;0;0;0
LR;2008;0;0;0;0;0;0;0;1;0;0;0;0;0;0;0;0;0;0;0;0;0
LR;2009;0;0;0;0;0;0;0;1;0;0;0;0;0;0;0;0;0;0;0;0;0
LR;2010;0;0;0;0;0;0;0;1;0;0;0;0;0;0;0;0;0;0;0;0;0
LR;2011;0;0;0;0;0;0;0;1;0;0;0;0;0;0;0;0;0;0;0;0;0
LR;2012;0;0;0;0;0;0;0;1;0;0;0;0;0;0;0;0;0;0;0;0;0
LR;2013;0;0;0;0;0;0;0;1;0;0;0;0;0;0;0;0;0;0;0;0;0
LR;2014;0;0;0;0;0;0;0;1;0;0;0;0;0;0;0;0;0;0;0;0;0
LR;2015;0;0;0;0;0;0;0;1;0;0;0;0;0;0;0;0;0;0;0;0;0
LR;2016;0;0;0;0;0;0;0;1;0;0;0;0;0;0;0;0;0;0;0;0;0
LR;2017;0;0;0;0;0;0;0;1;0;0;0;0;0;0;0;0;0;0;0;0;0
LR;2018;0.317073170732;0;0;0;0;0;0;0.682926829268;0;0;0;0;0;0;0;0;0;0;0;0;0
LR;2019;0.309523809524;0;0;0;0;0;0;0.690476190476;0;0;0;0;0;0;0;0;0;0;0;0;0
LR;2020;0.288888888889;0;0;0;0;0;0;0.711111111111;0;0;0;0;0;0;0;0;0;0;0;0;0
LR;2021;0.342105263158;0;0;0;0;0;0;0.657894736842;0;0;0;0;0;0;0;0;0;0;0;0;0
LR;2022;0.333333333333;0;0;0;0;0;0;0.666666666667;0;0;0;0;0;0;0;0;0;0;0;0;0
LR;2023;0.573770491803;0;0;0;0;0;0;0.426229508197;0;0;0;0;0;0;0;0;0;0;0;0;0
LR;2024;0.526315789474;0;0;0.0175438596491;0;0;0;0.456140350877;0;0;0;0;0;0;0;0;0;0;0;0;0
LS;2000;1;0;0;0;0;0;0;0;0;0;0;0;0;0;0;0;0;0;0;0;0
LS;2001;1;0;0;0;0;0;0;0;0;0;0;0;0;0;0;0;0;0;0;0;0
LS;2002;1;0;0;0;0;0;0;0;0;0;0;0;0;0;0;0;0;0;0;0;0
LS;2003;1;0;0;0;0;0;0;0;0;0;0;0;0;0;0;0;0;0;0;0;0
LS;2004;1;0;0;0;0;0;0;0;0;0;0;0;0;0;0;0;0;0;0;0;0
LS;2005;1;0;0;0;0;0;0;0;0;0;0;0;0;0;0;0;0;0;0;0;0
LS;2006;1;0;0;0;0;0;0;0;0;0;0;0;0;0;0;0;0;0;0;0;0
LS;2007;1;0;0;0;0;0;0;0;0;0;0;0;0;0;0;0;0;0;0;0;0
LS;2008;1;0;0;0;0;0;0;0;0;0;0;0;0;0;0;0;0;0;0;0;0
LS;2009;1;0;0;0;0;0;0;0;0;0;0;0;0;0;0;0;0;0;0;0;0
LS;2010;1;0;0;0;0;0;0;0;0;0;0;0;0;0;0;0;0;0;0;0;0
LS;2011;1;0;0;0;0;0;0;0;0;0;0;0;0;0;0;0;0;0;0;0;0
LS;2012;1;0;0;0;0;0;0;0;0;0;0;0;0;0;0;0;0;0;0;0;0
LS;2013;1;0;0;0;0;0;0;0;0;0;0;0;0;0;0;0;0;0;0;0;0
LS;2014;1;0;0;0;0;0;0;0;0;0;0;0;0;0;0;0;0;0;0;0;0
LS;2015;1;0;0;0;0;0;0;0;0;0;0;0;0;0;0;0;0;0;0;0;0
LS;2016;1;0;0;0;0;0;0;0;0;0;0;0;0;0;0;0;0;0;0;0;0
LS;2017;1;0;0;0;0;0;0;0;0;0;0;0;0;0;0;0;0;0;0;0;0
LS;2018;1;0;0;0;0;0;0;0;0;0;0;0;0;0;0;0;0;0;0;0;0
LS;2019;1;0;0;0;0;0;0;0;0;0;0;0;0;0;0;0;0;0;0;0;0
LS;2020;1;0;0;0;0;0;0;0;0;0;0;0;0;0;0;0;0;0;0;0;0
LS;2021;1;0;0;0;0;0;0;0;0;0;0;0;0;0;0;0;0;0;0;0;0
LS;2022;1;0;0;0;0;0;0;0;0;0;0;0;0;0;0;0;0;0;0;0;0
LT;1990;0.0144366197183;0.599647887324;0.23838028169;0;0;0;0;0.147535211268;0;0;0;0;0;0;0;0;0;0;0;0;0
LT;1991;0.0115764385427;0.578821927137;0.214164113041;0;0;0;0;0.19543752128;0;0;0;0;0;0;0;0;0;0;0;0;0
LT;1992;0.0167115902965;0.789218328841;0.0679245283019;0;0;0;0;0.126145552561;0;0;0;0;0;0;0;0;0;0;0;0;0
LT;1993;0.0279971284996;0.880114860014;0.0186647523331;0;0;0;0;0.0732232591529;0;0;0;0;0;0;0;0;0;0;0;0;0
LT;1994;0.046106557377;0.789959016393;0.0338114754098;0;0;0;0;0.13012295082;0;0;0;0;0;0;0;0;0;0;0;0;0
LT;1995;0.0273668639053;0.87426035503;0.0170118343195;0;0;0;0;0.0813609467456;0;0;0;0;0;0;0;0;0;0;0;0;0
LT;1996;0.0203201970443;0.858374384236;0.0400246305419;0;0;0;0;0.0812807881773;0;0;0;0;0;0;0;0;0;0;0;0;0
LT;1997;0.0208478109798;0.835302293259;0.0340514246004;0;0;0;0;0.109798471161;0;0;0;0;0;0;0;0;0;0;0;0;0
LT;1998;0.0244897959184;0.790087463557;0.0163265306122;0;0;0;0;0.169096209913;0;0;0;0;0;0;0;0;0;0;0;0;0
LT;1999;0.0313455657492;0.753822629969;0.0764525993884;0;0;0;0;0.138379204893;0;0;0;0;0;0;0;0;0;0;0;0;0
LT;2000;0.0305480682839;0.756513926325;0.145552560647;0;0;0;0;0.0673854447439;0;0;0;0;0;0;0;0;0;0;0;0;0
LT;2001;0.0229805013928;0.791086350975;0.130919220056;0;0;0;0;0.0550139275766;0;0;0;0;0;0;0;0;0;0;0;0;0
LT;2002;0.0202429149798;0.817813765182;0.122035858878;0;0;0;0;0.0399074609601;0;0;0;0;0;0;0;0;0;0;0;0;0
LT;2003;0.0170031880978;0.82252922423;0.13390010627;0;0;0.000531349628055;0;0.0260361317747;0;0;0;0;0;0;0;0;0;0;0;0;0
LT;2004;0.0224;0.805333333333;0.143466666667;0;0;0.000533333333333;0;0.0282666666667;0;0;0;0;0;0;0;0;0;0;0;0;0
LT;2005;0.0312066574202;0.71705963939;0.209431345354;0;0;0.000693481276006;0;0.0416088765603;0;0;0;0;0;0;0;0;0;0;0;0;0
LT;2006;0.03314001657;0.716652858326;0.203811101906;0;0.00082850041425;0.0016570008285;0;0.0439105219553;0;0;0;0;0;0;0;0;0;0;0;0;0
LT;2007;0.0312035661218;0.730312035661;0.178306092125;0;0.00817236255572;0.0037147102526;0;0.0482912332838;0;0;0;0;0;0;0;0;0;0;0;0;0
LT;2008;0.0300075018755;0.741935483871;0.152288072018;0;0.00975243810953;0.00525131282821;0;0.0607651912978;0;0;0;0;0;0;0;0;0;0;0;0;0
LT;2009;0.0286885245902;0.741120218579;0.143442622951;0;0.0109289617486;0.0068306010929;0;0.0689890710383;0;0;0;0;0;0;0;0;0;0;0;0;0
LT;2010;0.108;0;0.638;0;0.044;0.03;0;0.18;0;0;0;0;0;0;0;0;0;0;0;0;0
LT;2011;0.112941176471;0;0.628235294118;0;0.110588235294;0.0376470588235;0;0.110588235294;0;0;0;0;0;0;0;0;0;0;0;0;0
LT;2012;0.0933333333333;0;0.64;0;0.12;0.0488888888889;0;0.0977777777778;0;0;0;0;0;0;0;0;0;0;0;0;0
LT;2013;0.124105011933;0;0.529832935561;0.0119331742243;0.143198090692;0.0859188544153;0;0.105011933174;0;0;0;0;0;0;0;0;0;0;0;0;0
LT;2014;0.108401084011;0;0.474254742547;0.0189701897019;0.173441734417;0.108401084011;0;0.116531165312;0;0;0;0;0;0;0;0;0;0;0;0;0
LT;2015;0.0827423167849;0;0.468085106383;0.016548463357;0.191489361702;0.106382978723;0;0.13475177305;0;0;0;0;0;0;0;0;0;0;0;0;0
LT;2016;0.123966942149;0;0.272727272727;0.0192837465565;0.314049586777;0.121212121212;0;0.148760330579;0;0;0;0;0;0;0;0;0;0;0;0;0
LT;2017;0.168539325843;0;0.168539325843;0.0196629213483;0.38202247191;0.140449438202;0;0.120786516854;0;0;0;0;0;0;0;0;0;0;0;0;0
LT;2018;0.147260273973;0;0.11301369863;0.0308219178082;0.390410958904;0.184931506849;0;0.133561643836;0;0;0;0;0;0;0;0;0;0;0;0;0
LT;2019;0.104790419162;0;0.155688622754;0.0269461077844;0.449101796407;0.158682634731;0;0.104790419162;0;0;0;0;0;0;0;0;0;0;0;0;0
LT;2020;0.063829787234;0;0.36170212766;0.0276595744681;0.329787234043;0.125531914894;0;0.0914893617021;0;0;0;0;0;0;0;0;0;0;0;0;0
LT;2021;0.0883720930233;0;0.283720930233;0.0441860465116;0.316279069767;0.160465116279;0;0.106976744186;0;0;0;0;0;0;0;0;0;0;0;0;0
LT;2022;0.113861386139;0;0.126237623762;0.0841584158416;0.373762376238;0.175742574257;0;0.126237623762;0;0;0;0;0;0;0;0;0;0;0;0;0
LT;2023;0.0849056603774;0;0.109433962264;0.130188679245;0.479245283019;0.143396226415;0;0.0528301886792;0;0;0;0;0;0;0;0;0;0;0;0;0
LT;2024;0.059451425483;0;0.113498175922;0.189163626537;0.462234833131;0.132414538576;0;0.0432374003513;0;0;0;0;0;0;0;0;0;0;0;0;0
LT;2025;0.0387702045891;0;0.164236464338;0.186503899627;0.449530914434;0.102294563129;0;0.0586639538827;0;0;0;0;0;0;0;0;0;0;0;0;0
LU;1990;0.112903225806;0;0.0483870967742;0;0;0.0161290322581;0;0.822580645161;0;0;0;0;0;0;0;0;0;0;0;0;0
LU;1991;0.114285714286;0;0.0428571428571;0;0;0.0142857142857;0;0.828571428571;0;0;0;0;0;0;0;0;0;0;0;0;0
LU;1992;0.106060606061;0;0.0454545454545;0;0;0.0151515151515;0;0.833333333333;0;0;0;0;0;0;0;0;0;0;0;0;0
LU;1993;0.10447761194;0;0.0298507462687;0;0;0.0149253731343;0;0.850746268657;0;0;0;0;0;0;0;0;0;0;0;0;0
LU;1994;0.152542372881;0;0.0847457627119;0;0;0.0338983050847;0;0.728813559322;0;0;0;0;0;0;0;0;0;0;0;0;0
LU;1995;0.183673469388;0;0.30612244898;0;0;0.0408163265306;0;0.469387755102;0;0;0;0;0;0;0;0;0;0;0;0;0
LU;1996;0.133333333333;0;0.422222222222;0;0;0.0444444444444;0;0.4;0;0;0;0;0;0;0;0;0;0;0;0;0
LU;1997;0.19512195122;0;0.439024390244;0;0;0.0487804878049;0;0.317073170732;0;0;0;0;0;0;0;0;0;0;0;0;0
LU;1998;0.324324324324;0;0.513513513514;0;0.027027027027;0.0540540540541;0;0.0810810810811;0;0;0;0;0;0;0;0;0;0;0;0;0
LU;1999;0.25;0;0.555555555556;0;0.0555555555556;0.0555555555556;0;0.0833333333333;0;0;0;0;0;0;0;0;0;0;0;0;0
LU;2000;0.3;0;0.525;0;0.05;0.05;0;0.075;0;0;0;0;0;0;0;0;0;0;0;0;0
LU;2001;0.137931034483;0;0.770114942529;0;0.0229885057471;0.0344827586207;0;0.0344827586207;0;0;0;0;0;0;0;0;0;0;0;0;0
LU;2002;0.0357142857143;0;0.935714285714;0;0.00714285714286;0.0107142857143;0;0.0107142857143;0;0;0;0;0;0;0;0;0;0;0;0;0
LU;2003;0.0286738351254;0;0.939068100358;0;0.010752688172;0.010752688172;0;0.010752688172;0;0;0;0;0;0;0;0;0;0;0;0;0
LU;2004;0.0296735905045;0;0.93471810089;0.00296735905045;0.0118694362018;0.0118694362018;0;0.00890207715134;0;0;0;0;0;0;0;0;0;0;0;0;0
LU;2005;0.0268656716418;0;0.928358208955;0.00597014925373;0.0149253731343;0.0149253731343;0;0.0089552238806;0;0;0;0;0;0;0;0;0;0;0;0;0
LU;2006;0.0310734463277;0;0.918079096045;0.00564971751412;0.0169491525424;0.0169491525424;0;0.0112994350282;0;0;0;0;0;0;0;0;0;0;0;0;0
LU;2007;0.0376175548589;0;0.905956112853;0.00626959247649;0.0188087774295;0.0188087774295;0;0.012539184953;0;0;0;0;0;0;0;0;0;0;0;0;0
LU;2008;0.0477941176471;0;0.882352941176;0.00735294117647;0.0220588235294;0.0257352941176;0;0.0147058823529;0;0;0;0;0;0;0;0;0;0;0;0;0
LU;2009;0.0349206349206;0;0.901587301587;0.00634920634921;0.0190476190476;0.0253968253968;0;0.0126984126984;0;0;0;0;0;0;0;0;0;0;0;0;0
LU;2010;0.033950617284;0;0.901234567901;0.00617283950617;0.0185185185185;0.0246913580247;0;0.0154320987654;0;0;0;0;0;0;0;0;0;0;0;0;0
LU;2011;0.0227272727273;0;0.886363636364;0.0113636363636;0.0227272727273;0.0340909090909;0;0.0227272727273;0;0;0;0;0;0;0;0;0;0;0;0;0
LU;2012;0.036231884058;0;0.865942028986;0.0144927536232;0.0289855072464;0.0326086956522;0;0.0217391304348;0;0;0;0;0;0;0;0;0;0;0;0;0
LU;2013;0.0652173913043;0;0.771739130435;0.0380434782609;0.0434782608696;0.0489130434783;0;0.0326086956522;0;0;0;0;0;0;0;0;0;0;0;0;0
LU;2014;0.0575916230366;0;0.759162303665;0.0471204188482;0.0418848167539;0.0628272251309;0;0.0314136125654;0;0;0;0;0;0;0;0;0;0;0;0;0
LU;2015;0.0746268656716;0;0.626865671642;0.0746268656716;0.0746268656716;0.0970149253731;0;0.0522388059701;0;0;0;0;0;0;0;0;0;0;0;0;0
LU;2016;0.151898734177;0;0.329113924051;0.126582278481;0.126582278481;0.177215189873;0;0.0886075949367;0;0;0;0;0;0;0;0;0;0;0;0;0
LU;2017;0.1;0;0.244444444444;0.122222222222;0.255555555556;0.188888888889;0;0.0888888888889;0;0;0;0;0;0;0;0;0;0;0;0;0
LU;2018;0.09375;0;0.208333333333;0.125;0.260416666667;0.229166666667;0;0.0833333333333;0;0;0;0;0;0;0;0;0;0;0;0;0
LU;2019;0.102803738318;0;0.177570093458;0.121495327103;0.261682242991;0.261682242991;0;0.0747663551402;0;0;0;0;0;0;0;0;0;0;0;0;0
LU;2020;0.0737704918033;0;0.147540983607;0.131147540984;0.286885245902;0.303278688525;0;0.0573770491803;0;0;0;0;0;0;0;0;0;0;0;0;0
LU;2021;0.0894308943089;0;0.138211382114;0.146341463415;0.252032520325;0.317073170732;0;0.0569105691057;0;0;0;0;0;0;0;0;0;0;0;0;0
LU;2022;0.0495867768595;0;0.0826446280992;0.231404958678;0.256198347107;0.322314049587;0;0.0578512396694;0;0;0;0;0;0;0;0;0;0;0;0;0
LU;2023;0.063829787234;0;0.063829787234;0.205673758865;0.354609929078;0.269503546099;0;0.0425531914894;0;0;0;0;0;0;0;0;0;0;0;0;0
LU;2024;0.0719895287958;0;0.0458115183246;0.235602094241;0.312827225131;0.287958115183;0;0.0458115183246;0;0;0;0;0;0;0;0;0;0;0;0;0
LU;2025;0.0481852315394;0;0.0413016270338;0.308510638298;0.299123904881;0.258448060075;0;0.0444305381727;0;0;0;0;0;0;0;0;0;0;0;0;0
LV;1990;0.676691729323;0;0.26015037594;0;0;0;0;0.0631578947368;0;0;0;0;0;0;0;0;0;0;0;0;0
LV;1991;0.580530973451;0;0.320353982301;0;0;0;0;0.0991150442478;0;0;0;0;0;0;0;0;0;0;0;0;0
LV;1992;0.65625;0;0.299479166667;0;0;0;0;0.0442708333333;0;0;0;0;0;0;0;0;0;0;0;0;0
LV;1993;0.732824427481;0;0.142493638677;0;0;0;0;0.124681933842;0;0;0;0;0;0;0;0;0;0;0;0;0
LV;1994;0.745495495495;0;0.0698198198198;0;0;0;0;0.184684684685;0;0;0;0;0;0;0;0;0;0;0;0;0
LV;1995;0.736842105263;0;0.132832080201;0;0;0;0;0.130325814536;0;0;0;0;0;0;0;0;0;0;0;0;0
LV;1996;0.596153846154;0;0.166666666667;0;0;0;0;0.237179487179;0;0;0;0;0;0;0;0;0;0;0;0;0
LV;1997;0.654101995565;0;0.277161862528;0;0;0;0;0.0687361419069;0;0;0;0;0;0;0;0;0;0;0;0;0
LV;1998;0.744827586207;0;0.186206896552;0;0;0;0;0.0689655172414;0;0;0;0;0;0;0;0;0;0;0;0;0
LV;1999;0.671532846715;0;0.231143552311;0;0;0;0;0.0973236009732;0;0;0;0;0;0;0;0;0;0;0;0;0
LV;2000;0.68115942029;0;0.272946859903;0;0;0;0;0.0458937198068;0;0;0;0;0;0;0;0;0;0;0;0;0
LV;2001;0.662763466042;0;0.304449648712;0;0;0;0;0.0327868852459;0;0;0;0;0;0;0;0;0;0;0;0;0
LV;2002;0.619647355164;0;0.329974811083;0;0.00251889168766;0.00251889168766;0;0.0453400503778;0;0;0;0;0;0;0;0;0;0;0;0;0
LV;2003;0.571788413098;0;0.385390428212;0;0.0125944584383;0.00503778337531;0;0.0251889168766;0;0;0;0;0;0;0;0;0;0;0;0;0
LV;2004;0.663113006397;0;0.304904051173;0;0.0106609808102;0.00852878464819;0;0.0127931769723;0;0;0;0;0;0;0;0;0;0;0;0;0
LV;2005;0.676829268293;0;0.302845528455;0;0.010162601626;0.00813008130081;0;0.0020325203252;0;0;0;0;0;0;0;0;0;0;0;0;0
LV;2006;0.552147239264;0;0.429447852761;0;0.0102249488753;0.0081799591002;0;0;0;0;0;0;0;0;0;0;0;0;0;0;0
LV;2007;0.573529411765;0;0.403361344538;0;0.0105042016807;0.00840336134454;0;0.00420168067227;0;0;0;0;0;0;0;0;0;0;0;0;0
LV;2008;0.590132827324;0;0.390891840607;0;0.011385199241;0.00759013282732;0;0;0;0;0;0;0;0;0;0;0;0;0;0;0
LV;2009;0.62118491921;0;0.360861759425;0;0.00897666068223;0.00897666068223;0;0;0;0;0;0;0;0;0;0;0;0;0;0;0
LV;2010;0.530920060332;0;0.450980392157;0;0.00754147812971;0.0105580693816;0;0;0;0;0;0;0;0;0;0;0;0;0;0;0
LV;2011;0.474548440066;0;0.494252873563;0;0.0114942528736;0.0197044334975;0;0;0;0;0;0;0;0;0;0;0;0;0;0;0
LV;2012;0.601296596434;0;0.333873581848;0;0.0178282009724;0.0470016207455;0;0;0;0;0;0;0;0;0;0;0;0;0;0;0
LV;2013;0.46935483871;0;0.43064516129;0;0.0193548387097;0.0806451612903;0;0;0;0;0;0;0;0;0;0;0;0;0;0;0
LV;2014;0.387159533074;0;0.455252918288;0;0.0272373540856;0.130350194553;0;0;0;0;0;0;0;0;0;0;0;0;0;0;0
LV;2015;0.335740072202;0;0.498194945848;0;0.0270758122744;0.138989169675;0;0;0;0;0;0;0;0;0;0;0;0;0;0;0
LV;2016;0.394080996885;0;0.457943925234;0;0.0202492211838;0.127725856698;0;0;0;0;0;0;0;0;0;0;0;0;0;0;0
LV;2017;0.581673306773;0;0.274900398406;0;0.0199203187251;0.123505976096;0;0;0;0;0;0;0;0;0;0;0;0;0;0;0
LV;2018;0.361607142857;0;0.479166666667;0;0.0178571428571;0.139880952381;0;0.0014880952381;0;0;0;0;0;0;0;0;0;0;0;0;0
LV;2019;0.327639751553;0;0.504658385093;0;0.0232919254658;0.144409937888;0;0;0;0;0;0;0;0;0;0;0;0;0;0;0
LV;2020;0.454545454545;0;0.363636363636;0;0.0314685314685;0.15034965035;0;0;0;0;0;0;0;0;0;0;0;0;0;0;0
LV;2021;0.463247863248;0;0.364102564103;0.0017094017094;0.0239316239316;0.147008547009;0;0;0;0;0;0;0;0;0;0;0;0;0;0;0
LV;2022;0.546719681909;0;0.24055666004;0.0159045725646;0.037773359841;0.159045725646;0;0;0;0;0;0;0;0;0;0;0;0;0;0;0
LV;2023;0.594043887147;0;0.222570532915;0.0376175548589;0.0423197492163;0.103448275862;0;0;0;0;0;0;0;0;0;0;0;0;0;0;0
LV;2024;0.506229301372;0;0.264942438101;0.0851600693897;0.0458918151711;0.0977763759659;0;0;0;0;0;0;0;0;0;0;0;0;0;0;0
LV;2025;0.475433526012;0;0.26493256262;0.131663455363;0.0351637764933;0.0928066795119;0;0;0;0;0;0;0;0;0;0;0;0;0;0;0
LY;2000;0;0;0.21935483871;0;0;0;0;0.78064516129;0;0;0;0;0;0;0;0;0;0;0;0;0
LY;2001;0;0;0.220360024829;0;0;0;0;0.779639975171;0;0;0;0;0;0;0;0;0;0;0;0;0
LY;2002;0;0;0.211066742727;0;0;0;0;0.788933257273;0;0;0;0;0;0;0;0;0;0;0;0;0
LY;2003;0;0;0.203693931398;0;0;0;0;0.796306068602;0;0;0;0;0;0;0;0;0;0;0;0;0
LY;2004;0;0;0.189603960396;0;0;0;0;0.810396039604;0;0;0;0;0;0;0;0;0;0;0;0;0
LY;2005;0;0;0.267921146953;0;0;0;0;0.732078853047;0;0;0;0;0;0;0;0;0;0;0;0;0
LY;2006;0;0;0.39595959596;0;0;0;0;0.60404040404;0;0;0;0;0;0;0;0;0;0;0;0;0
LY;2007;0;0;0.439954250858;0;0;0;0;0.560045749142;0;0;0;0;0;0;0;0;0;0;0;0;0
LY;2008;0;0;0.409836065574;0;0;0;0;0.590163934426;0;0;0;0;0;0;0;0;0;0;0;0;0
LY;2009;0;0;0.392034233048;0;0;0;0;0.607965766952;0;0;0;0;0;0;0;0;0;0;0;0;0
LY;2010;0;0;0.47113022113;0.000307125307125;0;0;0;0.528562653563;0;0;0;0;0;0;0;0;0;0;0;0;0
LY;2011;0;0;0.59784698193;0.000384467512495;0;0;0;0.401768550557;0;0;0;0;0;0;0;0;0;0;0;0;0
LY;2012;0;0;0.604549431321;0.00029163021289;0;0;0;0.395158938466;0;0;0;0;0;0;0;0;0;0;0;0;0
LY;2013;0;0;0.583706828368;0.000263643553915;0;0;0;0.416029528078;0;0;0;0;0;0;0;0;0;0;0;0;0
LY;2014;0;0;0.536973230851;0.000265041081368;0;0;0;0.462761728068;0;0;0;0;0;0;0;0;0;0;0;0;0
LY;2015;0;0;0.540122633964;0.000266595574513;0;0;0;0.459610770461;0;0;0;0;0;0;0;0;0;0;0;0;0
LY;2016;0;0;0.725652450668;0.000318268618714;0;0;0;0.274029280713;0;0;0;0;0;0;0;0;0;0;0;0;0
LY;2017;0;0;0.685997596154;0.000300480769231;0;0;0;0.313701923077;0;0;0;0;0;0;0;0;0;0;0;0;0
LY;2018;0;0;0.655646576946;0.000292568753657;0;0;0;0.344060854301;0;0;0;0;0;0;0;0;0;0;0;0;0
LY;2019;0;0;0.671383193763;0.000288766965059;0;0;0;0.328328039272;0;0;0;0;0;0;0;0;0;0;0;0;0
LY;2020;0;0;0.733220338983;0.000338983050847;0;0;0;0.266440677966;0;0;0;0;0;0;0;0;0;0;0;0;0
LY;2021;0;0;0.76487496407;0.00028743891923;0;0;0;0.234837597011;0;0;0;0;0;0;0;0;0;0;0;0;0
LY;2022;0;0;0.760467103389;0.000284819139846;0;0;0;0.239248077471;0;0;0;0;0;0;0;0;0;0;0;0;0
LY;2023;0;0;0.737777777778;0.000296296296296;0;0;0;0.261925925926;0;0;0;0;0;0;0;0;0;0;0;0;0
LY;2024;0;0;0.745302110437;0.000289100896213;0;0;0;0.254408788667;0;0;0;0;0;0;0;0;0;0;0;0;0
MA;2000;0.0518248175182;0;0;0;0.0043795620438;0;0.686131386861;0.257664233577;0;0;0;0;0;0;0;0;0;0;0;0;0
MA;2001;0.0551282051282;0;0;0;0.0134615384615;0;0.776282051282;0.155128205128;0;0;0;0;0;0;0;0;0;0;0;0;0
MA;2002;0.0556291390728;0;0;0;0.012582781457;0;0.756291390728;0.175496688742;0;0;0;0;0;0;0;0;0;0;0;0;0
MA;2003;0.0881272949816;0;0;0;0.0122399020808;0;0.708690330477;0.19094247246;0;0;0;0;0;0;0;0;0;0;0;0;0
MA;2004;0.0910131654264;0;0.00686891814539;0;0.011448196909;0;0.70692615913;0.183743560389;0;0;0;0;0;0;0;0;0;0;0;0;0
MA;2005;0.0742471443406;0;0.101246105919;0;0.0109034267913;0;0.643302180685;0.170301142264;0;0;0;0;0;0;0;0;0;0;0;0;0
MA;2006;0.0805234021137;0;0.12229491696;0;0.0090588827378;0;0.62858580775;0.159536990438;0;0;0;0;0;0;0;0;0;0;0;0;0
MA;2007;0.0675469781615;0;0.138649060437;0;0.0142204164551;0;0.611477907567;0.168105637379;0;0;0;0;0;0;0;0;0;0;0;0;0
MA;2008;0.0673218673219;0;0.136117936118;0;0.014742014742;0;0.553808353808;0.22800982801;0;0;0;0;0;0;0;0;0;0;0;0;0
MA;2009;0.140946010511;0;0.140946010511;0;0.0186335403727;0;0.502150023889;0.197324414716;0;0;0;0;0;0;0;0;0;0;0;0;0
MA;2010;0.15886214442;0;0.122975929978;0;0.0288840262582;0;0.451641137856;0.237636761488;0;0;0;0;0;0;0;0;0;0;0;0;0
MA;2011;0.0878489326765;0;0.160509031199;0;0.0283251231527;0;0.462643678161;0.260673234811;0;0;0;0;0;0;0;0;0;0;0;0;0
MA;2012;0.0686533383629;0;0.224443606186;0;0.0275367785741;0;0.428894756696;0.250471520181;0;0;0;0;0;0;0;0;0;0;0;0;0
MA;2013;0.110987379362;0;0.216035634744;0;0.0504825538233;0;0.450631031923;0.171863400148;0;0;0;0;0;0;0;0;0;0;0;0;0
MA;2014;0.0722934472934;0;0.19943019943;0;0.0683760683761;0.000356125356125;0.56801994302;0.0915242165242;0;0;0;0;0;0;0;0;0;0;0;0;0
MA;2015;0.0762286860582;0;0.193246405884;0;0.0842527582748;0.00033433634236;0.572049481779;0.0738883316617;0;0;0;0;0;0;0;0;0;0;0;0;0
MA;2016;0.0537738905086;0;0.191448007775;0.012957563978;0.0978296080337;0.000323939099449;0.550372529964;0.0932944606414;0;0;0;0;0;0;0;0;0;0;0;0;0
MA;2017;0.0491546649969;0;0.182842830307;0.0128365685661;0.0951784596118;0.00125234815279;0.549467752035;0.109267376331;0;0;0;0;0;0;0;0;0;0;0;0;0
MA;2018;0.0578703703704;0;0.150462962963;0.0274884259259;0.111689814815;0.00115740740741;0.615162037037;0.0361689814815;0;0;0;0;0;0;0;0;0;0;0;0;0
MA;2019;0.0408618127786;0;0.116394254581;0.0391282813274;0.116889549282;0.000990589400693;0.666171371966;0.0195641406637;0;0;0;0;0;0;0;0;0;0;0;0;0
MA;2020;0.0332474226804;0;0.089175257732;0.039175257732;0.118298969072;0.00103092783505;0.701288659794;0.0177835051546;0;0;0;0;0;0;0;0;0;0;0;0;0
MA;2021;0.0292978208232;0;0.0837772397094;0.0440677966102;0.123728813559;0.000968523002421;0.684745762712;0.0334140435835;0;0;0;0;0;0;0;0;0;0;0;0;0
MA;2022;0.0164211543106;0;0.0166626418739;0.0350156966916;0.129437333977;0.000965950253562;0.700313933832;0.101183289061;0;0;0;0;0;0;0;0;0;0;0;0;0
MA;2023;0.012246820537;0;0.100329722091;0.0496938294866;0.15426283561;0.000942063118229;0.639425341498;0.043099387659;0;0;0;0;0;0;0;0;0;0;0;0;0
MA;2024;0.0191037735849;0;0.102122641509;0.0568396226415;0.167216981132;0.000943396226415;0.617452830189;0.036320754717;0;0;0;0;0;0;0;0;0;0;0;0;0
MA;2025;0.0208842982695;0;0.108453384072;0.0581679804295;0.152147322642;0.00090604330887;0.623810818157;0.0356301531213;0;0;0;0;0;0;0;0;0;0;0;0;0
MD;2000;0.0715596330275;0;0.922935779817;0;0;0;0;0.00550458715596;0;0;0;0;0;0;0;0;0;0;0;0;0
MD;2001;0.0615384615385;0;0.933333333333;0;0;0;0;0.00512820512821;0;0;0;0;0;0;0;0;0;0;0;0;0
MD;2002;0.0620567375887;0;0.934397163121;0;0;0;0;0.00354609929078;0;0;0;0;0;0;0;0;0;0;0;0;0
MD;2003;0.0623916811092;0;0.934142114385;0;0;0;0;0.00346620450607;0;0;0;0;0;0;0;0;0;0;0;0;0
MD;2004;0.0603448275862;0;0.937931034483;0;0;0;0;0.00172413793103;0;0;0;0;0;0;0;0;0;0;0;0;0
MD;2005;0.0603015075377;0;0.938023450586;0;0;0;0;0.00167504187605;0;0;0;0;0;0;0;0;0;0;0;0;0
MD;2006;0.0608552631579;0;0.9375;0;0;0;0;0.00164473684211;0;0;0;0;0;0;0;0;0;0;0;0;0
MD;2007;0.0596252129472;0;0.940374787053;0;0;0;0;0;0;0;0;0;0;0;0;0;0;0;0;0;0
MD;2008;0.063227953411;0;0.935108153078;0;0;0;0;0.00166389351082;0;0;0;0;0;0;0;0;0;0;0;0;0
MD;2009;0.0565428109855;0;0.935379644588;0;0;0;0;0.00807754442649;0;0;0;0;0;0;0;0;0;0;0;0;0
MD;2010;0.0654664484452;0;0.929623567921;0;0;0;0;0.00490998363339;0;0;0;0;0;0;0;0;0;0;0;0;0
MD;2011;0.060553633218;0;0.93598615917;0;0;0;0;0.00346020761246;0;0;0;0;0;0;0;0;0;0;0;0;0
MD;2012;0.0464716006885;0;0.95008605852;0;0;0;0;0.00344234079174;0;0;0;0;0;0;0;0;0;0;0;0;0
MD;2013;0.0687361419069;0;0.926829268293;0;0;0;0;0.00443458980044;0;0;0;0;0;0;0;0;0;0;0;0;0
MD;2014;0.0595903165736;0;0.936685288641;0;0;0.00186219739292;0;0.00186219739292;0;0;0;0;0;0;0;0;0;0;0;0;0
MD;2015;0.0430463576159;0;0.953642384106;0;0;0.00165562913907;0;0.00165562913907;0;0;0;0;0;0;0;0;0;0;0;0;0
MD;2016;0.0393162393162;0;0.955555555556;0;0;0.0017094017094;0;0.0034188034188;0;0;0;0;0;0;0;0;0;0;0;0;0
MD;2017;0.0564516129032;0;0.933467741935;0;0.00201612903226;0.00403225806452;0;0.00403225806452;0;0;0;0;0;0;0;0;0;0;0;0;0
MD;2018;0.0501858736059;0;0.938661710037;0;0.00371747211896;0.00557620817844;0;0.00185873605948;0;0;0;0;0;0;0;0;0;0;0;0;0
MD;2019;0.0527240773286;0;0.934973637961;0;0.00702987697715;0.00527240773286;0;0;0;0;0;0;0;0;0;0;0;0;0;0;0
MD;2020;0.0453074433657;0;0.941747572816;0;0.00809061488673;0.00485436893204;0;0;0;0;0;0;0;0;0;0;0;0;0;0;0
MD;2021;0.048048048048;0;0.927927927928;0.0015015015015;0.012012012012;0.0045045045045;0;0.00600600600601;0;0;0;0;0;0;0;0;0;0;0;0;0
MD;2022;0.0544090056285;0;0.868667917448;0.0093808630394;0.0262664165103;0.00562851782364;0;0.0356472795497;0;0;0;0;0;0;0;0;0;0;0;0;0
MD;2023;0.0503937007874;0;0.856692913386;0.0141732283465;0.0299212598425;0.00157480314961;0;0.0472440944882;0;0;0;0;0;0;0;0;0;0;0;0;0
MD;2024;0.0527182866557;0;0.856672158155;0.0164744645799;0.0345963756178;0.00329489291598;0;0.0362438220758;0;0;0;0;0;0;0;0;0;0;0;0;0
MD;2025;0.117969821674;0;0.640260631001;0.0781893004115;0.0816186556927;0.00651577503429;0;0.0754458161866;0;0;0;0;0;0;0;0;0;0;0;0;0
ME;2005;0.651567944251;0;0;0;0;0;0.348432055749;0;0;0;0;0;0;0;0;0;0;0;0;0;0
ME;2006;0.593220338983;0;0;0;0;0;0.406779661017;0;0;0;0;0;0;0;0;0;0;0;0;0;0
ME;2007;0.598130841121;0;0;0;0;0;0.401869158879;0;0;0;0;0;0;0;0;0;0;0;0;0;0
ME;2008;0.544169611307;0;0;0;0;0;0.455830388693;0;0;0;0;0;0;0;0;0;0;0;0;0;0
ME;2009;0.75;0;0;0;0;0;0.25;0;0;0;0;0;0;0;0;0;0;0;0;0;0
ME;2010;0.68407960199;0;0;0;0;0;0.31592039801;0;0;0;0;0;0;0;0;0;0;0;0;0;0
ME;2011;0.452830188679;0;0;0;0;0;0.547169811321;0;0;0;0;0;0;0;0;0;0;0;0;0;0
ME;2012;0.519298245614;0;0;0;0;0;0.480701754386;0;0;0;0;0;0;0;0;0;0;0;0;0;0
ME;2013;0.634517766497;0;0;0;0;0;0.365482233503;0;0;0;0;0;0;0;0;0;0;0;0;0;0
ME;2014;0.552050473186;0;0;0;0;0;0.447949526814;0;0;0;0;0;0;0;0;0;0;0;0;0;0
ME;2015;0.496666666667;0;0;0;0;0;0.503333333333;0;0;0;0;0;0;0;0;0;0;0;0;0;0
ME;2016;0.585987261146;0;0;0;0;0;0.414012738854;0;0;0;0;0;0;0;0;0;0;0;0;0;0
ME;2017;0.411290322581;0;0;0;0.0403225806452;0;0.548387096774;0;0;0;0;0;0;0;0;0;0;0;0;0;0
ME;2018;0.555263157895;0;0;0;0.0368421052632;0;0.407894736842;0;0;0;0;0;0;0;0;0;0;0;0;0;0
ME;2019;0.475218658892;0;0;0;0.0874635568513;0;0.437317784257;0;0;0;0;0;0;0;0;0;0;0;0;0;0
ME;2020;0.427728613569;0;0;0;0.094395280236;0;0.477876106195;0;0;0;0;0;0;0;0;0;0;0;0;0;0
ME;2021;0.533156498674;0;0;0;0.0848806366048;0;0.381962864721;0;0;0;0;0;0;0;0;0;0;0;0;0;0
ME;2022;0.435045317221;0;0;0;0.0966767371601;0;0.468277945619;0;0;0;0;0;0;0;0;0;0;0;0;0;0
ME;2023;0.529832935561;0;0;0.00477326968974;0.0739856801909;0;0.391408114558;0;0;0;0;0;0;0;0;0;0;0;0;0;0
ME;2024;0.498310810811;0;0;0.0168918918919;0.0822072072072;0;0.40259009009;0;0;0;0;0;0;0;0;0;0;0;0;0;0
ME;2025;0.591769547325;0;0;0.0312757201646;0.122633744856;0;0.254320987654;0;0;0;0;0;0;0;0;0;0;0;0;0;0
MG;2000;0.627906976744;0;0;0;0;0.0116279069767;0;0.360465116279;0;0;0;0;0;0;0;0;0;0;0;0;0
MG;2001;0.602272727273;0;0;0;0;0.0113636363636;0;0.386363636364;0;0;0;0;0;0;0;0;0;0;0;0;0
MG;2002;0.627906976744;0;0;0;0;0.0116279069767;0;0.360465116279;0;0;0;0;0;0;0;0;0;0;0;0;0
MG;2003;0.625;0;0;0;0;0.0104166666667;0;0.364583333333;0;0;0;0;0;0;0;0;0;0;0;0;0
MG;2004;0.6;0;0;0;0;0.00952380952381;0;0.390476190476;0;0;0;0;0;0;0;0;0;0;0;0;0
MG;2005;0.603773584906;0;0;0;0;0.00943396226415;0;0.38679245283;0;0;0;0;0;0;0;0;0;0;0;0;0
MG;2006;0.588785046729;0;0;0;0;0.00934579439252;0;0.401869158879;0;0;0;0;0;0;0;0;0;0;0;0;0
MG;2007;0.633928571429;0;0;0;0;0.00892857142857;0;0.357142857143;0;0;0;0;0;0;0;0;0;0;0;0;0
MG;2008;0.584745762712;0;0;0;0;0.00847457627119;0;0.406779661017;0;0;0;0;0;0;0;0;0;0;0;0;0
MG;2009;0.613445378151;0;0;0;0;0.00840336134454;0;0.378151260504;0;0;0;0;0;0;0;0;0;0;0;0;0
MG;2010;0.538461538462;0;0;0;0;0.00769230769231;0;0.453846153846;0;0;0;0;0;0;0;0;0;0;0;0;0
MG;2011;0.462585034014;0;0;0;0;0.0136054421769;0.047619047619;0.47619047619;0;0;0;0;0;0;0;0;0;0;0;0;0
MG;2012;0.480769230769;0;0;0;0;0.0128205128205;0.0512820512821;0.455128205128;0;0;0;0;0;0;0;0;0;0;0;0;0
MG;2013;0.484848484848;0;0;0.00606060606061;0;0.0121212121212;0.0484848484848;0.448484848485;0;0;0;0;0;0;0;0;0;0;0;0;0
MG;2014;0.511627906977;0;0;0.00581395348837;0;0.0116279069767;0.0523255813953;0.418604651163;0;0;0;0;0;0;0;0;0;0;0;0;0
MG;2015;0.519553072626;0;0;0.0111731843575;0;0.0111731843575;0.0446927374302;0.413407821229;0;0;0;0;0;0;0;0;0;0;0;0;0
MG;2016;0.463157894737;0;0;0.0105263157895;0;0.0105263157895;0.0421052631579;0.473684210526;0;0;0;0;0;0;0;0;0;0;0;0;0
MG;2017;0.393939393939;0;0;0.010101010101;0;0.0151515151515;0.0606060606061;0.520202020202;0;0;0;0;0;0;0;0;0;0;0;0;0
MG;2018;0.403361344538;0;0;0.0168067226891;0;0.0126050420168;0.193277310924;0.373949579832;0;0;0;0;0;0;0;0;0;0;0;0;0
MG;2019;0.36032388664;0;0;0.0161943319838;0;0.0080971659919;0.194331983806;0.421052631579;0;0;0;0;0;0;0;0;0;0;0;0;0
MG;2020;0.37962962963;0;0;0.0185185185185;0;0.00925925925926;0.0972222222222;0.49537037037;0;0;0;0;0;0;0;0;0;0;0;0;0
MG;2021;0.304347826087;0;0;0.0158102766798;0;0.0118577075099;0.185770750988;0.482213438735;0;0;0;0;0;0;0;0;0;0;0;0;0
MG;2022;0.310606060606;0;0;0.030303030303;0;0.0113636363636;0.193181818182;0.454545454545;0;0;0;0;0;0;0;0;0;0;0;0;0
MG;2023;0.395161290323;0;0;0.0322580645161;0;0.0120967741935;0.20564516129;0.354838709677;0;0;0;0;0;0;0;0;0;0;0;0;0
MG;2024;0.37037037037;0;0;0.0411522633745;0;0.0123456790123;0.205761316872;0.37037037037;0;0;0;0;0;0;0;0;0;0;0;0;0
MK;1990;0.0852173913043;0;0;0;0;0;0.897391304348;0.0173913043478;0;0;0;0;0;0;0;0;0;0;0;0;0
MK;1991;0.147313691508;0;0;0;0;0;0.842287694974;0.0103986135182;0;0;0;0;0;0;0;0;0;0;0;0;0
MK;1992;0.140032948929;0;0;0;0;0;0.850082372323;0.00988467874794;0;0;0;0;0;0;0;0;0;0;0;0;0
MK;1993;0.100386100386;0;0;0;0;0;0.882239382239;0.0173745173745;0;0;0;0;0;0;0;0;0;0;0;0;0
MK;1994;0.116161616162;0;0;0;0;0;0.877104377104;0.00673400673401;0;0;0;0;0;0;0;0;0;0;0;0;0
MK;1995;0.130505709625;0;0;0;0;0;0.862969004894;0.00652528548124;0;0;0;0;0;0;0;0;0;0;0;0;0
MK;1996;0.128012048193;0;0;0;0;0;0.861445783133;0.0105421686747;0;0;0;0;0;0;0;0;0;0;0;0;0
MK;1997;0.133729569094;0;0;0;0;0;0.855869242199;0.0104011887073;0;0;0;0;0;0;0;0;0;0;0;0;0
MK;1998;0.153191489362;0;0;0;0;0;0.83829787234;0.00851063829787;0;0;0;0;0;0;0;0;0;0;0;0;0
MK;1999;0.202623906706;0;0;0;0;0;0.793002915452;0.00437317784257;0;0;0;0;0;0;0;0;0;0;0;0;0
MK;2000;0.171806167401;0;0;0;0;0;0.765051395007;0.0631424375918;0;0;0;0;0;0;0;0;0;0;0;0;0
MK;2001;0.0989010989011;0;0;0;0;0;0.874411302983;0.0266875981162;0;0;0;0;0;0;0;0;0;0;0;0;0
MK;2002;0.124794745484;0;0;0;0;0;0.840722495895;0.0344827586207;0;0;0;0;0;0;0;0;0;0;0;0;0
MK;2003;0.203566121842;0;0;0;0;0;0.793462109955;0.00297176820208;0;0;0;0;0;0;0;0;0;0;0;0;0
MK;2004;0.222222222222;0;0;0;0;0;0.774774774775;0.003003003003;0;0;0;0;0;0;0;0;0;0;0;0;0
MK;2005;0.21469740634;0;0;0;0;0;0.78386167147;0.0014409221902;0;0;0;0;0;0;0;0;0;0;0;0;0
MK;2006;0.235378031384;0;0;0;0;0;0.728958630528;0.0356633380884;0;0;0;0;0;0;0;0;0;0;0;0;0
MK;2007;0.155384615385;0;0;0;0;0;0.770769230769;0.0738461538462;0;0;0;0;0;0;0;0;0;0;0;0;0
MK;2008;0.133122028526;0;0;0;0;0;0.838351822504;0.0285261489699;0;0;0;0;0;0;0;0;0;0;0;0;0
MK;2009;0.186217008798;0;0;0;0;0;0.777126099707;0.0366568914956;0;0;0;0;0;0;0;0;0;0;0;0;0
MK;2010;0.334710743802;0;0.00413223140496;0;0;0;0.652892561983;0.00826446280992;0;0;0;0;0;0;0;0;0;0;0;0;0
MK;2011;0.211538461538;0;0.0133136094675;0;0;0;0.764792899408;0.0103550295858;0;0;0;0;0;0;0;0;0;0;0;0;0
MK;2012;0.166134185304;0;0.0479233226837;0;0;0;0.771565495208;0.0143769968051;0;0;0;0;0;0;0;0;0;0;0;0;0
MK;2013;0.259441707718;0;0.0591133004926;0.00164203612479;0;0;0.661740558292;0.0180623973727;0;0;0;0;0;0;0;0;0;0;0;0;0
MK;2014;0.224907063197;0;0.0371747211896;0.00185873605948;0.0130111524164;0;0.695167286245;0.0278810408922;0;0;0;0;0;0;0;0;0;0;0;0;0
MK;2015;0.330973451327;0;0.0318584070796;0.00353982300885;0.0212389380531;0.00353982300885;0.58407079646;0.0247787610619;0;0;0;0;0;0;0;0;0;0;0;0;0
MK;2016;0.337477797513;0;0.101243339254;0.00355239786856;0.0195381882771;0.00710479573712;0.513321492007;0.0177619893428;0;0;0;0;0;0;0;0;0;0;0;0;0
MK;2017;0.198214285714;0;0.148214285714;0.00357142857143;0.0196428571429;0.00892857142857;0.605357142857;0.0160714285714;0;0;0;0;0;0;0;0;0;0;0;0;0
MK;2018;0.319073083779;0;0.133689839572;0.00356506238859;0.017825311943;0.00891265597148;0.508021390374;0.00891265597148;0;0;0;0;0;0;0;0;0;0;0;0;0
MK;2019;0.197614991482;0;0.163543441227;0.00340715502555;0.0170357751278;0.0102214650767;0.597955706985;0.0102214650767;0;0;0;0;0;0;0;0;0;0;0;0;0
MK;2020;0.239700374532;0;0.213483146067;0.00374531835206;0.0224719101124;0.0112359550562;0.492509363296;0.0168539325843;0;0;0;0;0;0;0;0;0;0;0;0;0
MK;2021;0.262206148282;0;0.280289330922;0.00904159132007;0.0180831826401;0.00904159132007;0.396021699819;0.0253164556962;0;0;0;0;0;0;0;0;0;0;0;0;0
MK;2022;0.227272727273;0;0.166666666667;0.016835016835;0.0185185185185;0.00841750841751;0.46632996633;0.0959595959596;0;0;0;0;0;0;0;0;0;0;0;0;0
MK;2023;0.234782608696;0;0.2;0.0536231884058;0.0231884057971;0.0101449275362;0.401449275362;0.0768115942029;0;0;0;0;0;0;0;0;0;0;0;0;0
MK;2024;0.217184527584;0;0.204502219404;0.141090678503;0.0266328471782;0.00951173113507;0.374128091313;0.0269499048827;0;0;0;0;0;0;0;0;0;0;0;0;0
MK;2025;0.178942929435;0;0.161653078437;0.282119763846;0.0390778746134;0.00759066629182;0.306719145347;0.0238965420298;0;0;0;0;0;0;0;0;0;0;0;0;0
ML;2000;0.216981132075;0;0;0;0;0.0471698113208;0;0.735849056604;0;0;0;0;0;0;0;0;0;0;0;0;0
ML;2001;0.214953271028;0;0;0;0;0.0467289719626;0;0.738317757009;0;0;0;0;0;0;0;0;0;0;0;0;0
ML;2002;0.216216216216;0;0;0;0;0.045045045045;0;0.738738738739;0;0;0;0;0;0;0;0;0;0;0;0;0
ML;2003;0.207207207207;0;0;0;0;0.045045045045;0;0.747747747748;0;0;0;0;0;0;0;0;0;0;0;0;0
ML;2004;0.198412698413;0;0;0;0;0.0396825396825;0;0.761904761905;0;0;0;0;0;0;0;0;0;0;0;0;0
ML;2005;0.302013422819;0;0;0;0;0.0335570469799;0;0.664429530201;0;0;0;0;0;0;0;0;0;0;0;0;0
ML;2006;0.305732484076;0;0;0;0;0.031847133758;0;0.662420382166;0;0;0;0;0;0;0;0;0;0;0;0;0
ML;2007;0.29746835443;0;0;0;0;0.0316455696203;0;0.670886075949;0;0;0;0;0;0;0;0;0;0;0;0;0
ML;2008;0.314917127072;0;0;0;0;0.0276243093923;0;0.657458563536;0;0;0;0;0;0;0;0;0;0;0;0;0
ML;2009;0.429487179487;0;0;0;0;0.0320512820513;0;0.538461538462;0;0;0;0;0;0;0;0;0;0;0;0;0
ML;2010;0.466101694915;0;0;0.00423728813559;0;0.021186440678;0;0.508474576271;0;0;0;0;0;0;0;0;0;0;0;0;0
ML;2011;0.532407407407;0;0;0.00925925925926;0;0.0231481481481;0;0.435185185185;0;0;0;0;0;0;0;0;0;0;0;0;0
ML;2012;0.536796536797;0;0;0.012987012987;0;0.021645021645;0;0.428571428571;0;0;0;0;0;0;0;0;0;0;0;0;0
ML;2013;0.504545454545;0;0;0.0136363636364;0;0.0227272727273;0;0.459090909091;0;0;0;0;0;0;0;0;0;0;0;0;0
ML;2014;0.549800796813;0;0;0.0119521912351;0;0.0199203187251;0;0.418326693227;0;0;0;0;0;0;0;0;0;0;0;0;0
ML;2015;0.446215139442;0;0;0.0119521912351;0;0.0239043824701;0;0.517928286853;0;0;0;0;0;0;0;0;0;0;0;0;0
ML;2016;0.490066225166;0;0;0.00993377483444;0;0.0198675496689;0;0.480132450331;0;0;0;0;0;0;0;0;0;0;0;0;0
ML;2017;0.43023255814;0;0;0.00872093023256;0;0.0174418604651;0;0.543604651163;0;0;0;0;0;0;0;0;0;0;0;0;0
ML;2018;0.376731301939;0;0;0.00831024930748;0;0.016620498615;0;0.598337950139;0;0;0;0;0;0;0;0;0;0;0;0;0
ML;2019;0.359580052493;0;0;0.00787401574803;0;0.0157480314961;0;0.616797900262;0;0;0;0;0;0;0;0;0;0;0;0;0
ML;2020;0.365482233503;0;0;0.0253807106599;0;0.0177664974619;0;0.591370558376;0;0;0;0;0;0;0;0;0;0;0;0;0
ML;2021;0.337563451777;0;0;0.0355329949239;0;0.0177664974619;0;0.609137055838;0;0;0;0;0;0;0;0;0;0;0;0;0
ML;2022;0.377880184332;0;0;0.0345622119816;0;0.0161290322581;0;0.571428571429;0;0;0;0;0;0;0;0;0;0;0;0;0
ML;2023;0.161397670549;0;0;0.0249584026622;0;0.0116472545757;0;0.801996672213;0;0;0;0;0;0;0;0;0;0;0;0;0
ML;2024;0.154362416107;0;0;0.0285234899329;0;0.011744966443;0;0.805369127517;0;0;0;0;0;0;0;0;0;0;0;0;0
MM;2000;0.366666666667;0;0.498039215686;0;0;0;0;0.135294117647;0;0;0;0;0;0;0;0;0;0;0;0;0
MM;2001;0.385438972163;0;0.501070663812;0;0;0;0;0.113490364026;0;0;0;0;0;0;0;0;0;0;0;0;0
MM;2002;0.41617357002;0;0.4516765286;0;0;0;0.126232741617;0.00591715976331;0;0;0;0;0;0;0;0;0;0;0;0;0
MM;2003;0.383763837638;0;0.494464944649;0;0;0;0.116236162362;0.00553505535055;0;0;0;0;0;0;0;0;0;0;0;0;0
MM;2004;0.429590017825;0;0.491978609626;0;0;0;0.0730837789661;0.00534759358289;0;0;0;0;0;0;0;0;0;0;0;0;0
MM;2005;0.498338870432;0;0.398671096346;0;0;0;0.0980066445183;0.00498338870432;0;0;0;0;0;0;0;0;0;0;0;0;0
MM;2006;0.538834951456;0;0.328478964401;0;0;0;0.12783171521;0.00485436893204;0;0;0;0;0;0;0;0;0;0;0;0;0
MM;2007;0.565625;0;0.2953125;0;0;0;0.134375;0.0046875;0;0;0;0;0;0;0;0;0;0;0;0;0
MM;2008;0.614803625378;0;0.287009063444;0;0;0;0.0921450151057;0.00604229607251;0;0;0;0;0;0;0;0;0;0;0;0;0
MM;2009;0.754662840746;0;0.173601147776;0;0;0;0.0674318507891;0.00430416068867;0;0;0;0;0;0;0;0;0;0;0;0;0
MM;2010;0.718097447796;0;0.204176334107;0;0;0;0.0742459396752;0.00348027842227;0;0;0;0;0;0;0;0;0;0;0;0;0
MM;2011;0.720997123682;0;0.203259827421;0;0;0;0.071907957814;0.00383509108341;0;0;0;0;0;0;0;0;0;0;0;0;0
MM;2012;0.69623655914;0;0.213261648746;0;0;0.0170250896057;0.0689964157706;0.00448028673835;0;0;0;0;0;0;0;0;0;0;0;0;0
MM;2013;0.707865168539;0;0.223916532905;0.000802568218299;0;0.0168539325843;0.045746388443;0.00481540930979;0;0;0;0;0;0;0;0;0;0;0;0;0
MM;2014;0.61362056984;0;0.346073662265;0.000694927032662;0;0.0152883947186;0.0201528839472;0.00416956219597;0;0;0;0;0;0;0;0;0;0;0;0;0
MM;2015;0.58024691358;0;0.384567901235;0.00185185185185;0;0.012962962963;0.0172839506173;0.00308641975309;0;0;0;0;0;0;0;0;0;0;0;0;0
MM;2016;0.537527593819;0;0.444260485651;0.00275938189845;0;0.0115894039735;0.000551876379691;0.00331125827815;0;0;0;0;0;0;0;0;0;0;0;0;0
MM;2017;0.519486692015;0;0.3963878327;0.00285171102662;0;0.0109315589354;0.0670152091255;0.00332699619772;0;0;0;0;0;0;0;0;0;0;0;0;0
MM;2018;0.567005545287;0;0.343345656192;0.00323475046211;0;0.0115526802218;0.0711645101664;0.00369685767098;0;0;0;0;0;0;0;0;0;0;0;0;0
MM;2019;0.544513457557;0;0.314699792961;0.00465838509317;0;0.0134575569358;0.116977225673;0.00569358178054;0;0;0;0;0;0;0;0;0;0;0;0;0
MM;2020;0.468583599574;0;0.372204472843;0.00425985090522;0;0.013844515442;0.130990415335;0.0101171458999;0;0;0;0;0;0;0;0;0;0;0;0;0
MM;2021;0.475975975976;0;0.394394394394;0.0045045045045;0;0.013013013013;0.106106106106;0.00600600600601;0;0;0;0;0;0;0;0;0;0;0;0;0
MM;2022;0.390107526882;0;0.493333333333;0.00688172043011;0;0.0116129032258;0.0933333333333;0.0047311827957;0;0;0;0;0;0;0;0;0;0;0;0;0
MM;2023;0.44691943128;0;0.475829383886;0.00521327014218;0;0.0127962085308;0.0530805687204;0.00616113744076;0;0;0;0;0;0;0;0;0;0;0;0;0
MM;2024;0.460617227084;0;0.460617227084;0.00552740672501;0;0.0124366651313;0.0552740672501;0.00552740672501;0;0;0;0;0;0;0;0;0;0;0;0;0
MN;2000;0;0;0;0;0;0;0.98275862069;0.0172413793103;0;0;0;0;0;0;0;0;0;0;0;0;0
MN;2001;0;0;0;0;0;0;0.979797979798;0.020202020202;0;0;0;0;0;0;0;0;0;0;0;0;0
MN;2002;0;0;0;0;0;0;0.977346278317;0.0226537216828;0;0;0;0;0;0;0;0;0;0;0;0;0
MN;2003;0;0;0;0;0;0;0.977491961415;0.0225080385852;0;0;0;0;0;0;0;0;0;0;0;0;0
MN;2004;0;0;0;0;0;0;0.97256097561;0.0274390243902;0;0;0;0;0;0;0;0;0;0;0;0;0
MN;2005;0;0;0;0;0;0;0.973529411765;0.0264705882353;0;0;0;0;0;0;0;0;0;0;0;0;0
MN;2006;0;0;0;0;0;0;0.971671388102;0.028328611898;0;0;0;0;0;0;0;0;0;0;0;0;0
MN;2007;0;0;0;0;0;0;0.956873315364;0.0431266846361;0;0;0;0;0;0;0;0;0;0;0;0;0
MN;2008;0;0;0;0.0025;0;0;0.9575;0.04;0;0;0;0;0;0;0;0;0;0;0;0;0
MN;2009;0.0049504950495;0;0;0.00247524752475;0;0;0.955445544554;0.0371287128713;0;0;0;0;0;0;0;0;0;0;0;0;0
MN;2010;0.00925925925926;0;0;0.00231481481481;0;0;0.946759259259;0.0416666666667;0;0;0;0;0;0;0;0;0;0;0;0;0
MN;2011;0.011013215859;0;0;0.00220264317181;0;0;0.933920704846;0.0528634361233;0;0;0;0;0;0;0;0;0;0;0;0;0
MN;2012;0.010395010395;0;0;0.002079002079;0;0;0.935550935551;0.0519750519751;0;0;0;0;0;0;0;0;0;0;0;0;0
MN;2013;0.0119521912351;0;0;0.00199203187251;0.00996015936255;0;0.922310756972;0.0537848605578;0;0;0;0;0;0;0;0;0;0;0;0;0
MN;2014;0.0130111524164;0;0;0.00185873605948;0.0241635687732;0;0.916356877323;0.0446096654275;0;0;0;0;0;0;0;0;0;0;0;0;0
MN;2015;0.010889292196;0;0;0.00181488203267;0.02722323049;0;0.91833030853;0.0417422867514;0;0;0;0;0;0;0;0;0;0;0;0;0
MN;2016;0.015873015873;0;0;0.00176366843034;0.026455026455;0;0.922398589065;0.0335097001764;0;0;0;0;0;0;0;0;0;0;0;0;0
MN;2017;0.0132669983416;0;0;0.00497512437811;0.0232172470978;0;0.912106135987;0.0464344941957;0;0;0;0;0;0;0;0;0;0;0;0;0
MN;2018;0.0121765601218;0;0;0.00913242009132;0.0456621004566;0;0.887366818874;0.0456621004566;0;0;0;0;0;0;0;0;0;0;0;0;0
MN;2019;0.0129682997118;0;0;0.0172910662824;0.0691642651297;0;0.847262247839;0.0533141210375;0;0;0;0;0;0;0;0;0;0;0;0;0
MN;2020;0.0120481927711;0;0;0.0180722891566;0.0722891566265;0;0.844879518072;0.0527108433735;0;0;0;0;0;0;0;0;0;0;0;0;0
MN;2021;0.010752688172;0;0;0.0228494623656;0.0779569892473;0;0.842741935484;0.0456989247312;0;0;0;0;0;0;0;0;0;0;0;0;0
MN;2022;0.00774193548387;0;0;0.0245161290323;0.0658064516129;0;0.858064516129;0.0438709677419;0;0;0;0;0;0;0;0;0;0;0;0;0
MN;2023;0.00723763570567;0;0;0.0229191797346;0.0615199034982;0;0.851628468034;0.0566948130277;0;0;0;0;0;0;0;0;0;0;0;0;0
MN;2024;0.00680272108844;0;0;0.0238095238095;0.0578231292517;0;0.84693877551;0.0646258503401;0;0;0;0;0;0;0;0;0;0;0;0;0
MN;2025;0.00617983314451;0;0;0.0216294160058;0.0567514677104;0;0.856730868267;0.0587084148728;0;0;0;0;0;0;0;0;0;0;0;0;0
MO;2000;0;0;0;0;0;0;0;1;0;0;0;0;0;0;0;0;0;0;0;0;0
MO;2001;0;0;0;0;0;0.0382165605096;0;0.96178343949;0;0;0;0;0;0;0;0;0;0;0;0;0
MO;2002;0;0;0;0;0;0.0411764705882;0;0.958823529412;0;0;0;0;0;0;0;0;0;0;0;0;0
MO;2003;0;0;0;0;0;0.0833333333333;0;0.916666666667;0;0;0;0;0;0;0;0;0;0;0;0;0
MO;2004;0;0;0;0;0;0.0761421319797;0;0.92385786802;0;0;0;0;0;0;0;0;0;0;0;0;0
MO;2005;0;0;0;0;0;0.0788177339901;0;0.92118226601;0;0;0;0;0;0;0;0;0;0;0;0;0
MO;2006;0;0;0;0;0;0.101796407186;0;0.898203592814;0;0;0;0;0;0;0;0;0;0;0;0;0
MO;2007;0;0;0;0;0;0.111842105263;0;0.888157894737;0;0;0;0;0;0;0;0;0;0;0;0;0
MO;2008;0;0;0.330578512397;0;0;0.148760330579;0;0.520661157025;0;0;0;0;0;0;0;0;0;0;0;0;0
MO;2009;0;0;0.308219178082;0;0;0.123287671233;0;0.568493150685;0;0;0;0;0;0;0;0;0;0;0;0;0
MO;2010;0;0;0.648148148148;0;0;0.185185185185;0;0.166666666667;0;0;0;0;0;0;0;0;0;0;0;0;0
MO;2011;0;0;0.404494382022;0;0;0.23595505618;0;0.359550561798;0;0;0;0;0;0;0;0;0;0;0;0;0
MO;2012;0;0;0;0;0;0.410714285714;0;0.589285714286;0;0;0;0;0;0;0;0;0;0;0;0;0
MO;2013;0;0;0;0;0;0.585365853659;0;0.414634146341;0;0;0;0;0;0;0;0;0;0;0;0;0
MO;2014;0;0;0.390625;0;0;0.40625;0;0.203125;0;0;0;0;0;0;0;0;0;0;0;0;0
MO;2015;0;0;0;0;0;0.210526315789;0;0.789473684211;0;0;0;0;0;0;0;0;0;0;0;0;0
MO;2016;0;0;0;0;0;0.20202020202;0;0.79797979798;0;0;0;0;0;0;0;0;0;0;0;0;0
MO;2017;0;0;0.455782312925;0;0;0.142857142857;0;0.401360544218;0;0;0;0;0;0;0;0;0;0;0;0;0
MO;2018;0;0;0.4;0;0;0.276923076923;0;0.323076923077;0;0;0;0;0;0;0;0;0;0;0;0;0
MO;2019;0;0;0.535714285714;0;0;0.261904761905;0;0.202380952381;0;0;0;0;0;0;0;0;0;0;0;0;0
MO;2020;0;0;0.375;0;0;0.339285714286;0;0.285714285714;0;0;0;0;0;0;0;0;0;0;0;0;0
MO;2021;0;0;0.5;0;0;0.42;0;0.08;0;0;0;0;0;0;0;0;0;0;0;0;0
MO;2022;0;0;0.510204081633;0;0;0.408163265306;0;0.0816326530612;0;0;0;0;0;0;0;0;0;0;0;0;0
MO;2023;0;0;0.560606060606;0;0;0.333333333333;0;0.106060606061;0;0;0;0;0;0;0;0;0;0;0;0;0
MO;2024;0;0;0.628205128205;0;0;0.307692307692;0;0.0641025641026;0;0;0;0;0;0;0;0;0;0;0;0;0
MQ;2000;0;0;0;0;0;0;0;1;0;0;0;0;0;0;0;0;0;0;0;0;0
MQ;2001;0;0;0;0;0;0;0;1;0;0;0;0;0;0;0;0;0;0;0;0;0
MQ;2002;0;0;0;0;0;0;0;0.992592592593;0.00740740740741;0;0;0;0;0;0;0;0;0;0;0;0
MQ;2003;0;0;0;0;0;0;0;0.992857142857;0.00714285714286;0;0;0;0;0;0;0;0;0;0;0;0
MQ;2004;0;0;0;0;0;0;0;0.993055555556;0.00694444444444;0;0;0;0;0;0;0;0;0;0;0;0
MQ;2005;0;0;0;0;0;0;0;0.993055555556;0.00694444444444;0;0;0;0;0;0;0;0;0;0;0;0
MQ;2006;0;0;0;0;0;0;0;0.993197278912;0.00680272108844;0;0;0;0;0;0;0;0;0;0;0;0
MQ;2007;0;0;0;0;0;0;0;0.986486486486;0.0135135135135;0;0;0;0;0;0;0;0;0;0;0;0
MQ;2008;0;0;0;0.00653594771242;0;0;0;0.980392156863;0.0130718954248;0;0;0;0;0;0;0;0;0;0;0;0
MQ;2009;0;0;0;0.00649350649351;0;0;0;0.980519480519;0.012987012987;0;0;0;0;0;0;0;0;0;0;0;0
MQ;2010;0;0;0;0.0124223602484;0;0;0;0.981366459627;0.00621118012422;0;0;0;0;0;0;0;0;0;0;0;0
MQ;2011;0;0;0;0.0254777070064;0;0;0;0.968152866242;0.00636942675159;0;0;0;0;0;0;0;0;0;0;0;0
MQ;2012;0;0;0;0.0503144654088;0;0;0;0.943396226415;0.0062893081761;0;0;0;0;0;0;0;0;0;0;0;0
MQ;2013;0;0;0;0.0506329113924;0;0;0;0.943037974684;0.00632911392405;0;0;0;0;0;0;0;0;0;0;0;0
MQ;2014;0;0;0;0.0516129032258;0;0;0;0.941935483871;0.00645161290323;0;0;0;0;0;0;0;0;0;0;0;0
MQ;2015;0;0;0;0.0512820512821;0;0;0;0.942307692308;0.00641025641026;0;0;0;0;0;0;0;0;0;0;0;0
MQ;2016;0;0;0;0.0506329113924;0;0;0;0.943037974684;0.00632911392405;0;0;0;0;0;0;0;0;0;0;0;0
MQ;2017;0;0;0;0.0512820512821;0;0;0;0.942307692308;0.00641025641026;0;0;0;0;0;0;0;0;0;0;0;0
MQ;2018;0;0;0;0.0519480519481;0.00649350649351;0.0519480519481;0;0.883116883117;0.00649350649351;0;0;0;0;0;0;0;0;0;0;0;0
MQ;2019;0;0;0;0.058064516129;0.0322580645161;0.154838709677;0;0.748387096774;0.00645161290323;0;0;0;0;0;0;0;0;0;0;0;0
MQ;2020;0;0;0;0.0533333333333;0.0266666666667;0.146666666667;0;0.773333333333;0;0;0;0;0;0;0;0;0;0;0;0;0
MQ;2021;0;0;0;0.0596026490066;0.0331125827815;0.152317880795;0;0.748344370861;0.00662251655629;0;0;0;0;0;0;0;0;0;0;0;0
MQ;2022;0;0;0;0.0604026845638;0.0268456375839;0.167785234899;0;0.738255033557;0.00671140939597;0;0;0;0;0;0;0;0;0;0;0;0
MQ;2023;0;0;0;0.0728476821192;0.0198675496689;0.158940397351;0;0.741721854305;0.00662251655629;0;0;0;0;0;0;0;0;0;0;0;0
MR;2000;0.0714285714286;0;0;0;0;0;0;0.928571428571;0;0;0;0;0;0;0;0;0;0;0;0;0
MR;2001;0.063829787234;0;0;0;0;0;0;0.936170212766;0;0;0;0;0;0;0;0;0;0;0;0;0
MR;2002;0.0566037735849;0;0;0;0;0;0;0.943396226415;0;0;0;0;0;0;0;0;0;0;0;0;0
MR;2003;0.08;0;0;0;0;0;0;0.92;0;0;0;0;0;0;0;0;0;0;0;0;0
MR;2004;0.0740740740741;0;0;0;0;0;0;0.925925925926;0;0;0;0;0;0;0;0;0;0;0;0;0
MR;2005;0.0943396226415;0;0;0;0;0;0;0.905660377358;0;0;0;0;0;0;0;0;0;0;0;0;0
MR;2006;0.0806451612903;0;0;0;0;0;0;0.91935483871;0;0;0;0;0;0;0;0;0;0;0;0;0
MR;2007;0.078125;0;0;0;0;0;0;0.921875;0;0;0;0;0;0;0;0;0;0;0;0;0
MR;2008;0.0833333333333;0;0;0;0;0;0;0.916666666667;0;0;0;0;0;0;0;0;0;0;0;0;0
MR;2009;0.142857142857;0;0;0;0;0;0;0.857142857143;0;0;0;0;0;0;0;0;0;0;0;0;0
MR;2010;0.141176470588;0;0;0;0;0;0;0.858823529412;0;0;0;0;0;0;0;0;0;0;0;0;0
MR;2011;0.149425287356;0;0;0;0;0;0;0.850574712644;0;0;0;0;0;0;0;0;0;0;0;0;0
MR;2012;0.145833333333;0;0;0;0;0;0;0.854166666667;0;0;0;0;0;0;0;0;0;0;0;0;0
MR;2013;0.173469387755;0;0;0.030612244898;0.0102040816327;0;0;0.785714285714;0;0;0;0;0;0;0;0;0;0;0;0;0
MR;2014;0.174757281553;0;0;0.0291262135922;0.00970873786408;0;0;0.78640776699;0;0;0;0;0;0;0;0;0;0;0;0;0
MR;2015;0.163793103448;0;0;0.0258620689655;0.0862068965517;0;0;0.724137931034;0;0;0;0;0;0;0;0;0;0;0;0;0
MR;2016;0.112068965517;0;0;0.051724137931;0.0862068965517;0;0;0.75;0;0;0;0;0;0;0;0;0;0;0;0;0
MR;2017;0.125925925926;0;0;0.0444444444444;0.0740740740741;0;0;0.755555555556;0;0;0;0;0;0;0;0;0;0;0;0;0
MR;2018;0.130136986301;0;0;0.102739726027;0.0684931506849;0;0;0.698630136986;0;0;0;0;0;0;0;0;0;0;0;0;0
MR;2019;0.127388535032;0;0;0.0955414012739;0.0764331210191;0;0;0.700636942675;0;0;0;0;0;0;0;0;0;0;0;0;0
MR;2020;0.128834355828;0;0;0.0858895705521;0.0736196319018;0;0;0.711656441718;0;0;0;0;0;0;0;0;0;0;0;0;0
MR;2021;0.132911392405;0;0;0.0886075949367;0.0632911392405;0;0;0.715189873418;0;0;0;0;0;0;0;0;0;0;0;0;0
MR;2022;0.128048780488;0;0;0.0853658536585;0.0609756097561;0;0;0.725609756098;0;0;0;0;0;0;0;0;0;0;0;0;0
MR;2023;0.1004784689;0;0;0.066985645933;0.0478468899522;0;0;0.784688995215;0;0;0;0;0;0;0;0;0;0;0;0;0
MR;2024;0.101449275362;0;0;0.0772946859903;0.048309178744;0;0;0.772946859903;0;0;0;0;0;0;0;0;0;0;0;0;0
MS;2000;0;0;0;0;0;0;0;1;0;0;0;0;0;0;0;0;0;0;0;0;0
MS;2001;0;0;0;0;0;0;0;1;0;0;0;0;0;0;0;0;0;0;0;0;0
MS;2002;0;0;0;0;0;0;0;1;0;0;0;0;0;0;0;0;0;0;0;0;0
MS;2003;0;0;0;0;0;0;0;1;0;0;0;0;0;0;0;0;0;0;0;0;0
MS;2004;0;0;0;0;0;0;0;1;0;0;0;0;0;0;0;0;0;0;0;0;0
MS;2005;0;0;0;0;0;0;0;1;0;0;0;0;0;0;0;0;0;0;0;0;0
MS;2006;0;0;0;0;0;0;0;1;0;0;0;0;0;0;0;0;0;0;0;0;0
MS;2007;0;0;0;0;0;0;0;1;0;0;0;0;0;0;0;0;0;0;0;0;0
MS;2008;0;0;0;0;0;0;0;1;0;0;0;0;0;0;0;0;0;0;0;0;0
MS;2009;0;0;0;0;0;0;0;1;0;0;0;0;0;0;0;0;0;0;0;0;0
MS;2010;0;0;0;0;0;0;0;1;0;0;0;0;0;0;0;0;0;0;0;0;0
MS;2011;0;0;0;0;0;0;0;1;0;0;0;0;0;0;0;0;0;0;0;0;0
MS;2012;0;0;0;0;0;0;0;1;0;0;0;0;0;0;0;0;0;0;0;0;0
MS;2013;0;0;0;0;0;0;0;1;0;0;0;0;0;0;0;0;0;0;0;0;0
MS;2014;0;0;0;0;0;0;0;1;0;0;0;0;0;0;0;0;0;0;0;0;0
MS;2015;0;0;0;0;0;0;0;1;0;0;0;0;0;0;0;0;0;0;0;0;0
MS;2016;0;0;0;0;0;0;0;1;0;0;0;0;0;0;0;0;0;0;0;0;0
MS;2017;0;0;0;0;0;0;0;1;0;0;0;0;0;0;0;0;0;0;0;0;0
MS;2018;0;0;0;0;0;0;0;1;0;0;0;0;0;0;0;0;0;0;0;0;0
MS;2019;0;0;0;0;0;0;0;1;0;0;0;0;0;0;0;0;0;0;0;0;0
MS;2020;0;0;0;0;0;0;0;1;0;0;0;0;0;0;0;0;0;0;0;0;0
MS;2021;0;0;0;0;0;0;0;1;0;0;0;0;0;0;0;0;0;0;0;0;0
MS;2022;0;0;0;0;0;0;0;1;0;0;0;0;0;0;0;0;0;0;0;0;0
MS;2023;0;0;0;0;0;0;0;1;0;0;0;0;0;0;0;0;0;0;0;0;0
MS;2024;0;0;0;0;0;0;0;1;0;0;0;0;0;0;0;0;0;0;0;0;0
MT;1990;0;0;0;0;0;0;0.558558558559;0.441441441441;0;0;0;0;0;0;0;0;0;0;0;0;0
MT;1991;0;0;0;0;0;0;0.415492957746;0.584507042254;0;0;0;0;0;0;0;0;0;0;0;0;0
MT;1992;0;0;0;0;0;0;0.375838926174;0.624161073826;0;0;0;0;0;0;0;0;0;0;0;0;0
MT;1993;0;0;0;0;0;0;0.4;0.6;0;0;0;0;0;0;0;0;0;0;0;0;0
MT;1994;0;0;0;0;0;0;0.233766233766;0.766233766234;0;0;0;0;0;0;0;0;0;0;0;0;0
MT;1995;0;0;0;0;0;0;0.0552147239264;0.944785276074;0;0;0;0;0;0;0;0;0;0;0;0;0
MT;1996;0;0;0;0;0;0;0;1;0;0;0;0;0;0;0;0;0;0;0;0;0
MT;1997;0;0;0;0;0;0;0;1;0;0;0;0;0;0;0;0;0;0;0;0;0
MT;1998;0;0;0;0;0;0;0;1;0;0;0;0;0;0;0;0;0;0;0;0;0
MT;1999;0;0;0;0;0;0;0;1;0;0;0;0;0;0;0;0;0;0;0;0;0
MT;2000;0;0;0;0;0;0;0;1;0;0;0;0;0;0;0;0;0;0;0;0;0
MT;2001;0;0;0;0;0;0;0;1;0;0;0;0;0;0;0;0;0;0;0;0;0
MT;2002;0;0;0;0;0;0;0;1;0;0;0;0;0;0;0;0;0;0;0;0;0
MT;2003;0;0;0;0;0;0;0;1;0;0;0;0;0;0;0;0;0;0;0;0;0
MT;2004;0;0;0;0;0;0;0;1;0;0;0;0;0;0;0;0;0;0;0;0;0
MT;2005;0;0;0;0;0;0;0;1;0;0;0;0;0;0;0;0;0;0;0;0;0
MT;2006;0;0;0;0;0;0;0;1;0;0;0;0;0;0;0;0;0;0;0;0;0
MT;2007;0;0;0;0;0;0;0;1;0;0;0;0;0;0;0;0;0;0;0;0;0
MT;2008;0;0;0;0;0;0;0;1;0;0;0;0;0;0;0;0;0;0;0;0;0
MT;2009;0;0;0;0;0;0;0;1;0;0;0;0;0;0;0;0;0;0;0;0;0
MT;2010;0;0;0;0;0;0;0;1;0;0;0;0;0;0;0;0;0;0;0;0;0
MT;2011;0;0;0;0;0;0;0;1;0;0;0;0;0;0;0;0;0;0;0;0;0
MT;2012;0;0;0;0.00869565217391;0;0.00434782608696;0;0.986956521739;0;0;0;0;0;0;0;0;0;0;0;0;0
MT;2013;0;0;0;0.0132743362832;0;0.00442477876106;0;0.982300884956;0;0;0;0;0;0;0;0;0;0;0;0;0
MT;2014;0;0;0;0.0311111111111;0;0.00444444444444;0;0.964444444444;0;0;0;0;0;0;0;0;0;0;0;0;0
MT;2015;0;0;0;0.0692307692308;0;0.00769230769231;0;0.923076923077;0;0;0;0;0;0;0;0;0;0;0;0;0
MT;2016;0;0;0;0.151162790698;0;0.0116279069767;0;0.837209302326;0;0;0;0;0;0;0;0;0;0;0;0;0
MT;2017;0;0;0.781818181818;0.0969696969697;0;0.00606060606061;0;0.115151515152;0;0;0;0;0;0;0;0;0;0;0;0;0
MT;2018;0;0;0.888324873096;0.0964467005076;0;0.00507614213198;0;0.010152284264;0;0;0;0;0;0;0;0;0;0;0;0;0
MT;2019;0;0;0.884057971014;0.0966183574879;0;0.0048309178744;0;0.0144927536232;0;0;0;0;0;0;0;0;0;0;0;0;0
MT;2020;0;0;0.855813953488;0.111627906977;0;0.0046511627907;0;0.0279069767442;0;0;0;0;0;0;0;0;0;0;0;0;0
MT;2021;0;0;0.86036036036;0.117117117117;0;0.0045045045045;0;0.018018018018;0;0;0;0;0;0;0;0;0;0;0;0;0
MT;2022;0;0;0.84347826087;0.126086956522;0;0.00434782608696;0;0.0260869565217;0;0;0;0;0;0;0;0;0;0;0;0;0
MT;2023;0;0;0.855319148936;0.131914893617;0;0.00425531914894;0;0.00851063829787;0;0;0;0;0;0;0;0;0;0;0;0;0
MT;2024;0;0;0.840182648402;0.150684931507;0;0.00456621004566;0;0.00456621004566;0;0;0;0;0;0;0;0;0;0;0;0;0
MT;2025;0;0;0.827570722946;0.15940727436;0;0.00538841490795;0;0.00763358778626;0;0;0;0;0;0;0;0;0;0;0;0;0
MU;2000;0.0508474576271;0;0;0;0;0.242937853107;0.203389830508;0.502824858757;0;0;0;0;0;0;0;0;0;0;0;0;0
MU;2001;0.0364583333333;0;0;0;0;0.25;0.244791666667;0.46875;0;0;0;0;0;0;0;0;0;0;0;0;0
MU;2002;0.0459183673469;0;0;0;0;0.229591836735;0.260204081633;0.464285714286;0;0;0;0;0;0;0;0;0;0;0;0;0
MU;2003;0.0574162679426;0;0;0;0;0.215311004785;0.239234449761;0.488038277512;0;0;0;0;0;0;0;0;0;0;0;0;0
MU;2004;0.0555555555556;0;0;0;0;0.217592592593;0.217592592593;0.509259259259;0;0;0;0;0;0;0;0;0;0;0;0;0
MU;2005;0.0486725663717;0;0;0;0;0.199115044248;0.269911504425;0.482300884956;0;0;0;0;0;0;0;0;0;0;0;0;0
MU;2006;0.0338983050847;0;0;0;0;0.190677966102;0.338983050847;0.436440677966;0;0;0;0;0;0;0;0;0;0;0;0;0
MU;2007;0.0325203252033;0;0;0;0;0.191056910569;0.40243902439;0.373983739837;0;0;0;0;0;0;0;0;0;0;0;0;0
MU;2008;0.04296875;0;0;0;0;0.19140625;0.44140625;0.32421875;0;0;0;0;0;0;0;0;0;0;0;0;0
MU;2009;0.0466926070039;0;0;0;0;0.190661478599;0.392996108949;0.369649805447;0;0;0;0;0;0;0;0;0;0;0;0;0
MU;2010;0.0371747211896;0;0;0;0;0.204460966543;0.386617100372;0.371747211896;0;0;0;0;0;0;0;0;0;0;0;0;0
MU;2011;0.018315018315;0;0;0;0;0.179487179487;0.406593406593;0.395604395604;0;0;0;0;0;0;0;0;0;0;0;0;0
MU;2012;0.0250896057348;0;0;0;0;0.179211469534;0.412186379928;0.383512544803;0;0;0;0;0;0;0;0;0;0;0;0;0
MU;2013;0.0314685314685;0;0;0;0;0.171328671329;0.423076923077;0.374125874126;0;0;0;0;0;0;0;0;0;0;0;0;0
MU;2014;0.030612244898;0;0;0.0102040816327;0;0.163265306122;0.428571428571;0.367346938776;0;0;0;0;0;0;0;0;0;0;0;0;0
MU;2015;0.0401337792642;0;0;0.0100334448161;0;0.177257525084;0.394648829431;0.377926421405;0;0;0;0;0;0;0;0;0;0;0;0;0
MU;2016;0.0327868852459;0;0;0.00983606557377;0.00655737704918;0.170491803279;0.416393442623;0.36393442623;0;0;0;0;0;0;0;0;0;0;0;0;0
MU;2017;0.0289389067524;0;0;0.0128617363344;0.0032154340836;0.154340836013;0.421221864952;0.379421221865;0;0;0;0;0;0;0;0;0;0;0;0;0
MU;2018;0.0384615384615;0;0;0.0160256410256;0.00320512820513;0.147435897436;0.403846153846;0.391025641026;0;0;0;0;0;0;0;0;0;0;0;0;0
MU;2019;0.030959752322;0;0;0.0402476780186;0.0030959752322;0.142414860681;0.362229102167;0.421052631579;0;0;0;0;0;0;0;0;0;0;0;0;0
MU;2020;0.0413793103448;0;0;0.051724137931;0.00689655172414;0.141379310345;0.393103448276;0.365517241379;0;0;0;0;0;0;0;0;0;0;0;0;0
MU;2021;0.0367892976589;0;0;0.0501672240803;0.00334448160535;0.123745819398;0.418060200669;0.367892976589;0;0;0;0;0;0;0;0;0;0;0;0;0
MU;2022;0.0416666666667;0;0;0.0512820512821;0.00641025641026;0.0961538461538;0.314102564103;0.490384615385;0;0;0;0;0;0;0;0;0;0;0;0;0
MU;2023;0.0275229357798;0;0;0.045871559633;0.00305810397554;0.0978593272171;0.336391437309;0.489296636086;0;0;0;0;0;0;0;0;0;0;0;0;0
MU;2024;0.0322580645161;0;0;0.049853372434;0.00293255131965;0.0938416422287;0.392961876833;0.428152492669;0;0;0;0;0;0;0;0;0;0;0;0;0
MV;2000;0;0;0;0;0;0;0;1;0;0;0;0;0;0;0;0;0;0;0;0;0
MV;2001;0;0;0;0;0;0;0;1;0;0;0;0;0;0;0;0;0;0;0;0;0
MV;2002;0;0;0;0;0;0;0;1;0;0;0;0;0;0;0;0;0;0;0;0;0
MV;2003;0;0;0;0;0;0;0;1;0;0;0;0;0;0;0;0;0;0;0;0;0
MV;2004;0;0;0;0;0;0;0;1;0;0;0;0;0;0;0;0;0;0;0;0;0
MV;2005;0;0;0;0;0;0;0;1;0;0;0;0;0;0;0;0;0;0;0;0;0
MV;2006;0;0;0;0;0;0;0;1;0;0;0;0;0;0;0;0;0;0;0;0;0
MV;2007;0;0;0;0;0;0;0;1;0;0;0;0;0;0;0;0;0;0;0;0;0
MV;2008;0;0;0;0;0;0;0;1;0;0;0;0;0;0;0;0;0;0;0;0;0
MV;2009;0;0;0;0;0;0;0;1;0;0;0;0;0;0;0;0;0;0;0;0;0
MV;2010;0;0;0;0;0;0;0;1;0;0;0;0;0;0;0;0;0;0;0;0;0
MV;2011;0;0;0;0;0;0;0;1;0;0;0;0;0;0;0;0;0;0;0;0;0
MV;2012;0;0;0;0;0;0;0;1;0;0;0;0;0;0;0;0;0;0;0;0;0
MV;2013;0;0;0;0;0;0;0;1;0;0;0;0;0;0;0;0;0;0;0;0;0
MV;2014;0;0;0;0.0185185185185;0;0;0;0.981481481481;0;0;0;0;0;0;0;0;0;0;0;0;0
MV;2015;0;0;0;0.0161290322581;0;0;0;0.983870967742;0;0;0;0;0;0;0;0;0;0;0;0;0
MV;2016;0;0;0;0.0149253731343;0;0;0;0.985074626866;0;0;0;0;0;0;0;0;0;0;0;0;0
MV;2017;0;0;0;0.027397260274;0;0;0;0.972602739726;0;0;0;0;0;0;0;0;0;0;0;0;0
MV;2018;0;0;0;0.0379746835443;0;0;0;0.962025316456;0;0;0;0;0;0;0;0;0;0;0;0;0
MV;2019;0;0;0;0.037037037037;0;0;0;0.962962962963;0;0;0;0;0;0;0;0;0;0;0;0;0
MV;2020;0;0;0;0.0487804878049;0;0;0;0.951219512195;0;0;0;0;0;0;0;0;0;0;0;0;0
MV;2021;0;0;0;0.0595238095238;0;0;0;0.940476190476;0;0;0;0;0;0;0;0;0;0;0;0;0
MV;2022;0;0;0;0.0705882352941;0;0;0;0.929411764706;0;0;0;0;0;0;0;0;0;0;0;0;0
MV;2023;0;0;0;0.0705882352941;0;0;0;0.929411764706;0;0;0;0;0;0;0;0;0;0;0;0;0
MV;2024;0;0;0;0.0705882352941;0;0;0;0.929411764706;0;0;0;0;0;0;0;0;0;0;0;0;0
MW;2000;0.842975206612;0;0;0;0;0.0578512396694;0;0.099173553719;0;0;0;0;0;0;0;0;0;0;0;0;0
MW;2001;0.852459016393;0;0;0;0;0.0573770491803;0;0.0901639344262;0;0;0;0;0;0;0;0;0;0;0;0;0
MW;2002;0.8515625;0;0;0;0;0.0546875;0;0.09375;0;0;0;0;0;0;0;0;0;0;0;0;0
MW;2003;0.870229007634;0;0;0;0;0.0534351145038;0;0.0763358778626;0;0;0;0;0;0;0;0;0;0;0;0;0
MW;2004;0.857142857143;0;0;0;0;0.047619047619;0;0.0952380952381;0;0;0;0;0;0;0;0;0;0;0;0;0
MW;2005;0.856209150327;0;0;0;0;0.0392156862745;0;0.104575163399;0;0;0;0;0;0;0;0;0;0;0;0;0
MW;2006;0.853503184713;0;0;0;0;0.0382165605096;0;0.108280254777;0;0;0;0;0;0;0;0;0;0;0;0;0
MW;2007;0.867088607595;0;0;0;0;0.0379746835443;0;0.0949367088608;0;0;0;0;0;0;0;0;0;0;0;0;0
MW;2008;0.894117647059;0;0;0;0;0.0352941176471;0;0.0705882352941;0;0;0;0;0;0;0;0;0;0;0;0;0
MW;2009;0.892215568862;0;0;0;0;0.0359281437126;0;0.0718562874251;0;0;0;0;0;0;0;0;0;0;0;0;0
MW;2010;0.90625;0;0;0;0;0.03125;0;0.0625;0;0;0;0;0;0;0;0;0;0;0;0;0
MW;2011;0.908629441624;0;0;0;0;0.0304568527919;0;0.0609137055838;0;0;0;0;0;0;0;0;0;0;0;0;0
MW;2012;0.907317073171;0;0;0.00487804878049;0;0.0243902439024;0;0.0634146341463;0;0;0;0;0;0;0;0;0;0;0;0;0
MW;2013;0.907317073171;0;0;0.00487804878049;0;0.0243902439024;0;0.0634146341463;0;0;0;0;0;0;0;0;0;0;0;0;0
MW;2014;0.907834101382;0;0;0.00921658986175;0;0.0276497695853;0;0.0552995391705;0;0;0;0;0;0;0;0;0;0;0;0;0
MW;2015;0.903225806452;0;0;0.0138248847926;0;0.0230414746544;0;0.0599078341014;0;0;0;0;0;0;0;0;0;0;0;0;0
MW;2016;0.902325581395;0;0;0.0139534883721;0;0.0232558139535;0;0.0604651162791;0;0;0;0;0;0;0;0;0;0;0;0;0
MW;2017;0.952879581152;0;0;0.020942408377;0;0.0261780104712;0;0;0;0;0;0;0;0;0;0;0;0;0;0;0
MW;2018;0.78453038674;0;0;0.00552486187845;0;0.0276243093923;0;0.182320441989;0;0;0;0;0;0;0;0;0;0;0;0;0
MW;2019;0.927777777778;0;0;0.00555555555556;0;0.0277777777778;0;0.0388888888889;0;0;0;0;0;0;0;0;0;0;0;0;0
MW;2020;0.96;0;0;0.00571428571429;0;0.0285714285714;0;0.00571428571429;0;0;0;0;0;0;0;0;0;0;0;0;0
MW;2021;0.92349726776;0;0;0.00546448087432;0;0.0273224043716;0;0.0437158469945;0;0;0;0;0;0;0;0;0;0;0;0;0
MW;2022;0.92349726776;0;0;0.00546448087432;0;0.0273224043716;0;0.0437158469945;0;0;0;0;0;0;0;0;0;0;0;0;0
MW;2023;0.92349726776;0;0;0.00546448087432;0;0.0273224043716;0;0.0437158469945;0;0;0;0;0;0;0;0;0;0;0;0;0
MW;2024;0.92349726776;0;0;0.00546448087432;0;0.0273224043716;0;0.0437158469945;0;0;0;0;0;0;0;0;0;0;0;0;0
MX;1985;0.29547746006;0;0.0749737545085;0;0;0.0170569709065;0.0401633976738;0.572328416851;0;0;0;0;0;0;0;0;0;0;0;0;0
MX;1986;0.213856812933;0;0.0768350235967;0;0;0.0340797268802;0.063831710011;0.611396726579;0;0;0;0;0;0;0;0;0;0;0;0;0
MX;1987;0.181651203316;0;0.084387510008;0;0;0.041614468045;0.0688739226675;0.623472895964;0;0;0;0;0;0;0;0;0;0;0;0;0
MX;1988;0.194562999528;0;0.0739813420534;0;0;0.0412809295115;0.0718250750684;0.618349653839;0;0;0;0;0;0;0;0;0;0;0;0;0
MX;1989;0.211202372424;0.00309881212202;0.0812938373623;0;0;0.0389434050281;0.0659330589941;0.59952851407;0;0;0;0;0;0;0;0;0;0;0;0;0
MX;1990;0.20818770144;0.0249764012552;0.112321521205;8.50405218086e-06;8.50405218086e-06;0.0435747633747;0.0663231029586;0.544599501663;0;0;0;0;0;0;0;0;0;0;0;0;0
MX;1991;0.175971440127;0.0329931866969;0.147248234452;1.55554864201e-05;7.77774321003e-06;0.0453675761441;0.0718896804903;0.52650654886;0;0;0;0;0;0;0;0;0;0;0;0;0
MX;1992;0.202712510206;0.029627445644;0.141945628837;2.26798512202e-05;7.55995040673e-06;0.0481266442892;0.0721899664338;0.505367564789;0;0;0;0;0;0;0;0;0;0;0;0;0
MX;1993;0.197967959716;0.036622772814;0.141611520837;2.9708191291e-05;7.42704782276e-06;0.0482758108479;0.0858492457833;0.489635554763;0;0;0;0;0;0;0;0;0;0;0;0;0
MX;1994;0.138720847476;0.0290088141903;0.14631008431;3.42165772473e-05;3.42165772473e-05;0.0425585787802;0.0977567611957;0.545576480893;0;0;0;0;0;0;0;0;0;0;0;0;0
MX;1995;0.18355768975;0.0561533959403;0.148966452952;3.32544095347e-05;4.65561733486e-05;0.0426587565511;0.102962302801;0.465621591423;0;0;0;0;0;0;0;0;0;0;0;0;0
MX;1996;0.200113671922;0.0503094047551;0.135180182769;3.83163783359e-05;3.83163783359e-05;0.0394978000013;0.11835929268;0.456463015116;0;0;0;0;0;0;0;0;0;0;0;0;0
MX;1997;0.158094849713;0.0627053997649;0.138658334733;3.5982440569e-05;7.1964881138e-05;0.0352807829779;0.110298174491;0.494854510999;0;0;0;0;0;0;0;0;0;0;0;0;0
MX;1998;0.135827902353;0.0511708825804;0.165812437866;3.8661217276e-05;8.28454655915e-05;0.0339058875511;0.103214404065;0.509946978902;0;0;0;0;0;0;0;0;0;0;0;0;0
MX;1999;0.172188358652;0.0526482013707;0.173204265757;3.68463716851e-05;8.94840455211e-05;0.0318984303446;0.0979481834739;0.471986229985;0;0;0;0;0;0;0;0;0;0;0;0;0
MX;2000;0.162427748503;0.0403724420392;0.197958051162;3.43762430695e-05;9.33069454744e-05;0.0312283613827;0.0935770445271;0.474308669197;0;0;0;0;0;0;0;0;0;0;0;0;0
MX;2001;0.135268848918;0.0415106726099;0.241952133808;3.80569998716e-05;8.5628249711e-05;0.0297177597747;0.110232100128;0.441194799511;0;0;0;0;0;0;0;0;0;0;0;0;0
MX;2002;0.115249648855;0.0451829429407;0.322640608558;3.70845945958e-05;9.73470608141e-05;0.0281425717239;0.12097921872;0.367670577546;0;0;0;0;0;0;0;0;0;0;0;0;0
MX;2003;0.0882691649289;0.0466956865849;0.358301134267;3.55708905617e-05;8.44808650841e-05;0.0309022111755;0.137383672072;0.338328079216;0;0;0;0;0;0;0;0;0;0;0;0;0
MX;2004;0.106951235572;0.0390574221422;0.392413667124;3.82332824972e-05;8.49628499938e-05;0.0308500108328;0.101097295208;0.329507172989;0;0;0;0;0;0;0;0;0;0;0;0;0
MX;2005;0.111743356051;0.0435738194136;0.348751865145;3.62947130701e-05;7.66221720369e-05;0.0328184861072;0.13231439287;0.330685163528;0;0;0;0;0;0;0;0;0;0;0;0;0
MX;2006;0.118826178758;0.0424083708332;0.452953091643;3.90285025154e-05;0.000175628261319;0.0292206398333;0.123864758433;0.232512303735;0;0;0;0;0;0;0;0;0;0;0;0;0
MX;2007;0.10385525601;0.0395857945459;0.489213716187;3.41879043195e-05;0.000942066696803;0.0313389122928;0.119908376416;0.215121689946;0;0;0;0;0;0;0;0;0;0;0;0;0
MX;2008;0.145651689566;0.0364054957297;0.487460081693;7.05532862978e-05;0.000946899368734;0.029320460453;0.0792536204976;0.220891199406;0;0;0;0;0;0;0;0;0;0;0;0;0
MX;2009;0.0998009359372;0.0392189816734;0.515983014196;0.000100839206283;0.00222593210907;0.0281864255489;0.109959552274;0.204524319055;0;0;0;0;0;0;0;0;0;0;0;0;0
MX;2010;0.133728551919;0.0211665565668;0.561461396021;0.000106106606334;0.00448728260981;0.0295215961172;0.129429522965;0.120098987195;0;0;0;0;0;0;0;0;0;0;0;0;0
MX;2011;0.125821192053;0.0327880794702;0.549284768212;0.000135761589404;0.00560264900662;0.0277052980132;0.127897350993;0.130764900662;0;0;0;0;0;0;0;0;0;0;0;0;0
MX;2012;0.109166927293;0.0277526295863;0.553419696795;0.000227156754621;0.0122697568764;0.0257378479367;0.124498362167;0.146927622591;0;0;0;0;0;0;0;0;0;0;0;0;0
MX;2013;0.0936877482039;0.0375824133455;0.576430747086;0.000340577568148;0.0137741135344;0.0264204654988;0.123041678983;0.12872225578;0;0;0;0;0;0;0;0;0;0;0;0;0
MX;2014;0.12584723114;0.0319030163484;0.592377054624;0.000698975573808;0.0208142907296;0.0267666528558;0.11762715188;0.0839656268483;0;0;0;0;0;0;0;0;0;0;0;0;0
MX;2015;0.0979119062216;0.0373776217281;0.612659223343;0.000625437341706;0.0277174014007;0.0271600809972;0.116272517292;0.0802758116752;0;0;0;0;0;0;0;0;0;0;0;0;0
MX;2016;0.0963216471387;0.0335354944077;0.608676104928;0.000770719980916;0.0326424379219;0.0264063345842;0.115400025079;0.0862472359596;0;0;0;0;0;0;0;0;0;0;0;0;0
MX;2017;0.0965049399183;0.0328291820316;0.619267190131;0.00358196884562;0.0318635290993;0.0241352879758;0.0958833008431;0.0959346011552;0;0;0;0;0;0;0;0;0;0;0;0;0
MX;2018;0.0958543120455;0.0399110797044;0.622238907046;0.00945735064629;0.0369931984807;0.0215852545417;0.0885169154668;0.0854429820687;0;0;0;0;0;0;0;0;0;0;0;0;0
MX;2019;0.0682508307551;0.0320556892403;0.654248309843;0.0285436003208;0.0483986478744;0.0204910049272;0.0665921851725;0.0814197318666;0;0;0;0;0;0;0;0;0;0;0;0;0
MX;2020;0.076638667833;0.0316451933448;0.684754083045;0.0448321060842;0.0563628694133;0.0199162582914;0.0389067715278;0.0469440504602;0;0;0;0;0;0;0;0;0;0;0;0;0
MX;2021;0.0978537152178;0.0333031669153;0.639123051054;0.0564084086097;0.0594753277805;0.016870848626;0.0263760635059;0.0705894182909;0;0;0;0;0;0;0;0;0;0;0;0;0
MX;2022;0.0975493100131;0.0294854583698;0.629173483197;0.0552804787243;0.05579681394;0.0184875182755;0.040681779889;0.0735451575909;0;0;0;0;0;0;0;0;0;0;0;0;0
MX;2023;0.0540482991431;0.0321630745261;0.665728382238;0.0606024409244;0.0543053752272;0.0169955855622;0.0397481173721;0.0764087250065;0;0;0;0;0;0;0;0;0;0;0;0;0
MX;2024;0.0619303467203;0.0317137592929;0.709955806373;0.0677695746847;0.0520093283342;0.0154896731218;0.0361073531496;0.025024158324;0;0;0;0;0;0;0;0;0;0;0;0;0
MX;2025;0.0751362474726;0.0259280736506;0.70026838956;0.0696452947153;0.0560385085135;0.0150257099751;0.033158683403;0.0247990927099;0;0;0;0;0;0;0;0;0;0;0;0;0
MY;1985;0.252141327623;0;0.146814775161;0;0;0;0;0.601043897216;0;0;0;0;0;0;0;0;0;0;0;0;0
MY;1986;0.255470832558;0;0.177422354473;0;0;0;0;0.567106812969;0;0;0;0;0;0;0;0;0;0;0;0;0
MY;1987;0.285058263016;0;0.191148613742;0;0;0;0;0.523793123242;0;0;0;0;0;0;0;0;0;0;0;0;0
MY;1988;0.29604175279;0;0.208247209591;0;0;0;0.0132802811079;0.482430756511;0;0;0;0;0;0;0;0;0;0;0;0;0
MY;1989;0.246107366953;0;0.18996049268;0;0;0;0.100906344411;0.463025795956;0;0;0;0;0;0;0;0;0;0;0;0;0
MY;1990;0.174965241571;0;0.240702120264;0;0;0;0.127389641988;0.456942996177;0;0;0;0;0;0;0;0;0;0;0;0;0
MY;1991;0.167557999397;0;0.29097619765;0;0;0;0.130799939741;0.410665863212;0;0;0;0;0;0;0;0;0;0;0;0;0
MY;1992;0.136579458908;0;0.403811223352;0;0;0;0.122271438131;0.337337879609;0;0;0;0;0;0;0;0;0;0;0;0;0
MY;1993;0.139146142157;0;0.443243398228;0;0;0;0.111248100467;0.306362359148;0;0;0;0;0;0;0;0;0;0;0;0;0
MY;1994;0.163077929265;0;0.489158323691;0;0;0;0.102656336469;0.245107410575;0;0;0;0;0;0;0;0;0;0;0;0;0
MY;1995;0.133505099302;0;0.546366076221;0;0;0;0.0853247450349;0.234804079442;0;0;0;0;0;0;0;0;0;0;0;0;0
MY;1996;0.097062292872;0;0.617012114063;0;0;0;0.0782077926941;0.207717800371;0;0;0;0;0;0;0;0;0;0;0;0;0
MY;1997;0.0696254275465;0;0.693684825227;0;0;0;0.0410444648369;0.195645282389;0;0;0;0;0;0;0;0;0;0;0;0;0
MY;1998;0.0694875352738;0;0.697198359863;0;0;0;0.056983832494;0.176330272369;0;0;0;0;0;0;0;0;0;0;0;0;0
MY;1999;0.110781868857;0;0.750022003814;0;0;0;0.0663341645885;0.0728619627402;0;0;0;0;0;0;0;0;0;0;0;0;0
MY;2000;0.100050067949;0;0.800200271797;0;0;0.00816822830985;0.0577641084329;0.0338173235105;0;0;0;0;0;0;0;0;0;0;0;0;0
MY;2001;0.0800517314189;0;0.793259079392;0;0;0.00757495777027;0.0823215793919;0.036792652027;0;0;0;0;0;0;0;0;0;0;0;0;0
MY;2002;0.0669510385757;0;0.74200049456;0;0;0.00499505440158;0.11818743818;0.0678659742829;0;0;0;0;0;0;0;0;0;0;0;0;0
MY;2003;0.0611051753322;0;0.725002701113;0;0;0.00499405755171;0.161286450017;0.0476116159858;0;0;0;0;0;0;0;0;0;0;0;0;0
MY;2004;0.0580158234437;0;0.665001041016;0;0;0.00599625234229;0.235550697481;0.0354361857173;0;0;0;0;0;0;0;0;0;0;0;0;0
MY;2005;0.0608309957569;0;0.647004020294;0;0;0.0059949974177;0.255506384875;0.0306636016567;0;0;0;0;0;0;0;0;0;0;0;0;0
MY;2006;0.0608015847068;0;0.647998923015;0;0;0.00600034617382;0.256034001962;0.0291651441429;0;0;0;0;0;0;0;0;0;0;0;0;0
MY;2007;0.0548834980975;0;0.625996185703;0;0;0.00700209141415;0.284284911414;0.0278333133712;0;0;0;0;0;0;0;0;0;0;0;0;0
MY;2008;0.0685889495093;0;0.628001370549;0;0;0.00700209975137;0.272607469492;0.0238001106982;0;0;0;0;0;0;0;0;0;0;0;0;0
MY;2009;0.0593382365606;0;0.579998966533;0;0;0.0119968307009;0.324198632379;0.0244673338271;0;0;0;0;0;0;0;0;0;0;0;0;0
MY;2010;0.0508696869127;0;0.521596225359;0;0;0.010100363869;0.395065776321;0.0223679475389;0;0;0;0;0;0;0;0;0;0;0;0;0
MY;2011;0.0633986259434;0;0.438596353162;0;0;0.0121036602161;0.411603144748;0.0742982159299;0;0;0;0;0;0;0;0;0;0;0;0;0
MY;2012;0.0689971509122;0;0.454899386924;5.22084159967e-05;0;0.0112024344039;0.414795865093;0.0500529542505;0;0;0;0;0;0;0;0;0;0;0;0;0
MY;2013;0.0836897542292;0;0.504833847572;0.0010001063943;0;0.00783062027875;0.380629144944;0.0220165265808;0;0;0;0;0;0;0;0;0;0;0;0;0
MY;2014;0.0907901072148;0;0.500715443405;0.00153939007602;0;0.00469954767701;0.37858823689;0.023667274737;0;0;0;0;0;0;0;0;0;0;0;0;0
MY;2015;0.0927506111655;0;0.466031187759;0.00181850882277;0;0.00500256456372;0.4228132931;0.011583834589;0;0;0;0;0;0;0;0;0;0;0;0;0
MY;2016;0.127814125682;0;0.416391663741;0.00197874445473;0;0.0048511154374;0.441406823477;0.00755752720774;0;0;0;0;0;0;0;0;0;0;0;0;0
MY;2017;0.167125266133;0;0.386786110039;0.00205435960008;0;0.00476237907292;0.428713721877;0.010558163278;0;0;0;0;0;0;0;0;0;0;0;0;0
MY;2018;0.154328225211;0;0.375505633786;0.0037050498892;0;0.00792013038024;0.453083047052;0.00545791368172;0;0;0;0;0;0;0;0;0;0;0;0;0
MY;2019;0.146762057896;0;0.404945852218;0.00817399001642;0;0.00636439524239;0.42808961696;0.0056640876673;0;0;0;0;0;0;0;0;0;0;0;0;0
MY;2020;0.156887197995;0;0.308561872141;0.0118330613089;0;0.00709179099331;0.510764120365;0.00486195719639;0;0;0;0;0;0;0;0;0;0;0;0;0
MY;2021;0.174179639377;0;0.327130697727;0.0119778250644;0;0.00677567476761;0.474465225669;0.00547093739501;0;0;0;0;0;0;0;0;0;0;0;0;0
MY;2022;0.165929697851;0;0.365223039152;0.0177288197241;0;0.00760697305864;0.427227144008;0.0162843262061;0;0;0;0;0;0;0;0;0;0;0;0;0
MY;2023;0.157895775176;0;0.369048206201;0.0217159710783;0;0.0081428726437;0.422285133709;0.0209120411928;0;0;0;0;0;0;0;0;0;0;0;0;0
MY;2024;0.159575123007;0;0.355964710395;0.0301609626504;0;0.00807891384544;0.42385884158;0.0223614485218;0;0;0;0;0;0;0;0;0;0;0;0;0
MY;2025;0.164468148824;0;0.334436157419;0.0315588323375;0;0.00808579210815;0.448683028393;0.0127680409186;0;0;0;0;0;0;0;0;0;0;0;0;0
MZ;2000;0.998955067921;0;0;0;0;0;0;0.00104493207941;0;0;0;0;0;0;0;0;0;0;0;0;0
MZ;2001;0.996598639456;0;0;0;0;0;0;0.00340136054422;0;0;0;0;0;0;0;0;0;0;0;0;0
MZ;2002;0.997615262321;0;0;0;0;0;0;0.00238473767886;0;0;0;0;0;0;0;0;0;0;0;0;0
MZ;2003;0.997219647822;0;0;0;0;0;0;0.00278035217794;0;0;0;0;0;0;0;0;0;0;0;0;0
MZ;2004;0.995689655172;0;0.000862068965517;0;0;0;0;0.00344827586207;0;0;0;0;0;0;0;0;0;0;0;0;0
MZ;2005;0.998479087452;0;0.000760456273764;0;0;0;0;0.000760456273764;0;0;0;0;0;0;0;0;0;0;0;0;0
MZ;2006;0.998629198081;0;0.000685400959561;0;0;0;0;0.000685400959561;0;0;0;0;0;0;0;0;0;0;0;0;0
MZ;2007;0.999371464488;0;0.000628535512256;0;0;0;0;0;0;0;0;0;0;0;0;0;0;0;0;0;0
MZ;2008;0.999331997328;0;0.000668002672011;0;0;0;0;0;0;0;0;0;0;0;0;0;0;0;0;0;0
MZ;2009;0.999404407385;0;0.000595592614652;0;0;0;0;0;0;0;0;0;0;0;0;0;0;0;0;0;0
MZ;2010;0.998800239952;0;0.00119976004799;0;0;0;0;0;0;0;0;0;0;0;0;0;0;0;0;0;0
MZ;2011;0.993369499699;0;0.00663050030139;0;0;0;0;0;0;0;0;0;0;0;0;0;0;0;0;0;0
MZ;2012;0.992651970608;0;0.00734802939212;0;0;0;0;0;0;0;0;0;0;0;0;0;0;0;0;0;0
MZ;2013;0.985877605918;0;0.014122394082;0;0;0;0;0;0;0;0;0;0;0;0;0;0;0;0;0;0
MZ;2014;0.986585365854;0;0.0128048780488;0;0;0;0;0.000609756097561;0;0;0;0;0;0;0;0;0;0;0;0;0
MZ;2015;0.929815016322;0;0.0690968443961;0;0;0;0;0.00108813928183;0;0;0;0;0;0;0;0;0;0;0;0;0
MZ;2016;0.827147401909;0;0.150053022269;0;0;0;0;0.0227995758218;0;0;0;0;0;0;0;0;0;0;0;0;0
MZ;2017;0.797052154195;0;0.158163265306;0;0;0.00793650793651;0;0.0368480725624;0;0;0;0;0;0;0;0;0;0;0;0;0
MZ;2018;0.810968494749;0;0.167444574096;0;0;0.00700116686114;0;0.014585764294;0;0;0;0;0;0;0;0;0;0;0;0;0
MZ;2019;0.786203264876;0;0.199052132701;0.00157977883096;0;0.0057925223802;0;0.00737230121116;0;0;0;0;0;0;0;0;0;0;0;0;0
MZ;2020;0.825446898002;0;0.157728706625;0.00368033648791;0;0.00578338590957;0;0.00736067297581;0;0;0;0;0;0;0;0;0;0;0;0;0
MZ;2021;0.820254506893;0;0.161187698834;0.00371155885472;0;0.00583244962884;0;0.00901378579003;0;0;0;0;0;0;0;0;0;0;0;0;0
MZ;2022;0.826687116564;0;0.156441717791;0.00357873210634;0;0.00664621676892;0;0.00664621676892;0;0;0;0;0;0;0;0;0;0;0;0;0
MZ;2023;0.825651302605;0;0.156312625251;0.00350701402806;0;0.0065130260521;0;0.00801603206413;0;0;0;0;0;0;0;0;0;0;0;0;0
MZ;2024;0.823648307226;0;0.158160687216;0.00404244567964;0;0.00656897422941;0;0.00757958564932;0;0;0;0;0;0;0;0;0;0;0;0;0
NA;2000;0.972222222222;0;0;0;0;0;0.00694444444444;0.0208333333333;0;0;0;0;0;0;0;0;0;0;0;0;0
NA;2001;1;0;0;0;0;0;0;0;0;0;0;0;0;0;0;0;0;0;0;0;0
NA;2002;0.993006993007;0;0;0;0;0;0.00699300699301;0;0;0;0;0;0;0;0;0;0;0;0;0;0
NA;2003;0.993006993007;0;0;0;0;0;0.00699300699301;0;0;0;0;0;0;0;0;0;0;0;0;0;0
NA;2004;0.992753623188;0;0;0;0;0;0.00724637681159;0;0;0;0;0;0;0;0;0;0;0;0;0;0
NA;2005;0.98224852071;0;0;0;0;0;0.0177514792899;0;0;0;0;0;0;0;0;0;0;0;0;0;0
NA;2006;0.937888198758;0;0;0;0;0;0.055900621118;0.00621118012422;0;0;0;0;0;0;0;0;0;0;0;0;0
NA;2007;0.980891719745;0;0;0;0;0;0.0191082802548;0;0;0;0;0;0;0;0;0;0;0;0;0;0
NA;2008;0.885350318471;0;0;0;0;0;0.108280254777;0.00636942675159;0;0;0;0;0;0;0;0;0;0;0;0;0
NA;2009;0.94;0;0;0.00666666666667;0;0;0.0533333333333;0;0;0;0;0;0;0;0;0;0;0;0;0;0
NA;2010;0.954198473282;0;0;0.00763358778626;0;0;0.0381679389313;0;0;0;0;0;0;0;0;0;0;0;0;0;0
NA;2011;0.965517241379;0;0;0.00689655172414;0;0;0.0206896551724;0.00689655172414;0;0;0;0;0;0;0;0;0;0;0;0;0
NA;2012;0.964071856287;0;0;0.0059880239521;0;0;0.0179640718563;0.0119760479042;0;0;0;0;0;0;0;0;0;0;0;0;0
NA;2013;0.940740740741;0;0;0.0148148148148;0;0;0.0296296296296;0.0148148148148;0;0;0;0;0;0;0;0;0;0;0;0;0
NA;2014;0.97385620915;0;0;0.0196078431373;0;0;0;0.00653594771242;0;0;0;0;0;0;0;0;0;0;0;0;0
NA;2015;0.949367088608;0;0;0.0253164556962;0;0;0.00632911392405;0.0189873417722;0;0;0;0;0;0;0;0;0;0;0;0;0
NA;2016;0.918918918919;0;0;0.0405405405405;0;0;0.0337837837838;0.00675675675676;0;0;0;0;0;0;0;0;0;0;0;0;0
NA;2017;0.898305084746;0;0;0.0621468926554;0;0;0.0395480225989;0;0;0;0;0;0;0;0;0;0;0;0;0;0
NA;2018;0.808510638298;0;0;0.163120567376;0.0141843971631;0;0.0141843971631;0;0;0;0;0;0;0;0;0;0;0;0;0;0
NA;2019;0.688405797101;0;0;0.260869565217;0.0144927536232;0;0.0289855072464;0.00724637681159;0;0;0;0;0;0;0;0;0;0;0;0;0
NA;2020;0.75;0;0;0.205;0.01;0;0.03;0.005;0;0;0;0;0;0;0;0;0;0;0;0;0
NA;2021;0.64238410596;0;0;0.317880794702;0.0132450331126;0;0.0264900662252;0;0;0;0;0;0;0;0;0;0;0;0;0;0
NA;2022;0.590909090909;0;0;0.378787878788;0.0151515151515;0;0.0151515151515;0;0;0;0;0;0;0;0;0;0;0;0;0;0
NA;2023;0.698412698413;0;0;0.269841269841;0.010582010582;0;0.015873015873;0.00529100529101;0;0;0;0;0;0;0;0;0;0;0;0;0
NA;2024;0.609756097561;0;0;0.353658536585;0.0121951219512;0;0.0243902439024;0;0;0;0;0;0;0;0;0;0;0;0;0;0
NC;2000;0.268292682927;0;0;0;0.00609756097561;0;0.103658536585;0.621951219512;0;0;0;0;0;0;0;0;0;0;0;0;0
NC;2001;0.209302325581;0;0;0;0.00581395348837;0;0.127906976744;0.656976744186;0;0;0;0;0;0;0;0;0;0;0;0;0
NC;2002;0.182857142857;0;0;0;0.00571428571429;0;0.16;0.651428571429;0;0;0;0;0;0;0;0;0;0;0;0;0
NC;2003;0.182857142857;0;0;0;0;0;0.0971428571429;0.72;0;0;0;0;0;0;0;0;0;0;0;0;0
NC;2004;0.191616766467;0;0;0;0.0059880239521;0;0.107784431138;0.694610778443;0;0;0;0;0;0;0;0;0;0;0;0;0
NC;2005;0.18085106383;0;0;0;0.0106382978723;0;0.0904255319149;0.718085106383;0;0;0;0;0;0;0;0;0;0;0;0;0
NC;2006;0.149732620321;0;0;0;0.0160427807487;0;0.096256684492;0.737967914439;0;0;0;0;0;0;0;0;0;0;0;0;0
NC;2007;0.20207253886;0;0;0;0.020725388601;0;0.0880829015544;0.689119170984;0;0;0;0;0;0;0;0;0;0;0;0;0
NC;2008;0.241935483871;0;0;0;0.0161290322581;0;0.0591397849462;0.682795698925;0;0;0;0;0;0;0;0;0;0;0;0;0
NC;2009;0.20618556701;0;0;0;0.0154639175258;0;0.10824742268;0.670103092784;0;0;0;0;0;0;0;0;0;0;0;0;0
NC;2010;0.122641509434;0;0;0;0.0235849056604;0;0.254716981132;0.599056603774;0;0;0;0;0;0;0;0;0;0;0;0;0
NC;2011;0.163716814159;0;0;0;0.0221238938053;0;0.256637168142;0.557522123894;0;0;0;0;0;0;0;0;0;0;0;0;0
NC;2012;0.174672489083;0;0;0;0.0262008733624;0;0.240174672489;0.558951965066;0;0;0;0;0;0;0;0;0;0;0;0;0
NC;2013;0.183266932271;0;0;0;0.0199203187251;0;0.254980079681;0.541832669323;0;0;0;0;0;0;0;0;0;0;0;0;0
NC;2014;0.0963455149502;0;0;0;0.0199335548173;0;0.255813953488;0.627906976744;0;0;0;0;0;0;0;0;0;0;0;0;0
NC;2015;0.11724137931;0;0;0.00344827586207;0.0206896551724;0;0.28275862069;0.575862068966;0;0;0;0;0;0;0;0;0;0;0;0;0
NC;2016;0.0732484076433;0;0;0.0031847133758;0.015923566879;0;0.359872611465;0.547770700637;0;0;0;0;0;0;0;0;0;0;0;0;0
NC;2017;0.111455108359;0;0;0.00928792569659;0.015479876161;0;0.414860681115;0.448916408669;0;0;0;0;0;0;0;0;0;0;0;0;0
NC;2018;0.0914285714286;0;0;0.0142857142857;0.0142857142857;0;0.408571428571;0.471428571429;0;0;0;0;0;0;0;0;0;0;0;0;0
NC;2019;0.0840840840841;0;0;0.036036036036;0.018018018018;0;0.453453453453;0.408408408408;0;0;0;0;0;0;0;0;0;0;0;0;0
NC;2020;0.0956790123457;0;0;0.0462962962963;0.0154320987654;0;0.472222222222;0.37037037037;0;0;0;0;0;0;0;0;0;0;0;0;0
NC;2021;0.147766323024;0;0;0.0618556701031;0.0137457044674;0;0.39175257732;0.384879725086;0;0;0;0;0;0;0;0;0;0;0;0;0
NC;2022;0.174757281553;0;0;0.0744336569579;0.0129449838188;0;0.368932038835;0.368932038835;0;0;0;0;0;0;0;0;0;0;0;0;0
NC;2023;0.174757281553;0;0;0.0744336569579;0.0129449838188;0;0.368932038835;0.368932038835;0;0;0;0;0;0;0;0;0;0;0;0;0
NC;2024;0.173076923077;0;0;0.0833333333333;0.0128205128205;0;0.365384615385;0.365384615385;0;0;0;0;0;0;0;0;0;0;0;0;0
NE;2000;0;0;0;0;0;0;0.666666666667;0.333333333333;0;0;0;0;0;0;0;0;0;0;0;0;0
NE;2001;0;0;0;0;0;0;0.722222222222;0.277777777778;0;0;0;0;0;0;0;0;0;0;0;0;0
NE;2002;0;0;0;0;0;0;0.736842105263;0.263157894737;0;0;0;0;0;0;0;0;0;0;0;0;0
NE;2003;0;0;0;0;0;0;0.75;0.25;0;0;0;0;0;0;0;0;0;0;0;0;0
NE;2004;0;0;0;0;0;0;0.75;0.25;0;0;0;0;0;0;0;0;0;0;0;0;0
NE;2005;0;0;0;0;0;0;0.695652173913;0.304347826087;0;0;0;0;0;0;0;0;0;0;0;0;0
NE;2006;0;0;0;0;0;0;0.772727272727;0.227272727273;0;0;0;0;0;0;0;0;0;0;0;0;0
NE;2007;0;0;0;0;0;0;0.681818181818;0.318181818182;0;0;0;0;0;0;0;0;0;0;0;0;0
NE;2008;0;0;0;0;0;0;0.772727272727;0.227272727273;0;0;0;0;0;0;0;0;0;0;0;0;0
NE;2009;0;0;0;0;0;0;0.730769230769;0.269230769231;0;0;0;0;0;0;0;0;0;0;0;0;0
NE;2010;0;0;0;0;0;0;0.689655172414;0.310344827586;0;0;0;0;0;0;0;0;0;0;0;0;0
NE;2011;0;0;0;0;0;0;0.735294117647;0.264705882353;0;0;0;0;0;0;0;0;0;0;0;0;0
NE;2012;0;0;0;0;0;0;0.641025641026;0.358974358974;0;0;0;0;0;0;0;0;0;0;0;0;0
NE;2013;0;0;0;0;0;0;0.545454545455;0.454545454545;0;0;0;0;0;0;0;0;0;0;0;0;0
NE;2014;0;0;0;0.0222222222222;0;0;0.555555555556;0.422222222222;0;0;0;0;0;0;0;0;0;0;0;0;0
NE;2015;0;0;0;0.0185185185185;0;0;0.407407407407;0.574074074074;0;0;0;0;0;0;0;0;0;0;0;0;0
NE;2016;0;0;0;0.0142857142857;0;0;0.314285714286;0.671428571429;0;0;0;0;0;0;0;0;0;0;0;0;0
NE;2017;0;0;0;0.0178571428571;0;0;0.375;0.607142857143;0;0;0;0;0;0;0;0;0;0;0;0;0
NE;2018;0;0;0.0754716981132;0.0188679245283;0;0;0.358490566038;0.547169811321;0;0;0;0;0;0;0;0;0;0;0;0;0
NE;2019;0;0;0.0746268656716;0.0298507462687;0;0;0.298507462687;0.597014925373;0;0;0;0;0;0;0;0;0;0;0;0;0
NE;2020;0;0;0.0746268656716;0.0298507462687;0;0;0.313432835821;0.582089552239;0;0;0;0;0;0;0;0;0;0;0;0;0
NE;2021;0;0;0.0704225352113;0.0281690140845;0;0;0.267605633803;0.633802816901;0;0;0;0;0;0;0;0;0;0;0;0;0
NE;2022;0;0;0.0632911392405;0.0253164556962;0;0;0.227848101266;0.683544303797;0;0;0;0;0;0;0;0;0;0;0;0;0
NE;2023;0;0;0.0515463917526;0.020618556701;0;0;0.175257731959;0.752577319588;0;0;0;0;0;0;0;0;0;0;0;0;0
NE;2024;0;0;0.0526315789474;0.0315789473684;0;0;0.178947368421;0.736842105263;0;0;0;0;0;0;0;0;0;0;0;0;0
NG;2000;0.381953867028;0;0.61736770692;0;0;0.00067842605156;0;0;0;0;0;0;0;0;0;0;0;0;0;0;0
NG;2001;0.382029734971;0;0.617323852618;0;0;0.000646412411118;0;0;0;0;0;0;0;0;0;0;0;0;0;0;0
NG;2002;0.381902552204;0;0.617633410673;0;0;0.00046403712297;0;0;0;0;0;0;0;0;0;0;0;0;0;0;0
NG;2003;0.368811881188;0;0.630693069307;0;0;0.00049504950495;0;0;0;0;0;0;0;0;0;0;0;0;0;0;0
NG;2004;0.333882256072;0;0.665706051873;0;0;0.000411692054343;0;0;0;0;0;0;0;0;0;0;0;0;0;0;0
NG;2005;0.329936305732;0;0.669639065817;0;0;0.000424628450106;0;0;0;0;0;0;0;0;0;0;0;0;0;0;0
NG;2006;0.270761245675;0;0.728806228374;0;0;0.000432525951557;0;0;0;0;0;0;0;0;0;0;0;0;0;0;0
NG;2007;0.27098738582;0;0.728577642453;0;0;0.000434971726838;0;0;0;0;0;0;0;0;0;0;0;0;0;0;0
NG;2008;0.270833333333;0;0.728693181818;0;0;0.000473484848485;0;0;0;0;0;0;0;0;0;0;0;0;0;0;0
NG;2009;0.228903486609;0;0.770591207681;0;0;0.000505305709955;0;0;0;0;0;0;0;0;0;0;0;0;0;0;0
NG;2010;0.243781094527;0;0.755836203597;0;0;0.000382701875239;0;0;0;0;0;0;0;0;0;0;0;0;0;0;0
NG;2011;0.217455621302;0;0.782174556213;0;0;0.000369822485207;0;0;0;0;0;0;0;0;0;0;0;0;0;0;0
NG;2012;0.196938065414;0;0.80201809325;0.000695894224078;0;0.000347947112039;0;0;0;0;0;0;0;0;0;0;0;0;0;0;0
NG;2013;0.184237815417;0;0.814379536813;0.00069132388524;0;0.00069132388524;0;0;0;0;0;0;0;0;0;0;0;0;0;0;0
NG;2014;0.165737298637;0;0.83302354399;0.000619578686493;0;0.000619578686493;0;0;0;0;0;0;0;0;0;0;0;0;0;0;0
NG;2015;0.193548387097;0;0.804944226711;0.000904431715405;0;0.000602954476937;0;0;0;0;0;0;0;0;0;0;0;0;0;0;0
NG;2016;0.223043240285;0;0.775314723591;0.000821018062397;0;0.000821018062397;0;0;0;0;0;0;0;0;0;0;0;0;0;0;0
NG;2017;0.240384615385;0;0.758064516129;0.000930521091811;0;0.000620347394541;0;0;0;0;0;0;0;0;0;0;0;0;0;0;0
NG;2018;0.209752111141;0;0.788341051485;0.00108962135658;0;0.000817216017434;0;0;0;0;0;0;0;0;0;0;0;0;0;0;0
NG;2019;0.231212287438;0;0.766593527153;0.00137136588042;0;0.00082281952825;0;0;0;0;0;0;0;0;0;0;0;0;0;0;0
NG;2020;0.202368421053;0;0.794473684211;0.00210526315789;0;0.00105263157895;0;0;0;0;0;0;0;0;0;0;0;0;0;0;0
NG;2021;0.202551020408;0;0.793367346939;0.00255102040816;0;0.0015306122449;0;0;0;0;0;0;0;0;0;0;0;0;0;0;0
NG;2022;0.242894736842;0;0.752894736842;0.00263157894737;0;0.00157894736842;0;0;0;0;0;0;0;0;0;0;0;0;0;0;0
NG;2023;0.222629521017;0;0.773216031281;0.00268817204301;0;0.00146627565982;0;0;0;0;0;0;0;0;0;0;0;0;0;0;0
NG;2024;0.24494142705;0;0.75;0.00346112886049;0;0.00159744408946;0;0;0;0;0;0;0;0;0;0;0;0;0;0;0
NG;2025;0.315124567718;0;0.680405580257;0.00305831980615;0;0.00141153221822;0;0;0;0;0;0;0;0;0;0;0;0;0;0;0
NI;2000;0.0921052631579;0;0;0;0;0.0657894736842;0;0.785087719298;0.0570175438596;0;0;0;0;0;0;0;0;0;0;0;0
NI;2001;0.0769230769231;0;0;0;0;0.0364372469636;0;0.801619433198;0.085020242915;0;0;0;0;0;0;0;0;0;0;0;0
NI;2002;0.117647058824;0;0;0;0;0.0509803921569;0;0.749019607843;0.0823529411765;0;0;0;0;0;0;0;0;0;0;0;0
NI;2003;0.107407407407;0;0;0;0;0.0666666666667;0;0.725925925926;0.1;0;0;0;0;0;0;0;0;0;0;0;0
NI;2004;0.113879003559;0;0;0;0;0.0782918149466;0;0.718861209964;0.0889679715302;0;0;0;0;0;0;0;0;0;0;0;0
NI;2005;0.15034965035;0;0;0;0;0.111888111888;0;0.643356643357;0.0944055944056;0;0;0;0;0;0;0;0;0;0;0;0
NI;2006;0.0990415335463;0;0;0;0;0.102236421725;0;0.699680511182;0.0990415335463;0;0;0;0;0;0;0;0;0;0;0;0
NI;2007;0.09375;0;0;0;0;0.11875;0;0.7125;0.075;0;0;0;0;0;0;0;0;0;0;0;0
NI;2008;0.157738095238;0;0;0;0;0.10119047619;0;0.645833333333;0.0952380952381;0;0;0;0;0;0;0;0;0;0;0;0
NI;2009;0.0840579710145;0;0;0;0.031884057971;0.104347826087;0;0.692753623188;0.0869565217391;0;0;0;0;0;0;0;0;0;0;0;0
NI;2010;0.13698630137;0;0;0;0.0438356164384;0.104109589041;0;0.632876712329;0.0821917808219;0;0;0;0;0;0;0;0;0;0;0;0
NI;2011;0.115485564304;0;0;0;0.0551181102362;0.0971128608924;0;0.661417322835;0.0708661417323;0;0;0;0;0;0;0;0;0;0;0;0
NI;2012;0.104218362283;0;0;0;0.0818858560794;0.111662531017;0;0.573200992556;0.129032258065;0;0;0;0;0;0;0;0;0;0;0;0
NI;2013;0.1103117506;0;0;0;0.134292565947;0.115107913669;0;0.47721822542;0.163069544365;0;0;0;0;0;0;0;0;0;0;0;0
NI;2014;0.0896860986547;0;0;0;0.190582959641;0.109865470852;0;0.461883408072;0.14798206278;0;0;0;0;0;0;0;0;0;0;0;0
NI;2015;0.0631808278867;0;0;0;0.18954248366;0.100217864924;0;0.498910675381;0.148148148148;0;0;0;0;0;0;0;0;0;0;0;0
NI;2016;0.0936819172113;0;0;0;0.159041394336;0.115468409586;0;0.477124183007;0.154684095861;0;0;0;0;0;0;0;0;0;0;0;0
NI;2017;0.103982300885;0;0;0.00221238938053;0.139380530973;0.148230088496;0;0.440265486726;0.16592920354;0;0;0;0;0;0;0;0;0;0;0;0
NI;2018;0.0881720430108;0;0;0.00430107526882;0.172043010753;0.150537634409;0;0.412903225806;0.172043010753;0;0;0;0;0;0;0;0;0;0;0;0
NI;2019;0.0502183406114;0;0;0.00655021834061;0.159388646288;0.183406113537;0;0.430131004367;0.170305676856;0;0;0;0;0;0;0;0;0;0;0;0
NI;2020;0.150395778364;0;0;0.00791556728232;0.145118733509;0.192612137203;0;0.300791556728;0.203166226913;0;0;0;0;0;0;0;0;0;0;0;0
NI;2021;0.142517814727;0;0;0.00712589073634;0.1567695962;0.211401425178;0;0.308788598575;0.173396674584;0;0;0;0;0;0;0;0;0;0;0;0
NI;2022;0.138888888889;0;0;0.00694444444444;0.12962962963;0.206018518519;0;0.358796296296;0.159722222222;0;0;0;0;0;0;0;0;0;0;0;0
NI;2023;0.143805309735;0;0;0.00663716814159;0.12389380531;0.196902654867;0;0.37610619469;0.152654867257;0;0;0;0;0;0;0;0;0;0;0;0
NI;2024;0.143805309735;0;0;0.00663716814159;0.12389380531;0.196902654867;0;0.37610619469;0.152654867257;0;0;0;0;0;0;0;0;0;0;0;0
NL;1990;0.0012729844413;0.049504950495;0.516690240453;0;0.000848656294201;0.00947666195191;0.353748231966;0.0684582743989;0;0;0;0;0;0;0;0;0;0;0;0;0
NL;1991;0.00136574706364;0.0454793772193;0.5600928708;0;0.00122917235728;0.010106528271;0.309478284622;0.0722480196668;0;0;0;0;0;0;0;0;0;0;0;0;0
NL;1992;0.00158227848101;0.0501054852321;0.573048523207;0;0.00197784810127;0.00962552742616;0.298391350211;0.0652689873418;0;0;0;0;0;0;0;0;0;0;0;0;0
NL;1993;0.0011860832894;0.0520558777016;0.581444385872;0;0.00224037954665;0.0110701107011;0.282156035846;0.0698471270427;0;0;0;0;0;0;0;0;0;0;0;0;0
NL;1994;0.00127779197547;0.050728341426;0.556350626118;0;0.00306670074112;0.0117556861743;0.308075645285;0.0687452082801;0;0;0;0;0;0;0;0;0;0;0;0;0
NL;1995;0.00112810228127;0.0503885685635;0.526573075959;0;0.00401103033342;0.0125344697919;0.343444472299;0.0619202807721;0;0;0;0;0;0;0;0;0;0;0;0;0
NL;1996;0.000951587962412;0.0494825740454;0.56000951588;0;0.00523373379327;0.0154633043892;0.307125014869;0.0617342690615;0;0;0;0;0;0;0;0;0;0;0;0;0
NL;1997;0.00105757931845;0.0283196239718;0.595299647474;0;0.00552291421857;0.0170387779083;0.287191539365;0.0655699177438;0;0;0;0;0;0;0;0;0;0;0;0;0
NL;1998;0.00123056270276;0.0426222172503;0.571204832755;0;0.00715963754335;0.0175634858485;0.295670656673;0.0645486072268;0;0;0;0;0;0;0;0;0;0;0;0;0
NL;1999;0.00105683419446;0.0449741662752;0.600634100517;0.000117426021606;0.00751526538281;0.0207844058243;0.257397839361;0.0675199624237;0;0;0;0;0;0;0;0;0;0;0;0;0
NL;2000;0.00158982511924;0.0446286622757;0.585055643879;0.000113558937088;0.00942539177833;0.0225982284806;0.275721099251;0.0608675902794;0;0;0;0;0;0;0;0;0;0;0;0;0
NL;2001;0.00130236596484;0.0431951378337;0.583568482744;0.00010853049707;0.00900803125678;0.0255046668114;0.276535706534;0.060777078359;0;0;0;0;0;0;0;0;0;0;0;0;0
NL;2002;0.00116229923922;0.041314454776;0.584108199493;0.000211327134404;0.0100380388842;0.0306424344886;0.274619611158;0.0579036348267;0;0;0;0;0;0;0;0;0;0;0;0;0
NL;2003;0.000733214622394;0.0421074683147;0.576306693202;0.000314234838169;0.0138263328794;0.0266052162983;0.278307321672;0.0617995181732;0;0;0;0;0;0;0;0;0;0;0;0;0
NL;2004;0.000901622921258;0.0382688839912;0.600981767181;0.000300540973753;0.0187337206973;0.0331596874374;0.249949909838;0.0577038669605;0;0;0;0;0;0;0;0;0;0;0;0;0
NL;2005;0.000913427382523;0.0405967725566;0.584593524815;0.000405967725566;0.021008829798;0.0533847559119;0.23850603877;0.0605906830407;0;0;0;0;0;0;0;0;0;0;0;0;0
NL;2006;0.00112797374897;0.0355824446267;0.585931091058;0.000410172272354;0.0280968006563;0.0530147662018;0.243437243642;0.0523995077933;0;0;0;0;0;0;0;0;0;0;0;0;0
NL;2007;0.00106095679012;0.0405092592593;0.588445216049;0.000385802469136;0.0331790123457;0.0385802469136;0.240354938272;0.0574845679012;0;0;0;0;0;0;0;0;0;0;0;0;0
NL;2008;0.000941530929291;0.0392618397514;0.596553996799;0.000376612371716;0.0401092175878;0.0483005366726;0.221071462198;0.0533848036908;0;0;0;0;0;0;0;0;0;0;0;0;0
NL;2009;0.000890075656431;0.0378282153983;0.612995104584;0.000356030262572;0.0407654650645;0.0543836226079;0.216110369381;0.0366711170449;0;0;0;0;0;0;0;0;0;0;0;0;0
NL;2010;0.000846740050804;0.0336155800169;0.637849280271;0.000508044030483;0.0337849280271;0.0596104995766;0.191278577477;0.0425063505504;0;0;0;0;0;0;0;0;0;0;0;0;0
NL;2011;0.000532670454545;0.0367542613636;0.616743607955;0.000887784090909;0.0452769886364;0.0626775568182;0.189897017045;0.0472301136364;0;0;0;0;0;0;0;0;0;0;0;0;0
NL;2012;0.000977803852547;0.0382321306346;0.553045859001;0.00185782731984;0.0486946318568;0.0704018773834;0.236726312702;0.0500635572504;0;0;0;0;0;0;0;0;0;0;0;0;0
NL;2013;0.0010938743039;0.028739061257;0.557577565632;0.00407716785998;0.0559864757359;0.059168655529;0.244729514718;0.0486276849642;0;0;0;0;0;0;0;0;0;0;0;0;0
NL;2014;0.00107737512243;0.0400587659158;0.504603330069;0.00714985308521;0.0568070519099;0.049069539667;0.288834476004;0.0523996082272;0;0;0;0;0;0;0;0;0;0;0;0;0
NL;2015;0.000825763831544;0.03743462703;0.420313790256;0.010184420589;0.0692724103129;0.0453252591981;0.361409303606;0.0552344251766;0;0;0;0;0;0;0;0;0;0;0;0;0
NL;2016;0.000877500877501;0.034749034749;0.460951210951;0.01404001404;0.0716918216918;0.0430852930853;0.323095823096;0.0515093015093;0;0;0;0;0;0;0;0;0;0;0;0;0
NL;2017;0.000517063081696;0.0293002412961;0.497500861772;0.0189589796622;0.0910892795588;0.03964150293;0.270423991727;0.0525680799724;0;0;0;0;0;0;0;0;0;0;0;0;0
NL;2018;0.000618921308576;0.0310344827586;0.509549071618;0.0328028293546;0.0932802829355;0.0402298850575;0.243854995579;0.0486295313882;0;0;0;0;0;0;0;0;0;0;0;0;0
NL;2019;0.000583090379009;0.0325697625989;0.58908788005;0.0449812578092;0.0958767180342;0.0484798000833;0.147355268638;0.0410662224073;0;0;0;0;0;0;0;0;0;0;0;0;0
NL;2020;0.000409970482125;0.0335355854378;0.594621187275;0.0702689406363;0.125204985241;0.0724827812398;0.0624795014759;0.0409970482125;0;0;0;0;0;0;0;0;0;0;0;0;0
NL;2021;0.000744478451485;0.0316816941021;0.468938704607;0.0934734055753;0.14997104806;0.0903300521135;0.120770948796;0.0440896682935;0;0;0;0;0;0;0;0;0;0;0;0;0
NL;2022;0.000416805601867;0.0346782260754;0.397965988663;0.138879626542;0.179809936646;0.0818606202067;0.123374458153;0.0430143381127;0;0;0;0;0;0;0;0;0;0;0;0;0
NL;2023;0.000583527842614;0.033261087029;0.384211403801;0.163471157052;0.246082027342;0.0636878959653;0.0726075358453;0.0360953651217;0;0;0;0;0;0;0;0;0;0;0;0;0
NL;2024;0.000735630680704;0.0291800170012;0.362012031648;0.178349571699;0.273769044661;0.0546001438567;0.0610573464984;0.0402962139541;0;0;0;0;0;0;0;0;0;0;0;0;0
NO;1990;0.996217105263;0;0;0;0;0.00172697368421;0.000328947368421;0.00172697368421;0;0;0;0;0;0;0;0;0;0;0;0;0
NO;1991;0.996110709117;0;0;0;0;0.0018994211288;0.000452243125904;0.00153762662808;0;0;0;0;0;0;0;0;0;0;0;0;0
NO;1992;0.996242848604;0;0;0;0;0.00196396550252;0.000426949022287;0.00136623687132;0;0;0;0;0;0;0;0;0;0;0;0;0
NO;1993;0.995907116605;0;8.35282325426e-05;0;8.35282325426e-05;0.00200467758102;0.000417641162713;0.00150350818577;0;0;0;0;0;0;0;0;0;0;0;0;0
NO;1994;0.993945868946;0;0.00133547008547;0;8.90313390313e-05;0.00240384615385;0.000534188034188;0.0016915954416;0;0;0;0;0;0;0;0;0;0;0;0;0
NO;1995;0.994110429448;0;0.00155419222904;0;8.1799591002e-05;0.00237218813906;0.000490797546012;0.00139059304703;0;0;0;0;0;0;0;0;0;0;0;0;0
NO;1996;0.99207183112;0;0.00267456299551;0;9.55201069825e-05;0.00286560320948;0.000477600534913;0.00181488203267;0;0;0;0;0;0;0;0;0;0;0;0;0
NO;1997;0.993484162896;0;0.00217194570136;0;9.04977375566e-05;0.00217194570136;0.000361990950226;0.00171945701357;0;0;0;0;0;0;0;0;0;0;0;0;0
NO;1998;0.993815495619;0;0.00188970967188;0;8.58958941763e-05;0.00231918914276;0.000343583576705;0.00154612609517;0;0;0;0;0;0;0;0;0;0;0;0;0
NO;1999;0.993131081855;0;0.0022896393818;0;0.000245318505193;0.00220786654673;0.000327091340257;0.00179900237141;0;0;0;0;0;0;0;0;0;0;0;0;0
NO;2000;0.995088408644;0;0.00147347740668;0;0.000210496772383;0.00182430536065;0.000280662363177;0.00112264945271;0;0;0;0;0;0;0;0;0;0;0;0;0
NO;2001;0.992911308935;0;0.00197823936696;0;0.00024727992087;0.00206066600725;0.000329706561161;0.0024727992087;0;0;0;0;0;0;0;0;0;0;0;0;0
NO;2002;0.99332002457;0;0.00153562653563;0;0.000614250614251;0.00191953316953;0.000307125307125;0.00230343980344;0;0;0;0;0;0;0;0;0;0;0;0;0
NO;2003;0.988844098622;0;0.00281241211212;0;0.00206243554889;0.00309365332333;0.000374988281616;0.00281241211212;0;0;0;0;0;0;0;0;0;0;0;0;0
NO;2004;0.988010899183;0;0.00336058128974;0;0.00227066303361;0.00326975476839;0.000363306085377;0.00272479564033;0;0;0;0;0;0;0;0;0;0;0;0;0
NO;2005;0.988633879781;0;0.00276867030965;0;0.00364298724954;0.0024043715847;0.000291438979964;0.00225865209472;0;0;0;0;0;0;0;0;0;0;0;0;0
NO;2006;0.984738491998;0;0.00387724797888;0;0.00527965682231;0.00321729087609;0.000329978551394;0.0025573337733;0;0;0;0;0;0;0;0;0;0;0;0;0
NO;2007;0.98199985306;0;0.00558371905077;0;0.0065388288884;0.00286532951289;0.00029387995004;0.00271838953787;0;0;0;0;0;0;0;0;0;0;0;0;0
NO;2008;0.984772292655;0;0.00311636801473;0;0.00644521566683;0.00283306183157;0.000283306183157;0.00254975564842;0;0;0;0;0;0;0;0;0;0;0;0;0
NO;2009;0.956554936245;0;0.0322974727037;0;0.00740627624647;0.00175612735741;0.000305413453463;0.00167977399404;0;0;0;0;0;0;0;0;0;0;0;0;0
NO;2010;0.948026636349;0;0.0389800227383;0;0.00706512912133;0.00284229332467;0.00032483352282;0.00276108494397;0;0;0;0;0;0;0;0;0;0;0;0;0
NO;2011;0.955133804495;0;0.029460811562;0;0.0102437862304;0.00269991264988;0.000317636782339;0.00214404828079;0;0;0;0;0;0;0;0;0;0;0;0;0
NO;2012;0.96948967027;0;0.0153235736763;0;0.0105349569024;0.00225749076481;0.000273635244219;0.0021206731427;0;0;0;0;0;0;0;0;0;0;0;0;0
NO;2013;0.962445546042;0;0.0155475439387;0;0.0141204746883;0.00300435631666;0.000300435631666;0.00458164338291;0;0;0;0;0;0;0;0;0;0;0;0;0
NO;2014;0.961598523566;0;0.0157580919932;0;0.0157580919932;0.00177455990914;0.000283929585463;0.00482680295287;0;0;0;0;0;0;0;0;0;0;0;0;0
NO;2015;0.96013986014;0;0.0153846153846;0;0.0176223776224;0.00174825174825;0.00027972027972;0.00482517482517;0;0;0;0;0;0;0;0;0;0;0;0;0
NO;2016;0.96473687766;0;0.0149294062014;0;0.0142538674593;0.00155373910694;0.000270215496859;0.00425589407553;0;0;0;0;0;0;0;0;0;0;0;0;0
NO;2017;0.960207729143;0;0.0138935725366;0;0.0192216901598;0.00175355769879;0.000269778107507;0.00465367235449;0;0;0;0;0;0;0;0;0;0;0;0;0
NO;2018;0.952309168151;0;0.0149376456078;0;0.0265177470193;0.00137042620255;0.00027408524051;0.00459092777854;0;0;0;0;0;0;0;0;0;0;0;0;0
NO;2019;0.936187700814;0;0.0153926623328;7.47216618098e-05;0.041246357319;0.00186804154524;0.000298886647239;0.00493162967944;0;0;0;0;0;0;0;0;0;0;0;0;0
NO;2020;0.918869880767;0;0.0104328667703;0.000518403317781;0.0642172109902;0.00155520995334;0.000259201658891;0.00414722654225;0;0;0;0;0;0;0;0;0;0;0;0;0
NO;2021;0.916247692993;0;0.00197288869089;0.000700057277414;0.0748424871126;0.00140011455483;0.000254566282696;0.00458219308853;0;0;0;0;0;0;0;0;0;0;0;0;0
NO;2022;0.881859441617;0;0.00790812818044;0.00116902764407;0.101774171366;0.00165039196809;0.000275065328015;0.0053637738963;0;0;0;0;0;0;0;0;0;0;0;0;0
NO;2023;0.889865260691;0;0.0099589923843;0.00234329232572;0.0908676690751;0.0016272863373;0.000195274360476;0.00514222482588;0;0;0;0;0;0;0;0;0;0;0;0;0
NO;2024;0.888259444321;0;0.00935679959263;0.00337353998918;0.0928996530982;0.00152764074982;0;0.00458292224945;0;0;0;0;0;0;0;0;0;0;0;0;0
NO;2025;0.900052221269;0;0.00577542367613;0.00333843112388;0.084281398038;0.00149203625648;0;0.00426473696644;0.000795752670123;0;0;0;0;0;0;0;0;0;0;0;0
NP;2000;0.981818181818;0;0;0;0;0;0;0.0181818181818;0;0;0;0;0;0;0;0;0;0;0;0;0
NP;2001;0.989189189189;0;0;0;0;0;0;0.0108108108108;0;0;0;0;0;0;0;0;0;0;0;0;0
NP;2002;1;0;0;0;0;0;0;0;0;0;0;0;0;0;0;0;0;0;0;0;0
NP;2003;1;0;0;0;0;0;0;0;0;0;0;0;0;0;0;0;0;0;0;0;0
NP;2004;0.995815899582;0;0;0;0;0;0;0.00418410041841;0;0;0;0;0;0;0;0;0;0;0;0;0
NP;2005;0.99203187251;0;0;0;0;0;0;0.00796812749004;0;0;0;0;0;0;0;0;0;0;0;0;0
NP;2006;0.996323529412;0;0;0;0;0;0;0.00367647058824;0;0;0;0;0;0;0;0;0;0;0;0;0
NP;2007;0.996389891697;0;0;0;0;0;0;0.00361010830325;0;0;0;0;0;0;0;0;0;0;0;0;0
NP;2008;0.996415770609;0;0;0;0;0;0;0.00358422939068;0;0;0;0;0;0;0;0;0;0;0;0;0
NP;2009;0.996753246753;0;0;0;0;0;0;0.00324675324675;0;0;0;0;0;0;0;0;0;0;0;0;0
NP;2010;0.996855345912;0;0;0.00314465408805;0;0;0;0;0;0;0;0;0;0;0;0;0;0;0;0;0
NP;2011;0.99710982659;0;0;0.0028901734104;0;0;0;0;0;0;0;0;0;0;0;0;0;0;0;0;0
NP;2012;0.991501416431;0;0;0.0028328611898;0;0;0;0.0056657223796;0;0;0;0;0;0;0;0;0;0;0;0;0
NP;2013;0.991428571429;0;0;0.00571428571429;0;0;0;0.00285714285714;0;0;0;0;0;0;0;0;0;0;0;0;0
NP;2014;0.992105263158;0;0;0.00526315789474;0.00263157894737;0;0;0;0;0;0;0;0;0;0;0;0;0;0;0;0
NP;2015;0.991329479769;0;0;0.00578034682081;0.0028901734104;0;0;0;0;0;0;0;0;0;0;0;0;0;0;0;0
NP;2016;0.992822966507;0;0;0.00478468899522;0.00239234449761;0;0;0;0;0;0;0;0;0;0;0;0;0;0;0;0
NP;2017;0.980349344978;0;0;0.0174672489083;0.00218340611354;0;0;0;0;0;0;0;0;0;0;0;0;0;0;0;0
NP;2018;0.981404958678;0;0;0.0165289256198;0.00206611570248;0;0;0;0;0;0;0;0;0;0;0;0;0;0;0;0
NP;2019;0.985365853659;0;0;0.0130081300813;0.00162601626016;0;0;0;0;0;0;0;0;0;0;0;0;0;0;0;0
NP;2020;0.985436893204;0;0;0.0129449838188;0.00161812297735;0;0;0;0;0;0;0;0;0;0;0;0;0;0;0;0
NP;2021;0.989615784008;0;0;0.00934579439252;0.00103842159917;0;0;0;0;0;0;0;0;0;0;0;0;0;0;0;0
NP;2022;0.989719626168;0;0;0.00934579439252;0.000934579439252;0;0;0;0;0;0;0;0;0;0;0;0;0;0;0;0
NP;2023;0.989719626168;0;0;0.00934579439252;0.000934579439252;0;0;0;0;0;0;0;0;0;0;0;0;0;0;0;0
NP;2024;0.988319856244;0;0;0.010781671159;0.000898472596586;0;0;0;0;0;0;0;0;0;0;0;0;0;0;0;0
NR;2000;0;0;0;0;0;0;0;1;0;0;0;0;0;0;0;0;0;0;0;0;0
NR;2001;0;0;0;0;0;0;0;1;0;0;0;0;0;0;0;0;0;0;0;0;0
NR;2002;0;0;0;0;0;0;0;1;0;0;0;0;0;0;0;0;0;0;0;0;0
NR;2003;0;0;0;0;0;0;0;1;0;0;0;0;0;0;0;0;0;0;0;0;0
NR;2004;0;0;0;0;0;0;0;1;0;0;0;0;0;0;0;0;0;0;0;0;0
NR;2005;0;0;0;0;0;0;0;1;0;0;0;0;0;0;0;0;0;0;0;0;0
NR;2006;0;0;0;0;0;0;0;1;0;0;0;0;0;0;0;0;0;0;0;0;0
NR;2007;0;0;0;0;0;0;0;1;0;0;0;0;0;0;0;0;0;0;0;0;0
NR;2008;0;0;0;0;0;0;0;1;0;0;0;0;0;0;0;0;0;0;0;0;0
NR;2009;0;0;0;0;0;0;0;1;0;0;0;0;0;0;0;0;0;0;0;0;0
NR;2010;0;0;0;0;0;0;0;1;0;0;0;0;0;0;0;0;0;0;0;0;0
NR;2011;0;0;0;0;0;0;0;1;0;0;0;0;0;0;0;0;0;0;0;0;0
NR;2012;0;0;0;0;0;0;0;1;0;0;0;0;0;0;0;0;0;0;0;0;0
NR;2013;0;0;0;0;0;0;0;1;0;0;0;0;0;0;0;0;0;0;0;0;0
NR;2014;0;0;0;0;0;0;0;1;0;0;0;0;0;0;0;0;0;0;0;0;0
NR;2015;0;0;0;0;0;0;0;1;0;0;0;0;0;0;0;0;0;0;0;0;0
NR;2016;0;0;0;0;0;0;0;1;0;0;0;0;0;0;0;0;0;0;0;0;0
NR;2017;0;0;0;0;0;0;0;1;0;0;0;0;0;0;0;0;0;0;0;0;0
NR;2018;0;0;0;0;0;0;0;1;0;0;0;0;0;0;0;0;0;0;0;0;0
NR;2019;0;0;0;0;0;0;0;1;0;0;0;0;0;0;0;0;0;0;0;0;0
NR;2020;0;0;0;0;0;0;0;1;0;0;0;0;0;0;0;0;0;0;0;0;0
NR;2021;0;0;0;0;0;0;0;1;0;0;0;0;0;0;0;0;0;0;0;0;0
NR;2022;0;0;0;0;0;0;0;1;0;0;0;0;0;0;0;0;0;0;0;0;0
NR;2023;0;0;0;0;0;0;0;1;0;0;0;0;0;0;0;0;0;0;0;0;0
NR;2024;0;0;0;0.2;0;0;0;0.8;0;0;0;0;0;0;0;0;0;0;0;0;0
NZ;2000;0.621691081984;0;0.242868157286;0;0.00308404009252;0.0218452839887;0.0257003341043;0.0138781804163;0.070932922128;0;0;0;0;0;0;0;0;0;0;0;0
NZ;2001;0.54633401222;0;0.309572301426;0;0.00356415478615;0.0183299389002;0.0389511201629;0.0150203665988;0.0682281059063;0;0;0;0;0;0;0;0;0;0;0;0
NZ;2002;0.612285501119;0;0.252424769958;0;0.00373041531957;0.014424272569;0.0373041531957;0.0139268838597;0.0659040039791;0;0;0;0;0;0;0;0;0;0;0;0
NZ;2003;0.579390636611;0;0.240525142432;0;0.00371563041863;0.0136239782016;0.0814961605152;0.0170918999257;0.064156551895;0;0;0;0;0;0;0;0;0;0;0;0
NZ;2004;0.638041163946;0;0.162290040218;0;0.00851667849539;0.0151407617696;0.0977052282943;0.0160870593802;0.0622190678969;0;0;0;0;0;0;0;0;0;0;0;0
NZ;2005;0.543549905838;0;0.217984934087;0;0.0143596986817;0.0160075329567;0.123587570621;0.0143596986817;0.0701506591337;0;0;0;0;0;0;0;0;0;0;0;0
NZ;2006;0.542286245353;0;0.223280669145;0;0.014405204461;0.0171933085502;0.113615241636;0.0153345724907;0.0738847583643;0;0;0;0;0;0;0;0;0;0;0;0
NZ;2007;0.539419087137;0;0.27224527432;0;0.0212079299216;0.0170585523283;0.0587828492393;0.0140617796219;0.077224527432;0;0;0;0;0;0;0;0;0;0;0;0
NZ;2008;0.509794883614;0;0.24337404932;0;0.0241991242222;0.0168241530307;0.0977183682876;0.0165936851809;0.0914957363448;0;0;0;0;0;0;0;0;0;0;0;0
NZ;2009;0.55832363213;0;0.206286379511;0;0.0339930151339;0.0176949941793;0.0635622817229;0.0132712456345;0.106868451688;0;0;0;0;0;0;0;0;0;0;0;0
NZ;2010;0.552471225457;0;0.222071767095;0;0.0365605958023;0.0173775671406;0.0320469419995;0.0146693748589;0.124802527646;0;0;0;0;0;0;0;0;0;0;0;0
NZ;2011;0.566803465572;0;0.190378476972;0;0.0442316461468;0.0173278613771;0.0367077063383;0.0129958960328;0.13155494756;0;0;0;0;0;0;0;0;0;0;0;0
NZ;2012;0.518171428571;0;0.201371428571;0;0.0470857142857;0.0182857142857;0.0672;0.0141714285714;0.133714285714;0;0;0;0;0;0;0;0;0;0;0;0
NZ;2013;0.533957845433;0;0.202107728337;0.000234192037471;0.0468384074941;0.0187353629977;0.0409836065574;0.0149882903981;0.142154566745;0;0;0;0;0;0;0;0;0;0;0;0
NZ;2014;0.560810810811;0;0.163094128611;0.000465983224604;0.0510251630941;0.0186393289842;0.0312208760485;0.014678471575;0.160065237651;0;0;0;0;0;0;0;0;0;0;0;0
NZ;2015;0.557264172596;0;0.156070690842;0.000918062887308;0.0537066789075;0.0188202891898;0.0282304337847;0.0149185219188;0.170071149874;0;0;0;0;0;0;0;0;0;0;0;0
NZ;2016;0.594669756663;0;0.132329084589;0.00139049826188;0.0537659327926;0.0187717265353;0.0101969872538;0.0141367323291;0.174739281576;0;0;0;0;0;0;0;0;0;0;0;0
NZ;2017;0.571003206596;0;0.159871736143;0.00183234081539;0.0474118185983;0.0183234081539;0.0132844709116;0.0146587265231;0.173614292258;0;0;0;0;0;0;0;0;0;0;0;0
NZ;2018;0.595243539904;0;0.129430596844;0.00228675966156;0.046878573062;0.017608049394;0.0224102446833;0.0141779099017;0.171964326549;0;0;0;0;0;0;0;0;0;0;0;0
NZ;2019;0.578742857143;0;0.123885714286;0.00297142857143;0.0509714285714;0.0180571428571;0.0363428571429;0.0155428571429;0.173485714286;0;0;0;0;0;0;0;0;0;0;0;0
NZ;2020;0.554325259516;0;0.137024221453;0.00369088811995;0.0525951557093;0.0179930795848;0.0392156862745;0.0145328719723;0.18062283737;0;0;0;0;0;0;0;0;0;0;0;0
NZ;2021;0.550861079219;0;0.106773823192;0.00482204362801;0.0601607347876;0.0183696900115;0.0597014925373;0.0163030998852;0.183008036739;0;0;0;0;0;0;0;0;0;0;0;0
NZ;2022;0.597919075145;0;0.0996531791908;0.00647398843931;0.0668208092486;0.0173410404624;0.0166473988439;0.0143352601156;0.180809248555;0;0;0;0;0;0;0;0;0;0;0;0
NZ;2023;0.610165539753;0;0.0783399393798;0.00862671951504;0.0818372581021;0.0153882023782;0.0123571928188;0.0130566565633;0.18022849149;0;0;0;0;0;0;0;0;0;0;0;0
NZ;2024;0.532833446944;0;0.0979322881163;0.00840718018632;0.0979322881163;0.0177232447171;0.027266530334;0.0149965916837;0.202908429902;0;0;0;0;0;0;0;0;0;0;0;0
NZ;2025;0.544975122097;0;0.0874968472703;0.00848370898585;0.0964162061771;0.0128172792516;0.0113039690001;0.0146974525944;0.223809414624;0;0;0;0;0;0;0;0;0;0;0;0
OM;2000;0;0;0.82875960483;0;0;0;0;0.17124039517;0;0;0;0;0;0;0;0;0;0;0;0;0
OM;2001;0;0;0.82340862423;0;0;0;0;0.17659137577;0;0;0;0;0;0;0;0;0;0;0;0;0
OM;2002;0;0;0.819941916747;0;0;0;0;0.180058083253;0;0;0;0;0;0;0;0;0;0;0;0;0
OM;2003;0;0;0.8197945845;0;0;0;0;0.1802054155;0;0;0;0;0;0;0;0;0;0;0;0;0
OM;2004;0;0;0.82;0;0;0;0;0.18;0;0;0;0;0;0;0;0;0;0;0;0;0
OM;2005;0;0;0.841897233202;0;0;0;0;0.158102766798;0;0;0;0;0;0;0;0;0;0;0;0;0
OM;2006;0;0;0.849510910459;0;0;0;0;0.150489089541;0;0;0;0;0;0;0;0;0;0;0;0;0
OM;2007;0;0;0.982357092449;0;0;0;0;0.0176429075512;0;0;0;0;0;0;0;0;0;0;0;0;0
OM;2008;0;0;0.978193146417;0;0;0;0;0.0218068535826;0;0;0;0;0;0;0;0;0;0;0;0;0
OM;2009;0;0;0.978319783198;0;0;0;0;0.0216802168022;0;0;0;0;0;0;0;0;0;0;0;0;0
OM;2010;0;0;0.977788995457;0;0;0;0;0.0222110045432;0;0;0;0;0;0;0;0;0;0;0;0;0
OM;2011;0;0;0.976680384088;0;0;0;0;0.0233196159122;0;0;0;0;0;0;0;0;0;0;0;0;0
OM;2012;0;0;0.975619504396;0;0;0;0;0.0243804956035;0;0;0;0;0;0;0;0;0;0;0;0;0
OM;2013;0;0;0.973704268293;0;0;0;0;0.0262957317073;0;0;0;0;0;0;0;0;0;0;0;0;0
OM;2014;0;0;0.973910058359;0;0;0;0;0.0260899416409;0;0;0;0;0;0;0;0;0;0;0;0;0
OM;2015;0;0;0.973740458015;0;0;0;0;0.0262595419847;0;0;0;0;0;0;0;0;0;0;0;0;0
OM;2016;0;0;0.972538708735;0;0;0;0;0.027461291265;0;0;0;0;0;0;0;0;0;0;0;0;0
OM;2017;0;0;0.970677731674;0.000553250345781;0;0;0;0.0287690179806;0;0;0;0;0;0;0;0;0;0;0;0;0
OM;2018;0;0;0.96875;0.00132415254237;0;0;0;0.0299258474576;0;0;0;0;0;0;0;0;0;0;0;0;0
OM;2019;0;0;0.969658009771;0.00128567755207;0.000257135510414;0;0;0.0287991771664;0;0;0;0;0;0;0;0;0;0;0;0;0
OM;2020;0;0;0.973821989529;0.00261780104712;0;0;0;0.0235602094241;0;0;0;0;0;0;0;0;0;0;0;0;0
OM;2021;0;0;0.946341463415;0.0146341463415;0.00243902439024;0;0;0.0365853658537;0;0;0;0;0;0;0;0;0;0;0;0;0
OM;2022;0;0;0.915094339623;0.0424528301887;0.00235849056604;0;0;0.0400943396226;0;0;0;0;0;0;0;0;0;0;0;0;0
OM;2023;0;0;0.915555555556;0.0466666666667;0.00222222222222;0;0;0.0355555555556;0;0;0;0;0;0;0;0;0;0;0;0;0
OM;2024;0;0;0.912423625255;0.0468431771894;0.0020366598778;0;0;0.0386965376782;0;0;0;0;0;0;0;0;0;0;0;0;0
OM;2025;0;0;0.918636114212;0.0435202179795;0.00189218339041;0;0;0.0359514844179;0;0;0;0;0;0;0;0;0;0;0;0;0
PA;2000;0.699386503067;0;0;0;0;0.0040899795501;0;0.296523517382;0;0;0;0;0;0;0;0;0;0;0;0;0
PA;2001;0.48828125;0;0;0;0;0.00390625;0;0.5078125;0;0;0;0;0;0;0;0;0;0;0;0;0
PA;2002;0.642722117202;0;0;0;0;0.00378071833648;0;0.353497164461;0;0;0;0;0;0;0;0;0;0;0;0;0
PA;2003;0.506283662478;0;0;0;0;0.00359066427289;0;0.49012567325;0;0;0;0;0;0;0;0;0;0;0;0;0
PA;2004;0.65625;0;0;0;0;0.00347222222222;0;0.340277777778;0;0;0;0;0;0;0;0;0;0;0;0;0
PA;2005;0.639175257732;0;0;0;0;0.00343642611684;0;0.357388316151;0;0;0;0;0;0;0;0;0;0;0;0;0
PA;2006;0.598662207358;0;0;0;0;0.00334448160535;0;0.397993311037;0;0;0;0;0;0;0;0;0;0;0;0;0
PA;2007;0.574303405573;0;0;0;0;0.0030959752322;0;0.422600619195;0;0;0;0;0;0;0;0;0;0;0;0;0
PA;2008;0.617418351477;0;0;0;0;0.00311041990669;0;0.379471228616;0;0;0;0;0;0;0;0;0;0;0;0;0
PA;2009;0.564399421129;0;0;0;0;0.00289435600579;0;0.432706222865;0;0;0;0;0;0;0;0;0;0;0;0;0
PA;2010;0.567750677507;0;0;0;0;0.00271002710027;0;0.429539295393;0;0;0;0;0;0;0;0;0;0;0;0;0
PA;2011;0.524296675192;0;0;0;0;0.00255754475703;0.0575447570332;0.415601023018;0;0;0;0;0;0;0;0;0;0;0;0;0
PA;2012;0.626016260163;0;0;0;0;0.00348432055749;0.0778164924506;0.292682926829;0;0;0;0;0;0;0;0;0;0;0;0;0
PA;2013;0.575418994413;0;0;0;0;0.00335195530726;0.0759776536313;0.345251396648;0;0;0;0;0;0;0;0;0;0;0;0;0
PA;2014;0.540860215054;0;0;0.0010752688172;0.0129032258065;0.00322580645161;0.0741935483871;0.367741935484;0;0;0;0;0;0;0;0;0;0;0;0;0
PA;2015;0.607766990291;0;0;0.00194174757282;0.0407766990291;0.00291262135922;0.068932038835;0.277669902913;0;0;0;0;0;0;0;0;0;0;0;0;0
PA;2016;0.599264705882;0;0;0.00643382352941;0.0579044117647;0.00275735294118;0.0606617647059;0.272977941176;0;0;0;0;0;0;0;0;0;0;0;0;0
PA;2017;0.656702898551;0;0;0.0144927536232;0.044384057971;0.00271739130435;0.0153985507246;0.266304347826;0;0;0;0;0;0;0;0;0;0;0;0;0
PA;2018;0.701785714286;0;0.0553571428571;0.0205357142857;0.0526785714286;0.00267857142857;0.0428571428571;0.124107142857;0;0;0;0;0;0;0;0;0;0;0;0;0
PA;2019;0.438144329897;0;0.241408934708;0.0249140893471;0.0618556701031;0.00257731958763;0.0919243986254;0.139175257732;0;0;0;0;0;0;0;0;0;0;0;0;0
PA;2020;0.671846435101;0;0.127970749543;0.0292504570384;0.0530164533821;0.00274223034735;0.0557586837294;0.0594149908592;0;0;0;0;0;0;0;0;0;0;0;0;0
PA;2021;0.688687035508;0;0.131296449216;0.0487200660611;0.0437654830718;0.00247729149463;0.0412881915772;0.0437654830718;0;0;0;0;0;0;0;0;0;0;0;0;0
PA;2022;0.662857142857;0;0.115918367347;0.0571428571429;0.0473469387755;0.00489795918367;0.0408163265306;0.0710204081633;0;0;0;0;0;0;0;0;0;0;0;0;0
PA;2023;0.469107551487;0;0.212814645309;0.0663615560641;0.067887109077;0.00305110602593;0.0350877192982;0.145690312738;0;0;0;0;0;0;0;0;0;0;0;0;0
PA;2024;0.530900967982;0;0.208488458675;0.0737155621742;0.0714817572599;0.00372300819062;0.0372300819062;0.0744601638124;0;0;0;0;0;0;0;0;0;0;0;0;0
PE;2000;0.811746987952;0;0.0396586345382;0;0;0.00803212851406;0.0175702811245;0.122991967871;0;0;0;0;0;0;0;0;0;0;0;0;0
PE;2001;0.84785748676;0;0.041887337506;0;0;0.00770341839191;0.0149253731343;0.087626384208;0;0;0;0;0;0;0;0;0;0;0;0;0
PE;2002;0.820372896771;0;0.050022737608;0;0;0.00864029104138;0.0354706684857;0.0854934060937;0;0;0;0;0;0;0;0;0;0;0;0;0
PE;2003;0.808111644134;0;0.0575665067597;0;0;0.00872219799389;0.0335804622765;0.0920191888356;0;0;0;0;0;0;0;0;0;0;0;0;0
PE;2004;0.722474226804;0;0.0960824742268;0;0;0.00618556701031;0.0379381443299;0.137319587629;0;0;0;0;0;0;0;0;0;0;0;0;0
PE;2005;0.709019607843;0;0.178431372549;0;0;0.0137254901961;0.0313725490196;0.0674509803922;0;0;0;0;0;0;0;0;0;0;0;0;0
PE;2006;0.720029239766;0;0.176535087719;0;0;0.0127923976608;0.0299707602339;0.0606725146199;0;0;0;0;0;0;0;0;0;0;0;0;0
PE;2007;0.653190778483;0;0.2746408286;0;0;0.0140327430672;0.0283995990645;0.0297360507852;0;0;0;0;0;0;0;0;0;0;0;0;0
PE;2008;0.587110699969;0;0.311748381129;0;0;0.0141843971631;0.027135368486;0.0598211532532;0;0;0;0;0;0;0;0;0;0;0;0;0
PE;2009;0.592041312272;0;0.316828675577;0;0;0.0139732685298;0.0236938031592;0.0534629404617;0;0;0;0;0;0;0;0;0;0;0;0;0
PE;2010;0.558372805795;0;0.340763443856;0;0;0.0186681526888;0.0236834772917;0.0585121203678;0;0;0;0;0;0;0;0;0;0;0;0;0
PE;2011;0.550344124395;0;0.356614835585;0;0;0.0173336732093;0.0158042314555;0.0599031353556;0;0;0;0;0;0;0;0;0;0;0;0;0
PE;2012;0.534284284284;0;0.391641641642;0.0015015015015;0;0.0167667667668;0.0322822822823;0.0235235235235;0;0;0;0;0;0;0;0;0;0;0;0;0
PE;2013;0.512755688348;0;0.415076993795;0.00459664444955;0;0.0220638933578;0.0280395311423;0.0174672489083;0;0;0;0;0;0;0;0;0;0;0;0;0
PE;2014;0.48545812377;0;0.456811720971;0.00437349661054;0.0056855455937;0.028209053138;0.00721626940739;0.0122457905095;0;0;0;0;0;0;0;0;0;0;0;0;0
PE;2015;0.491195359437;0;0.450176092811;0.00476486430495;0.0124300807955;0.0188522892065;0.00849388854361;0.0140874249016;0;0;0;0;0;0;0;0;0;0;0;0;0
PE;2016;0.467944993221;0;0.456323842727;0.00464846019756;0.0205306992059;0.0108464071276;0.0191748983149;0.0205306992059;0;0;0;0;0;0;0;0;0;0;0;0;0
PE;2017;0.551318535382;0;0.376968317207;0.00550180231455;0.0202997533675;0.008916714096;0.0144185164105;0.0225763612218;0;0;0;0;0;0;0;0;0;0;0;0;0
PE;2018;0.56243134383;0;0.378615891615;0.0137312339802;0.0274624679605;0.00768949102893;0.00238008055657;0.00768949102893;0;0;0;0;0;0;0;0;0;0;0;0;0
PE;2019;0.553015649727;0;0.382099525233;0.0137154914718;0.0290135396518;0.00967117988395;0.00281343414806;0.00967117988395;0;0;0;0;0;0;0;0;0;0;0;0;0
PE;2020;0.575580298169;0;0.35233062842;0.0149084732968;0.0341573881865;0.0101906020004;0.00264200792602;0.0101906020004;0;0;0;0;0;0;0;0;0;0;0;0;0
PE;2021;0.559571854711;0;0.371468678716;0.0140375504474;0.0319354272679;0.0101772240744;0.0024565713283;0.010352693455;0;0;0;0;0;0;0;0;0;0;0;0;0
PE;2022;0.49632721202;0;0.434390651085;0.0140233722871;0.0322203672788;0.00984974958264;0.00283806343907;0.0103505843072;0;0;0;0;0;0;0;0;0;0;0;0;0
PE;2023;0.488417939872;0;0.450796780023;0.0137999014293;0.0317069163792;0.00985707244948;0.000657138163299;0.00476425168392;0;0;0;0;0;0;0;0;0;0;0;0;0
PE;2024;0.53972002024;0;0.391803002193;0.0160229381009;0.0352504638219;0.0101197503795;0;0.00708382526564;0;0;0;0;0;0;0;0;0;0;0;0;0
PE;2025;0.559640455379;0;0.360701244196;0.0307992267147;0.0352439649047;0.0107896432643;0.000280894235059;0.00254457130583;0;0;0;0;0;0;0;0;0;0;0;0;0
PF;2000;0.292682926829;0;0;0;0;0;0;0.707317073171;0;0;0;0;0;0;0;0;0;0;0;0;0
PF;2001;0.238095238095;0;0;0;0;0;0;0.761904761905;0;0;0;0;0;0;0;0;0;0;0;0;0
PF;2002;0.282608695652;0;0;0;0;0;0;0.717391304348;0;0;0;0;0;0;0;0;0;0;0;0;0
PF;2003;0.31914893617;0;0;0;0;0;0;0.68085106383;0;0;0;0;0;0;0;0;0;0;0;0;0
PF;2004;0.333333333333;0;0;0;0;0;0;0.666666666667;0;0;0;0;0;0;0;0;0;0;0;0;0
PF;2005;0.352941176471;0;0;0;0;0;0;0.647058823529;0;0;0;0;0;0;0;0;0;0;0;0;0
PF;2006;0.377358490566;0;0;0;0;0;0;0.622641509434;0;0;0;0;0;0;0;0;0;0;0;0;0
PF;2007;0.4;0;0;0;0;0;0;0.6;0;0;0;0;0;0;0;0;0;0;0;0;0
PF;2008;0.368421052632;0;0;0;0;0;0;0.631578947368;0;0;0;0;0;0;0;0;0;0;0;0;0
PF;2009;0.362068965517;0;0;0;0;0;0;0.637931034483;0;0;0;0;0;0;0;0;0;0;0;0;0
PF;2010;0.341772151899;0;0;0;0;0;0;0.658227848101;0;0;0;0;0;0;0;0;0;0;0;0;0
PF;2011;0.297297297297;0;0;0.0135135135135;0;0;0;0.689189189189;0;0;0;0;0;0;0;0;0;0;0;0;0
PF;2012;0.277777777778;0;0;0.0138888888889;0;0;0;0.708333333333;0;0;0;0;0;0;0;0;0;0;0;0;0
PF;2013;0.220588235294;0;0;0.0294117647059;0;0;0;0.75;0;0;0;0;0;0;0;0;0;0;0;0;0
PF;2014;0.25;0;0;0.0441176470588;0;0;0;0.705882352941;0;0;0;0;0;0;0;0;0;0;0;0;0
PF;2015;0.25;0;0;0.0441176470588;0;0;0;0.705882352941;0;0;0;0;0;0;0;0;0;0;0;0;0
PF;2016;0.264705882353;0;0;0.0441176470588;0;0;0;0.691176470588;0;0;0;0;0;0;0;0;0;0;0;0;0
PF;2017;0.260869565217;0;0;0.0579710144928;0;0;0;0.68115942029;0;0;0;0;0;0;0;0;0;0;0;0;0
PF;2018;0.235294117647;0;0;0.0588235294118;0;0;0;0.705882352941;0;0;0;0;0;0;0;0;0;0;0;0;0
PF;2019;0.231884057971;0;0;0.0579710144928;0;0;0;0.710144927536;0;0;0;0;0;0;0;0;0;0;0;0;0
PF;2020;0.242424242424;0;0;0.0606060606061;0;0;0;0.69696969697;0;0;0;0;0;0;0;0;0;0;0;0;0
PF;2021;0.212121212121;0;0;0.0757575757576;0;0;0;0.712121212121;0;0;0;0;0;0;0;0;0;0;0;0;0
PF;2022;0.267605633803;0;0;0.0704225352113;0;0;0;0.661971830986;0;0;0;0;0;0;0;0;0;0;0;0;0
PF;2023;0.267605633803;0;0;0.0704225352113;0;0;0;0.661971830986;0;0;0;0;0;0;0;0;0;0;0;0;0
PF;2024;0.263888888889;0;0;0.0833333333333;0;0;0;0.652777777778;0;0;0;0;0;0;0;0;0;0;0;0;0
PG;2000;0.423963133641;0;0.230414746544;0;0;0;0;0.345622119816;0;0;0;0;0;0;0;0;0;0;0;0;0
PG;2001;0.34328358209;0;0.216417910448;0;0;0;0;0.440298507463;0;0;0;0;0;0;0;0;0;0;0;0;0
PG;2002;0.320557491289;0;0.202090592334;0;0;0;0;0.477351916376;0;0;0;0;0;0;0;0;0;0;0;0;0
PG;2003;0.285714285714;0;0.167701863354;0;0;0;0;0.531055900621;0.0155279503106;0;0;0;0;0;0;0;0;0;0;0;0
PG;2004;0.253561253561;0;0.168091168091;0;0;0;0;0.564102564103;0.014245014245;0;0;0;0;0;0;0;0;0;0;0;0
PG;2005;0.243093922652;0;0.154696132597;0;0;0;0;0.519337016575;0.0828729281768;0;0;0;0;0;0;0;0;0;0;0;0
PG;2006;0.25;0;0.158823529412;0;0;0;0;0.502941176471;0.0882352941176;0;0;0;0;0;0;0;0;0;0;0;0
PG;2007;0.253731343284;0;0.155223880597;0;0;0;0;0.471641791045;0.119402985075;0;0;0;0;0;0;0;0;0;0;0;0
PG;2008;0.24926686217;0;0.16715542522;0;0;0;0;0.466275659824;0.117302052786;0;0;0;0;0;0;0;0;0;0;0;0
PG;2009;0.252225519288;0;0.169139465875;0;0;0;0;0.459940652819;0.118694362018;0;0;0;0;0;0;0;0;0;0;0;0
PG;2010;0.242165242165;0;0.162393162393;0;0;0;0;0.481481481481;0.11396011396;0;0;0;0;0;0;0;0;0;0;0;0
PG;2011;0.264462809917;0;0.162534435262;0;0;0;0;0.462809917355;0.110192837466;0;0;0;0;0;0;0;0;0;0;0;0
PG;2012;0.260053619303;0;0.134048257373;0;0;0;0;0.498659517426;0.107238605898;0;0;0;0;0;0;0;0;0;0;0;0
PG;2013;0.246882793017;0;0.127182044888;0;0;0.00498753117207;0;0.521197007481;0.0997506234414;0;0;0;0;0;0;0;0;0;0;0;0
PG;2014;0.235981308411;0;0.144859813084;0;0;0.00467289719626;0;0.521028037383;0.0934579439252;0;0;0;0;0;0;0;0;0;0;0;0
PG;2015;0.220750551876;0;0.150110375276;0;0;0.00441501103753;0;0.53642384106;0.0883002207506;0;0;0;0;0;0;0;0;0;0;0;0
PG;2016;0.20964360587;0;0.174004192872;0;0;0.0041928721174;0;0.528301886792;0.083857442348;0;0;0;0;0;0;0;0;0;0;0;0
PG;2017;0.181609195402;0;0.2;0;0;0.00459770114943;0;0.52183908046;0.0919540229885;0;0;0;0;0;0;0;0;0;0;0;0
PG;2018;0.19495412844;0;0.201834862385;0;0;0.0045871559633;0;0.56880733945;0.0298165137615;0;0;0;0;0;0;0;0;0;0;0;0
PG;2019;0.235981308411;0;0.142523364486;0;0;0.00467289719626;0;0.593457943925;0.0233644859813;0;0;0;0;0;0;0;0;0;0;0;0
PG;2020;0.246341463415;0;0.2;0;0;0.00243902439024;0;0.526829268293;0.0243902439024;0;0;0;0;0;0;0;0;0;0;0;0
PG;2021;0.222958057395;0;0.189845474614;0;0;0.00220750551876;0;0.562913907285;0.0220750551876;0;0;0;0;0;0;0;0;0;0;0;0
PG;2022;0.185185185185;0;0.19825708061;0.00217864923747;0;0.00217864923747;0;0.590413943355;0.0217864923747;0;0;0;0;0;0;0;0;0;0;0;0
PG;2023;0.211416490486;0;0.192389006342;0.00211416490486;0;0.00211416490486;0;0.570824524313;0.0211416490486;0;0;0;0;0;0;0;0;0;0;0;0
PG;2024;0.211416490486;0;0.192389006342;0.00211416490486;0;0.00211416490486;0;0.570824524313;0.0211416490486;0;0;0;0;0;0;0;0;0;0;0;0
PH;2000;0.172185430464;0;0.000441501103753;0;0;0;0.367770419426;0.202869757174;0.256732891832;0;0;0;0;0;0;0;0;0;0;0;0
PH;2001;0.150903294368;0;0.0180658873539;0;0;0;0.399362380446;0.209776833156;0.221891604676;0;0;0;0;0;0;0;0;0;0;0;0
PH;2002;0.1450680974;0;0.180973999175;0;0;0;0.332851836566;0.129797771358;0.211308295501;0;0;0;0;0;0;0;0;0;0;0;0
PH;2003;0.148658859086;0;0.248205515678;0;0;0;0.28220627125;0.13543634303;0.185493010956;0;0;0;0;0;0;0;0;0;0;0;0
PH;2004;0.15355738291;0;0.22130854487;0;0;0;0.289417232749;0.151948516267;0.183768323203;0;0;0;0;0;0;0;0;0;0;0;0
PH;2005;0.148311826056;0;0.298037829238;0;0.000353544281421;0;0.269754286724;0.108538094396;0.175004419304;0;0;0;0;0;0;0;0;0;0;0;0
PH;2006;0.175061641423;0;0.288305741458;0;0.000880591757661;0;0.269284959493;0.082071151814;0.184395914054;0;0;0;0;0;0;0;0;0;0;0;0
PH;2007;0.143575981214;0;0.315162697082;0;0.0010063737001;0;0.282455551828;0.0863804092586;0.171418986917;0;0;0;0;0;0;0;0;0;0;0;0
PH;2008;0.161788885235;0;0.321933574482;0;0.000986517592897;0;0.258960868135;0.0800723446235;0.176257809931;0;0;0;0;0;0;0;0;0;0;0;0
PH;2009;0.158107235142;0;0.321220930233;0;0.000968992248062;0;0.266149870801;0.0868863049096;0.166666666667;0;0;0;0;0;0;0;0;0;0;0;0
PH;2010;0.115163147793;0;0.288203159604;0;0.000885870367636;0.000295290122545;0.344012992765;0.104827993504;0.146611545844;0;0;0;0;0;0;0;0;0;0;0;0
PH;2011;0.140274765004;0;0.297758496023;0;0.00130151843818;0.00130151843818;0.366449746927;0.0491684743312;0.143745480839;0;0;0;0;0;0;0;0;0;0;0;0
PH;2012;0.140622856359;0;0.269447112087;0;0.00109754424475;0.0021950884895;0.387707504459;0.0583070380025;0.140622856359;0;0;0;0;0;0;0;0;0;0;0;0
PH;2013;0.133191545926;0;0.249767380035;0;0.000930479861757;0.00239266250166;0.426425628074;0.059683636847;0.127608666755;0;0;0;0;0;0;0;0;0;0;0;0
PH;2014;0.118347792309;0;0.242004402434;0.000258966722776;0.00194225042082;0.00207173378221;0.427942509388;0.0739349993526;0.133497345591;0;0;0;0;0;0;0;0;0;0;0;0
PH;2015;0.105097087379;0;0.229126213592;0.00169902912621;0.00910194174757;0.00424757281553;0.445266990291;0.0714805825243;0.133980582524;0;0;0;0;0;0;0;0;0;0;0;0
PH;2016;0.0893270183941;0;0.218636413702;0.012115871792;0.0107941403238;0.00793038880934;0.476924771451;0.0623416675845;0.121929727944;0;0;0;0;0;0;0;0;0;0;0;0
PH;2017;0.101844001696;0;0.217782958881;0.0127172530733;0.0115515048749;0.0105977108944;0.496502755405;0.04016532429;0.108838490886;0;0;0;0;0;0;0;0;0;0;0;0
PH;2018;0.0940445157409;0;0.213856025667;0.0125325847203;0.0115299779427;0.0109284138761;0.520653699619;0.0317826348506;0.104672147584;0;0;0;0;0;0;0;0;0;0;0;0
PH;2019;0.0757332830331;0;0.210789399227;0.0117891162878;0.00980854475149;0.00971423182118;0.545977553523;0.0353673488635;0.100820522494;0;0;0;0;0;0;0;0;0;0;0;0
PH;2020;0.0706633906634;0;0.191646191646;0.0134643734644;0.0101228501229;0.012285012285;0.571793611794;0.0242751842752;0.105749385749;0;0;0;0;0;0;0;0;0;0;0;0
PH;2021;0.0868948562784;0;0.176626323752;0.0138993948563;0.0121028744327;0.0137102874433;0.586705748865;0.0153177004539;0.0947428139183;0;0;0;0;0;0;0;0;0;0;0;0
PH;2022;0.0904527117884;0;0.160286866876;0.0163155535634;0.00950246526221;0.0118332586284;0.595517705065;0.0225907664724;0.0935006723442;0;0;0;0;0;0;0;0;0;0;0;0
PH;2023;0.0864387903709;0;0.14280818984;0.0155915360233;0.011565150347;0.0113081470059;0.631799880065;0.0111368114452;0.0893514949028;0;0;0;0;0;0;0;0;0;0;0;0
PH;2024;0.0812595635017;0;0.145365225095;0.0167512281549;0.0120802126117;0.0106305870983;0.639123781912;0.0107916565998;0.083997745027;0;0;0;0;0;0;0;0;0;0;0;0
PH;2025;0.103068341439;0;0.172627698703;0.0243177629282;0.0118868797753;0.0118625214151;0.58647623842;0.00776219744887;0.0819983598704;0;0;0;0;0;0;0;0;0;0;0;0
PK;2000;0.258535118063;0.00571514513461;0.327568055347;0;0;0;0.00360956534817;0.404572116108;0;0;0;0;0;0;0;0;0;0;0;0;0
PK;2001;0.262654278186;0.0274580502011;0.344612397726;0;0;0;0.00388295659409;0.361392317293;0;0;0;0;0;0;0;0;0;0;0;0;0
PK;2002;0.294971624654;0.0237561039989;0.35647353834;0;0;0;0.00303550217764;0.32176323083;0;0;0;0;0;0;0;0;0;0;0;0;0
PK;2003;0.328216374269;0.0220516569201;0.477704678363;0;0;0.0146198830409;0.00243664717349;0.154970760234;0;0;0;0;0;0;0;0;0;0;0;0;0
PK;2004;0.298627268497;0.0224523033969;0.505700325733;0;0;0.0139599813867;0.00197766402978;0.157282456957;0;0;0;0;0;0;0;0;0;0;0;0;0
PK;2005;0.326353637902;0.025486463621;0.436653976311;0;0;0.0105752961083;0.00137478849408;0.199555837563;0;0;0;0;0;0;0;0;0;0;0;0;0
PK;2006;0.321008741083;0.025620415955;0.359791017784;0;0;0.0106500552597;0.00140661107204;0.281523158847;0;0;0;0;0;0;0;0;0;0;0;0;0
PK;2007;0.298595943838;0.0240249609984;0.342381695268;0;0;0.0130005200208;0.00145605824233;0.320540821633;0;0;0;0;0;0;0;0;0;0;0;0;0
PK;2008;0.298677561553;0.0187076658424;0.31910547253;0;0;0.0137619610795;0.00118266853027;0.348564670466;0;0;0;0;0;0;0;0;0;0;0;0;0
PK;2009;0.292269274789;0.0274685256477;0.292165227344;0;0.000104047445635;0.0104047445635;0.00124856934762;0.376339610863;0;0;0;0;0;0;0;0;0;0;0;0;0
PK;2010;0.336471334885;0.0270784852972;0.273746562302;0.000105775333192;0.000105775333192;0.010471757986;0.000951977998731;0.351068330865;0;0;0;0;0;0;0;0;0;0;0;0;0
PK;2011;0.300748708215;0.0404935147105;0.291574396288;0.000316355583676;0.000210903722451;0.011705156596;0.00105451861225;0.353896446272;0;0;0;0;0;0;0;0;0;0;0;0;0
PK;2012;0.304383282365;0.0537206931702;0.276452599388;0.000713557594292;0.000101936799185;0.0119266055046;0.000611620795107;0.352089704383;0;0;0;0;0;0;0;0;0;0;0;0;0
PK;2013;0.30387109077;0.0419527078566;0.254290617849;0.00133485888635;0.00381388253242;0.0128718535469;0.00152555301297;0.380339435545;0;0;0;0;0;0;0;0;0;0;0;0;0
PK;2014;0.300898897229;0.0424427763877;0.262718932444;0.00222407561857;0.00741358539524;0.0177926049486;0.00129737744417;0.365211750533;0;0;0;0;0;0;0;0;0;0;0;0;0
PK;2015;0.307030765139;0.0383899281851;0.310311197801;0.0033690930047;0.00700416703608;0.0190619735792;0.00132990513343;0.313502970121;0;0;0;0;0;0;0;0;0;0;0;0;0
PK;2016;0.261838893409;0.0442636289666;0.337103336046;0.00553295362083;0.0108218063466;0.013506916192;0.00504475183076;0.321887713588;0;0;0;0;0;0;0;0;0;0;0;0;0
PK;2017;0.214176127647;0.0622123350721;0.377416385394;0.00705737956428;0.016109235962;0.0130408100644;0.0836913163547;0.226296409942;0;0;0;0;0;0;0;0;0;0;0;0;0
PK;2018;0.211905130987;0.0720043404123;0.445202294218;0.00713067741435;0.024492326771;0.0132537591071;0.122229111766;0.103782359324;0;0;0;0;0;0;0;0;0;0;0;0;0
PK;2019;0.248796028747;0.0672001185449;0.340964658813;0.0193376305846;0.0213380751278;0.0126694821071;0.191598132918;0.098095873157;0;0;0;0;0;0;0;0;0;0;0;0;0
PK;2020;0.247621155123;0.0743527329055;0.352216567087;0.0302426790588;0.0213174006049;0.00472080843845;0.196946227041;0.0725824297411;0;0;0;0;0;0;0;0;0;0;0;0;0
PK;2021;0.223368392665;0.0961434735707;0.330838727077;0.0390372168285;0.0252157497303;0.00519147788565;0.180218446602;0.0999865156419;0;0;0;0;0;0;0;0;0;0;0;0;0
PK;2022;0.228077100191;0.148477073877;0.297809354648;0.0507861324913;0.0285507532399;0.00552595223998;0.153476744951;0.0872968883626;0;0;0;0;0;0;0;0;0;0;0;0;0
PK;2023;0.256671846497;0.153570704682;0.295925950949;0.0766840078373;0.0273630160124;0.00472941017499;0.15053036957;0.0345246942774;0;0;0;0;0;0;0;0;0;0;0;0;0
PK;2024;0.25402291239;0.153433547447;0.279915237401;0.1313158069;0.0209919872856;0.00496655850606;0.133765975763;0.0215879743063;0;0;0;0;0;0;0;0;0;0;0;0;0
PK;2025;0.230562375775;0.140301648544;0.229977785572;0.21396001403;0.0218636735648;0.00350754121361;0.144686075061;0.0151408862387;0;0;0;0;0;0;0;0;0;0;0;0;0
PL;1990;0.0107118946664;0;0.000967046046269;0;0;0.000371940787027;0.969724019936;0.0182250985643;0;0;0;0;0;0;0;0;0;0;0;0;0
PL;1991;0.0106992163954;0;0.000828812537673;0;0;0.000602772754671;0.970087402049;0.0177817962628;0;0;0;0;0;0;0;0;0;0;0;0;0
PL;1992;0.0115549433731;0;0.000765228037955;0;0;0.000841750841751;0.968625650444;0.0182124273033;0;0;0;0;0;0;0;0;0;0;0;0;0
PL;1993;0.0113067233268;0;0.000758840491729;0;0;0.000455304295037;0.96881165579;0.0186674760965;0;0;0;0;0;0;0;0;0;0;0;0;0
PL;1994;0.0129792182459;0;0.00112536574387;0;0;0.000375121914622;0.963238052367;0.0222822417286;0;0;0;0;0;0;0;0;0;0;0;0;0
PL;1995;0.0137905873769;0;0.0018971178402;0;0;0.00051076249544;0.96147391463;0.0223276176578;0;0;0;0;0;0;0;0;0;0;0;0;0
PL;1996;0.0136695233373;0;0.00226644946526;0;0;0.000920745095262;0.959558042354;0.0235852397479;0;0;0;0;0;0;0;0;0;0;0;0;0
PL;1997;0.0139066269334;0;0.0015609479211;0;0;0.00120618702994;0.956009649496;0.0273165886193;0;0;0;0;0;0;0;0;0;0;0;0;0
PL;1998;0.0164097463948;0;0.00220217375861;0;0;0.00156283298998;0.95354123748;0.026284009377;0;0;0;0;0;0;0;0;0;0;0;0;0
PL;1999;0.0153582398743;0;0.0044288877777;0;0;0.00135723980284;0.952425173227;0.0264304593185;0;0;0;0;0;0;0;0;0;0;0;0;0
PL;2000;0.0147366950691;0;0.0064953205755;0;0;0.00153652744797;0.949085067747;0.0281463891605;0;0;0;0;0;0;0;0;0;0;0;0;0
PL;2001;0.0162120790426;0;0.0094628444197;0;6.95797383802e-05;0.00306150848873;0.939117728917;0.0320762593933;0;0;0;0;0;0;0;0;0;0;0;0;0
PL;2002;0.0160011228858;0;0.0154396799775;0;0.000421082181206;0.00301775563197;0.932977752825;0.0321426064987;0;0;0;0;0;0;0;0;0;0;0;0;0
PL;2003;0.0111325911606;0;0.0161322578495;0;0.000799946670222;0.00306646223585;0.937670821945;0.0311979201387;0;0;0;0;0;0;0;0;0;0;0;0;0
PL;2004;0.0136357676675;0;0.0211092172545;0;0.000917792054543;0.0064245443818;0.925134390979;0.0327782876623;0;0;0;0;0;0;0;0;0;0;0;0;0
PL;2005;0.0141670423079;0;0.0332281537768;0;0.00090153905596;0.009723742675;0.913645437568;0.0283340846159;0;0;0;0;0;0;0;0;0;0;0;0;0
PL;2006;0.0126944617299;0;0.0285003111388;0;0.00161792159303;0.012383322962;0.914810205352;0.0299937772246;0;0;0;0;0;0;0;0;0;0;0;0;0
PL;2007;0.0148246278072;0;0.0282614181176;0;0.00328034317436;0.0161493817815;0.908465808731;0.0290184203886;0;0;0;0;0;0;0;0;0;0;0;0;0
PL;2008;0.0139158576052;0;0.0302912621359;0;0.00543689320388;0.023430420712;0.898964401294;0.0279611650485;0;0;0;0;0;0;0;0;0;0;0;0;0
PL;2009;0.0157762163595;0;0.0317512925892;0;0.00715895532282;0.034667904017;0.884130982368;0.0265146493438;0;0;0;0;0;0;0;0;0;0;0;0;0
PL;2010;0.01862601263;0;0.0306181029534;0;0.0105887606047;0.0401862601263;0.870766090451;0.0292147732347;0;0;0;0;0;0;0;0;0;0;0;0;0
PL;2011;0.0143058881316;0;0.0357340209983;0;0.0196475716829;0.046662982747;0.858107693252;0.0255418431878;0;0;0;0;0;0;0;0;0;0;0;0;0
PL;2012;0.0126331434233;0;0.038766410701;0;0.0294154074808;0.0624845182066;0.833353975725;0.0233465444637;0;0;0;0;0;0;0;0;0;0;0;0;0
PL;2013;0.014898033948;0;0.032177311027;0;0.0366345097081;0.0526315789474;0.840884112834;0.0227744535352;0;0;0;0;0;0;0;0;0;0;0;0;0
PL;2014;0.0137669718977;0;0.0336596147774;6.31512472371e-05;0.0485001578781;0.0630249447427;0.817934954215;0.0230502052416;0;0;0;0;0;0;0;0;0;0;0;0;0
PL;2015;0.011138161899;0;0.0388922702374;0.000365185636032;0.0660986001217;0.0604990870359;0.794400486914;0.0286062081558;0;0;0;0;0;0;0;0;0;0;0;0;0
PL;2016;0.0128915662651;0;0.0471686746988;0.000722891566265;0.075843373494;0.0479518072289;0.785060240964;0.0303614457831;0;0;0;0;0;0;0;0;0;0;0;0;0
PL;2017;0.0150668000706;0;0.0590312518392;0.00100052969219;0.0877523394738;0.0381966923665;0.771938084868;0.0270143016891;0;0;0;0;0;0;0;0;0;0;0;0;0
PL;2018;0.0116272206811;0;0.0745440594936;0.00177064274332;0.0755474237148;0.0386590332291;0.770583721891;0.0272678982471;0;0;0;0;0;0;0;0;0;0;0;0;0
PL;2019;0.0120083323122;0;0.0906751623576;0.0043499571131;0.0925744394069;0.0470530572234;0.723808356819;0.0295306947678;0;0;0;0;0;0;0;0;0;0;0;0;0
PL;2020;0.0134902958956;0;0.110022271715;0.0124721603563;0.100540884505;0.0531339484569;0.683423480751;0.0269169583201;0;0;0;0;0;0;0;0;0;0;0;0;0
PL;2021;0.0130879803121;0;0.0884836959561;0.0219810951395;0.0907768890878;0.045080821075;0.713518653169;0.0270708652609;0;0;0;0;0;0;0;0;0;0;0;0;0
PL;2022;0.0110302351624;0;0.0636058230683;0.0465285554311;0.110750279955;0.0427211646137;0.698376259798;0.0269876819709;0;0;0;0;0;0;0;0;0;0;0;0;0
PL;2023;0.0145601739971;0;0.0996254229096;0.06712179797;0.146085065249;0.049299178347;0.59720879652;0.0260995650072;0;0;0;0;0;0;0;0;0;0;0;0;0
PL;2024;0.0122607412228;0;0.118888514417;0.102618336491;0.150289957814;0.0461956837542;0.543307727172;0.0264390391298;0;0;0;0;0;0;0;0;0;0;0;0;0
PL;2025;0.00985823362219;0;0.143531945192;0.113129453716;0.138686765191;0.0489438433797;0.505554301327;0.0386919750621;0.00160348250931;0;0;0;0;0;0;0;0;0;0;0;0
PM;2000;0;0;0;0;0;0;0;1;0;0;0;0;0;0;0;0;0;0;0;0;0
PM;2001;0;0;0;0;0;0;0;1;0;0;0;0;0;0;0;0;0;0;0;0;0
PM;2002;0;0;0;0;0;0;0;1;0;0;0;0;0;0;0;0;0;0;0;0;0
PM;2003;0;0;0;0;0;0;0;1;0;0;0;0;0;0;0;0;0;0;0;0;0
PM;2004;0;0;0;0;0;0;0;1;0;0;0;0;0;0;0;0;0;0;0;0;0
PM;2005;0;0;0;0;0;0;0;1;0;0;0;0;0;0;0;0;0;0;0;0;0
PM;2006;0;0;0;0;0;0;0;1;0;0;0;0;0;0;0;0;0;0;0;0;0
PM;2007;0;0;0;0;0;0;0;1;0;0;0;0;0;0;0;0;0;0;0;0;0
PM;2008;0;0;0;0;0;0;0;1;0;0;0;0;0;0;0;0;0;0;0;0;0
PM;2009;0;0;0;0;0;0;0;1;0;0;0;0;0;0;0;0;0;0;0;0;0
PM;2010;0;0;0;0;0;0;0;1;0;0;0;0;0;0;0;0;0;0;0;0;0
PM;2011;0;0;0;0;0;0;0;1;0;0;0;0;0;0;0;0;0;0;0;0;0
PM;2012;0;0;0;0;0;0;0;1;0;0;0;0;0;0;0;0;0;0;0;0;0
PM;2013;0;0;0;0;0;0;0;1;0;0;0;0;0;0;0;0;0;0;0;0;0
PM;2014;0;0;0;0;0;0;0;1;0;0;0;0;0;0;0;0;0;0;0;0;0
PM;2015;0;0;0;0;0;0;0;1;0;0;0;0;0;0;0;0;0;0;0;0;0
PM;2016;0;0;0;0;0;0;0;1;0;0;0;0;0;0;0;0;0;0;0;0;0
PM;2017;0;0;0;0;0;0;0;1;0;0;0;0;0;0;0;0;0;0;0;0;0
PM;2018;0;0;0;0;0;0;0;1;0;0;0;0;0;0;0;0;0;0;0;0;0
PM;2019;0;0;0;0;0;0;0;1;0;0;0;0;0;0;0;0;0;0;0;0;0
PM;2020;0;0;0;0;0;0;0;1;0;0;0;0;0;0;0;0;0;0;0;0;0
PM;2021;0;0;0;0;0;0;0;1;0;0;0;0;0;0;0;0;0;0;0;0;0
PM;2022;0;0;0;0;0;0;0;1;0;0;0;0;0;0;0;0;0;0;0;0;0
PM;2023;0;0;0;0;0;0;0;1;0;0;0;0;0;0;0;0;0;0;0;0;0
PR;2000;0.00686498855835;0;0.079176201373;0;0;0;0.0187643020595;0.895194508009;0;0;0;0;0;0;0;0;0;0;0;0;0
PR;2001;0.00582698341551;0;0.170775437024;0;0;0;0.0174809502465;0.805916629314;0;0;0;0;0;0;0;0;0;0;0;0;0
PR;2002;0.00474956822107;0;0.130397236615;0;0;0;0.0427461139896;0.822107081174;0;0;0;0;0;0;0;0;0;0;0;0;0
PR;2003;0.00418060200669;0;0.131688963211;0;0;0;0.122073578595;0.742056856187;0;0;0;0;0;0;0;0;0;0;0;0;0
PR;2004;0.00579710144928;0;0.121739130435;0;0;0;0.129192546584;0.743271221532;0;0;0;0;0;0;0;0;0;0;0;0;0
PR;2005;0.00560897435897;0;0.125;0;0;0;0.122596153846;0.746794871795;0;0;0;0;0;0;0;0;0;0;0;0;0
PR;2006;0.00560672807369;0;0.135362434922;0;0;0;0.143372046456;0.715658790549;0;0;0;0;0;0;0;0;0;0;0;0;0
PR;2007;0.0064829821718;0;0.139789303079;0;0;0;0.145867098865;0.707860615883;0;0;0;0;0;0;0;0;0;0;0;0;0
PR;2008;0.00688172043011;0;0.160430107527;0;0;0;0.153978494624;0.678709677419;0;0;0;0;0;0;0;0;0;0;0;0;0
PR;2009;0.00737847222222;0;0.182725694444;0;0;0;0.147135416667;0.662760416667;0;0;0;0;0;0;0;0;0;0;0;0;0
PR;2010;0.00688172043011;0;0.155268817204;0;0;0;0.137204301075;0.70064516129;0;0;0;0;0;0;0;0;0;0;0;0;0
PR;2011;0.00673854447439;0;0.15274034142;0;0;0;0.157681940701;0.682839173405;0;0;0;0;0;0;0;0;0;0;0;0;0
PR;2012;0.00403587443946;0;0.242152466368;0.000896860986547;0.000448430493274;0;0.145739910314;0.606726457399;0;0;0;0;0;0;0;0;0;0;0;0;0
PR;2013;0.00372439478585;0;0.313780260708;0.00186219739292;0.00791433891993;0;0.159683426443;0.51303538175;0;0;0;0;0;0;0;0;0;0;0;0;0
PR;2014;0.00379867046534;0;0.327160493827;0.00237416904084;0.0104463437797;0;0.174264007597;0.48195631529;0;0;0;0;0;0;0;0;0;0;0;0;0
PR;2015;0.00239234449761;0;0.304784688995;0.00430622009569;0.0114832535885;0;0.155980861244;0.521052631579;0;0;0;0;0;0;0;0;0;0;0;0;0
PR;2016;0.00339147286822;0;0.337209302326;0.00581395348837;0.00920542635659;0.000484496124031;0.168604651163;0.475290697674;0;0;0;0;0;0;0;0;0;0;0;0;0
PR;2017;0.0030525030525;0;0.322344322344;0.00976800976801;0.00915750915751;0.000610500610501;0.141636141636;0.513431013431;0;0;0;0;0;0;0;0;0;0;0;0;0
PR;2018;0.00226116449972;0;0.351611079706;0.0175240248728;0.00621820237422;0.000565291124929;0.141888072357;0.479932165065;0;0;0;0;0;0;0;0;0;0;0;0;0
PR;2019;0.00261096605744;0;0.398433420366;0.0261096605744;0.00835509138381;0.00104438642298;0.183812010444;0.379634464752;0;0;0;0;0;0;0;0;0;0;0;0;0
PR;2020;0.00262191924489;0;0.294703723125;0.0293654955427;0.00734137388568;0.000524383848977;0.160461457787;0.504981646565;0;0;0;0;0;0;0;0;0;0;0;0;0
PR;2021;0.0025826446281;0;0.272727272727;0.0351239669421;0.00826446280992;0.00051652892562;0.164256198347;0.51652892562;0;0;0;0;0;0;0;0;0;0;0;0;0
PR;2022;0.00251256281407;0;0.270854271357;0.0427135678392;0.00804020100503;0.000502512562814;0.162814070352;0.51256281407;0;0;0;0;0;0;0;0;0;0;0;0;0
PR;2023;0.00251256281407;0;0.270854271357;0.0427135678392;0.00804020100503;0.000502512562814;0.162814070352;0.51256281407;0;0;0;0;0;0;0;0;0;0;0;0;0
PR;2024;0.0025;0;0.27;0.048;0.009;0.0005;0.16;0.51;0;0;0;0;0;0;0;0;0;0;0;0;0
PR;2025;0.000153507649798;0;0.294939364478;0.0465128178888;0.0114107353016;0.000511692165993;0.156884818093;0.489587064422;0;0;0;0;0;0;0;0;0;0;0;0;0
PS;2000;0;0;0;0;0;0;0;1;0;0;0;0;0;0;0;0;0;0;0;0;0
PS;2001;0;0;0;0;0;0;0;1;0;0;0;0;0;0;0;0;0;0;0;0;0
PS;2002;0;0;0;0;0;0;0;1;0;0;0;0;0;0;0;0;0;0;0;0;0
PS;2003;0;0;0;0;0;0;0;1;0;0;0;0;0;0;0;0;0;0;0;0;0
PS;2004;0;0;0;0;0;0;0;1;0;0;0;0;0;0;0;0;0;0;0;0;0
PS;2005;0;0;0;0;0;0;0;1;0;0;0;0;0;0;0;0;0;0;0;0;0
PS;2006;0;0;0;0;0;0;0;1;0;0;0;0;0;0;0;0;0;0;0;0;0
PS;2007;0;0;0;0;0;0;0;1;0;0;0;0;0;0;0;0;0;0;0;0;0
PS;2008;0;0;0;0;0;0;0;1;0;0;0;0;0;0;0;0;0;0;0;0;0
PS;2009;0;0;0;0;0;0;0;1;0;0;0;0;0;0;0;0;0;0;0;0;0
PS;2010;0;0;0;0;0;0;0;1;0;0;0;0;0;0;0;0;0;0;0;0;0
PS;2011;0;0;0;0;0;0;0;1;0;0;0;0;0;0;0;0;0;0;0;0;0
PS;2012;0;0;0;0;0;0;0;1;0;0;0;0;0;0;0;0;0;0;0;0;0
PS;2013;0;0;0;0;0;0;0;1;0;0;0;0;0;0;0;0;0;0;0;0;0
PS;2014;0;0;0;0;0;0;0;1;0;0;0;0;0;0;0;0;0;0;0;0;0
PS;2015;0;0;0;0.0192307692308;0;0;0;0.980769230769;0;0;0;0;0;0;0;0;0;0;0;0;0
PS;2016;0;0;0;0.0754716981132;0;0;0;0.924528301887;0;0;0;0;0;0;0;0;0;0;0;0;0
PS;2017;0;0;0;0.0909090909091;0;0;0;0.909090909091;0;0;0;0;0;0;0;0;0;0;0;0;0
PS;2018;0;0;0;0.142857142857;0;0;0;0.857142857143;0;0;0;0;0;0;0;0;0;0;0;0;0
PS;2019;0;0;0;0.148148148148;0;0;0;0.851851851852;0;0;0;0;0;0;0;0;0;0;0;0;0
PS;2020;0;0;0;0.214285714286;0;0;0;0.785714285714;0;0;0;0;0;0;0;0;0;0;0;0;0
PS;2021;0;0;0;0.241758241758;0;0;0;0.758241758242;0;0;0;0;0;0;0;0;0;0;0;0;0
PS;2022;0;0;0;0.333333333333;0;0;0;0.666666666667;0;0;0;0;0;0;0;0;0;0;0;0;0
PS;2023;0;0;0;0.4;0;0;0;0.6;0;0;0;0;0;0;0;0;0;0;0;0;0
PS;2024;0;0;0;0.393939393939;0;0;0;0.606060606061;0;0;0;0;0;0;0;0;0;0;0;0;0
PT;1990;0.322626191317;0;0;0;0;0.0243558065655;0.319802329686;0.333215672432;0;0;0;0;0;0;0;0;0;0;0;0;0
PT;1991;0.303835800808;0;0;0;0;0.0272543741588;0.328061911171;0.340847913863;0;0;0;0;0;0;0;0;0;0;0;0;0
PT;1992;0.156377204885;0;0;0;0;0.0298507462687;0.344979647218;0.468792401628;0;0;0;0;0;0;0;0;0;0;0;0;0
PT;1993;0.27626459144;0;0;0;0.000324254215305;0.0291828793774;0.369001297017;0.325226977951;0;0;0;0;0;0;0;0;0;0;0;0;0
PT;1994;0.342223650386;0;0;0;0.000642673521851;0.0298843187661;0.371786632391;0.254498714653;0.000964010282776;0;0;0;0;0;0;0;0;0;0;0;0
PT;1995;0.253114554847;0;0;0;0.000607718018839;0.0300820419325;0.407474931632;0.307505317533;0.00121543603768;0;0;0;0;0;0;0;0;0;0;0;0
PT;1996;0.431286549708;0;0;0;0.000584795321637;0.0280701754386;0.366959064327;0.171637426901;0.00146198830409;0;0;0;0;0;0;0;0;0;0;0;0
PT;1997;0.386544703452;0;0.00265565063441;0;0.00118028917085;0.030687518442;0.382413691354;0.195042785482;0.00147536146356;0;0;0;0;0;0;0;0;0;0;0;0
PT;1998;0.334967741935;0;0.0521290322581;0;0.00232258064516;0.0263225806452;0.309161290323;0.273548387097;0.00154838709677;0;0;0;0;0;0;0;0;0;0;0;0
PT;1999;0.169864295742;0;0.188816097333;0;0.00280767430978;0.0271408516612;0.352129153018;0.257370145063;0.00187178287319;0;0;0;0;0;0;0;0;0;0;0;0
PT;2000;0.261976394353;0;0.165239527887;0;0.0039342744735;0.0300856283268;0.337884748901;0.199028002777;0.00185142328165;0;0;0;0;0;0;0;0;0;0;0;0
PT;2001;0.304602692141;0;0.156534954407;0;0.00564481111594;0.0293095961789;0.295484151107;0.206252713851;0.00217108119844;0;0;0;0;0;0;0;0;0;0;0;0
PT;2002;0.17124039517;0;0.198463227223;0;0.00790340285401;0.0322722283205;0.333918770582;0.254006586169;0.00219538968167;0;0;0;0;0;0;0;0;0;0;0;0
PT;2003;0.338866134943;0;0.166846303083;0;0.0107781849537;0.0299633541712;0.313214054753;0.138391894805;0.00194007329166;0;0;0;0;0;0;0;0;0;0;0;0
PT;2004;0.220904207699;0;0.26163831692;0;0.0183527305282;0.0344673231871;0.332587287377;0.130259623993;0.00179051029543;0;0;0;0;0;0;0;0;0;0;0;0
PT;2005;0.102803738318;0;0.295805259726;0;0.0384698978483;0.0365138013475;0.33101499674;0.193870897631;0.00152140838948;0;0;0;0;0;0;0;0;0;0;0;0
PT;2006;0.227272727273;0;0.254958677686;0;0.0605371900826;0.0351239669421;0.309090909091;0.111157024793;0.00185950413223;0;0;0;0;0;0;0;0;0;0;0;0
PT;2007;0.216013701563;0;0.280882038107;0.000428173838578;0.0864911153928;0.0398201669878;0.265467779919;0.106615285806;0.00428173838578;0;0;0;0;0;0;0;0;0;0;0;0
PT;2008;0.14997794442;0;0.335244816939;0.00088222320247;0.127040141156;0.0408028231142;0.247022496692;0.0948389942655;0.00419056021173;0;0;0;0;0;0;0;0;0;0;0;0
PT;2009;0.167679222357;0;0.297893884164;0.0032401782098;0.153503442689;0.0423248278655;0.261239368165;0.0704738760632;0.00364520048603;0;0;0;0;0;0;0;0;0;0;0;0
PT;2010;0.301982049364;0;0.278608825729;0.00392670157068;0.171652954375;0.0488032909499;0.132759910247;0.058526551982;0.0037397157816;0;0;0;0;0;0;0;0;0;0;0;0
PT;2011;0.222865971418;0;0.288142139822;0.00540749324063;0.176902278872;0.0563924295095;0.190227887215;0.0560061799923;0.00405561993048;0;0;0;0;0;0;0;0;0;0;0;0
PT;2012;0.123679577465;0;0.234815140845;0.00858274647887;0.225792253521;0.0649207746479;0.288072183099;0.0508362676056;0.00330105633803;0;0;0;0;0;0;0;0;0;0;0;0
PT;2013;0.272691161867;0;0.143594836147;0.00953326713009;0.238530287984;0.0605759682224;0.235153922542;0.0359483614697;0.00397219463754;0;0;0;0;0;0;0;0;0;0;0;0
PT;2014;0.300579150579;0;0.131853281853;0.0121621621622;0.233783783784;0.0588803088803;0.230694980695;0.0279922779923;0.00405405405405;0;0;0;0;0;0;0;0;0;0;0;0
PT;2015;0.169339069222;0;0.206491982792;0.0156433320297;0.226828314431;0.0606179116152;0.288032850997;0.0291357059054;0.00391083300743;0;0;0;0;0;0;0;0;0;0;0;0
PT;2016;0.266215071973;0;0.213039796782;0.014733276884;0.211176968671;0.0519898391194;0.213886536833;0.0260795935648;0.00287891617273;0;0;0;0;0;0;0;0;0;0;0;0
PT;2017;0.102448341726;0;0.32800833478;0.0171904844591;0.212710540024;0.0559124848064;0.254731724258;0.0251779822886;0.00382010765758;0;0;0;0;0;0;0;0;0;0;0;0
PT;2018;0.21233933162;0;0.267523564696;0.0173093401885;0.216281062554;0.0541559554413;0.205826906598;0.0226221079692;0.00394173093402;0;0;0;0;0;0;0;0;0;0;0;0
PT;2019;0.170930232558;0;0.334496124031;0.0259689922481;0.26492248062;0.0651162790698;0.107170542636;0.0271317829457;0.00426356589147;0;0;0;0;0;0;0;0;0;0;0;0
PT;2020;0.23506518778;0;0.342479081533;0.0334695466044;0.239346176299;0.073749756762;0.0459233313874;0.025685931115;0.00428098851917;0;0;0;0;0;0;0;0;0;0;0;0
PT;2021;0.241974806989;0;0.316334823243;0.0455099553027;0.26838683462;0.0812677773263;0.0162535554653;0.0266151970744;0.00365704997968;0;0;0;0;0;0;0;0;0;0;0;0
PT;2022;0.141161234621;0;0.375350744658;0.0759766889704;0.285991797971;0.0887114180876;0;0.0287071012303;0.00410101446147;0;0;0;0;0;0;0;0;0;0;0;0
PT;2023;0.260944950152;0;0.225834416992;0.111833550065;0.285002167317;0.0823580407456;0;0.0294755093195;0.00455136540962;0;0;0;0;0;0;0;0;0;0;0;0
PT;2024;0.31481912172;0;0.119035033934;0.149903799395;0.303761337928;0.0792862126562;0;0.0289658963571;0.00422859800833;0;0;0;0;0;0;0;0;0;0;0;0
PT;2025;0.29744322072;0;0.164870204816;0.173203701168;0.268080361509;0.066178915863;0;0.0263111563215;0.00391243960171;0;0;0;0;0;0;0;0;0;0;0;0
PY;2000;1;0;0;0;0;0;0;0;0;0;0;0;0;0;0;0;0;0;0;0;0
PY;2001;1;0;0;0;0;0;0;0;0;0;0;0;0;0;0;0;0;0;0;0;0
PY;2002;1;0;0;0;0;0;0;0;0;0;0;0;0;0;0;0;0;0;0;0;0
PY;2003;1;0;0;0;0;0;0;0;0;0;0;0;0;0;0;0;0;0;0;0;0
PY;2004;1;0;0;0;0;0;0;0;0;0;0;0;0;0;0;0;0;0;0;0;0
PY;2005;1;0;0;0;0;0;0;0;0;0;0;0;0;0;0;0;0;0;0;0;0
PY;2006;1;0;0;0;0;0;0;0;0;0;0;0;0;0;0;0;0;0;0;0;0
PY;2007;1;0;0;0;0;0;0;0;0;0;0;0;0;0;0;0;0;0;0;0;0
PY;2008;1;0;0;0;0;0;0;0;0;0;0;0;0;0;0;0;0;0;0;0;0
PY;2009;1;0;0;0;0;0;0;0;0;0;0;0;0;0;0;0;0;0;0;0;0
PY;2010;1;0;0;0;0;0;0;0;0;0;0;0;0;0;0;0;0;0;0;0;0
PY;2011;1;0;0;0;0;0;0;0;0;0;0;0;0;0;0;0;0;0;0;0;0
PY;2012;1;0;0;0;0;0;0;0;0;0;0;0;0;0;0;0;0;0;0;0;0
PY;2013;0.997851594778;0;0;0;0;0.00214840522228;0;0;0;0;0;0;0;0;0;0;0;0;0;0;0
PY;2014;0.997293884178;0;0;0;0;0.00252570810031;0;0.00018040772145;0;0;0;0;0;0;0;0;0;0;0;0;0
PY;2015;0.997316156736;0;0;0;0;0.00268384326355;0;0;0;0;0;0;0;0;0;0;0;0;0;0;0
PY;2016;0.997341257429;0;0;0;0;0.00265874257116;0;0;0;0;0;0;0;0;0;0;0;0;0;0;0
PY;2017;0.997659645603;0;0;0;0;0.00234035439652;0;0;0;0;0;0;0;0;0;0;0;0;0;0;0
PY;2018;0.997809234917;0;0;0;0;0.00219076508257;0;0;0;0;0;0;0;0;0;0;0;0;0;0;0
PY;2019;0.997176850171;0;0;0;0;0.00282314982859;0;0;0;0;0;0;0;0;0;0;0;0;0;0;0
PY;2020;0.994424190435;0;0;0;0;0.00557580956466;0;0;0;0;0;0;0;0;0;0;0;0;0;0;0
PY;2021;0.993388834476;0;0;0;0;0.006611165524;0;0;0;0;0;0;0;0;0;0;0;0;0;0;0
PY;2022;0.994559056903;0;0;0;0;0.0054409430968;0;0;0;0;0;0;0;0;0;0;0;0;0;0;0
PY;2023;0.995475113122;0;0;0;0;0.00452488687783;0;0;0;0;0;0;0;0;0;0;0;0;0;0;0
PY;2024;0.994340957321;0;0;0;0;0.00565904267861;0;0;0;0;0;0;0;0;0;0;0;0;0;0;0
PY;2025;0.994707828004;0;0;0;0;0.00529217199559;0;0;0;0;0;0;0;0;0;0;0;0;0;0;0
QA;2000;0;0;1;0;0;0;0;0;0;0;0;0;0;0;0;0;0;0;0;0;0
QA;2001;0;0;1;0;0;0;0;0;0;0;0;0;0;0;0;0;0;0;0;0;0
QA;2002;0;0;1;0;0;0;0;0;0;0;0;0;0;0;0;0;0;0;0;0;0
QA;2003;0;0;1;0;0;0;0;0;0;0;0;0;0;0;0;0;0;0;0;0;0
QA;2004;0;0;1;0;0;0;0;0;0;0;0;0;0;0;0;0;0;0;0;0;0
QA;2005;0;0;1;0;0;0;0;0;0;0;0;0;0;0;0;0;0;0;0;0;0
QA;2006;0;0;1;0;0;0;0;0;0;0;0;0;0;0;0;0;0;0;0;0;0
QA;2007;0;0;1;0;0;0;0;0;0;0;0;0;0;0;0;0;0;0;0;0;0
QA;2008;0;0;1;0;0;0;0;0;0;0;0;0;0;0;0;0;0;0;0;0;0
QA;2009;0;0;1;0;0;0;0;0;0;0;0;0;0;0;0;0;0;0;0;0;0
QA;2010;0;0;1;0;0;0;0;0;0;0;0;0;0;0;0;0;0;0;0;0;0
QA;2011;0;0;1;0;0;0;0;0;0;0;0;0;0;0;0;0;0;0;0;0;0
QA;2012;0;0;0.999712643678;0;0;0.000287356321839;0;0;0;0;0;0;0;0;0;0;0;0;0;0;0
QA;2013;0;0;0.997697841727;0;0;0.00230215827338;0;0;0;0;0;0;0;0;0;0;0;0;0;0;0
QA;2014;0;0;0.997164948454;0.000257731958763;0;0.00257731958763;0;0;0;0;0;0;0;0;0;0;0;0;0;0;0
QA;2015;0;0;0.996877251982;0.00024021138602;0;0.00288253663224;0;0;0;0;0;0;0;0;0;0;0;0;0;0;0
QA;2016;0;0;0.996936852026;0.000235626767201;0;0.00282752120641;0;0;0;0;0;0;0;0;0;0;0;0;0;0;0
QA;2017;0;0;0.99693654267;0.000218818380744;0;0.00284463894967;0;0;0;0;0;0;0;0;0;0;0;0;0;0;0
QA;2018;0;0;0.996878901373;0.000208073241781;0;0.00291302538494;0;0;0;0;0;0;0;0;0;0;0;0;0;0;0
QA;2019;0;0;0.9974;0.0002;0;0.0024;0;0;0;0;0;0;0;0;0;0;0;0;0;0;0
QA;2020;0;0;0.997165991903;0.000202429149798;0;0.00263157894737;0;0;0;0;0;0;0;0;0;0;0;0;0;0;0
QA;2021;0;0;0.997103687971;0.000193087468623;0;0.00270322456073;0;0;0;0;0;0;0;0;0;0;0;0;0;0;0
QA;2022;0;0;0.986849315068;0.0107762557078;0;0.00237442922374;0;0;0;0;0;0;0;0;0;0;0;0;0;0;0
QA;2023;0;0;0.96434905995;0.0333451578574;0;0.00230578219227;0;0;0;0;0;0;0;0;0;0;0;0;0;0;0
QA;2024;0;0;0.959774170783;0.037932251235;0;0.00229357798165;0;0;0;0;0;0;0;0;0;0;0;0;0;0;0
QA;2025;0;0;0.960123826014;0.0376025324868;0;0.0022736414992;0;0;0;0;0;0;0;0;0;0;0;0;0;0;0
RE;2000;0.318181818182;0;0;0;0;0.147727272727;0.346590909091;0.1875;0;0;0;0;0;0;0;0;0;0;0;0;0
RE;2001;0.27027027027;0;0;0;0;0.135135135135;0.351351351351;0.243243243243;0;0;0;0;0;0;0;0;0;0;0;0;0
RE;2002;0.305699481865;0;0;0;0;0.124352331606;0.326424870466;0.243523316062;0;0;0;0;0;0;0;0;0;0;0;0;0
RE;2003;0.302884615385;0;0;0;0;0.110576923077;0.3125;0.274038461538;0;0;0;0;0;0;0;0;0;0;0;0;0
RE;2004;0.264840182648;0;0;0;0;0.132420091324;0.255707762557;0.34703196347;0;0;0;0;0;0;0;0;0;0;0;0;0
RE;2005;0.224669603524;0;0;0;0;0.114537444934;0.396475770925;0.264317180617;0;0;0;0;0;0;0;0;0;0;0;0;0
RE;2006;0.245762711864;0;0;0;0;0.114406779661;0.415254237288;0.224576271186;0;0;0;0;0;0;0;0;0;0;0;0;0
RE;2007;0.268292682927;0;0;0;0.00406504065041;0.0975609756098;0.508130081301;0.121951219512;0;0;0;0;0;0;0;0;0;0;0;0;0
RE;2008;0.248031496063;0;0;0;0.00393700787402;0.106299212598;0.507874015748;0.133858267717;0;0;0;0;0;0;0;0;0;0;0;0;0
RE;2009;0.202290076336;0;0;0.00763358778626;0.00763358778626;0.106870229008;0.477099236641;0.198473282443;0;0;0;0;0;0;0;0;0;0;0;0;0
RE;2010;0.2;0;0;0.0296296296296;0.00740740740741;0.103703703704;0.485185185185;0.174074074074;0;0;0;0;0;0;0;0;0;0;0;0;0
RE;2011;0.145454545455;0;0;0.0509090909091;0.00363636363636;0.101818181818;0.476363636364;0.221818181818;0;0;0;0;0;0;0;0;0;0;0;0;0
RE;2012;0.173758865248;0;0;0.0673758865248;0.00709219858156;0.0992907801418;0.478723404255;0.173758865248;0;0;0;0;0;0;0;0;0;0;0;0;0
RE;2013;0.198581560284;0;0;0.0780141843972;0.00709219858156;0.0957446808511;0.450354609929;0.170212765957;0;0;0;0;0;0;0;0;0;0;0;0;0
RE;2014;0.15034965035;0;0;0.0839160839161;0.00699300699301;0.0909090909091;0.423076923077;0.244755244755;0;0;0;0;0;0;0;0;0;0;0;0;0
RE;2015;0.172413793103;0;0;0.0827586206897;0.00689655172414;0.1;0.403448275862;0.234482758621;0;0;0;0;0;0;0;0;0;0;0;0;0
RE;2016;0.156462585034;0;0;0.0884353741497;0.00680272108844;0.0884353741497;0.387755102041;0.272108843537;0;0;0;0;0;0;0;0;0;0;0;0;0
RE;2017;0.140939597315;0;0;0.0872483221477;0.00335570469799;0.0906040268456;0.38255033557;0.295302013423;0;0;0;0;0;0;0;0;0;0;0;0;0
RE;2018;0.203389830508;0;0;0.0847457627119;0.00338983050847;0.071186440678;0.359322033898;0.277966101695;0;0;0;0;0;0;0;0;0;0;0;0;0
RE;2019;0.137704918033;0;0;0.0852459016393;0.00327868852459;0.0852459016393;0.35737704918;0.331147540984;0;0;0;0;0;0;0;0;0;0;0;0;0
RE;2020;0.110817941953;0;0;0.0686015831135;0.00263852242744;0.0633245382586;0.503957783641;0.250659630607;0;0;0;0;0;0;0;0;0;0;0;0;0
RE;2021;0.116504854369;0;0;0.0873786407767;0;0.0776699029126;0.300970873786;0.417475728155;0;0;0;0;0;0;0;0;0;0;0;0;0
RE;2022;0.205882352941;0;0;0.0882352941176;0;0.0816993464052;0.18954248366;0.434640522876;0;0;0;0;0;0;0;0;0;0;0;0;0
RE;2023;0.127035830619;0;0;0.0944625407166;0.00651465798046;0.338762214984;0.130293159609;0.302931596091;0;0;0;0;0;0;0;0;0;0;0;0;0
RER;2000;0.171407427984;0.263387248691;0.213025433573;1.33980788048e-05;0.00497783287862;0.00775056528727;0.272618524988;0.0651850029052;0.00163456561419;0;0;0;0;0;0;0;0;0;0;0;0
RER;2001;0.170085086521;0.26735508839;0.215121150467;3.94812687701e-05;0.00588336706788;0.00815375936254;0.267935901721;0.0638227870091;0.00160337819283;0;0;0;0;0;0;0;0;0;0;0;0
RER;2002;0.155377706081;0.269088473588;0.223313116442;6.30826169106e-05;0.00793231278711;0.0092759725273;0.268166162223;0.0651539020079;0.00162927172641;0;0;0;0;0;0;0;0;0;0;0;0
RER;2003;0.143477671789;0.266541173433;0.234673338875;8.91930702931e-05;0.00953919886784;0.0106874534656;0.273337685389;0.0599256384631;0.00172864664806;0;0;0;0;0;0;0;0;0;0;0;0
RER;2004;0.152794559893;0.263348691826;0.244193595986;0.000145479635968;0.0124378853911;0.0127253115862;0.25966764138;0.0529577049133;0.00172912938751;0;0;0;0;0;0;0;0;0;0;0;0
RER;2005;0.150602170839;0.257306148804;0.255424441557;0.00030854359251;0.0146357959607;0.0145344465423;0.254077475092;0.0513884461663;0.00172253144693;0;0;0;0;0;0;0;0;0;0;0;0
RER;2006;0.145781329508;0.25329772699;0.256140892135;0.000510856194983;0.0167891385963;0.0160921704777;0.260016387465;0.0494262383755;0.00194526025619;0;0;0;0;0;0;0;0;0;0;0;0
RER;2007;0.144473715368;0.239913963217;0.272976754282;0.000763675112479;0.0210290867472;0.017620569895;0.257064882785;0.0440123529876;0.00214499960534;0;0;0;0;0;0;0;0;0;0;0;0
RER;2008;0.146389926243;0.238078193095;0.281793423704;0.00147987092085;0.0238959077952;0.0194277532686;0.245251950468;0.0414719652432;0.00221100926219;0;0;0;0;0;0;0;0;0;0;0;0
RER;2009;0.155085837161;0.239834494958;0.275909280999;0.00293374398906;0.0280099669281;0.0224797876536;0.233783878943;0.0395281455679;0.00243486380058;0;0;0;0;0;0;0;0;0;0;0;0
RER;2010;0.158208619862;0.236185342982;0.283458943741;0.00463919186142;0.0302596297603;0.0246664770661;0.224807538353;0.0354350194956;0.00233923687847;0;0;0;0;0;0;0;0;0;0;0;0
RER;2011;0.142911188672;0.235913418773;0.273933762531;0.00949271510854;0.0369754767748;0.0264562291421;0.234728579044;0.0371184066922;0.00247022326245;0;0;0;0;0;0;0;0;0;0;0;0
RER;2012;0.153032223393;0.229878444317;0.248131646308;0.0141751405458;0.0420840374392;0.0293016918685;0.244658850301;0.0361428535948;0.00259511223225;0;0;0;0;0;0;0;0;0;0;0;0
RER;2013;0.164751566725;0.22842552621;0.236014815005;0.0171259797886;0.0489273711845;0.0315153044677;0.239816557355;0.0306467910846;0.00277608818023;0;0;0;0;0;0;0;0;0;0;0;0
RER;2014;0.161984804099;0.234628581304;0.233361056072;0.0198279590023;0.0533264686551;0.0339361528919;0.228444970363;0.0313917015001;0.00309830611264;0;0;0;0;0;0;0;0;0;0;0;0
RER;2015;0.158061941337;0.230560059843;0.233125868525;0.0217843004222;0.0632836048096;0.0359750360393;0.222184166195;0.0317307980091;0.00329422481955;0;0;0;0;0;0;0;0;0;0;0;0
RER;2016;0.162462090867;0.222925187879;0.248878759116;0.0223842820465;0.0632880581065;0.0361190055495;0.208372702173;0.0319882881413;0.00358162612092;0;0;0;0;0;0;0;0;0;0;0;0
RER;2017;0.148407868403;0.221373860319;0.259860773529;0.0241064888897;0.0747448110809;0.0368690450087;0.200520796886;0.0302869670152;0.00382938886841;0;0;0;0;0;0;0;0;0;0;0;0
RER;2018;0.160257102378;0.220874262634;0.24998597152;0.0268019437862;0.0781041931031;0.0377598316428;0.192986998211;0.0291217706922;0.00410792603334;0;0;0;0;0;0;0;0;0;0;0;0
RER;2019;0.159554466449;0.222650755089;0.259727051518;0.0298342081732;0.0903718001154;0.0396654631026;0.166273486785;0.0274968094419;0.00442595932571;0;0;0;0;0;0;0;0;0;0;0;0
RER;2020;0.174791381027;0.211723385344;0.254886390279;0.0360219895375;0.103806599482;0.0421370711273;0.146845419858;0.025011697742;0.00477606560332;0;0;0;0;0;0;0;0;0;0;0;0
RER;2021;0.165596161045;0.214027699261;0.2585893972;0.0386256194286;0.0969510711089;0.0426610514382;0.153971621428;0.0249465870389;0.00463079205221;0;0;0;0;0;0;0;0;0;0;0;0
RER;2022;0.149280174158;0.192520859074;0.255066567886;0.0496358556075;0.110914303088;0.0421070072773;0.168385813491;0.027301018764;0.00478840065436;0;0;0;0;0;0;0;0;0;0;0;0
RER;2023;0.16755244862;0.193935343774;0.239092853791;0.0604351151583;0.123833501775;0.0408133062676;0.14482379308;0.0247766602563;0.00473697727837;0;0;0;0;0;0;0;0;0;0;0;0
RER;2024;0.176555080584;0.196106522325;0.231655205231;0.0717040033166;0.124055700674;0.041142945124;0.130405264883;0.0237621619626;0.00461311589958;0;0;0;0;0;0;0;0;0;0;0;0
RER;2025;0.160006996141;0.194918445847;0.23912815088;0.0868204317848;0.122529316395;0.040927622609;0.127692100914;0.0231747182615;0.00480221716641;0;0;0;0;0;0;0;0;0;0;0;0
RO;1990;0.177449455677;0;0.35101088647;0;0;0;0.287713841369;0.183825816485;0;0;0;0;0;0;0;0;0;0;0;0;0
RO;1991;0.256866197183;0;0.360387323944;0;0;0;0.274823943662;0.107922535211;0;0;0;0;0;0;0;0;0;0;0;0;0
RO;1992;0.216626550639;0;0.360488798371;0;0;0;0.339566746899;0.0833179040918;0;0;0;0;0;0;0;0;0;0;0;0;0
RO;1993;0.230671965318;0;0.325144508671;0;0;0;0.344833815029;0.0993497109827;0;0;0;0;0;0;0;0;0;0;0;0;0
RO;1994;0.237100290698;0;0.30105377907;0;0;0;0.356649709302;0.10519622093;0;0;0;0;0;0;0;0;0;0;0;0;0
RO;1995;0.282641828959;0;0.270448772227;0;0;0;0.348687552921;0.0982218458933;0;0;0;0;0;0;0;0;0;0;0;0;0
RO;1996;0.258233655579;0.0227756840898;0.273799770605;0;0;0;0.335408815337;0.10978207439;0;0;0;0;0;0;0;0;0;0;0;0;0
RO;1997;0.308709449929;0.0952045133992;0.177715091678;0;0;0.000176304654443;0.297249647391;0.120944992948;0;0;0;0;0;0;0;0;0;0;0;0;0
RO;1998;0.356293640309;0.100207586337;0.191734289489;0;0;0.000188714851859;0.273447820343;0.0781279486696;0;0;0;0;0;0;0;0;0;0;0;0;0
RO;1999;0.36239350109;0.103031503864;0.167228056271;0;0;0;0.290865860907;0.076481077868;0;0;0;0;0;0;0;0;0;0;0;0;0
RO;2000;0.286656322731;0.105896043445;0.174553917766;0;0;0;0.366951124903;0.0659425911559;0;0;0;0;0;0;0;0;0;0;0;0;0
RO;2001;0.278618113912;0.101774042951;0.150700280112;0;0;0;0.367880485528;0.101027077498;0;0;0;0;0;0;0;0;0;0;0;0;0
RO;2002;0.294928335171;0.10124954061;0.164829106946;0;0;0;0.373208379272;0.0657846380007;0;0;0;0;0;0;0;0;0;0;0;0;0
RO;2003;0.241794310722;0.0895331874544;0.176878191101;0;0;0;0.425601750547;0.0661925601751;0;0;0;0;0;0;0;0;0;0;0;0;0
RO;2004;0.292367628829;0.0982822737737;0.185231096157;0;0;0;0.380378962281;0.0437400389587;0;0;0;0;0;0;0;0;0;0;0;0;0
RO;2005;0.340637114445;0.0935445811562;0.161975391876;0;0;0.000168548794876;0.369290409574;0.0343839541547;0;0;0;0;0;0;0;0;0;0;0;0;0
RO;2006;0.29347826087;0.0899936061381;0.189098465473;0;0;0;0.402014066496;0.025415601023;0;0;0;0;0;0;0;0;0;0;0;0;0
RO;2007;0.259421702404;0.125243664717;0.187784275504;0;0;0.000649772579597;0.407732293697;0.0191682910981;0;0;0;0;0;0;0;0;0;0;0;0;0
RO;2008;0.265186555658;0.173142152328;0.152944804194;0;0;0.000308356460068;0.398088189948;0.0103299414123;0;0;0;0;0;0;0;0;0;0;0;0;0
RO;2009;0.269664872374;0.204028477166;0.132488279215;0;0.000173641257163;0.000173641257163;0.377496093072;0.015974995659;0;0;0;0;0;0;0;0;0;0;0;0;0
RO;2010;0.329030122476;0.192320423701;0.120158887786;0;0.00513075140682;0.00182058920887;0.342270771268;0.00926845415425;0;0;0;0;0;0;0;0;0;0;0;0;0
RO;2011;0.238349514563;0.190129449838;0.135275080906;0;0.0224919093851;0.00323624595469;0.400970873786;0.00954692556634;0;0;0;0;0;0;0;0;0;0;0;0;0
RO;2012;0.206183805945;0.195934403826;0.148957977451;0.000170823368637;0.0450973693201;0.00358729074137;0.391185514178;0.00888281516912;0;0;0;0;0;0;0;0;0;0;0;0;0
RO;2013;0.257088846881;0.1996906685;0.159133871799;0.00721773500601;0.0776765767314;0.00429627083691;0.291115311909;0.00378071833648;0;0;0;0;0;0;0;0;0;0;0;0;0
RO;2014;0.289587184227;0.179913739988;0.124768946396;0.0249537892791;0.0955021565003;0.00770178681454;0.273567467652;0.00400492914356;0;0;0;0;0;0;0;0;0;0;0;0;0
RO;2015;0.253274444106;0.177276880902;0.143009442583;0.0301553457204;0.107523606458;0.00791958574475;0.276119402985;0.00472129150168;0;0;0;0;0;0;0;0;0;0;0;0;0
RO;2016;0.280753659296;0.175801930863;0.150264715042;0.0283400809717;0.102616007474;0.00825288072252;0.247274992214;0.00669573341638;0;0;0;0;0;0;0;0;0;0;0;0;0
RO;2017;0.228045325779;0.18114573497;0.167768334907;0.0292728989613;0.116619452314;0.00834120239219;0.26408561536;0.00472143531634;0;0;0;0;0;0;0;0;0;0;0;0;0
RO;2018;0.2756360231;0.177618230061;0.164195411269;0.0276260340253;0.098642110192;0.00686748868425;0.244264086156;0.00515061651319;0;0;0;0;0;0;0;0;0;0;0;0;0
RO;2019;0.265146358067;0.191967324711;0.15231449966;0.0302927161334;0.115214431586;0.00850918992512;0.231620149762;0.00493533015657;0;0;0;0;0;0;0;0;0;0;0;0;0
RO;2020;0.278572722333;0.207752218801;0.171345770694;0.0313349030973;0.125882992212;0.00996196341243;0.169534504619;0.00561492483246;0;0;0;0;0;0;0;0;0;0;0;0;0
RO;2021;0.297301912568;0.19262295082;0.169228142077;0.0290300546448;0.112363387978;0.011099726776;0.182547814208;0.00580601092896;0;0;0;0;0;0;0;0;0;0;0;0;0
RO;2022;0.255389112167;0.202594081111;0.170442089879;0.0363536719035;0.127877237852;0.0118743149434;0.189440993789;0.00602849835586;0;0;0;0;0;0;0;0;0;0;0;0;0
RO;2023;0.318525021949;0.196488147498;0.160667251975;0.0391571553995;0.132572431958;0.00772607550483;0.141527655838;0.00333625987709;0;0;0;0;0;0;0;0;0;0;0;0;0
RO;2024;0.269142499478;0.206930561614;0.173548546175;0.0648673254557;0.122015059841;0.00910418602887;0.150977751645;0.00341406976083;0;0;0;0;0;0;0;0;0;0;0;0;0
RO;2025;0.242312472437;0.204566411418;0.169386200537;0.0994266928597;0.119753036924;0.00954175520186;0.151405203865;0.00360822675701;0;0;0;0;0;0;0;0;0;0;0;0;0
RS;1990;0.192199127534;0;0.0338722093918;0;0;0;0.725686425455;0.0482422376187;0;0;0;0;0;0;0;0;0;0;0;0;0
RS;1991;0.254048314308;0;0.0350411468012;0;0;0;0.661003451022;0.0499070878683;0;0;0;0;0;0;0;0;0;0;0;0;0
RS;1992;0.267269017779;0;0.0171961527252;0;0;0;0.697464296124;0.0180705333722;0;0;0;0;0;0;0;0;0;0;0;0;0
RS;1993;0.269025367156;0;0.012349799733;0;0;0;0.708611481976;0.0100133511348;0;0;0;0;0;0;0;0;0;0;0;0;0
RS;1994;0.289422452953;0;0.010058403634;0;0;0;0.692731992213;0.00778715120052;0;0;0;0;0;0;0;0;0;0;0;0;0
RS;1995;0.307644499689;0;0.0108763206961;0;0;0;0.673710379117;0.0077688004972;0;0;0;0;0;0;0;0;0;0;0;0;0
RS;1996;0.355307954194;0;0.0157845868152;0;0;0;0.615908387496;0.0129990714949;0;0;0;0;0;0;0;0;0;0;0;0;0
RS;1997;0.298380221654;0;0.0159136118215;0;0;0;0.669508383063;0.0161977834612;0;0;0;0;0;0;0;0;0;0;0;0;0
RS;1998;0.292932160091;0;0.0147601476015;0;0;0;0.683508373545;0.00879931876242;0;0;0;0;0;0;0;0;0;0;0;0;0
RS;1999;0.361336360688;0;0.0116769380474;0;0;0;0.614985403827;0.0120012974376;0;0;0;0;0;0;0;0;0;0;0;0;0
RS;2000;0.307355242567;0;0.01220657277;0;0;0;0.670735524257;0.00970266040689;0;0;0;0;0;0;0;0;0;0;0;0;0
RS;2001;0.303653669021;0;0.0153515505066;0;0;0;0.671169788149;0.00982499232422;0;0;0;0;0;0;0;0;0;0;0;0;0
RS;2002;0.298736462094;0;0.0150421179302;0;0;0;0.678700361011;0.0075210589651;0;0;0;0;0;0;0;0;0;0;0;0;0
RS;2003;0.255107997665;0;0.015761821366;0;0;0;0.721249270286;0.00788091068301;0;0;0;0;0;0;0;0;0;0;0;0;0
RS;2004;0.285560634579;0;0.0182844850766;0;0;0;0.692121538048;0.00403334229632;0;0;0;0;0;0;0;0;0;0;0;0;0
RS;2005;0.318181818182;0;0.00892359174568;0;0;0;0.651979921919;0.0209146681539;0;0;0;0;0;0;0;0;0;0;0;0;0
RS;2006;0.288541957067;0;0.00334541399498;0;0;0;0.697518817954;0.0105938109841;0;0;0;0;0;0;0;0;0;0;0;0;0
RS;2007;0.262996941896;0;0.0119544064498;0;0;0;0.710870169586;0.0141784820684;0;0;0;0;0;0;0;0;0;0;0;0;0
RS;2008;0.259641499185;0;0.0111352525801;0;0;0;0.724606192287;0.00461705594785;0;0;0;0;0;0;0;0;0;0;0;0;0
RS;2009;0.279501458499;0;0.00450808804031;0;0;0;0.712012728719;0.00397772474145;0;0;0;0;0;0;0;0;0;0;0;0;0
RS;2010;0.317744521646;0;0.00881881346873;0;0;0;0.668626402993;0.00481026189204;0;0;0;0;0;0;0;0;0;0;0;0;0
RS;2011;0.228037874803;0;0.013150973172;0;0;0;0.755128879537;0.00368227248816;0;0;0;0;0;0;0;0;0;0;0;0;0
RS;2012;0.256700746062;0;0.0132633324123;0;0;0.000276319425256;0.727272727273;0.0024868748273;0;0;0;0;0;0;0;0;0;0;0;0;0
RS;2013;0.260005098139;0;0.0076472087688;0;0;0.00050981391792;0.730818251338;0.00101962783584;0;0;0;0;0;0;0;0;0;0;0;0;0
RS;2014;0.328947368421;0;0.00687799043062;0.000299043062201;0;0.000598086124402;0.661782296651;0.001495215311;0;0;0;0;0;0;0;0;0;0;0;0;0
RS;2015;0.268156424581;0;0.00585262037776;0.000266028198989;0;0.000532056397978;0.722532588454;0.00266028198989;0;0;0;0;0;0;0;0;0;0;0;0;0
RS;2016;0.279461279461;0;0.00984200984201;0.000259000259;0.000777000777001;0.000777000777001;0.705516705517;0.003367003367;0;0;0;0;0;0;0;0;0;0;0;0;0
RS;2017;0.251097694841;0;0.0150933040615;0.000274423710209;0.00137211855104;0.00219538968167;0.726125137212;0.00384193194292;0;0;0;0;0;0;0;0;0;0;0;0;0
RS;2018;0.290155440415;0;0.0163621488956;0.000272702481593;0.00409053722389;0.00272702481593;0.682301608945;0.00409053722389;0;0;0;0;0;0;0;0;0;0;0;0;0
RS;2019;0.256646771568;0;0.0181768855128;0.000271296798698;0.0244167118828;0.00379815518177;0.693977211069;0.00271296798698;0;0;0;0;0;0;0;0;0;0;0;0;0
RS;2020;0.241527703066;0;0.0137170521786;0.000268961807423;0.0263582571275;0.00511027434104;0.711672942442;0.00134480903712;0;0;0;0;0;0;0;0;0;0;0;0;0
RS;2021;0.299252536038;0;0.0285638013881;0.000266951414842;0.028830752803;0.00667378537106;0.634543513081;0.0018686599039;0;0;0;0;0;0;0;0;0;0;0;0;0
RS;2022;0.246842709529;0;0.0416188289323;0.000574052812859;0.0272675086108;0.00717566016073;0.674225028703;0.00229621125144;0;0;0;0;0;0;0;0;0;0;0;0;0
RS;2023;0.314772438342;0;0.0500889905924;0.00127129417747;0.0272056953979;0.00635647088736;0.598525298754;0.00177981184846;0;0;0;0;0;0;0;0;0;0;0;0;0
RS;2024;0.273416350839;0;0.0465619924201;0.00433134813211;0.0332972387656;0.00920411478073;0.629669734705;0.00351922035734;0;0;0;0;0;0;0;0;0;0;0;0;0
RS;2025;0.222746316695;0;0.0613745456563;0.00443938847424;0.0411475819206;0.0107100246941;0.656641047696;0.00294109486418;0;0;0;0;0;0;0;0;0;0;0;0;0
RU;1985;0.166035343035;0.10324012474;0.469092515593;0;0;0;0.143818087318;0.117813929314;0;0;0;0;0;0;0;0;0;0;0;0;0
RU;1986;0.164101258238;0.105073896545;0.469157179948;0;0;0;0.143837627322;0.117830037947;0;0;0;0;0;0;0;0;0;0;0;0;0
RU;1987;0.155187773501;0.119070103189;0.465894648997;0;0;0;0.142836954872;0.117010519441;0;0;0;0;0;0;0;0;0;0;0;0;0
RU;1988;0.151031440638;0.126526513374;0.463775692163;0;0;0;0.142187705303;0.116478648522;0;0;0;0;0;0;0;0;0;0;0;0;0
RU;1989;0.148375290293;0.126649326521;0.465401764979;0;0;0;0.142686483976;0.116887134231;0;0;0;0;0;0;0;0;0;0;0;0;0
RU;1990;0.154172838502;0.109337359696;0.472755061213;0;0;6.00627794652e-05;0.144940727277;0.118733950532;0;0;0;0;0;0;0;0;0;0;0;0;0
RU;1991;0.157367368089;0.112327425683;0.469320693565;0;0;6.08521358632e-05;0.144861786076;0.116061874452;0;0;0;0;0;0;0;0;0;0;0;0;0
RU;1992;0.171147970795;0.118623747954;0.456331455532;0;0;6.24721726136e-05;0.152819825296;0.101014528251;0;0;0;0;0;0;0;0;0;0;0;0;0
RU;1993;0.182198796346;0.124595044674;0.448645026537;0;0;6.27229933085e-05;0.155126507051;0.0893719023988;0;0;0;0;0;0;0;0;0;0;0;0;0
RU;1994;0.200848485125;0.111677630452;0.415271362257;0;0;6.96415401512e-05;0.185503371336;0.0866295092897;0;0;0;0;0;0;0;0;0;0;0;0;0
RU;1995;0.204941240217;0.115731250298;0.411084768269;0;0;6.86024973635e-05;0.186384846057;0.0817892926617;0;0;0;0;0;0;0;0;0;0;0;0;0
RU;1996;0.18214364547;0.128692384054;0.429790257831;0;0;6.72818033412e-05;0.189606023728;0.0697004071139;0;0;0;0;0;0;0;0;0;0;0;0;0
RU;1997;0.18874013794;0.130073094034;0.427832079134;0;0;6.83345901303e-05;0.188246210727;0.0650401435746;0;0;0;0;0;0;0;0;0;0;0;0;0
RU;1998;0.191616122172;0.12539185332;0.418908577432;0;0;7.01195296189e-05;0.197027415527;0.0669859120193;0;0;0;0;0;0;0;0;0;0;0;0;0
RU;1999;0.189656415256;0.144020798251;0.423804543709;0;0;6.85396909805e-05;0.190659694526;0.0517900085675;0;0;0;0;0;0;0;0;0;0;0;0;0
RU;2000;0.186924959328;0.148918160234;0.421949407813;0;2.27851677672e-06;9.00014126804e-05;0.200070861872;0.0420443308224;0;0;0;0;0;0;0;0;0;0;0;0;0
RU;2001;0.195110649355;0.153637897685;0.422698040131;0;3.36593050027e-06;0.00012790535901;0.189359396107;0.0390627454324;0;0;0;0;0;0;0;0;0;0;0;0;0
RU;2002;0.181955062685;0.158904100367;0.431705423399;0;6.73184589458e-06;0.000194101556627;0.191138422459;0.0360961576868;0;0;0;0;0;0;0;0;0;0;0;0;0
RU;2003;0.16989236985;0.164077591494;0.443988012476;0;9.82226073519e-06;0.000399438603231;0.187971877776;0.0336608875395;0;0;0;0;0;0;0;0;0;0;0;0;0
RU;2004;0.18851486211;0.155281682584;0.453438137139;0;7.51153557249e-06;0.00048288442966;0.172609722073;0.0296652001288;0;0;0;0;0;0;0;0;0;0;0;0;0
RU;2005;0.180914998428;0.156635572791;0.461237815743;0;7.33675715334e-06;0.000472696782308;0.173708206687;0.0270233728121;0;0;0;0;0;0;0;0;0;0;0;0;0
RU;2006;0.174664852333;0.157681685314;0.45887309747;0;5.03981453483e-06;0.000510029230924;0.17918858986;0.0290767059772;0;0;0;0;0;0;0;0;0;0;0;0;0
RU;2007;0.173795032885;0.157119858643;0.480158044567;0;6.87150289585e-06;0.000475115343084;0.167588102484;0.0208569745754;0;0;0;0;0;0;0;0;0;0;0;0;0
RU;2008;0.158442155344;0.156811387681;0.475423581323;0;4.80768768492e-06;0.000470191855585;0.189076741272;0.0197711348354;0;0;0;0;0;0;0;0;0;0;0;0;0
RU;2009;0.175409500966;0.164718723914;0.473093820455;0;4.02779581895e-06;0.000500453630504;0.165532338669;0.0207411345697;0;0;0;0;0;0;0;0;0;0;0;0;0
RU;2010;0.160383956595;0.16417092311;0.501461416485;0;3.85343832668e-06;0.000517324095357;0.160010173077;0.0134523531985;0;0;0;0;0;0;0;0;0;0;0;0;0
RU;2011;0.15457560084;0.163947496151;0.494186884276;9.47996693388e-07;4.73998346694e-06;0.000528034158217;0.156429882373;0.0303264142215;0;0;0;0;0;0;0;0;0;0;0;0;0
RU;2012;0.152862322534;0.166029950743;0.4920194634;3.74080346847e-06;4.67600433559e-06;0.00047040603616;0.158201384284;0.0304080561943;0;0;0;0;0;0;0;0;0;0;0;0;0
RU;2013;0.171044816988;0.162883998924;0.500394208208;1.03863240439e-05;3.77684510686e-06;0.000455109835377;0.152841367784;0.0123663350911;0;0;0;0;0;0;0;0;0;0;0;0;0
RU;2014;0.162934271506;0.169853109765;0.502585989799;0.00015034824412;9.02089464723e-05;0.000520580795267;0.14912854399;0.0147369469534;0;0;0;0;0;0;0;0;0;0;0;0;0
RU;2015;0.157364153013;0.183102694692;0.496237622278;0.000314741420252;0.000138636101778;0.000450567330777;0.148520481142;0.0138711040211;0;0;0;0;0;0;0;0;0;0;0;0;0
RU;2016;0.169218373758;0.18021960294;0.478298650099;0.000428976442044;0.000135659216715;0.000408810882802;0.157153869633;0.0141360570282;0;0;0;0;0;0;0;0;0;0;0;0;0
RU;2017;0.169689988123;0.186165669585;0.473131937418;0.000498541034326;0.000127384565756;0.000476546576929;0.159472646226;0.0104372864705;0;0;0;0;0;0;0;0;0;0;0;0;0
RU;2018;0.171870125983;0.184440469601;0.472162769857;0.000562568630668;0.000213667893379;0.000455283907833;0.159221347316;0.0110737668117;0;0;0;0;0;0;0;0;0;0;0;0;0
RU;2019;0.173838074523;0.186904370099;0.458195903211;0.000880924102799;0.000281716845058;0.000482048823765;0.167729737851;0.0116872245435;0;0;0;0;0;0;0;0;0;0;0;0;0
RU;2020;0.195719989903;0.198922442782;0.429215288488;0.00171546814223;0.00104844400959;0.000750862801243;0.161187671478;0.0114398323964;0;0;0;0;0;0;0;0;0;0;0;0;0
RU;2021;0.18540799906;0.192200061188;0.443712049061;0.00199812287073;0.00223406038963;0.000708676796712;0.16173473709;0.0120042935443;0;0;0;0;0;0;0;0;0;0;0;0;0
RU;2022;0.169389752309;0.191697745206;0.437586122975;0.00205581111561;0.00360002605113;0.000721547711271;0.182456450054;0.0124925445783;0;0;0;0;0;0;0;0;0;0;0;0;0
RU;2023;0.170478396332;0.184495806913;0.442907229287;0.00223636939221;0.00402885977412;0.000720560764321;0.182565824372;0.0125669531652;0;0;0;0;0;0;0;0;0;0;0;0;0
RU;2024;0.174095359376;0.178377104488;0.457735752324;0.00241788773856;0.00377650249727;0.000683855389806;0.17115486389;0.0117586742963;0;0;0;0;0;0;0;0;0;0;0;0;0
RU;2025;0.167402717766;0.183035187289;0.456245913347;0.00239275909906;0.00325509005498;0.000739260421437;0.176795427469;0.0101336445539;0;0;0;0;0;0;0;0;0;0;0;0;0
RW;2000;0.625;0;0;0;0;0;0;0.375;0;0;0;0;0;0;0;0;0;0;0;0;0
RW;2001;0.6;0;0;0;0;0;0;0.4;0;0;0;0;0;0;0;0;0;0;0;0;0
RW;2002;0.588235294118;0;0;0;0;0;0;0.411764705882;0;0;0;0;0;0;0;0;0;0;0;0;0
RW;2003;0.666666666667;0;0;0;0;0;0;0.333333333333;0;0;0;0;0;0;0;0;0;0;0;0;0
RW;2004;0.571428571429;0;0;0;0;0;0;0.428571428571;0;0;0;0;0;0;0;0;0;0;0;0;0
RW;2005;0.526315789474;0;0;0;0;0;0;0.473684210526;0;0;0;0;0;0;0;0;0;0;0;0;0
RW;2006;0.481481481481;0;0;0;0;0;0;0.518518518519;0;0;0;0;0;0;0;0;0;0;0;0;0
RW;2007;0.48;0;0;0;0;0;0;0.52;0;0;0;0;0;0;0;0;0;0;0;0;0
RW;2008;0.551724137931;0;0;0;0;0;0;0.448275862069;0;0;0;0;0;0;0;0;0;0;0;0;0
RW;2009;0.516129032258;0;0;0;0;0;0;0.483870967742;0;0;0;0;0;0;0;0;0;0;0;0;0
RW;2010;0.392857142857;0;0.0357142857143;0;0;0;0;0.571428571429;0;0;0;0;0;0;0;0;0;0;0;0;0
RW;2011;0.428571428571;0;0.0285714285714;0;0;0;0;0.542857142857;0;0;0;0;0;0;0;0;0;0;0;0;0
RW;2012;0.461538461538;0;0.025641025641;0;0;0;0;0.512820512821;0;0;0;0;0;0;0;0;0;0;0;0;0
RW;2013;0.405405405405;0;0.027027027027;0;0;0;0;0.567567567568;0;0;0;0;0;0;0;0;0;0;0;0;0
RW;2014;0.487804878049;0;0.0487804878049;0;0;0;0;0.463414634146;0;0;0;0;0;0;0;0;0;0;0;0;0
RW;2015;0.549019607843;0;0.0392156862745;0.0196078431373;0;0;0;0.392156862745;0;0;0;0;0;0;0;0;0;0;0;0;0
RW;2016;0.46875;0;0.15625;0.03125;0;0;0.015625;0.328125;0;0;0;0;0;0;0;0;0;0;0;0;0
RW;2017;0.430769230769;0;0.169230769231;0.0307692307692;0;0;0.0307692307692;0.338461538462;0;0;0;0;0;0;0;0;0;0;0;0;0
RW;2018;0.378048780488;0;0.256097560976;0.0365853658537;0;0;0.0365853658537;0.292682926829;0;0;0;0;0;0;0;0;0;0;0;0;0
RW;2019;0.470588235294;0;0.247058823529;0.0352941176471;0;0;0.0235294117647;0.223529411765;0;0;0;0;0;0;0;0;0;0;0;0;0
RW;2020;0.595505617978;0;0.23595505618;0.0337078651685;0;0;0.0337078651685;0.101123595506;0;0;0;0;0;0;0;0;0;0;0;0;0
RW;2021;0.55;0;0.22;0.04;0;0;0.04;0.15;0;0;0;0;0;0;0;0;0;0;0;0;0
RW;2022;0.538461538462;0;0.201923076923;0.0384615384615;0;0;0.0480769230769;0.173076923077;0;0;0;0;0;0;0;0;0;0;0;0;0
RW;2023;0.454545454545;0;0.272727272727;0.0363636363636;0;0;0.154545454545;0.0818181818182;0;0;0;0;0;0;0;0;0;0;0;0;0
RW;2024;0.46017699115;0;0.265486725664;0.0353982300885;0;0;0.150442477876;0.0884955752212;0;0;0;0;0;0;0;0;0;0;0;0;0
SA;1985;0;0;0.576005730437;0;0;0;0;0.423994269563;0;0;0;0;0;0;0;0;0;0;0;0;0
SA;1986;0;0;0.553829577085;0;0;0;0;0.446170422915;0;0;0;0;0;0;0;0;0;0;0;0;0
SA;1987;0;0;0.508769230769;0;0;0;0;0.491230769231;0;0;0;0;0;0;0;0;0;0;0;0;0
SA;1988;0;0;0.493315832275;0;0;0;0;0.506684167725;0;0;0;0;0;0;0;0;0;0;0;0;0
SA;1989;0;0;0.512795457547;0;0;0;0;0.487204542453;0;0;0;0;0;0;0;0;0;0;0;0;0
SA;1990;0;0;0.509870933013;0;0;0;0;0.490129066987;0;0;0;0;0;0;0;0;0;0;0;0;0
SA;1991;0;0;0.503035436962;0;0;0;0;0.496964563038;0;0;0;0;0;0;0;0;0;0;0;0;0
SA;1992;0;0;0.469622243857;0;0;0;0;0.530377756143;0;0;0;0;0;0;0;0;0;0;0;0;0
SA;1993;0;0;0.466314077277;0;0;0;0;0.533685922723;0;0;0;0;0;0;0;0;0;0;0;0;0
SA;1994;0;0;0.476000980706;0;0;0;0;0.523999019294;0;0;0;0;0;0;0;0;0;0;0;0;0
SA;1995;0;0;0.453096572302;0;0;0;0;0.546903427698;0;0;0;0;0;0;0;0;0;0;0;0;0
SA;1996;0;0;0.441475656833;0;0;0;0;0.558524343167;0;0;0;0;0;0;0;0;0;0;0;0;0
SA;1997;0;0;0.44423827715;0;0;0;0;0.55576172285;0;0;0;0;0;0;0;0;0;0;0;0;0
SA;1998;0;0;0.424838310824;0;0;0;0;0.575161689176;0;0;0;0;0;0;0;0;0;0;0;0;0
SA;1999;0;0;0.419099236641;0;0;0;0;0.580900763359;0;0;0;0;0;0;0;0;0;0;0;0;0
SA;2000;0;0;0.460319863863;0;0;0;0;0.539680136137;0;0;0;0;0;0;0;0;0;0;0;0;0
SA;2001;0;0;0.52470001985;0;0;0;0;0.47529998015;0;0;0;0;0;0;0;0;0;0;0;0;0
SA;2002;0;0;0.558448349322;0;0;0;0;0.441551650678;0;0;0;0;0;0;0;0;0;0;0;0;0
SA;2003;0;0;0.548436862199;0;0;0;0;0.451563137801;0;0;0;0;0;0;0;0;0;0;0;0;0
SA;2004;0;0;0.569412646694;0;0;0;0;0.430587353306;0;0;0;0;0;0;0;0;0;0;0;0;0
SA;2005;0;0;0.564926330114;0;0;0;0;0.435073669886;0;0;0;0;0;0;0;0;0;0;0;0;0
SA;2006;0;0;0.532563126875;0;0;0;0;0.467436873125;0;0;0;0;0;0;0;0;0;0;0;0;0
SA;2007;0;0;0.502406644687;0;0;0;0;0.497593355313;0;0;0;0;0;0;0;0;0;0;0;0;0
SA;2008;0;0;0.493180738586;4.89713566535e-06;0;0;0;0.506814364278;0;0;0;0;0;0;0;0;0;0;0;0;0
SA;2009;0;0;0.432972706816;4.60178457206e-06;0;0;0;0.5670226914;0;0;0;0;0;0;0;0;0;0;0;0;0
SA;2010;0;0;0.447707557864;1.60788506838e-05;0;0;0;0.552276363286;0;0;0;0;0;0;0;0;0;0;0;0;0
SA;2011;0;0;0.446085694882;1.92936963635e-05;0;0;0;0.553895011422;0;0;0;0;0;0;0;0;0;0;0;0;0
SA;2012;0;0;0.466896047268;9.23203658727e-05;0;0;0;0.533011632366;0;0;0;0;0;0;0;0;0;0;0;0;0
SA;2013;0;0;0.470956271545;0.000142504275128;0;0;0;0.52890122418;0;0;0;0;0;0;0;0;0;0;0;0;0
SA;2014;0;0;0.464602700158;0.000140157158832;0;0;0;0.535257142683;0;0;0;0;0;0;0;0;0;0;0;0;0
SA;2015;0;0;0.471516451299;0.00013118830941;0;0;0;0.528352360391;0;0;0;0;0;0;0;0;0;0;0;0;0
SA;2016;0;0;0.527210199631;0.000128613767265;0;0;0;0.472661186602;0;0;0;0;0;0;0;0;0;0;0;0;0
SA;2017;0;0;0.563894964961;0.000164560294892;1.26584842225e-05;0;0;0.43592781626;0;0;0;0;0;0;0;0;0;0;0;0;0
SA;2018;0;0;0.604844949864;0.000424246628707;1.3341088953e-05;0;0;0.394717462418;0;0;0;0;0;0;0;0;0;0;0;0;0
SA;2019;0;0;0.590525075554;0.00054684362914;1.58505399751e-05;0;0;0.408912230277;0;0;0;0;0;0;0;0;0;0;0;0;0
SA;2020;0;0;0.60795654434;0.00239174153439;1.57524140575e-05;0;0;0.389635961711;0;0;0;0;0;0;0;0;0;0;0;0;0
SA;2021;0;0;0.616080153915;0.00252962254163;1.5269351358e-05;0;0;0.381374954192;0;0;0;0;0;0;0;0;0;0;0;0;0
SA;2022;0;0;0.604735030097;0.00296701875615;0.0019373461286;0;0;0.390360605018;0;0;0;0;0;0;0;0;0;0;0;0;0
SA;2023;0;0;0.622037720519;0.0072154168946;0.0036654133169;0;0;0.367081449269;0;0;0;0;0;0;0;0;0;0;0;0;0
SA;2024;0;0;0.615372197935;0.0206669982461;0.00347285847665;0;0;0.360487945342;0;0;0;0;0;0;0;0;0;0;0;0;0
SA;2025;0;0;0.637276343003;0.0385618072864;0.0033685103675;0;0;0.320793339343;0;0;0;0;0;0;0;0;0;0;0;0;0
SB;2000;0;0;0;0;0;0;0;1;0;0;0;0;0;0;0;0;0;0;0;0;0
SB;2001;0;0;0;0;0;0;0;1;0;0;0;0;0;0;0;0;0;0;0;0;0
SB;2002;0;0;0;0;0;0;0;1;0;0;0;0;0;0;0;0;0;0;0;0;0
SB;2003;0;0;0;0;0;0;0;1;0;0;0;0;0;0;0;0;0;0;0;0;0
SB;2004;0;0;0;0;0;0;0;1;0;0;0;0;0;0;0;0;0;0;0;0;0
SB;2005;0;0;0;0;0;0;0;1;0;0;0;0;0;0;0;0;0;0;0;0;0
SB;2006;0;0;0;0;0;0;0;1;0;0;0;0;0;0;0;0;0;0;0;0;0
SB;2007;0;0;0;0;0;0;0;1;0;0;0;0;0;0;0;0;0;0;0;0;0
SB;2008;0;0;0;0;0;0;0;1;0;0;0;0;0;0;0;0;0;0;0;0;0
SB;2009;0;0;0;0;0;0;0;1;0;0;0;0;0;0;0;0;0;0;0;0;0
SB;2010;0;0;0;0;0;0;0;1;0;0;0;0;0;0;0;0;0;0;0;0;0
SB;2011;0;0;0;0;0;0;0;1;0;0;0;0;0;0;0;0;0;0;0;0;0
SB;2012;0;0;0;0;0;0;0;1;0;0;0;0;0;0;0;0;0;0;0;0;0
SB;2013;0;0;0;0;0;0;0;1;0;0;0;0;0;0;0;0;0;0;0;0;0
SB;2014;0;0;0;0;0;0;0;1;0;0;0;0;0;0;0;0;0;0;0;0;0
SB;2015;0;0;0;0;0;0;0;1;0;0;0;0;0;0;0;0;0;0;0;0;0
SB;2016;0;0;0;0;0;0;0;1;0;0;0;0;0;0;0;0;0;0;0;0;0
SB;2017;0;0;0;0;0;0;0;1;0;0;0;0;0;0;0;0;0;0;0;0;0
SB;2018;0;0;0;0;0;0;0;1;0;0;0;0;0;0;0;0;0;0;0;0;0
SB;2019;0;0;0;0;0;0;0;1;0;0;0;0;0;0;0;0;0;0;0;0;0
SB;2020;0;0;0;0;0;0;0;1;0;0;0;0;0;0;0;0;0;0;0;0;0
SB;2021;0;0;0;0;0;0;0;1;0;0;0;0;0;0;0;0;0;0;0;0;0
SB;2022;0;0;0;0.0909090909091;0;0;0;0.909090909091;0;0;0;0;0;0;0;0;0;0;0;0;0
SB;2023;0;0;0;0.0909090909091;0;0;0;0.909090909091;0;0;0;0;0;0;0;0;0;0;0;0;0
SB;2024;0;0;0;0.0909090909091;0;0;0;0.909090909091;0;0;0;0;0;0;0;0;0;0;0;0;0
SC;2000;0;0;0;0;0;0;0;1;0;0;0;0;0;0;0;0;0;0;0;0;0
SC;2001;0;0;0;0;0;0;0;1;0;0;0;0;0;0;0;0;0;0;0;0;0
SC;2002;0;0;0;0;0;0;0;1;0;0;0;0;0;0;0;0;0;0;0;0;0
SC;2003;0;0;0;0;0;0;0;1;0;0;0;0;0;0;0;0;0;0;0;0;0
SC;2004;0;0;0;0;0;0;0;1;0;0;0;0;0;0;0;0;0;0;0;0;0
SC;2005;0;0;0;0;0;0;0;1;0;0;0;0;0;0;0;0;0;0;0;0;0
SC;2006;0;0;0;0;0;0;0;1;0;0;0;0;0;0;0;0;0;0;0;0;0
SC;2007;0;0;0;0;0;0;0;1;0;0;0;0;0;0;0;0;0;0;0;0;0
SC;2008;0;0;0;0;0;0;0;1;0;0;0;0;0;0;0;0;0;0;0;0;0
SC;2009;0;0;0;0;0;0;0;1;0;0;0;0;0;0;0;0;0;0;0;0;0
SC;2010;0;0;0;0;0;0;0;1;0;0;0;0;0;0;0;0;0;0;0;0;0
SC;2011;0;0;0;0;0;0;0;1;0;0;0;0;0;0;0;0;0;0;0;0;0
SC;2012;0;0;0;0;0;0;0;1;0;0;0;0;0;0;0;0;0;0;0;0;0
SC;2013;0;0;0;0;0.0227272727273;0;0;0.977272727273;0;0;0;0;0;0;0;0;0;0;0;0;0
SC;2014;0;0;0;0;0.0222222222222;0;0;0.977777777778;0;0;0;0;0;0;0;0;0;0;0;0;0
SC;2015;0;0;0;0;0.0217391304348;0;0;0.978260869565;0;0;0;0;0;0;0;0;0;0;0;0;0
SC;2016;0;0;0;0;0.02;0;0;0.98;0;0;0;0;0;0;0;0;0;0;0;0;0
SC;2017;0;0;0;0;0.0196078431373;0;0;0.980392156863;0;0;0;0;0;0;0;0;0;0;0;0;0
SC;2018;0;0;0;0;0.0192307692308;0;0;0.980769230769;0;0;0;0;0;0;0;0;0;0;0;0;0
SC;2019;0;0;0;0.0701754385965;0;0;0;0.929824561404;0;0;0;0;0;0;0;0;0;0;0;0;0
SC;2020;0;0;0;0.101694915254;0.0169491525424;0;0;0.881355932203;0;0;0;0;0;0;0;0;0;0;0;0;0
SC;2021;0;0;0;0.116666666667;0.0166666666667;0;0;0.866666666667;0;0;0;0;0;0;0;0;0;0;0;0;0
SC;2022;0;0;0;0.129032258065;0.0161290322581;0;0;0.854838709677;0;0;0;0;0;0;0;0;0;0;0;0;0
SC;2023;0;0;0;0.129032258065;0.0161290322581;0;0;0.854838709677;0;0;0;0;0;0;0;0;0;0;0;0;0
SC;2024;0;0;0;0.142857142857;0.015873015873;0;0;0.84126984127;0;0;0;0;0;0;0;0;0;0;0;0;0
SD;2000;0.46062992126;0;0;0;0;0.0393700787402;0;0.5;0;0;0;0;0;0;0;0;0;0;0;0;0
SD;2001;0.466417910448;0;0;0;0;0.0410447761194;0;0.492537313433;0;0;0;0;0;0;0;0;0;0;0;0;0
SD;2002;0.423333333333;0;0;0;0;0.04;0;0.536666666667;0;0;0;0;0;0;0;0;0;0;0;0;0
SD;2003;0.331412103746;0;0;0;0;0.0374639769452;0;0.631123919308;0;0;0;0;0;0;0;0;0;0;0;0;0
SD;2004;0.305555555556;0;0;0;0;0.0388888888889;0;0.655555555556;0;0;0;0;0;0;0;0;0;0;0;0;0
SD;2005;0.315656565657;0;0;0;0;0.0353535353535;0;0.64898989899;0;0;0;0;0;0;0;0;0;0;0;0;0
SD;2006;0.29247311828;0;0;0;0;0.0301075268817;0;0.677419354839;0;0;0;0;0;0;0;0;0;0;0;0;0
SD;2007;0.279069767442;0;0;0;0;0.0290697674419;0;0.691860465116;0;0;0;0;0;0;0;0;0;0;0;0;0
SD;2008;0.257092198582;0;0;0;0;0.0265957446809;0;0.716312056738;0;0;0;0;0;0;0;0;0;0;0;0;0
SD;2009;0.484114977307;0;0;0;0;0.0226928895613;0;0.493192133132;0;0;0;0;0;0;0;0;0;0;0;0;0
SD;2010;0.810026385224;0;0;0;0;0.0184696569921;0;0.171503957784;0;0;0;0;0;0;0;0;0;0;0;0;0
SD;2011;0.75205640423;0;0;0;0;0.0141010575793;0;0.23384253819;0;0;0;0;0;0;0;0;0;0;0;0;0
SD;2012;0.689473684211;0;0;0.00105263157895;0;0.0126315789474;0;0.296842105263;0;0;0;0;0;0;0;0;0;0;0;0;0
SD;2013;0.795169082126;0;0;0.000966183574879;0;0.0135265700483;0;0.190338164251;0;0;0;0;0;0;0;0;0;0;0;0;0
SD;2014;0.773006134969;0;0;0.000876424189308;0;0.0105170902717;0;0.21560035057;0;0;0;0;0;0;0;0;0;0;0;0;0
SD;2015;0.637127578304;0;0;0.000763941940413;0;0.00840336134454;0;0.353705118411;0;0;0;0;0;0;0;0;0;0;0;0;0
SD;2016;0.552505147563;0;0;0.00137268359643;0;0.00823610157859;0;0.437886067261;0;0;0;0;0;0;0;0;0;0;0;0;0
SD;2017;0.595541401274;0;0;0.00127388535032;0;0.00828025477707;0;0.394904458599;0;0;0;0;0;0;0;0;0;0;0;0;0
SD;2018;0.589024390244;0;0;0.00121951219512;0;0.00731707317073;0;0.40243902439;0;0;0;0;0;0;0;0;0;0;0;0;0
SD;2019;0.629469790382;0;0;0.00123304562269;0;0.00678175092478;0;0.36251541307;0;0;0;0;0;0;0;0;0;0;0;0;0
SD;2020;0.64011627907;0;0;0.00174418604651;0;0.00639534883721;0;0.351744186047;0;0;0;0;0;0;0;0;0;0;0;0;0
SD;2021;0.618644067797;0;0;0.00169491525424;0;0.00621468926554;0;0.373446327684;0;0;0;0;0;0;0;0;0;0;0;0;0
SD;2022;0.703218116806;0;0;0.007747318236;0;0.00655542312277;0;0.282479141836;0;0;0;0;0;0;0;0;0;0;0;0;0
SD;2023;0.79255685734;0;0;0.00964851826327;0;0.00758097863542;0;0.190213645762;0;0;0;0;0;0;0;0;0;0;0;0;0
SD;2024;0.778605280975;0;0;0.0108327691266;0;0.00744752877454;0;0.203114421124;0;0;0;0;0;0;0;0;0;0;0;0;0
SE;1990;0.496643375805;0.46705028086;0.00287710645294;0;6.85025345938e-05;0.0132894917112;0.00739827373613;0.0126729688998;0;0;0;0;0;0;0;0;0;0;0;0;0
SE;1991;0.430291896305;0.522283459209;0.0039463836157;0;6.80410968225e-05;0.012655644009;0.0133360549772;0.0174185207866;0;0;0;0;0;0;0;0;0;0;0;0;0
SE;1992;0.509353799767;0.435414239704;0.00541355444391;0;0.000205578016857;0.0137737271294;0.0123346810114;0.0235044199274;0;0;0;0;0;0;0;0;0;0;0;0;0
SE;1993;0.513906099408;0.422690348341;0.00626462894121;0;0.000344210381385;0.0149387305521;0.0143191518656;0.0275368305108;0;0;0;0;0;0;0;0;0;0;0;0;0
SE;1994;0.414155571128;0.512683952348;0.00602662929222;0;0.000490539593553;0.0156271899089;0.018290119131;0.0327259985985;0;0;0;0;0;0;0;0;0;0;0;0;0
SE;1995;0.459266253035;0.471607769086;0.00573239816563;0;0.000674399784192;0.0158483949285;0.0153088751012;0.0315619099002;0;0;0;0;0;0;0;0;0;0;0;0;0
SE;1996;0.367968138824;0.528198563402;0.00483607140317;0;0.000995661759477;0.0150771637864;0.0262427992319;0.0566816015931;0;0;0;0;0;0;0;0;0;0;0;0;0
SE;1997;0.46283761142;0.468668319818;0.00442329602574;0;0.00134039273507;0.0185644393807;0.0134709469875;0.0306949936331;0;0;0;0;0;0;0;0;0;0;0;0;0
SE;1998;0.472321934631;0.463379306002;0.00333774167139;0;0.00201524025442;0.0175073997103;0.012847156622;0.0285912211096;0;0;0;0;0;0;0;0;0;0;0;0;0
SE;1999;0.462994058383;0.472681477654;0.00290622578145;0;0.00232498062516;0.0174373546887;0.0144665461121;0.0271893567554;0;0;0;0;0;0;0;0;0;0;0;0;0
SE;2000;0.541072781106;0.394684293879;0.0033051022516;0;0.00316738965778;0.0282310817324;0.011292432693;0.0182469186807;0;0;0;0;0;0;0;0;0;0;0;0;0
SE;2001;0.489232673267;0.446225247525;0.00247524752475;0;0.0029702970297;0.0233910891089;0.0116336633663;0.0240717821782;0;0;0;0;0;0;0;0;0;0;0;0;0
SE;2002;0.452351738241;0.464280845262;0.00381731424676;0;0.00415814587594;0.028493524199;0.0161554192229;0.0307430129516;0;0;0;0;0;0;0;0;0;0;0;0;0
SE;2003;0.395450180959;0.497968830785;0.00539183100672;0;0.00502252751311;0.0333111751237;0.0210502991358;0.0418051554768;0;0;0;0;0;0;0;0;0;0;0;0;0
SE;2004;0.396674584323;0.511282660333;0.00514647664291;0;0.00567432040116;0.0475059382423;0.00666402744788;0.0270519926102;0;0;0;0;0;0;0;0;0;0;0;0;0
SE;2005;0.459712048497;0.457059863602;0.00378883556454;0;0.00587269512503;0.0472972972973;0.00410457186158;0.0221646880525;0;0;0;0;0;0;0;0;0;0;0;0;0
SE;2006;0.43076493579;0.46747627024;0.00418760469012;0;0.00683975432719;0.0583472920156;0.00614182021217;0.0262423227247;0;0;0;0;0;0;0;0;0;0;0;0;0
SE;2007;0.444563902701;0.450006719527;0.0055772073646;0;0.00960892353178;0.0661201451418;0.00436769251445;0.0197554092192;0;0;0;0;0;0;0;0;0;0;0;0;0
SE;2008;0.460773849233;0.426217478319;0.00413609072715;0;0.0133422281521;0.0689793195464;0.00340226817879;0.0231487658439;0;0;0;0;0;0;0;0;0;0;0;0;0
SE;2009;0.482064421669;0.381918008785;0.011420204978;7.32064421669e-05;0.0182284040996;0.0838945827233;0.00373352855051;0.0186676427526;0;0;0;0;0;0;0;0;0;0;0;0;0
SE;2010;0.447288649377;0.389558773998;0.0196025597844;6.73627484001e-05;0.0235095991916;0.0821151902998;0.00687100033681;0.0309868642641;0;0;0;0;0;0;0;0;0;0;0;0;0
SE;2011;0.442041522491;0.402382219856;0.0105137077455;6.65424540857e-05;0.0406574394464;0.0767899920149;0.00439180196966;0.0231567740218;0;0;0;0;0;0;0;0;0;0;0;0;0
SE;2012;0.474224945926;0.384763278058;0.0055275174237;0.000120163422254;0.0430785868782;0.073239605864;0.0028839221341;0.0161619802932;0;0;0;0;0;0;0;0;0;0;0;0;0
SE;2013;0.400967130628;0.434293929295;0.00555446644449;0.000261386656211;0.064301117428;0.0748219303405;0.00424753316343;0.0155525060446;0;0;0;0;0;0;0;0;0;0;0;0;0
SE;2014;0.415212294868;0.422505860901;0.00273508726231;0.000325605626465;0.0731961448294;0.0696796040636;0.00240948163584;0.0139359208127;0;0;0;0;0;0;0;0;0;0;0;0;0
SE;2015;0.46487654321;0.347839506173;0.00277777777778;0.000617283950617;0.100740740741;0.0664814814815;0.00240740740741;0.0142592592593;0;0;0;0;0;0;0;0;0;0;0;0;0
SE;2016;0.397844634037;0.404772596061;0.00436205016358;0.000898069151325;0.0993007890179;0.0737058182051;0.0016678427096;0.0174482006543;0;0;0;0;0;0;0;0;0;0;0;0;0
SE;2017;0.396638860135;0.400048712172;0.0020093770931;0.00140047494368;0.107227668514;0.0735553796505;0.00194848687816;0.0171710406138;0;0;0;0;0;0;0;0;0;0;0;0;0
SE;2018;0.380815377081;0.419625367287;0.00232615083252;0.00250979431929;0.101738491675;0.0729064642507;0.00208129285015;0.0179970617042;0;0;0;0;0;0;0;0;0;0;0;0;0
SE;2019;0.388136800855;0.392649329058;0.00172188576179;0.00403752523453;0.117860111626;0.0774254839093;0.00124688279302;0.0169219807624;0;0;0;0;0;0;0;0;0;0;0;0;0
SE;2020;0.441995359629;0.300402979607;0.000610575161802;0.00641103919893;0.168030284528;0.0682623030895;0;0.0142874587862;0;0;0;0;0;0;0;0;0;0;0;0;0
SE;2021;0.430143206427;0.308359529631;0.00168820584469;0.00890674118058;0.158633135406;0.0761439049948;0;0.0161252765165;0;0;0;0;0;0;0;0;0;0;0;0;0
SE;2022;0.403756139844;0.300144466917;0.000866801502456;0.0114417798324;0.192140999711;0.0758740248483;0;0.0157757873447;0;0;0;0;0;0;0;0;0;0;0;0;0
SE;2023;0.398614875038;0.291900030111;0.000963565191207;0.0187292984041;0.206263173743;0.070460704607;0;0.0130683529058;0;0;0;0;0;0;0;0;0;0;0;0;0
SE;2024;0.375589310732;0.29455363527;0.000639449375956;0.0241828127634;0.234404701697;0.0591781331566;0;0.0114519570057;0;0;0;0;0;0;0;0;0;0;0;0;0
SE;2025;0.400753355429;0.27415791082;0.000711045295348;0.0261147544837;0.228092753214;0.0585936581811;0;0.0115765225772;0;0;0;0;0;0;0;0;0;0;0;0;0
SG;2000;0;0;0.185033154405;0;0;0.0154720555731;0;0.799494790022;0;0;0;0;0;0;0;0;0;0;0;0;0
SG;2001;0;0;0.478221415608;0;0;0.0208711433757;0;0.500907441016;0;0;0;0;0;0;0;0;0;0;0;0;0
SG;2002;0;0;0.538661281016;0;0;0.0222158107328;0;0.439122908252;0;0;0;0;0;0;0;0;0;0;0;0;0
SG;2003;0;0;0.607304643262;0;0;0.0280294450736;0;0.364665911665;0;0;0;0;0;0;0;0;0;0;0;0;0
SG;2004;0;0;0.68794133623;0;0;0.0260727865291;0;0.285985877241;0;0;0;0;0;0;0;0;0;0;0;0;0
SG;2005;0;0;0.743851386709;0;0;0.0251177394035;0;0.231030873888;0;0;0;0;0;0;0;0;0;0;0;0;0
SG;2006;0;0;0.77791846037;0;0;0.0240567232211;0;0.198024816409;0;0;0;0;0;0;0;0;0;0;0;0;0
SG;2007;0;0;0.787016776076;0;0;0.0240700218818;0;0.188913202042;0;0;0;0;0;0;0;0;0;0;0;0;0
SG;2008;0;0;0.802975761939;0;0;0.0249580033597;0;0.172066234701;0;0;0;0;0;0;0;0;0;0;0;0;0
SG;2009;0;0;0.805980861244;0;0;0.0251196172249;0;0.168899521531;0;0;0;0;0;0;0;0;0;0;0;0;0
SG;2010;0;0;0.772045855379;0;0;0.0260141093474;0;0.201940035273;0;0;0;0;0;0;0;0;0;0;0;0;0
SG;2011;0;0;0.78;0;0;0.0260869565217;0;0.193913043478;0;0;0;0;0;0;0;0;0;0;0;0;0
SG;2012;0;0;0.842991052407;0;0;0.0270558159352;0;0.129953131657;0;0;0;0;0;0;0;0;0;0;0;0;0
SG;2013;0;0;0.917865332499;0;0;0.0352303523035;0;0.046904315197;0;0;0;0;0;0;0;0;0;0;0;0;0
SG;2014;0;0;0.953955375254;0;0;0.0279918864097;0.010953346856;0.00709939148073;0;0;0;0;0;0;0;0;0;0;0;0;0
SG;2015;0;0;0.95246618934;0;0;0.0290373906126;0.0119331742243;0.00656324582339;0;0;0;0;0;0;0;0;0;0;0;0;0
SG;2016;0;0;0.951928668347;0.00174452413258;0;0.0273308780771;0.0120178329134;0.00697809653034;0;0;0;0;0;0;0;0;0;0;0;0;0
SG;2017;0;0;0.95103289977;0.00229533282326;0;0.0265876052028;0.0130068859985;0.00707727620505;0;0;0;0;0;0;0;0;0;0;0;0;0
SG;2018;0;0;0.952803473664;0.0026430054748;0;0.0254861242213;0.0130262412686;0.00604115537096;0;0;0;0;0;0;0;0;0;0;0;0;0
SG;2019;0;0;0.956039896564;0.00350942002216;0;0.0243812338382;0.0120059106021;0.00406353897303;0;0;0;0;0;0;0;0;0;0;0;0;0
SG;2020;0;0;0.95798002638;0.00565291124929;0;0.0224232146222;0.00998680987375;0.00395703787451;0;0;0;0;0;0;0;0;0;0;0;0;0
SG;2021;0;0;0.948915576268;0.00716974368166;0;0.0218677182291;0.0120093206668;0.0100376411543;0;0;0;0;0;0;0;0;0;0;0;0;0
SG;2022;0;0;0.923049894589;0.0117709065355;0;0.0291637385805;0.0100140548138;0.0260014054814;0;0;0;0;0;0;0;0;0;0;0;0;0
SG;2023;0;0;0.92595824897;0.0163199050478;0;0.0289743768764;0.00994903302381;0.0187984360818;0;0;0;0;0;0;0;0;0;0;0;0;0
SG;2024;0;0;0.921791084855;0.0214487110634;0;0.0278598281418;0.00956632653061;0.0193340494092;0;0;0;0;0;0;0;0;0;0;0;0;0
SG;2025;0;0;0.911150666245;0.0272320463128;0;0.0276146590588;0.00948214196596;0.0245204864172;0;0;0;0;0;0;0;0;0;0;0;0;0
SI;1990;0.237138263666;0.371382636656;0;0;0;0;0.31270096463;0.0787781350482;0;0;0;0;0;0;0;0;0;0;0;0;0
SI;1991;0.283359497645;0.388540031397;0;0;0;0;0.284144427002;0.043956043956;0;0;0;0;0;0;0;0;0;0;0;0;0
SI;1992;0.277147487844;0.321717990276;0;0;0;0;0.376012965964;0.0251215559157;0;0;0;0;0;0;0;0;0;0;0;0;0
SI;1993;0.254393305439;0.331380753138;0;0;0;0;0.392468619247;0.0217573221757;0;0;0;0;0;0;0;0;0;0;0;0;0
SI;1994;0.263770364624;0.357641582622;0;0;0;0;0.357641582622;0.0209464701319;0;0;0;0;0;0;0;0;0;0;0;0;0
SI;1995;0.251937984496;0.370542635659;0.00077519379845;0;0;0;0.356589147287;0.0201550387597;0;0;0;0;0;0;0;0;0;0;0;0;0
SI;1996;0.28122605364;0.35632183908;0.000766283524904;0;0;0;0.341762452107;0.0199233716475;0;0;0;0;0;0;0;0;0;0;0;0;0
SI;1997;0.234446130501;0.380880121396;0.000758725341426;0;0;0;0.357359635812;0.0265553869499;0;0;0;0;0;0;0;0;0;0;0;0;0
SI;1998;0.251457725948;0.367346938776;0.00801749271137;0;0;0;0.362973760933;0.0102040816327;0;0;0;0;0;0;0;0;0;0;0;0;0
SI;1999;0.282051282051;0.354449472097;0.0128205128205;0;0;0.00226244343891;0.337858220211;0.0105580693816;0;0;0;0;0;0;0;0;0;0;0;0;0
SI;2000;0.281410727406;0.34974283615;0.0213078618663;0;0;0.0051432770022;0.338721528288;0.00367376928729;0;0;0;0;0;0;0;0;0;0;0;0;0
SI;2001;0.262430939227;0.363259668508;0.0207182320442;0;0;0.00483425414365;0.339779005525;0.00897790055249;0;0;0;0;0;0;0;0;0;0;0;0;0
SI;2002;0.226712328767;0.378767123288;0.0198630136986;0;0;0.00684931506849;0.36301369863;0.00479452054795;0;0;0;0;0;0;0;0;0;0;0;0;0
SI;2003;0.2140274765;0.376717281273;0.0267534345625;0;0;0.00867678958785;0.369486623283;0.00433839479393;0;0;0;0;0;0;0;0;0;0;0;0;0
SI;2004;0.267845448592;0.357563850688;0.0235756385069;0;0;0.00785854616896;0.339882121807;0.00327439423707;0;0;0;0;0;0;0;0;0;0;0;0;0
SI;2005;0.228987425546;0.389146260754;0.0225016545334;0;0;0.00727994705493;0.348775645268;0.00330906684315;0;0;0;0;0;0;0;0;0;0;0;0;0
SI;2006;0.237590999338;0.36730641959;0.0244870946393;0;0;0.00727994705493;0.359364659166;0.00397088021178;0;0;0;0;0;0;0;0;0;0;0;0;0
SI;2007;0.217420212766;0.378989361702;0.029920212766;0;0;0.00731382978723;0.364361702128;0.00199468085106;0;0;0;0;0;0;0;0;0;0;0;0;0
SI;2008;0.244972577697;0.382084095064;0.0292504570384;0;0;0.0176721511274;0.32480195003;0.00121876904327;0;0;0;0;0;0;0;0;0;0;0;0;0
SI;2009;0.287370347773;0.350213544844;0.0359975594875;0;0;0.0115924344112;0.312995729103;0.00183038438072;0;0;0;0;0;0;0;0;0;0;0;0;0
SI;2010;0.277982779828;0.348093480935;0.0338253382534;0.000615006150062;0;0.0135301353014;0.325338253383;0.000615006150062;0;0;0;0;0;0;0;0;0;0;0;0;0
SI;2011;0.223618090452;0.390703517588;0.0307788944724;0.00439698492462;0;0.0157035175879;0.333542713568;0.00125628140704;0;0;0;0;0;0;0;0;0;0;0;0;0
SI;2012;0.250803858521;0.355627009646;0.0340836012862;0.0102893890675;0;0.0173633440514;0.330546623794;0.00128617363344;0;0;0;0;0;0;0;0;0;0;0;0;0
SI;2013;0.293037974684;0.335443037975;0.0322784810127;0.0139240506329;0;0.0164556962025;0.308227848101;0.000632911392405;0;0;0;0;0;0;0;0;0;0;0;0;0
SI;2014;0.355102040816;0.371428571429;0.0215743440233;0.0151603498542;0;0.0145772594752;0.219241982507;0.00291545189504;0;0;0;0;0;0;0;0;0;0;0;0;0
SI;2015;0.257432432432;0.381756756757;0.027027027027;0.0182432432432;0.000675675675676;0.0175675675676;0.295945945946;0.00135135135135;0;0;0;0;0;0;0;0;0;0;0;0;0
SI;2016;0.277264325323;0.352433764633;0.0258780036969;0.0166358595194;0.000616142945163;0.0172520024646;0.308687615527;0.00123228589033;0;0;0;0;0;0;0;0;0;0;0;0;0
SI;2017;0.241121495327;0.391900311526;0.0299065420561;0.017445482866;0.000623052959502;0.017445482866;0.30031152648;0.001246105919;0;0;0;0;0;0;0;0;0;0;0;0;0
SI;2018;0.291563275434;0.358560794045;0.029776674938;0.0155086848635;0.000620347394541;0.0161290322581;0.286600496278;0.00124069478908;0;0;0;0;0;0;0;0;0;0;0;0;0
SI;2019;0.281938325991;0.36626809314;0.0339836375079;0.0188797986155;0.000629326620516;0.0157331655129;0.281938325991;0.000629326620516;0;0;0;0;0;0;0;0;0;0;0;0;0
SI;2020;0.291888691533;0.375962107756;0.0343398460628;0.0219064535228;0.000592066311427;0.0159857904085;0.258140911782;0.00118413262285;0;0;0;0;0;0;0;0;0;0;0;0;0
SI;2021;0.302116741501;0.366260423348;0.0333547145606;0.0288646568313;0.000641436818473;0.0173187940988;0.246953175112;0.00449005772931;0;0;0;0;0;0;0;0;0;0;0;0;0
SI;2022;0.235778443114;0.419910179641;0.0366766467066;0.0486526946108;0.000748502994012;0.0194610778443;0.234281437126;0.00449101796407;0;0;0;0;0;0;0;0;0;0;0;0;0
SI;2023;0.322829581994;0.360128617363;0.032154340836;0.0630225080386;0.00064308681672;0.0186495176849;0.20192926045;0.00064308681672;0;0;0;0;0;0;0;0;0;0;0;0;0
SI;2024;0.319530876017;0.349449497367;0.0287218764959;0.0759932982288;0.000718046912398;0.014959310675;0.209430349449;0.001196744854;0;0;0;0;0;0;0;0;0;0;0;0;0
SK;1990;0.0737544134955;0.472342094939;0.071400549235;0;0;0;0.294233032562;0.0882699097685;0;0;0;0;0;0;0;0;0;0;0;0;0
SK;1991;0.058120362737;0.481863149217;0.0873866446826;0;0;0;0.245259686727;0.127370156636;0;0;0;0;0;0;0;0;0;0;0;0;0
SK;1992;0.0834767641997;0.475473321859;0.0374354561102;0;0;0;0.311101549053;0.092512908778;0;0;0;0;0;0;0;0;0;0;0;0;0
SK;1993;0.144282744283;0.477754677755;0.0490644490644;0;0;0;0.239085239085;0.0898128898129;0;0;0;0;0;0;0;0;0;0;0;0;0
SK;1994;0.171181782489;0.494699646643;0.0859835100118;0;0;0;0.190812720848;0.0573223400079;0;0;0;0;0;0;0;0;0;0;0;0;0
SK;1995;0.18463866818;0.432841468029;0.0900491865305;0;0;0;0.244040862656;0.0484298146046;0;0;0;0;0;0;0;0;0;0;0;0;0
SK;1996;0.166142969364;0.441869599372;0.0919088766693;0;0;0;0.231343283582;0.0687352710134;0;0;0;0;0;0;0;0;0;0;0;0;0
SK;1997;0.16214057508;0.442092651757;0.0930511182109;0;0;0;0.251198083067;0.051517571885;0;0;0;0;0;0;0;0;0;0;0;0;0
SK;1998;0.165954139137;0.442673921492;0.0913330742324;0;0;0;0.227749708511;0.0722891566265;0;0;0;0;0;0;0;0;0;0;0;0;0
SK;1999;0.15901814301;0.466737815724;0.108502312344;0;0;0;0.226965492707;0.0387762362149;0;0;0;0;0;0;0;0;0;0;0;0;0
SK;2000;0.149772579597;0.535737491878;0.108512020793;0;0;0;0.181286549708;0.0246913580247;0;0;0;0;0;0;0;0;0;0;0;0;0
SK;2001;0.154934003771;0.537397862979;0.0848522941546;0;0;0.00471401634192;0.182903834067;0.0351979886864;0;0;0;0;0;0;0;0;0;0;0;0;0
SK;2002;0.163766314481;0.557799875699;0.0779987569919;0;0;0.00466128029832;0.160037290242;0.0357364822871;0;0;0;0;0;0;0;0;0;0;0;0;0
SK;2003;0.11233053583;0.576500968367;0.0774693350549;0;0;0.00322788896062;0.192382182053;0.0380890897353;0;0;0;0;0;0;0;0;0;0;0;0;0
SK;2004;0.134602757715;0.559093893631;0.0794484569928;0;0.000328299409061;0.000656598818122;0.186474064347;0.0393959290873;0;0;0;0;0;0;0;0;0;0;0;0;0
SK;2005;0.148053605616;0.565730695597;0.0695596681557;0;0.000319081046586;0.000957243139757;0.176770899809;0.0386088066369;0;0;0;0;0;0;0;0;0;0;0;0;0
SK;2006;0.1408;0.57632;0.06112;0;0.00032;0.0128;0.16992;0.03872;0;0;0;0;0;0;0;0;0;0;0;0;0
SK;2007;0.159784560144;0.550448833034;0.0581687612208;0;0.000359066427289;0.0168761220826;0.172351885099;0.0420107719928;0;0;0;0;0;0;0;0;0;0;0;0;0
SK;2008;0.140766550523;0.581881533101;0.0560975609756;0;0.000348432055749;0.018118466899;0.162717770035;0.0400696864111;0;0;0;0;0;0;0;0;0;0;0;0;0
SK;2009;0.168530659468;0.543000385654;0.0759737755496;0;0.000385653682993;0.0208252988816;0.148862321635;0.0424219051292;0;0;0;0;0;0;0;0;0;0;0;0;0
SK;2010;0.191551347414;0.530589949017;0.0804806991988;0.000728332119446;0.000364166059723;0.0240349599417;0.129643117261;0.0426074289876;0;0;0;0;0;0;0;0;0;0;0;0;0
SK;2011;0.133663366337;0.544908062235;0.111386138614;0.01414427157;0;0.0289957567185;0.125530410184;0.0413719943423;0;0;0;0;0;0;0;0;0;0;0;0;0
SK;2012;0.144876325088;0.547349823322;0.100706713781;0.0148409893993;0.000353356890459;0.0332155477032;0.120494699647;0.0381625441696;0;0;0;0;0;0;0;0;0;0;0;0;0
SK;2013;0.170175438596;0.551578947368;0.0838596491228;0.020701754386;0.000350877192982;0.0319298245614;0.107719298246;0.0336842105263;0;0;0;0;0;0;0;0;0;0;0;0;0
SK;2014;0.155178768891;0.571323258386;0.0597124953926;0.0221157390343;0.000368595650571;0.0523405823811;0.105786951714;0.0331736085514;0;0;0;0;0;0;0;0;0;0;0;0;0
SK;2015;0.145379413974;0.569120961683;0.0601051840721;0.019158527423;0.000375657400451;0.0623591284748;0.106311044328;0.0371900826446;0;0;0;0;0;0;0;0;0;0;0;0;0
SK;2016;0.162686567164;0.551119402985;0.0567164179104;0.019776119403;0.000373134328358;0.064552238806;0.10447761194;0.0402985074627;0;0;0;0;0;0;0;0;0;0;0;0;0
SK;2017;0.157549234136;0.54996353027;0.0609044493071;0.0185995623632;0.00036469730124;0.0619985412108;0.109044493071;0.0415754923414;0;0;0;0;0;0;0;0;0;0;0;0;0
SK;2018;0.134658664666;0.55663915979;0.0697674418605;0.0217554388597;0.000375093773443;0.0611402850713;0.112903225806;0.0427606901725;0;0;0;0;0;0;0;0;0;0;0;0;0
SK;2019;0.154555122297;0.541651896491;0.108826657214;0.0209145693017;0.000354484225452;0.0599078341014;0.0829493087558;0.0308401276143;0;0;0;0;0;0;0;0;0;0;0;0;0
SK;2020;0.158540862855;0.541564363381;0.125219221326;0.0231497720098;0;0.0585759382673;0.0652402665731;0.0277095755875;0;0;0;0;0;0;0;0;0;0;0;0;0
SK;2021;0.143434343434;0.52962962963;0.147138047138;0.0225589225589;0;0.0619528619529;0.0572390572391;0.0380471380471;0;0;0;0;0;0;0;0;0;0;0;0;0
SK;2022;0.138658628485;0.599849284099;0.0791258477769;0.0244913338357;0;0.0561416729465;0.0610399397136;0.0406932931424;0;0;0;0;0;0;0;0;0;0;0;0;0
SK;2023;0.15882153742;0.620724686759;0.0772096173383;0.0206569590247;0;0.0477480528276;0.0413139180494;0.0335252285811;0;0;0;0;0;0;0;0;0;0;0;0;0
SK;2024;0.163612343755;0.617526506555;0.0975576708106;0.023373191965;3.38741912537e-05;0.0535212221808;0.0176145794519;0.0267606110904;0;0;0;0;0;0;0;0;0;0;0;0;0
SK;2025;0.10824565023;0.664397221649;0.112990853449;0.0246200398872;0;0.0537789698095;0.011003369782;0.0249638951929;0;0;0;0;0;0;0;0;0;0;0;0;0
SL;2000;0.111111111111;0;0;0;0;0;0;0.888888888889;0;0;0;0;0;0;0;0;0;0;0;0;0
SL;2001;0.0769230769231;0;0;0;0;0;0;0.923076923077;0;0;0;0;0;0;0;0;0;0;0;0;0
SL;2002;0.125;0;0;0;0;0;0;0.875;0;0;0;0;0;0;0;0;0;0;0;0;0
SL;2003;0.133333333333;0;0;0;0;0;0;0.866666666667;0;0;0;0;0;0;0;0;0;0;0;0;0
SL;2004;0.166666666667;0;0;0;0;0;0;0.833333333333;0;0;0;0;0;0;0;0;0;0;0;0;0
SL;2005;0.25;0;0;0;0;0;0;0.75;0;0;0;0;0;0;0;0;0;0;0;0;0
SL;2006;0;0;0;0;0;0;0;1;0;0;0;0;0;0;0;0;0;0;0;0;0
SL;2007;0.333333333333;0;0;0;0;0;0;0.666666666667;0;0;0;0;0;0;0;0;0;0;0;0;0
SL;2008;0.333333333333;0;0;0;0;0;0;0.666666666667;0;0;0;0;0;0;0;0;0;0;0;0;0
SL;2009;0.333333333333;0;0;0;0;0;0;0.666666666667;0;0;0;0;0;0;0;0;0;0;0;0;0
SL;2010;0.857142857143;0;0;0;0;0;0;0.142857142857;0;0;0;0;0;0;0;0;0;0;0;0;0
SL;2011;0.882352941176;0;0;0;0;0;0;0.117647058824;0;0;0;0;0;0;0;0;0;0;0;0;0
SL;2012;0.666666666667;0;0;0;0;0;0;0.333333333333;0;0;0;0;0;0;0;0;0;0;0;0;0
SL;2013;0.625;0;0;0;0;0;0;0.375;0;0;0;0;0;0;0;0;0;0;0;0;0
SL;2014;0.8;0;0;0;0;0;0;0.2;0;0;0;0;0;0;0;0;0;0;0;0;0
SL;2015;0.75;0;0;0;0;0;0;0.25;0;0;0;0;0;0;0;0;0;0;0;0;0
SL;2016;0.619047619048;0;0;0;0;0;0;0.380952380952;0;0;0;0;0;0;0;0;0;0;0;0;0
SL;2017;0.565217391304;0;0;0.0434782608696;0;0;0;0.391304347826;0;0;0;0;0;0;0;0;0;0;0;0;0
SL;2018;0.62962962963;0;0;0.037037037037;0;0;0;0.333333333333;0;0;0;0;0;0;0;0;0;0;0;0;0
SL;2019;0.9;0;0;0.05;0;0;0;0.05;0;0;0;0;0;0;0;0;0;0;0;0;0
SL;2020;0.9;0;0;0.05;0;0;0;0.05;0;0;0;0;0;0;0;0;0;0;0;0;0
SL;2021;0.9;0;0;0.05;0;0;0;0.05;0;0;0;0;0;0;0;0;0;0;0;0;0
SL;2022;0.9;0;0;0.05;0;0;0;0.05;0;0;0;0;0;0;0;0;0;0;0;0;0
SL;2023;0.857142857143;0;0;0.0952380952381;0;0;0;0.047619047619;0;0;0;0;0;0;0;0;0;0;0;0;0
SL;2024;0.857142857143;0;0;0.0952380952381;0;0;0;0.047619047619;0;0;0;0;0;0;0;0;0;0;0;0;0
SN;2000;0;0;0;0;0;0.0335570469799;0;0.96644295302;0;0;0;0;0;0;0;0;0;0;0;0;0
SN;2001;0;0;0;0;0;0.0335195530726;0;0.966480446927;0;0;0;0;0;0;0;0;0;0;0;0;0
SN;2002;0.0913461538462;0;0.00480769230769;0;0;0.0336538461538;0;0.870192307692;0;0;0;0;0;0;0;0;0;0;0;0;0
SN;2003;0.141630901288;0;0.0214592274678;0;0;0.0214592274678;0;0.815450643777;0;0;0;0;0;0;0;0;0;0;0;0;0
SN;2004;0.121338912134;0;0.0251046025105;0;0;0.0167364016736;0;0.836820083682;0;0;0;0;0;0;0;0;0;0;0;0;0
SN;2005;0.0981132075472;0;0.022641509434;0;0;0.0188679245283;0;0.860377358491;0;0;0;0;0;0;0;0;0;0;0;0;0
SN;2006;0.0871212121212;0;0.0189393939394;0;0;0.0189393939394;0;0.875;0;0;0;0;0;0;0;0;0;0;0;0;0
SN;2007;0.0642857142857;0;0.0178571428571;0;0;0.0142857142857;0;0.903571428571;0;0;0;0;0;0;0;0;0;0;0;0;0
SN;2008;0.0777027027027;0;0.0168918918919;0;0;0.0135135135135;0;0.891891891892;0;0;0;0;0;0;0;0;0;0;0;0;0
SN;2009;0.0786885245902;0;0.016393442623;0;0;0.016393442623;0;0.888524590164;0;0;0;0;0;0;0;0;0;0;0;0;0
SN;2010;0.077399380805;0;0.0247678018576;0;0;0.0216718266254;0;0.876160990712;0;0;0;0;0;0;0;0;0;0;0;0;0
SN;2011;0.0759878419453;0;0.0182370820669;0;0;0.0243161094225;0;0.881458966565;0;0;0;0;0;0;0;0;0;0;0;0;0
SN;2012;0.0801104972376;0;0.0386740331492;0;0;0.0138121546961;0;0.867403314917;0;0;0;0;0;0;0;0;0;0;0;0;0
SN;2013;0.0813648293963;0;0.0393700787402;0;0;0.0157480314961;0;0.863517060367;0;0;0;0;0;0;0;0;0;0;0;0;0
SN;2014;0.0741626794258;0;0.0311004784689;0;0;0.0167464114833;0.00478468899522;0.873205741627;0;0;0;0;0;0;0;0;0;0;0;0;0
SN;2015;0.0743243243243;0;0.018018018018;0;0;0.0157657657658;0.045045045045;0.846846846847;0;0;0;0;0;0;0;0;0;0;0;0;0
SN;2016;0.0753138075314;0;0.0167364016736;0.00209205020921;0;0.0125523012552;0.081589958159;0.811715481172;0;0;0;0;0;0;0;0;0;0;0;0;0
SN;2017;0.0762711864407;0;0.0127118644068;0.0190677966102;0;0.0169491525424;0.0656779661017;0.809322033898;0;0;0;0;0;0;0;0;0;0;0;0;0
SN;2018;0.0728744939271;0;0.0080971659919;0.0506072874494;0;0.0182186234818;0.0991902834008;0.751012145749;0;0;0;0;0;0;0;0;0;0;0;0;0
SN;2019;0.053264604811;0;0.0103092783505;0.0567010309278;0.00343642611684;0.020618556701;0.13058419244;0.725085910653;0;0;0;0;0;0;0;0;0;0;0;0;0
SN;2020;0.0511551155116;0;0.00825082508251;0.0627062706271;0.036303630363;0.0181518151815;0.0247524752475;0.798679867987;0;0;0;0;0;0;0;0;0;0;0;0;0
SN;2021;0.0465465465465;0;0.003003003003;0.0810810810811;0.0600600600601;0.015015015015;0.0600600600601;0.734234234234;0;0;0;0;0;0;0;0;0;0;0;0;0
SN;2022;0.0432960893855;0;0.00279329608939;0.0824022346369;0.0558659217877;0.0153631284916;0.0656424581006;0.734636871508;0;0;0;0;0;0;0;0;0;0;0;0;0
SN;2023;0.0378048780488;0;0.00243902439024;0.0719512195122;0.0463414634146;0.0134146341463;0.0109756097561;0.817073170732;0;0;0;0;0;0;0;0;0;0;0;0;0
SN;2024;0.040629095675;0;0.00262123197903;0.089121887287;0.0537352555701;0.0144167758847;0.0131061598952;0.786369593709;0;0;0;0;0;0;0;0;0;0;0;0;0
SO;2000;0;0;0;0;0;0;0;1;0;0;0;0;0;0;0;0;0;0;0;0;0
SO;2001;0;0;0;0;0;0;0;1;0;0;0;0;0;0;0;0;0;0;0;0;0
SO;2002;0;0;0;0;0;0;0;1;0;0;0;0;0;0;0;0;0;0;0;0;0
SO;2003;0;0;0;0;0;0;0;1;0;0;0;0;0;0;0;0;0;0;0;0;0
SO;2004;0;0;0;0;0;0;0;1;0;0;0;0;0;0;0;0;0;0;0;0;0
SO;2005;0;0;0;0;0;0;0;1;0;0;0;0;0;0;0;0;0;0;0;0;0
SO;2006;0;0;0;0;0;0;0;1;0;0;0;0;0;0;0;0;0;0;0;0;0
SO;2007;0;0;0;0;0;0;0;1;0;0;0;0;0;0;0;0;0;0;0;0;0
SO;2008;0;0;0;0;0;0;0;1;0;0;0;0;0;0;0;0;0;0;0;0;0
SO;2009;0;0;0;0;0;0;0;1;0;0;0;0;0;0;0;0;0;0;0;0;0
SO;2010;0;0;0;0;0;0;0;1;0;0;0;0;0;0;0;0;0;0;0;0;0
SO;2011;0;0;0;0;0;0;0;1;0;0;0;0;0;0;0;0;0;0;0;0;0
SO;2012;0;0;0;0;0;0;0;1;0;0;0;0;0;0;0;0;0;0;0;0;0
SO;2013;0;0;0;0;0;0;0;1;0;0;0;0;0;0;0;0;0;0;0;0;0
SO;2014;0;0;0;0;0;0;0;1;0;0;0;0;0;0;0;0;0;0;0;0;0
SO;2015;0;0;0;0;0;0;0;1;0;0;0;0;0;0;0;0;0;0;0;0;0
SO;2016;0;0;0;0.0277777777778;0;0;0;0.972222222222;0;0;0;0;0;0;0;0;0;0;0;0;0
SO;2017;0;0;0;0.027027027027;0.027027027027;0;0;0.945945945946;0;0;0;0;0;0;0;0;0;0;0;0;0
SO;2018;0;0;0;0.027027027027;0.027027027027;0;0;0.945945945946;0;0;0;0;0;0;0;0;0;0;0;0;0
SO;2019;0;0;0;0.027027027027;0.027027027027;0;0;0.945945945946;0;0;0;0;0;0;0;0;0;0;0;0;0
SO;2020;0;0;0;0.0540540540541;0.027027027027;0;0;0.918918918919;0;0;0;0;0;0;0;0;0;0;0;0;0
SO;2021;0;0;0;0.0789473684211;0.0263157894737;0;0;0.894736842105;0;0;0;0;0;0;0;0;0;0;0;0;0
SO;2022;0;0;0;0.166666666667;0.0238095238095;0;0;0.809523809524;0;0;0;0;0;0;0;0;0;0;0;0;0
SO;2023;0;0;0;0.166666666667;0.0238095238095;0;0;0.809523809524;0;0;0;0;0;0;0;0;0;0;0;0;0
SO;2024;0;0;0;0.186046511628;0.0232558139535;0;0;0.790697674419;0;0;0;0;0;0;0;0;0;0;0;0;0
SR;2000;0.739583333333;0;0;0;0;0;0;0.260416666667;0;0;0;0;0;0;0;0;0;0;0;0;0
SR;2001;0.701923076923;0;0.00961538461538;0;0;0;0;0.288461538462;0;0;0;0;0;0;0;0;0;0;0;0;0
SR;2002;0.60162601626;0;0.00813008130081;0;0;0;0;0.390243902439;0;0;0;0;0;0;0;0;0;0;0;0;0
SR;2003;0.576923076923;0;0.00769230769231;0;0;0;0;0.415384615385;0;0;0;0;0;0;0;0;0;0;0;0;0
SR;2004;0.531468531469;0;0.00699300699301;0;0;0;0;0.461538461538;0;0;0;0;0;0;0;0;0;0;0;0;0
SR;2005;0.485207100592;0;0.00591715976331;0;0;0;0;0.508875739645;0;0;0;0;0;0;0;0;0;0;0;0;0
SR;2006;0.547770700637;0;0.00636942675159;0;0;0;0;0.445859872611;0;0;0;0;0;0;0;0;0;0;0;0;0
SR;2007;0.573333333333;0;0.0133333333333;0;0;0;0;0.413333333333;0;0;0;0;0;0;0;0;0;0;0;0;0
SR;2008;0.569536423841;0;0.0132450331126;0;0;0;0;0.417218543046;0;0;0;0;0;0;0;0;0;0;0;0;0
SR;2009;0.562091503268;0;0.0130718954248;0;0;0;0;0.424836601307;0;0;0;0;0;0;0;0;0;0;0;0;0
SR;2010;0.612244897959;0;0.0102040816327;0;0;0;0;0.377551020408;0;0;0;0;0;0;0;0;0;0;0;0;0
SR;2011;0.673202614379;0;0.0130718954248;0;0;0;0;0.313725490196;0;0;0;0;0;0;0;0;0;0;0;0;0
SR;2012;0.491017964072;0;0.0119760479042;0;0;0;0;0.497005988024;0;0;0;0;0;0;0;0;0;0;0;0;0
SR;2013;0.471590909091;0;0.0113636363636;0;0;0;0;0.517045454545;0;0;0;0;0;0;0;0;0;0;0;0;0
SR;2014;0.302197802198;0;0.00549450549451;0;0;0;0;0.692307692308;0;0;0;0;0;0;0;0;0;0;0;0;0
SR;2015;0.252688172043;0;0.00537634408602;0.00537634408602;0;0.00537634408602;0;0.731182795699;0;0;0;0;0;0;0;0;0;0;0;0;0
SR;2016;0.428571428571;0;0.00549450549451;0.00549450549451;0;0.00549450549451;0;0.554945054945;0;0;0;0;0;0;0;0;0;0;0;0;0
SR;2017;0.508287292818;0;0.00552486187845;0.00552486187845;0;0.00552486187845;0;0.475138121547;0;0;0;0;0;0;0;0;0;0;0;0;0
SR;2018;0.521052631579;0;0.0105263157895;0.00526315789474;0;0.00526315789474;0;0.457894736842;0;0;0;0;0;0;0;0;0;0;0;0;0
SR;2019;0.46568627451;0;0.00980392156863;0.00490196078431;0;0.00490196078431;0;0.514705882353;0;0;0;0;0;0;0;0;0;0;0;0;0
SR;2020;0.473170731707;0;0.00975609756098;0.00487804878049;0;0.00487804878049;0;0.507317073171;0;0;0;0;0;0;0;0;0;0;0;0;0
SR;2021;0.473684210526;0;0.00956937799043;0.00478468899522;0;0.00478468899522;0;0.507177033493;0;0;0;0;0;0;0;0;0;0;0;0;0
SR;2022;0.436018957346;0;0.00947867298578;0.00473933649289;0;0.00473933649289;0;0.545023696682;0;0;0;0;0;0;0;0;0;0;0;0;0
SR;2023;0.520231213873;0;0.0115606936416;0.00578034682081;0;0.00578034682081;0;0.456647398844;0;0;0;0;0;0;0;0;0;0;0;0;0
SR;2024;0.51724137931;0;0.0114942528736;0.00574712643678;0;0.00574712643678;0;0.459770114943;0;0;0;0;0;0;0;0;0;0;0;0;0
SS;2012;0;0;0;0;0;0;0;1;0;0;0;0;0;0;0;0;0;0;0;0;0
SS;2013;0;0;0;0;0;0;0;1;0;0;0;0;0;0;0;0;0;0;0;0;0
SS;2014;0;0;0;0;0;0;0;1;0;0;0;0;0;0;0;0;0;0;0;0;0
SS;2015;0;0;0;0;0;0;0;1;0;0;0;0;0;0;0;0;0;0;0;0;0
SS;2016;0;0;0;0;0;0;0;1;0;0;0;0;0;0;0;0;0;0;0;0;0
SS;2017;0;0;0;0;0;0;0;1;0;0;0;0;0;0;0;0;0;0;0;0;0
SS;2018;0;0;0;0;0;0;0;1;0;0;0;0;0;0;0;0;0;0;0;0;0
SS;2019;0;0;0;0;0;0;0;1;0;0;0;0;0;0;0;0;0;0;0;0;0
SS;2020;0;0;0;0.0178571428571;0;0;0;0.982142857143;0;0;0;0;0;0;0;0;0;0;0;0;0
SS;2021;0;0;0;0.0175438596491;0;0;0;0.982456140351;0;0;0;0;0;0;0;0;0;0;0;0;0
SS;2022;0;0;0;0.0196078431373;0;0;0;0.980392156863;0;0;0;0;0;0;0;0;0;0;0;0;0
SS;2023;0;0;0;0.0178571428571;0;0;0;0.982142857143;0;0;0;0;0;0;0;0;0;0;0;0;0
SS;2024;0;0;0;0.0178571428571;0;0;0;0.982142857143;0;0;0;0;0;0;0;0;0;0;0;0;0
ST;2000;0.333333333333;0;0;0;0;0;0;0.666666666667;0;0;0;0;0;0;0;0;0;0;0;0;0
ST;2001;0;0;0;0;0;0;0;1;0;0;0;0;0;0;0;0;0;0;0;0;0
ST;2002;0.25;0;0;0;0;0;0;0.75;0;0;0;0;0;0;0;0;0;0;0;0;0
ST;2003;0.25;0;0;0;0;0;0;0.75;0;0;0;0;0;0;0;0;0;0;0;0;0
ST;2004;0.25;0;0;0;0;0;0;0.75;0;0;0;0;0;0;0;0;0;0;0;0;0
ST;2005;0;0;0;0;0;0;0;1;0;0;0;0;0;0;0;0;0;0;0;0;0
ST;2006;0.2;0;0;0;0;0;0;0.8;0;0;0;0;0;0;0;0;0;0;0;0;0
ST;2007;0.2;0;0;0;0;0;0;0.8;0;0;0;0;0;0;0;0;0;0;0;0;0
ST;2008;0.2;0;0;0;0;0;0;0.8;0;0;0;0;0;0;0;0;0;0;0;0;0
ST;2009;0.166666666667;0;0;0;0;0;0;0.833333333333;0;0;0;0;0;0;0;0;0;0;0;0;0
ST;2010;0;0;0;0;0;0;0;1;0;0;0;0;0;0;0;0;0;0;0;0;0
ST;2011;0.142857142857;0;0;0;0;0;0;0.857142857143;0;0;0;0;0;0;0;0;0;0;0;0;0
ST;2012;0.125;0;0;0;0;0;0;0.875;0;0;0;0;0;0;0;0;0;0;0;0;0
ST;2013;0.142857142857;0;0;0;0;0;0;0.857142857143;0;0;0;0;0;0;0;0;0;0;0;0;0
ST;2014;0.125;0;0;0;0;0;0;0.875;0;0;0;0;0;0;0;0;0;0;0;0;0
ST;2015;0.1;0;0;0;0;0;0;0.9;0;0;0;0;0;0;0;0;0;0;0;0;0
ST;2016;0.0909090909091;0;0;0;0;0;0;0.909090909091;0;0;0;0;0;0;0;0;0;0;0;0;0
ST;2017;0;0;0;0;0;0;0;1;0;0;0;0;0;0;0;0;0;0;0;0;0
ST;2018;0;0;0;0;0;0;0;1;0;0;0;0;0;0;0;0;0;0;0;0;0
ST;2019;0.0909090909091;0;0;0;0;0;0;0.909090909091;0;0;0;0;0;0;0;0;0;0;0;0;0
ST;2020;0.0909090909091;0;0;0;0;0;0;0.909090909091;0;0;0;0;0;0;0;0;0;0;0;0;0
ST;2021;0.0909090909091;0;0;0;0;0;0;0.909090909091;0;0;0;0;0;0;0;0;0;0;0;0;0
ST;2022;0.111111111111;0;0;0;0;0;0;0.888888888889;0;0;0;0;0;0;0;0;0;0;0;0;0
ST;2023;0.111111111111;0;0;0;0;0;0;0.888888888889;0;0;0;0;0;0;0;0;0;0;0;0;0
SV;2000;0.334246575342;0;0;0;0;0.00821917808219;0;0.441095890411;0.216438356164;0;0;0;0;0;0;0;0;0;0;0;0
SV;2001;0.29512195122;0;0;0;0;0.00731707317073;0;0.460975609756;0.236585365854;0;0;0;0;0;0;0;0;0;0;0;0
SV;2002;0.270454545455;0;0;0;0;0.0113636363636;0;0.493181818182;0.225;0;0;0;0;0;0;0;0;0;0;0;0
SV;2003;0.325481798715;0;0;0;0;0.017130620985;0;0.436830835118;0.220556745182;0;0;0;0;0;0;0;0;0;0;0;0
SV;2004;0.298136645963;0;0;0;0;0.0207039337474;0;0.472049689441;0.209109730849;0;0;0;0;0;0;0;0;0;0;0;0
SV;2005;0.337254901961;0;0;0;0;0.0254901960784;0;0.43137254902;0.205882352941;0;0;0;0;0;0;0;0;0;0;0;0
SV;2006;0.354385964912;0;0;0;0;0.0315789473684;0;0.414035087719;0.2;0;0;0;0;0;0;0;0;0;0;0;0
SV;2007;0.301854974705;0;0;0;0;0.0370994940978;0;0.428330522766;0.232715008432;0;0;0;0;0;0;0;0;0;0;0;0
SV;2008;0.344262295082;0;0;0;0;0.0393442622951;0;0.367213114754;0.249180327869;0;0;0;0;0;0;0;0;0;0;0;0
SV;2009;0.268376068376;0;0;0;0;0.0393162393162;0;0.432478632479;0.259829059829;0;0;0;0;0;0;0;0;0;0;0;0
SV;2010;0.355371900826;0;0;0;0;0.0462809917355;0;0.345454545455;0.252892561983;0;0;0;0;0;0;0;0;0;0;0;0
SV;2011;0.338735818476;0;0;0;0;0.0486223662885;0;0.364667747164;0.247974068071;0;0;0;0;0;0;0;0;0;0;0;0
SV;2012;0.303174603175;0;0;0;0;0.0587301587302;0;0.393650793651;0.244444444444;0;0;0;0;0;0;0;0;0;0;0;0
SV;2013;0.292721518987;0;0;0;0;0.0680379746835;0;0.392405063291;0.246835443038;0;0;0;0;0;0;0;0;0;0;0;0
SV;2014;0.284126984127;0;0;0;0;0.0698412698413;0;0.398412698413;0.247619047619;0;0;0;0;0;0;0;0;0;0;0;0
SV;2015;0.233937397035;0;0;0.00164744645799;0;0.0939044481054;0;0.416803953871;0.25370675453;0;0;0;0;0;0;0;0;0;0;0;0
SV;2016;0.217532467532;0;0;0.00324675324675;0;0.116883116883;0;0.405844155844;0.256493506494;0;0;0;0;0;0;0;0;0;0;0;0
SV;2017;0.308108108108;0;0;0.0288288288288;0;0.127927927928;0;0.252252252252;0.282882882883;0;0;0;0;0;0;0;0;0;0;0;0
SV;2018;0.299632352941;0;0;0.0569852941176;0;0.137867647059;0;0.220588235294;0.284926470588;0;0;0;0;0;0;0;0;0;0;0;0
SV;2019;0.247974068071;0;0;0.0940032414911;0;0.134521880065;0;0.285251215559;0.238249594814;0;0;0;0;0;0;0;0;0;0;0;0
SV;2020;0.321928460342;0;0;0.153965785381;0.00155520995334;0.127527216174;0;0.152410575428;0.242612752722;0;0;0;0;0;0;0;0;0;0;0;0
SV;2021;0.256699576869;0;0;0.238363892807;0.0183356840621;0.126939351199;0;0.139633286319;0.220028208745;0;0;0;0;0;0;0;0;0;0;0;0
SV;2022;0.337858220211;0;0;0.187028657617;0.0211161387632;0.123680241327;0;0.0920060331825;0.238310708899;0;0;0;0;0;0;0;0;0;0;0;0
SV;2023;0.249163879599;0;0;0.200668896321;0.0284280936455;0.133779264214;0;0.122073578595;0.265886287625;0;0;0;0;0;0;0;0;0;0;0;0
SV;2024;0.329468150897;0;0;0.196196660482;0.0228818800247;0.123995052566;0;0.0819418676562;0.245516388374;0;0;0;0;0;0;0;0;0;0;0;0
SV;2025;0.320547945205;0;0;0.223135464231;0.0266362252664;0.120700152207;0;0.0674277016743;0.241552511416;0;0;0;0;0;0;0;0;0;0;0;0
SY;2000;0.127920792079;0;0.370693069307;0;0;0.00118811881188;0;0.500198019802;0;0;0;0;0;0;0;0;0;0;0;0;0
SY;2001;0.127524308153;0;0.413238593867;0;0;0.00112191473448;0;0.458115183246;0;0;0;0;0;0;0;0;0;0;0;0;0
SY;2002;0.0872817955112;0;0.454934093338;0;0;0.00106875667973;0;0.456715354471;0;0;0;0;0;0;0;0;0;0;0;0;0
SY;2003;0.0907894736842;0;0.502302631579;0;0;0.000986842105263;0;0.405921052632;0;0;0;0;0;0;0;0;0;0;0;0;0
SY;2004;0.12993472179;0;0.410631022692;0;0;0.000932545850171;0;0.458501709667;0;0;0;0;0;0;0;0;0;0;0;0;0
SY;2005;0.119733924612;0;0.390243902439;0;0;0.000831485587583;0;0.489190687361;0;0;0;0;0;0;0;0;0;0;0;0;0
SY;2006;0.105122732124;0;0.383137673426;0;0;0.000800426894344;0;0.510939167556;0;0;0;0;0;0;0;0;0;0;0;0;0
SY;2007;0.0899922420481;0;0.312128264805;0;0;0.00077579519007;0;0.597103697957;0;0;0;0;0;0;0;0;0;0;0;0;0
SY;2008;0.0698977106673;0;0.312956648807;0;0;0.000730638090599;0;0.616415002435;0;0;0;0;0;0;0;0;0;0;0;0;0
SY;2009;0.0431472081218;0;0.456391324412;0;0;0.000692201199815;0;0.499769266267;0;0;0;0;0;0;0;0;0;0;0;0;0
SY;2010;0.0557708871662;0;0.549310938846;0;0;0.000645994832041;0;0.394272179156;0;0;0;0;0;0;0;0;0;0;0;0;0
SY;2011;0.0717017208413;0;0.536806883365;0;0;0.000717017208413;0;0.390774378585;0;0;0;0;0;0;0;0;0;0;0;0;0
SY;2012;0.0917260613573;0;0.570498915401;0;0;0.00092965602727;0;0.336845367214;0;0;0;0;0;0;0;0;0;0;0;0;0
SY;2013;0.119189511323;0;0.601112435439;0;0;0.00119189511323;0;0.278506158125;0;0;0;0;0;0;0;0;0;0;0;0;0
SY;2014;0.110117647059;0;0.657882352941;0;0;0.00141176470588;0;0.230588235294;0;0;0;0;0;0;0;0;0;0;0;0;0
SY;2015;0.0227651304831;0;0.681288173237;0;0;0.00166574125486;0;0.294280955025;0;0;0;0;0;0;0;0;0;0;0;0;0
SY;2016;0.0511832691249;0;0.588882773803;0;0;0.00165107319758;0;0.358282883875;0;0;0;0;0;0;0;0;0;0;0;0;0
SY;2017;0.0406724511931;0;0.572668112798;0;0;0.00162689804772;0;0.385032537961;0;0;0;0;0;0;0;0;0;0;0;0;0
SY;2018;0.0336021505376;0;0.470430107527;0;0;0.00134408602151;0;0.494623655914;0;0;0;0;0;0;0;0;0;0;0;0;0
SY;2019;0.0336021505376;0;0.451164874552;0;0;0.00134408602151;0;0.513888888889;0;0;0;0;0;0;0;0;0;0;0;0;0
SY;2020;0.0356633380884;0;0.420827389444;0.000951022349025;0;0.00142653352354;0;0.541131716595;0;0;0;0;0;0;0;0;0;0;0;0;0
SY;2021;0.0345462920313;0;0.433901427913;0.00276370336251;0;0.00138185168125;0;0.527406725012;0;0;0;0;0;0;0;0;0;0;0;0;0
SY;2022;0.0373505976096;0;0.383466135458;0.00498007968127;0;0.00149402390438;0;0.572709163347;0;0;0;0;0;0;0;0;0;0;0;0;0
SY;2023;0.0299760191847;0;0.517585931255;0.00399680255795;0;0.00119904076739;0;0.447242206235;0;0;0;0;0;0;0;0;0;0;0;0;0
SY;2024;0.0301446945338;0;0.522508038585;0.0040192926045;0;0.00120578778135;0;0.442122186495;0;0;0;0;0;0;0;0;0;0;0;0;0
SZ;2000;0.287878787879;0;0;0;0;0.69696969697;0.0151515151515;0;0;0;0;0;0;0;0;0;0;0;0;0;0
SZ;2001;0.271428571429;0;0;0;0;0.714285714286;0.0142857142857;0;0;0;0;0;0;0;0;0;0;0;0;0;0
SZ;2002;0.277777777778;0;0;0;0;0.680555555556;0.0277777777778;0.0138888888889;0;0;0;0;0;0;0;0;0;0;0;0;0
SZ;2003;0.1875;0;0;0;0;0.765625;0.03125;0.015625;0;0;0;0;0;0;0;0;0;0;0;0;0
SZ;2004;0.172413793103;0;0;0;0;0.775862068966;0.0344827586207;0.0172413793103;0;0;0;0;0;0;0;0;0;0;0;0;0
SZ;2005;0.258064516129;0;0;0;0;0.709677419355;0.0161290322581;0.0161290322581;0;0;0;0;0;0;0;0;0;0;0;0;0
SZ;2006;0.217391304348;0;0;0;0;0.753623188406;0.0144927536232;0.0144927536232;0;0;0;0;0;0;0;0;0;0;0;0;0
SZ;2007;0.239436619718;0;0;0;0;0.732394366197;0.0140845070423;0.0140845070423;0;0;0;0;0;0;0;0;0;0;0;0;0
SZ;2008;0.231884057971;0;0;0;0;0.739130434783;0.0144927536232;0.0144927536232;0;0;0;0;0;0;0;0;0;0;0;0;0
SZ;2009;0.30303030303;0;0;0;0;0.666666666667;0.0151515151515;0.0151515151515;0;0;0;0;0;0;0;0;0;0;0;0;0
SZ;2010;0.324324324324;0;0;0;0;0.648648648649;0.0135135135135;0.0135135135135;0;0;0;0;0;0;0;0;0;0;0;0;0
SZ;2011;0.48275862069;0;0;0;0;0.48275862069;0.0172413793103;0.0172413793103;0;0;0;0;0;0;0;0;0;0;0;0;0
SZ;2012;0.461538461538;0;0;0;0;0.461538461538;0.0384615384615;0.0384615384615;0;0;0;0;0;0;0;0;0;0;0;0;0
SZ;2013;0.516666666667;0;0;0;0;0.416666666667;0.0333333333333;0.0333333333333;0;0;0;0;0;0;0;0;0;0;0;0;0
SZ;2014;0.479166666667;0;0;0;0;0.479166666667;0.0416666666667;0;0;0;0;0;0;0;0;0;0;0;0;0;0
SZ;2015;0.315789473684;0;0;0;0;0.631578947368;0.0526315789474;0;0;0;0;0;0;0;0;0;0;0;0;0;0
SZ;2016;0.333333333333;0;0;0;0;0.583333333333;0.0833333333333;0;0;0;0;0;0;0;0;0;0;0;0;0;0
SZ;2017;0.488372093023;0;0;0;0;0.46511627907;0.046511627907;0;0;0;0;0;0;0;0;0;0;0;0;0;0
SZ;2018;0.551020408163;0;0;0;0;0.408163265306;0.0408163265306;0;0;0;0;0;0;0;0;0;0;0;0;0;0
SZ;2019;0.469387755102;0;0;0;0;0.448979591837;0.0816326530612;0;0;0;0;0;0;0;0;0;0;0;0;0;0
SZ;2020;0.469387755102;0;0;0;0;0.489795918367;0.0408163265306;0;0;0;0;0;0;0;0;0;0;0;0;0;0
SZ;2021;0.509803921569;0;0;0.0588235294118;0;0.392156862745;0.0392156862745;0;0;0;0;0;0;0;0;0;0;0;0;0;0
SZ;2022;0.545454545455;0;0;0.0545454545455;0;0.363636363636;0.0363636363636;0;0;0;0;0;0;0;0;0;0;0;0;0;0
SZ;2023;0.606060606061;0;0;0.0454545454545;0;0.318181818182;0.030303030303;0;0;0;0;0;0;0;0;0;0;0;0;0;0
SZ;2024;0.573770491803;0;0;0.0491803278689;0;0.344262295082;0.0327868852459;0;0;0;0;0;0;0;0;0;0;0;0;0;0
TC;2000;0;0;0;0;0;0;0;1;0;0;0;0;0;0;0;0;0;0;0;0;0
TC;2001;0;0;0;0;0;0;0;1;0;0;0;0;0;0;0;0;0;0;0;0;0
TC;2002;0;0;0;0;0;0;0;1;0;0;0;0;0;0;0;0;0;0;0;0;0
TC;2003;0;0;0;0;0;0;0;1;0;0;0;0;0;0;0;0;0;0;0;0;0
TC;2004;0;0;0;0;0;0;0;1;0;0;0;0;0;0;0;0;0;0;0;0;0
TC;2005;0;0;0;0;0;0;0;1;0;0;0;0;0;0;0;0;0;0;0;0;0
TC;2006;0;0;0;0;0;0;0;1;0;0;0;0;0;0;0;0;0;0;0;0;0
TC;2007;0;0;0;0;0;0;0;1;0;0;0;0;0;0;0;0;0;0;0;0;0
TC;2008;0;0;0;0;0;0;0;1;0;0;0;0;0;0;0;0;0;0;0;0;0
TC;2009;0;0;0;0;0;0;0;1;0;0;0;0;0;0;0;0;0;0;0;0;0
TC;2010;0;0;0;0;0;0;0;1;0;0;0;0;0;0;0;0;0;0;0;0;0
TC;2011;0;0;0;0;0;0;0;1;0;0;0;0;0;0;0;0;0;0;0;0;0
TC;2012;0;0;0;0;0;0;0;1;0;0;0;0;0;0;0;0;0;0;0;0;0
TC;2013;0;0;0;0;0;0;0;1;0;0;0;0;0;0;0;0;0;0;0;0;0
TC;2014;0;0;0;0;0;0;0;1;0;0;0;0;0;0;0;0;0;0;0;0;0
TC;2015;0;0;0;0;0;0;0;1;0;0;0;0;0;0;0;0;0;0;0;0;0
TC;2016;0;0;0;0;0;0;0;1;0;0;0;0;0;0;0;0;0;0;0;0;0
TC;2017;0;0;0;0;0;0;0;1;0;0;0;0;0;0;0;0;0;0;0;0;0
TC;2018;0;0;0;0;0;0;0;1;0;0;0;0;0;0;0;0;0;0;0;0;0
TC;2019;0;0;0;0;0;0;0;1;0;0;0;0;0;0;0;0;0;0;0;0;0
TC;2020;0;0;0;0;0;0;0;1;0;0;0;0;0;0;0;0;0;0;0;0;0
TC;2021;0;0;0;0;0;0;0;1;0;0;0;0;0;0;0;0;0;0;0;0;0
TC;2022;0;0;0;0;0;0;0;1;0;0;0;0;0;0;0;0;0;0;0;0;0
TC;2023;0;0;0;0;0;0;0;1;0;0;0;0;0;0;0;0;0;0;0;0;0
TC;2024;0;0;0;0.037037037037;0;0;0;0.962962962963;0;0;0;0;0;0;0;0;0;0;0;0;0
TD;2000;0;0;0;0;0;0;0;1;0;0;0;0;0;0;0;0;0;0;0;0;0
TD;2001;0;0;0;0;0;0;0;1;0;0;0;0;0;0;0;0;0;0;0;0;0
TD;2002;0;0;0;0;0;0;0;1;0;0;0;0;0;0;0;0;0;0;0;0;0
TD;2003;0;0;0;0;0;0;0;1;0;0;0;0;0;0;0;0;0;0;0;0;0
TD;2004;0;0;0;0;0;0;0;1;0;0;0;0;0;0;0;0;0;0;0;0;0
TD;2005;0;0;0;0;0;0;0;1;0;0;0;0;0;0;0;0;0;0;0;0;0
TD;2006;0;0;0;0;0;0;0;1;0;0;0;0;0;0;0;0;0;0;0;0;0
TD;2007;0;0;0;0;0;0;0;1;0;0;0;0;0;0;0;0;0;0;0;0;0
TD;2008;0;0;0;0;0;0;0;1;0;0;0;0;0;0;0;0;0;0;0;0;0
TD;2009;0;0;0;0;0;0;0;1;0;0;0;0;0;0;0;0;0;0;0;0;0
TD;2010;0;0;0;0;0;0;0;1;0;0;0;0;0;0;0;0;0;0;0;0;0
TD;2011;0;0;0;0;0;0;0;1;0;0;0;0;0;0;0;0;0;0;0;0;0
TD;2012;0;0;0;0;0;0.0416666666667;0;0.958333333333;0;0;0;0;0;0;0;0;0;0;0;0;0
TD;2013;0;0;0;0;0;0.0357142857143;0;0.964285714286;0;0;0;0;0;0;0;0;0;0;0;0;0
TD;2014;0;0;0;0;0;0.0333333333333;0;0.966666666667;0;0;0;0;0;0;0;0;0;0;0;0;0
TD;2015;0;0;0;0;0;0.0333333333333;0;0.966666666667;0;0;0;0;0;0;0;0;0;0;0;0;0
TD;2016;0;0;0;0;0.0322580645161;0.0322580645161;0;0.935483870968;0;0;0;0;0;0;0;0;0;0;0;0;0
TD;2017;0;0;0;0;0.03125;0.03125;0;0.9375;0;0;0;0;0;0;0;0;0;0;0;0;0
TD;2018;0;0;0;0;0.0294117647059;0.0294117647059;0;0.941176470588;0;0;0;0;0;0;0;0;0;0;0;0;0
TD;2019;0;0;0;0;0.0285714285714;0.0285714285714;0;0.942857142857;0;0;0;0;0;0;0;0;0;0;0;0;0
TD;2020;0;0;0;0;0.0285714285714;0.0285714285714;0;0.942857142857;0;0;0;0;0;0;0;0;0;0;0;0;0
TD;2021;0;0;0;0;0.0232558139535;0.0232558139535;0;0.953488372093;0;0;0;0;0;0;0;0;0;0;0;0;0
TD;2022;0;0;0;0;0.025641025641;0.025641025641;0;0.948717948718;0;0;0;0;0;0;0;0;0;0;0;0;0
TD;2023;0;0;0;0;0.0277777777778;0.0277777777778;0;0.944444444444;0;0;0;0;0;0;0;0;0;0;0;0;0
TD;2024;0;0;0;0;0.027027027027;0.027027027027;0;0.945945945946;0;0;0;0;0;0;0;0;0;0;0;0;0
TG;2000;0.555555555556;0;0;0;0;0;0;0.444444444444;0;0;0;0;0;0;0;0;0;0;0;0;0
TG;2001;0.384615384615;0;0;0;0;0;0;0.615384615385;0;0;0;0;0;0;0;0;0;0;0;0;0
TG;2002;0.5625;0;0;0;0;0;0;0.4375;0;0;0;0;0;0;0;0;0;0;0;0;0
TG;2003;0.666666666667;0;0;0;0;0;0;0.333333333333;0;0;0;0;0;0;0;0;0;0;0;0;0
TG;2004;0.421052631579;0;0;0;0;0;0;0.578947368421;0;0;0;0;0;0;0;0;0;0;0;0;0
TG;2005;0.368421052632;0;0;0;0;0;0;0.631578947368;0;0;0;0;0;0;0;0;0;0;0;0;0
TG;2006;0.409090909091;0;0;0;0;0;0;0.590909090909;0;0;0;0;0;0;0;0;0;0;0;0;0
TG;2007;0.473684210526;0;0;0;0;0.0526315789474;0;0.473684210526;0;0;0;0;0;0;0;0;0;0;0;0;0
TG;2008;0.692307692308;0;0;0;0;0;0;0.307692307692;0;0;0;0;0;0;0;0;0;0;0;0;0
TG;2009;0.733333333333;0;0;0;0;0;0;0.266666666667;0;0;0;0;0;0;0;0;0;0;0;0;0
TG;2010;0.409090909091;0;0;0;0;0;0;0.590909090909;0;0;0;0;0;0;0;0;0;0;0;0;0
TG;2011;0.47619047619;0;0.142857142857;0;0;0;0;0.380952380952;0;0;0;0;0;0;0;0;0;0;0;0;0
TG;2012;0.28125;0;0.25;0;0;0;0;0.46875;0;0;0;0;0;0;0;0;0;0;0;0;0
TG;2013;0.125;0;0.21875;0;0;0;0;0.65625;0;0;0;0;0;0;0;0;0;0;0;0;0
TG;2014;0.342857142857;0;0.142857142857;0;0;0;0;0.514285714286;0;0;0;0;0;0;0;0;0;0;0;0;0
TG;2015;0.136363636364;0;0.409090909091;0;0;0;0;0.454545454545;0;0;0;0;0;0;0;0;0;0;0;0;0
TG;2016;0.212765957447;0;0.031914893617;0;0;0;0;0.755319148936;0;0;0;0;0;0;0;0;0;0;0;0;0
TG;2017;0.259259259259;0;0.16049382716;0;0;0;0;0.58024691358;0;0;0;0;0;0;0;0;0;0;0;0;0
TG;2018;0.333333333333;0;0.35;0.0166666666667;0;0;0;0.3;0;0;0;0;0;0;0;0;0;0;0;0;0
TG;2019;0.196721311475;0;0.754098360656;0.016393442623;0;0;0;0.0327868852459;0;0;0;0;0;0;0;0;0;0;0;0;0
TG;2020;0.131147540984;0;0.754098360656;0.016393442623;0;0;0;0.0983606557377;0;0;0;0;0;0;0;0;0;0;0;0;0
TG;2021;0.12676056338;0;0.676056338028;0.0985915492958;0;0;0;0.0985915492958;0;0;0;0;0;0;0;0;0;0;0;0;0
TG;2022;0.0888888888889;0;0.722222222222;0.111111111111;0;0;0;0.0777777777778;0;0;0;0;0;0;0;0;0;0;0;0;0
TG;2023;0.112676056338;0;0.732394366197;0.154929577465;0;0;0;0;0;0;0;0;0;0;0;0;0;0;0;0;0
TG;2024;0.112676056338;0;0.704225352113;0.183098591549;0;0;0;0;0;0;0;0;0;0;0;0;0;0;0;0;0
TH;1985;0.160269214069;0;0.463135041251;0;0;0;0.230699088146;0.145896656535;0;0;0;0;0;0;0;0;0;0;0;0;0
TH;1986;0.224239967572;0;0.415565464126;0;0;0;0.224604783137;0.135589785164;0;0;0;0;0;0;0;0;0;0;0;0;0
TH;1987;0.14194722475;0;0.546790788829;0;0;0.000174984251417;0.234408903199;0.0766780989711;0;0;0;0;0;0;0;0;0;0;0;0;0
TH;1988;0.114707061981;0;0.577546046339;0;0;0.000925554561441;0.20979236726;0.0970289698578;0;0;0;0;0;0;0;0;0;0;0;0;0
TH;1989;0.147561171494;0;0.513867323446;0;0;0.000588959683033;0.210686941158;0.127295604219;0;0;0;0;0;0;0;0;0;0;0;0;0
TH;1990;0.11108088502;0;0.402724882118;0;0;0.000566739209285;0.250566739209;0.235060754443;0;0;0;0;0;0;0;0;0;0;0;0;0
TH;1991;0.0898842777334;0;0.380107741421;0;0;0.000598563447725;0.27503990423;0.254369513168;0;0;0;0;0;0;0;0;0;0;0;0;0
TH;1992;0.0729290874658;0;0.402311145402;0;0;0.000368240162727;0.259784667181;0.264606859788;0;0;0;0;0;0;0;0;0;0;0;0;0
TH;1993;0.0570440658699;0;0.44133760677;0;0;0.000457868228681;0.213208708969;0.287951750162;0;0;0;0;0;0;0;0;0;0;0;0;0
TH;1994;0.061938314839;0;0.442808320324;0;0;0.000717269313531;0.198739856265;0.295796239259;0;0;0;0;0;0;0;0;0;0;0;0;0
TH;1995;0.0826843247175;0;0.424683647491;0;0;0.00179339578866;0.190187742202;0.3006508898;0;0;0;0;0;0;0;0;0;0;0;0;0
TH;1996;0.0829396144429;0;0.418813440471;0;0;0.00237955650585;0.202089871366;0.293777517214;0;0;0;0;0;0;0;0;0;0;0;0;0
TH;1997;0.0764283093393;0;0.481038613455;0;0;0.00295698344521;0.205326886966;0.234249206795;0;0;0;0;0;0;0;0;0;0;0;0;0
TH;1998;0.0568393776596;0;0.547518791954;0;0;0.00346241050786;0.185294807501;0.206884612378;0;0;0;0;0;0;0;0;0;0;0;0;0
TH;1999;0.0377985922518;0;0.596397494873;0;0;0.00495483012803;0.184370670066;0.176478412681;0;0;0;0;0;0;0;0;0;0;0;0;0
TH;2000;0.0616723024256;0;0.639597575402;0;0;0.00551711142053;0.190502611991;0.10271039876;0;0;0;0;0;0;0;0;0;0;0;0;0
TH;2001;0.0611365819363;0;0.705328408607;0;0;0.00614930634636;0.200976363294;0.026409339816;0;0;0;0;0;0;0;0;0;0;0;0;0
TH;2002;0.0679349329596;0;0.727670090924;0;0;0.00693458254182;0.17790155106;0.0195588425149;0;0;0;0;0;0;0;0;0;0;0;0;0
TH;2003;0.0621733055014;0;0.73911018338;0;0;0.0106181103041;0.166482653924;0.0216157468905;0;0;0;0;0;0;0;0;0;0;0;0;0
TH;2004;0.0474978248961;0;0.727362807334;0;0;0.0148390423098;0.164373408952;0.0459269165082;0;0;0;0;0;0;0;0;0;0;0;0;0
TH;2005;0.04348059436;0;0.724303436431;0;0;0.0142302915063;0.158051308788;0.0599343689142;0;0;0;0;0;0;0;0;0;0;0;0;0
TH;2006;0.0581289072497;0;0.690512923628;0.000263225240376;0;0.0145358827185;0.178905421709;0.0576536394545;0;0;0;0;0;0;0;0;0;0;0;0;0
TH;2007;0.0558521647011;0;0.689245599388;0.000273613167107;0;0.0169640163607;0.216652518293;0.0210120880894;0;0;0;0;0;0;0;0;0;0;0;0;0
TH;2008;0.047793890138;0;0.718235387144;0.00026815734648;0;0.0147005232506;0.212036826942;0.00696521517908;0;0;0;0;0;0;0;0;0;0;0;0;0
TH;2009;0.0477430674544;0;0.728845969323;0.000301564020671;6.85372774252e-06;0.0154277411484;0.204295916549;0.00337888777706;0;0;0;0;0;0;0;0;0;0;0;0;0
TH;2010;0.033933047755;0;0.751629382834;0.000368078692686;2.53847374266e-05;0.0213485641758;0.188887831191;0.00380771061399;0;0;0;0;0;0;0;0;0;0;0;0;0
TH;2011;0.0517561882399;0;0.706134429117;0.000613116785703;3.26125949842e-05;0.0259400580504;0.206842122428;0.00868147278479;0;0;0;0;0;0;0;0;0;0;0;0;0
TH;2012;0.0499005658278;0;0.706503468359;0.00294751296195;0.000100617912356;0.0277942186131;0.204686427235;0.00806718909065;0;0;0;0;0;0;0;0;0;0;0;0;0
TH;2013;0.0320933625091;0;0.706967200963;0.0074540570351;0.00208144313391;0.0333564604793;0.20963868282;0.00840879305948;0;0;0;0;0;0;0;0;0;0;0;0;0
TH;2014;0.0297184687277;0;0.692398885845;0.011124283511;0.00227895306277;0.0386501231555;0.216224304229;0.00960498146912;0;0;0;0;0;0;0;0;0;0;0;0;0
TH;2015;0.0210360726878;0;0.697179278546;0.0128993761866;0.0017792243016;0.0745104420938;0.187588825603;0.00500678058042;0;0;0;0;0;0;0;0;0;0;0;0;0
TH;2016;0.0194574717544;0;0.67229801748;0.0189351950544;0.00204114261352;0.0868951183117;0.197756341931;0.0026167128544;0;0;0;0;0;0;0;0;0;0;0;0;0
TH;2017;0.0260526443461;0;0.652496644368;0.0244893778738;0.00597814661283;0.0965883056887;0.192615991677;0.00177888943394;0;0;0;0;0;0;0;0;0;0;0;0;0
TH;2018;0.0415392415873;0;0.620526779281;0.0242147679663;0.00875830598031;0.112966669335;0.19104955568;0.000944680169722;0;0;0;0;0;0;0;0;0;0;0;0;0
TH;2019;0.0326765247102;0;0.617645120573;0.0260864716349;0.0186042267587;0.117678070838;0.18160665494;0.00570293054591;0;0;0;0;0;0;0;0;0;0;0;0;0
TH;2020;0.0252206333983;0;0.613457829118;0.0271063889398;0.0173489509811;0.114578506697;0.198397646577;0.00389004428832;0;0;0;0;0;0;0;0;0;0;0;0;0
TH;2021;0.0250777990241;0;0.605857556816;0.0268614186471;0.019025275979;0.126171002523;0.193171897011;0.00383505000027;0;0;0;0;0;0;0;0;0;0;0;0;0
TH;2022;0.0354895360749;0;0.599177311785;0.0269281428362;0.0158683698856;0.127814597228;0.185669335786;0.0090527064038;0;0;0;0;0;0;0;0;0;0;0;0;0
TH;2023;0.0329274650529;0;0.630494204318;0.0264861941444;0.0171458640902;0.140338824492;0.148280784841;0.00432666306111;0;0;0;0;0;0;0;0;0;0;0;0;0
TH;2024;0.0304127743776;0;0.627550503888;0.0418986701026;0.016119828816;0.129699507616;0.153048640191;0.00127007500805;0;0;0;0;0;0;0;0;0;0;0;0;0
TH;2025;0.0390679162282;0;0.615141373686;0.0498261819379;0.0177658518581;0.110056509574;0.167478815144;0.000663351571345;0;0;0;0;0;0;0;0;0;0;0;0;0
TJ;2000;0.984550561798;0;0.0154494382022;0;0;0;0;0;0;0;0;0;0;0;0;0;0;0;0;0;0
TJ;2001;0.987491313412;0;0.0125086865879;0;0;0;0;0;0;0;0;0;0;0;0;0;0;0;0;0;0
TJ;2002;0.990849673203;0;0.00915032679739;0;0;0;0;0;0;0;0;0;0;0;0;0;0;0;0;0;0
TJ;2003;0.989703210176;0;0.0102967898243;0;0;0;0;0;0;0;0;0;0;0;0;0;0;0;0;0;0
TJ;2004;0.990903577926;0;0.00909642207398;0;0;0;0;0;0;0;0;0;0;0;0;0;0;0;0;0;0
TJ;2005;0.992978349912;0;0.00702165008777;0;0;0;0;0;0;0;0;0;0;0;0;0;0;0;0;0;0
TJ;2006;0.986414648553;0;0.0135853514471;0;0;0;0;0;0;0;0;0;0;0;0;0;0;0;0;0;0
TJ;2007;0.978273299028;0;0.021726700972;0;0;0;0;0;0;0;0;0;0;0;0;0;0;0;0;0;0
TJ;2008;0.978328173375;0;0.0216718266254;0;0;0;0;0;0;0;0;0;0;0;0;0;0;0;0;0;0
TJ;2009;0.98635235732;0;0.0136476426799;0;0;0;0;0;0;0;0;0;0;0;0;0;0;0;0;0;0
TJ;2010;0.997566909976;0;0.00243309002433;0;0;0;0;0;0;0;0;0;0;0;0;0;0;0;0;0;0
TJ;2011;0.997536945813;0;0.00246305418719;0;0;0;0;0;0;0;0;0;0;0;0;0;0;0;0;0;0
TJ;2012;0.995875073659;0;0.0041249263406;0;0;0;0;0;0;0;0;0;0;0;0;0;0;0;0;0;0
TJ;2013;0.997662185856;0;0;0;0;0;0.00233781414378;0;0;0;0;0;0;0;0;0;0;0;0;0;0
TJ;2014;0.990099009901;0;0;0;0;0;0.00990099009901;0;0;0;0;0;0;0;0;0;0;0;0;0;0
TJ;2015;0.990675990676;0;0;0;0;0;0.00932400932401;0;0;0;0;0;0;0;0;0;0;0;0;0;0
TJ;2016;0.964617169374;0;0;0;0;0;0.0353828306265;0;0;0;0;0;0;0;0;0;0;0;0;0;0
TJ;2017;0.94588625069;0;0;0;0;0;0.0541137493098;0;0;0;0;0;0;0;0;0;0;0;0;0;0
TJ;2018;0.931610942249;0;0;0;0;0;0.0683890577508;0;0;0;0;0;0;0;0;0;0;0;0;0;0
TJ;2019;0.914599236641;0;0.0147900763359;0;0;0;0.0706106870229;0;0;0;0;0;0;0;0;0;0;0;0;0;0
TJ;2020;0.900995024876;0;0.0164179104478;0;0;0;0.0825870646766;0;0;0;0;0;0;0;0;0;0;0;0;0;0
TJ;2021;0.900579150579;0;0.0149613899614;0;0;0;0.0844594594595;0;0;0;0;0;0;0;0;0;0;0;0;0;0
TJ;2022;0.926942764076;0;0.0134946486738;0;0;0;0.0595625872499;0;0;0;0;0;0;0;0;0;0;0;0;0;0
TJ;2023;0.942063118229;0;0.0103626943005;0;0;0;0.0475741874706;0;0;0;0;0;0;0;0;0;0;0;0;0;0
TJ;2024;0.945945945946;0;0.00900900900901;0;0;0;0.045045045045;0;0;0;0;0;0;0;0;0;0;0;0;0;0
TJ;2025;0.943845481414;0;0.00936602422678;0;0;0;0.0467884943596;0;0;0;0;0;0;0;0;0;0;0;0;0;0
TM;2000;0;0;1;0;0;0;0;0;0;0;0;0;0;0;0;0;0;0;0;0;0
TM;2001;0;0;1;0;0;0;0;0;0;0;0;0;0;0;0;0;0;0;0;0;0
TM;2002;0;0;1;0;0;0;0;0;0;0;0;0;0;0;0;0;0;0;0;0;0
TM;2003;0;0;1;0;0;0;0;0;0;0;0;0;0;0;0;0;0;0;0;0;0
TM;2004;0;0;1;0;0;0;0;0;0;0;0;0;0;0;0;0;0;0;0;0;0
TM;2005;0;0;1;0;0;0;0;0;0;0;0;0;0;0;0;0;0;0;0;0;0
TM;2006;0;0;1;0;0;0;0;0;0;0;0;0;0;0;0;0;0;0;0;0;0
TM;2007;0;0;1;0;0;0;0;0;0;0;0;0;0;0;0;0;0;0;0;0;0
TM;2008;0;0;1;0;0;0;0;0;0;0;0;0;0;0;0;0;0;0;0;0;0
TM;2009;0;0;1;0;0;0;0;0;0;0;0;0;0;0;0;0;0;0;0;0;0
TM;2010;0;0;1;0;0;0;0;0;0;0;0;0;0;0;0;0;0;0;0;0;0
TM;2011;0;0;1;0;0;0;0;0;0;0;0;0;0;0;0;0;0;0;0;0;0
TM;2012;0;0;1;0;0;0;0;0;0;0;0;0;0;0;0;0;0;0;0;0;0
TM;2013;0;0;1;0;0;0;0;0;0;0;0;0;0;0;0;0;0;0;0;0;0
TM;2014;0;0;1;0;0;0;0;0;0;0;0;0;0;0;0;0;0;0;0;0;0
TM;2015;0;0;1;0;0;0;0;0;0;0;0;0;0;0;0;0;0;0;0;0;0
TM;2016;0;0;1;0;0;0;0;0;0;0;0;0;0;0;0;0;0;0;0;0;0
TM;2017;0;0;1;0;0;0;0;0;0;0;0;0;0;0;0;0;0;0;0;0;0
TM;2018;0;0;1;0;0;0;0;0;0;0;0;0;0;0;0;0;0;0;0;0;0
TM;2019;0;0;1;0;0;0;0;0;0;0;0;0;0;0;0;0;0;0;0;0;0
TM;2020;0;0;1;0;0;0;0;0;0;0;0;0;0;0;0;0;0;0;0;0;0
TM;2021;0.000352112676056;0;0.999647887324;0;0;0;0;0;0;0;0;0;0;0;0;0;0;0;0;0;0
TM;2022;0.000306748466258;0;0.999693251534;0;0;0;0;0;0;0;0;0;0;0;0;0;0;0;0;0;0
TM;2023;0.000306748466258;0;0.999693251534;0;0;0;0;0;0;0;0;0;0;0;0;0;0;0;0;0;0
TM;2024;0.000302938503484;0;0.999697061497;0;0;0;0;0;0;0;0;0;0;0;0;0;0;0;0;0;0
TN;2000;0.0056657223796;0;0.876298394712;0;0.00188857412653;0;0;0.116147308782;0;0;0;0;0;0;0;0;0;0;0;0;0
TN;2001;0.00439367311072;0;0.895430579965;0;0.00175746924429;0;0;0.0984182776801;0;0;0;0;0;0;0;0;0;0;0;0;0
TN;2002;0.00506756756757;0;0.891047297297;0;0.00253378378378;0;0;0.101351351351;0;0;0;0;0;0;0;0;0;0;0;0;0
TN;2003;0.0141843971631;0;0.974290780142;0;0.00265957446809;0;0;0.00886524822695;0;0;0;0;0;0;0;0;0;0;0;0;0
TN;2004;0.0125733445096;0;0.971500419111;0;0.00335289186924;0;0;0.0125733445096;0;0;0;0;0;0;0;0;0;0;0;0;0
TN;2005;0.0110584518167;0;0.969194312796;0;0.00315955766193;0;0;0.0165876777251;0;0;0;0;0;0;0;0;0;0;0;0;0
TN;2006;0.00688599846978;0;0.913542463657;0;0.00306044376435;0;0;0.0765110941086;0;0;0;0;0;0;0;0;0;0;0;0;0
TN;2007;0.00363901018923;0;0.887190684134;0;0.00291120815138;0;0;0.106259097525;0;0;0;0;0;0;0;0;0;0;0;0;0
TN;2008;0.00208768267223;0;0.945024356298;0;0.00278357689631;0;0;0.0501043841336;0;0;0;0;0;0;0;0;0;0;0;0;0
TN;2009;0.00524246395806;0;0.953473132372;0;0.00655307994758;0;0;0.0347313237221;0;0;0;0;0;0;0;0;0;0;0;0;0
TN;2010;0.00314663310258;0;0.98804279421;0;0.00881057268722;0;0;0;0;0;0;0;0;0;0;0;0;0;0;0;0
TN;2011;0.00306748466258;0;0.989570552147;0;0.00674846625767;0;0;0.000613496932515;0;0;0;0;0;0;0;0;0;0;0;0;0
TN;2012;0.00616591928251;0;0.982623318386;0;0.0112107623318;0;0;0;0;0;0;0;0;0;0;0;0;0;0;0;0
TN;2013;0.00330760749724;0;0.971334068357;0.000551267916207;0.0198456449835;0;0;0.00496141124587;0;0;0;0;0;0;0;0;0;0;0;0;0
TN;2014;0.00263574064312;0;0.950448075909;0.00158144438587;0.0268845545598;0;0;0.0184501845018;0;0;0;0;0;0;0;0;0;0;0;0;0
TN;2015;0.00359342915811;0;0.923511293634;0.00308008213552;0.0231006160164;0;0;0.0467145790554;0;0;0;0;0;0;0;0;0;0;0;0;0
TN;2016;0.00254712175242;0;0.965868568518;0.00560366785532;0.0239429444727;0;0;0.00203769740194;0;0;0;0;0;0;0;0;0;0;0;0;0
TN;2017;0.000971817298348;0;0.957725947522;0.00631681243926;0.0218658892128;0;0;0.0131195335277;0;0;0;0;0;0;0;0;0;0;0;0;0
TN;2018;0.000956022944551;0;0.95793499044;0.0038240917782;0.0215105162524;0;0;0.0157743785851;0;0;0;0;0;0;0;0;0;0;0;0;0
TN;2019;0.00317892824705;0;0.954132606721;0.00544959128065;0.0227066303361;0;0;0.0145322434151;0;0;0;0;0;0;0;0;0;0;0;0;0
TN;2020;0.00233863423761;0;0.957436856876;0.00701590271282;0.0219831618335;0;0;0.0112254443405;0;0;0;0;0;0;0;0;0;0;0;0;0
TN;2021;0.0013698630137;0;0.957534246575;0.0100456621005;0.0196347031963;0;0;0.0114155251142;0;0;0;0;0;0;0;0;0;0;0;0;0
TN;2022;0.000467071461934;0;0.958430639888;0.0149462867819;0.0149462867819;0;0;0.0112097150864;0;0;0;0;0;0;0;0;0;0;0;0;0
TN;2023;0.00046992481203;0;0.950657894737;0.0230263157895;0.015977443609;0;0;0.00986842105263;0;0;0;0;0;0;0;0;0;0;0;0;0
TN;2024;0.000467945718297;0;0.945250350959;0.0262049602246;0.017313991577;0;0;0.0107627515208;0;0;0;0;0;0;0;0;0;0;0;0;0
TN;2025;0.000359018085536;0;0.951083785846;0.0251312659875;0.0131041601221;0;0;0.0103217699592;0;0;0;0;0;0;0;0;0;0;0;0;0
TO;2000;0;0;0;0;0;0;0;1;0;0;0;0;0;0;0;0;0;0;0;0;0
TO;2001;0;0;0;0;0;0;0;1;0;0;0;0;0;0;0;0;0;0;0;0;0
TO;2002;0;0;0;0;0;0;0;1;0;0;0;0;0;0;0;0;0;0;0;0;0
TO;2003;0;0;0;0;0;0;0;1;0;0;0;0;0;0;0;0;0;0;0;0;0
TO;2004;0;0;0;0;0;0;0;1;0;0;0;0;0;0;0;0;0;0;0;0;0
TO;2005;0;0;0;0;0;0;0;1;0;0;0;0;0;0;0;0;0;0;0;0;0
TO;2006;0;0;0;0;0;0;0;1;0;0;0;0;0;0;0;0;0;0;0;0;0
TO;2007;0;0;0;0;0;0;0;1;0;0;0;0;0;0;0;0;0;0;0;0;0
TO;2008;0;0;0;0;0;0;0;1;0;0;0;0;0;0;0;0;0;0;0;0;0
TO;2009;0;0;0;0;0;0;0;1;0;0;0;0;0;0;0;0;0;0;0;0;0
TO;2010;0;0;0;0;0;0;0;1;0;0;0;0;0;0;0;0;0;0;0;0;0
TO;2011;0;0;0;0;0;0;0;1;0;0;0;0;0;0;0;0;0;0;0;0;0
TO;2012;0;0;0;0;0;0;0;1;0;0;0;0;0;0;0;0;0;0;0;0;0
TO;2013;0;0;0;0;0;0;0;1;0;0;0;0;0;0;0;0;0;0;0;0;0
TO;2014;0;0;0;0;0;0;0;1;0;0;0;0;0;0;0;0;0;0;0;0;0
TO;2015;0;0;0;0;0;0;0;1;0;0;0;0;0;0;0;0;0;0;0;0;0
TO;2016;0;0;0;0;0;0;0;1;0;0;0;0;0;0;0;0;0;0;0;0;0
TO;2017;0;0;0;0.142857142857;0;0;0;0.857142857143;0;0;0;0;0;0;0;0;0;0;0;0;0
TO;2018;0;0;0;0.142857142857;0;0;0;0.857142857143;0;0;0;0;0;0;0;0;0;0;0;0;0
TO;2019;0;0;0;0.142857142857;0;0;0;0.857142857143;0;0;0;0;0;0;0;0;0;0;0;0;0
TO;2020;0;0;0;0.142857142857;0;0;0;0.857142857143;0;0;0;0;0;0;0;0;0;0;0;0;0
TO;2021;0;0;0;0.142857142857;0;0;0;0.857142857143;0;0;0;0;0;0;0;0;0;0;0;0;0
TO;2022;0;0;0;0.125;0;0;0;0.875;0;0;0;0;0;0;0;0;0;0;0;0;0
TO;2023;0;0;0;0.142857142857;0;0;0;0.857142857143;0;0;0;0;0;0;0;0;0;0;0;0;0
TO;2024;0;0;0;0.142857142857;0;0;0;0.857142857143;0;0;0;0;0;0;0;0;0;0;0;0;0
TR;1990;0.402328814738;0;0.177094195342;0;0;0;0.350712547793;0.0684741049705;0.00139033715676;0;0;0;0;0;0;0;0;0;0;0;0
TR;1991;0.376494023904;0;0.208997343958;0;0;0.00066401062417;0.357901726428;0.054614873838;0.00132802124834;0;0;0;0;0;0;0;0;0;0;0;0
TR;1992;0.394506310319;0;0.160504825538;0;0;0.000742390497402;0.364959168523;0.0782479584261;0.00103934669636;0;0;0;0;0;0;0;0;0;0;0;0
TR;1993;0.459964774421;0;0.146186153638;0;0;0.000812897981303;0.321907600596;0.070044709389;0.00108386397507;0;0;0;0;0;0;0;0;0;0;0;0
TR;1994;0.390527256479;0;0.176433039704;0;0;0.000638325035108;0.360525979829;0.070854078897;0.00102132005617;0;0;0;0;0;0;0;0;0;0;0;0
TR;1995;0.412105751391;0;0.192254174397;0;0;0.00255102040816;0.325139146568;0.0669063079777;0.00104359925788;0;0;0;0;0;0;0;0;0;0;0;0
TR;1996;0.426673695308;0;0.18102266737;0;0;0.00189773326305;0.320611491829;0.068950975224;0.000843437005799;0;0;0;0;0;0;0;0;0;0;0;0
TR;1997;0.385479186834;0;0.213843175218;0;0;0.002807357212;0.327783155857;0.0693126815102;0.000774443368829;0;0;0;0;0;0;0;0;0;0;0;0
TR;1998;0.380381913169;0;0.223833543506;0;0;0.00216177265358;0.321473608359;0.071338497568;0.000810664745091;0;0;0;0;0;0;0;0;0;0;0;0
TR;1999;0.297835795259;0;0.312779113707;0;0.000171762281003;0.00111645482652;0.318017863277;0.0693919615252;0.000687049124012;0;0;0;0;0;0;0;0;0;0;0;0
TR;2000;0.248271426274;0;0.374175912526;0;0.000241196333816;0.00136677922496;0.307042932947;0.0682585624699;0.000643190223509;0;0;0;0;0;0;0;0;0;0;0;0
TR;2001;0.196416884817;0;0.406659031414;0;0.000490837696335;0.00147251308901;0.31429973822;0.0799247382199;0.000736256544503;0;0;0;0;0;0;0;0;0;0;0;0
TR;2002;0.262182780632;0;0.408921064923;0;0.000389226218278;0.00101198816752;0.250272458353;0.0764440292698;0.000778452436556;0;0;0;0;0;0;0;0;0;0;0;0
TR;2003;0.253189049735;0;0.455353303712;0;0.000429984233911;0.000573312311882;0.231116525727;0.0586928479289;0.000644976350867;0;0;0;0;0;0;0;0;0;0;0;0
TR;2004;0.307712854758;0;0.415826377295;0;0.000400667779633;0.000534223706177;0.230050083472;0.0448747913189;0.000601001669449;0;0;0;0;0;0;0;0;0;0;0;0
TR;2005;0.244756542721;0;0.454618573285;0;0.00037121821444;0.00018560910722;0.267277114397;0.0322341149539;0.000556827321661;0;0;0;0;0;0;0;0;0;0;0;0
TR;2006;0.251007092199;0;0.457815602837;0;0.000737588652482;0.000340425531915;0.264680851064;0.0249078014184;0.000510638297872;0;0;0;0;0;0;0;0;0;0;0;0
TR;2007;0.187186716792;0;0.496188387636;0;0.00187969924812;0.00046992481203;0.278978696742;0.0344611528822;0.000835421888053;0;0;0;0;0;0;0;0;0;0;0;0
TR;2008;0.167716892675;0;0.497454252155;0;0.00428492211524;0.000705751877804;0.290971417049;0.038060190553;0.000806573574633;0;0;0;0;0;0;0;0;0;0;0;0
TR;2009;0.184590113444;0;0.493301165238;0;0.00769981007135;0.00128330167856;0.285868281916;0.0249987166983;0.00225861095426;0;0;0;0;0;0;0;0;0;0;0;0
TR;2010;0.245288379581;0;0.464722038072;0;0.0138270669571;0.00156264797803;0.260678094517;0.0107491239701;0.00317264892509;0;0;0;0;0;0;0;0;0;0;0;0
TR;2011;0.228170364881;0;0.453594315358;0;0.0205763110859;0.00148219190026;0.288678669515;0.00449016958019;0.00300797767993;0;0;0;0;0;0;0;0;0;0;0;0
TR;2012;0.241596726377;0;0.436343897449;0;0.0244686625746;0.00246356841622;0.283978454215;0.00739070524865;0.00375798571965;0;0;0;0;0;0;0;0;0;0;0;0
TR;2013;0.247428690402;0;0.437726420987;0;0.031480324797;0.0036643764314;0.265584009994;0.00845305017697;0.00566312721216;0;0;0;0;0;0;0;0;0;0;0;0
TR;2014;0.161301845604;0;0.478587021234;7.93808295297e-05;0.0338162333796;0.0042865647946;0.302679102997;0.00988291327644;0.0093669378845;0;0;0;0;0;0;0;0;0;0;0;0
TR;2015;0.256522901784;0;0.379035030752;0.000725828016961;0.0445047178821;0.00473698284754;0.290942430378;0.0104672040341;0.0130649043053;0;0;0;0;0;0;0;0;0;0;0;0
TR;2016;0.24500728863;0;0.325182215743;0.00379008746356;0.0565597667638;0.00594023323615;0.336260932945;0.00969387755102;0.0175655976676;0;0;0;0;0;0;0;0;0;0;0;0
TR;2017;0.195835715968;0;0.371657304316;0.0097211477009;0.0602105688049;0.00706380974806;0.327895321067;0.0069965353695;0.0206195970265;0;0;0;0;0;0;0;0;0;0;0;0
TR;2018;0.1990671331;0;0.300149925037;0.0259870064968;0.0661669165417;0.00832916874896;0.372480426453;0.0047976011994;0.0230218224221;0;0;0;0;0;0;0;0;0;0;0;0
TR;2019;0.295289492971;0;0.18282363915;0.0318808714771;0.0720567659404;0.0113265374109;0.375974415351;0.00323139449664;0.0274168832034;0;0;0;0;0;0;0;0;0;0;0;0
TR;2020;0.257814569536;0;0.225397350993;0.0370860927152;0.0814900662252;0.0143708609272;0.351854304636;0.00112582781457;0.0308609271523;0;0;0;0;0;0;0;0;0;0;0;0
TR;2021;0.169299743809;0;0.32737586922;0.0405026229108;0.0946077833354;0.0187568622667;0.317555203123;0.00106746370623;0.0308344516286;0;0;0;0;0;0;0;0;0;0;0;0
TR;2022;0.207948589968;0;0.224170202146;0.0472922385825;0.108216870477;0.0237709009234;0.354442226104;0.00227726478662;0.0318817070127;0;0;0;0;0;0;0;0;0;0;0;0
TR;2023;0.199255761594;0;0.207886425467;0.0575377591544;0.105944526095;0.0256730979705;0.369085962663;0.00293942900028;0.0316770380562;0;0;0;0;0;0;0;0;0;0;0;0
TR;2024;0.218532954312;0;0.185446766111;0.0752278521818;0.107053893268;0.0254373882718;0.355537320869;0.00287196319198;0.0298918617941;0;0;0;0;0;0;0;0;0;0;0;0
TR;2025;0.161843666987;0;0.221443508732;0.105267619963;0.111399988696;0.0239642796586;0.343073531905;0.00291075566608;0.030096648392;0;0;0;0;0;0;0;0;0;0;0;0
TT;2000;0;0;0.996336996337;0;0;0.003663003663;0;0;0;0;0;0;0;0;0;0;0;0;0;0;0
TT;2001;0;0;0.994680851064;0;0;0.00531914893617;0;0;0;0;0;0;0;0;0;0;0;0;0;0;0
TT;2002;0;0;0.994680851064;0;0;0.00531914893617;0;0;0;0;0;0;0;0;0;0;0;0;0;0;0
TT;2003;0;0;0.996894409938;0;0;0.00155279503106;0;0.00155279503106;0;0;0;0;0;0;0;0;0;0;0;0;0
TT;2004;0;0;0.99533437014;0;0;0.00311041990669;0;0.00155520995334;0;0;0;0;0;0;0;0;0;0;0;0;0
TT;2005;0;0;0.995744680851;0;0;0.00283687943262;0;0.00141843971631;0;0;0;0;0;0;0;0;0;0;0;0;0
TT;2006;0;0;0.994421199442;0;0;0.00418410041841;0;0.00139470013947;0;0;0;0;0;0;0;0;0;0;0;0;0
TT;2007;0;0;0.994791666667;0;0;0.00260416666667;0;0.00260416666667;0;0;0;0;0;0;0;0;0;0;0;0;0
TT;2008;0;0;0.994825355757;0;0;0.0025873221216;0;0.0025873221216;0;0;0;0;0;0;0;0;0;0;0;0;0
TT;2009;0;0;0.994897959184;0;0;0.00255102040816;0;0.00255102040816;0;0;0;0;0;0;0;0;0;0;0;0;0
TT;2010;0;0;0.997641509434;0;0;0;0;0.00235849056604;0;0;0;0;0;0;0;0;0;0;0;0;0
TT;2011;0;0;0.997716894977;0;0;0;0;0.00228310502283;0;0;0;0;0;0;0;0;0;0;0;0;0
TT;2012;0;0;0.997807017544;0;0;0;0;0.00219298245614;0;0;0;0;0;0;0;0;0;0;0;0;0
TT;2013;0;0;0.997894736842;0;0;0;0;0.00210526315789;0;0;0;0;0;0;0;0;0;0;0;0;0
TT;2014;0;0;0.997874601488;0;0;0;0;0.00212539851222;0;0;0;0;0;0;0;0;0;0;0;0;0
TT;2015;0;0;0.996865203762;0.00104493207941;0;0;0;0.00208986415883;0;0;0;0;0;0;0;0;0;0;0;0;0
TT;2016;0;0;0.995753715499;0.00106157112527;0;0;0;0.0031847133758;0;0;0;0;0;0;0;0;0;0;0;0;0
TT;2017;0;0;0.995708154506;0.00107296137339;0;0;0;0.00321888412017;0;0;0;0;0;0;0;0;0;0;0;0;0
TT;2018;0;0;0.995666305525;0.00108342361863;0;0;0;0.0032502708559;0;0;0;0;0;0;0;0;0;0;0;0;0
TT;2019;0;0;0.994565217391;0.00108695652174;0;0;0;0.00434782608696;0;0;0;0;0;0;0;0;0;0;0;0;0
TT;2020;0;0;0.994582881907;0.00108342361863;0;0;0;0.00433369447454;0;0;0;0;0;0;0;0;0;0;0;0;0
TT;2021;0;0;0.994606256742;0.00107874865156;0;0;0;0.00431499460626;0;0;0;0;0;0;0;0;0;0;0;0;0
TT;2022;0;0;0.994736842105;0.00105263157895;0;0;0;0.00421052631579;0;0;0;0;0;0;0;0;0;0;0;0;0
TT;2023;0;0;0.99474789916;0.00105042016807;0;0;0;0.00420168067227;0;0;0;0;0;0;0;0;0;0;0;0;0
TT;2024;0;0;0.994764397906;0.00104712041885;0;0;0;0.00418848167539;0;0;0;0;0;0;0;0;0;0;0;0;0
TW;1985;0.108015191605;0.517072556114;0;0;0;5.39985960365e-05;0.276148820131;0.0987094335547;0;0;0;0;0;0;0;0;0;0;0;0;0
TW;1986;0.0983396165878;0.43219700008;0;0;0;8.02117590439e-05;0.343723429855;0.125659741718;0;0;0;0;0;0;0;0;0;0;0;0;0
TW;1987;0.0796339929747;0.478873646627;0;0;0;4.33657612859e-05;0.345798580494;0.095650414143;0;0;0;0;0;0;0;0;0;0;0;0;0
TW;1988;0.0612895188891;0.401922345629;0;0;0;3.93385872202e-05;0.323704121373;0.213044675522;0;0;0;0;0;0;0;0;0;0;0;0;0
TW;1989;0.0578542876178;0.336394784429;0.00160607214238;0;0;0.00231988198344;0.327305605787;0.27451936804;0;0;0;0;0;0;0;0;0;0;0;0;0
TW;1990;0.0707474998337;0.36439230991;0.0138368405881;0;0;0.00235048894605;0.291604763066;0.257068097656;0;0;0;0;0;0;0;0;0;0;0;0;0
TW;1991;0.0388598162881;0.355828468294;0.0297649656674;0;0;0.00245016485677;0.307641892778;0.265454692116;0;0;0;0;0;0;0;0;0;0;0;0;0
TW;1992;0.0621239256711;0.320711449716;0.0294510617733;0;0;0.00248268281358;0.36608200434;0.219148875686;0;0;0;0;0;0;0;0;0;0;0;0;0
TW;1993;0.0356662355586;0.298193686148;0.023444755961;0;0;0.00202244655273;0.402866145286;0.237806730494;0;0;0;0;0;0;0;0;0;0;0;0;0
TW;1994;0.0406142687506;0.279782727302;0.0452678198915;0;0;0.00206200455727;0.405910009949;0.22636316955;0;0;0;0;0;0;0;0;0;0;0;0;0
TW;1995;0.0363514802767;0.26530044998;0.0459670815899;0;0;0.00288468039394;0.395899847503;0.253596460257;0;0;0;0;0;0;0;0;0;0;0;0;0
TW;1996;0.0334101139029;0.266182033347;0.0459767685946;0;0;0.00331072180779;0.442157463564;0.208962898783;0;0;0;0;0;0;0;0;0;0;0;0;0
TW;1997;0.0348537405473;0.241012452986;0.0622383477533;0;0;0.00349534175937;0.455411134591;0.202988982364;0;0;0;0;0;0;0;0;0;0;0;0;0
TW;1998;0.0379959320705;0.225855858064;0.0911363246502;0;0;0.0037187247286;0.448924204181;0.192368956307;0;0;0;0;0;0;0;0;0;0;0;0;0
TW;1999;0.0298760831633;0.224807026883;0.09469730577;0;0;0.00448939756898;0.451388519209;0.194741667406;0;0;0;0;0;0;0;0;0;0;0;0;0
TW;2000;0.0246699848518;0.20830447955;0.0990911058213;0;5.41008439732e-06;0.00566435836399;0.488070763904;0.174193897425;0;0;0;0;0;0;0;0;0;0;0;0;0
TW;2001;0.0269984989047;0.188225684112;0.11273066743;0;6.36506850405e-05;0.00700157535445;0.522312217219;0.142667706295;0;0;0;0;0;0;0;0;0;0;0;0;0
TW;2002;0.0139768343652;0.19892973359;0.136137082619;0;8.04711586338e-05;0.00804208641597;0.5335086934;0.109325098451;0;0;0;0;0;0;0;0;0;0;0;0;0
TW;2003;0.0145164607577;0.186021150507;0.140089825085;0;0.000114792440918;0.0084802915728;0.554882744305;0.0958947353317;0;0;0;0;0;0;0;0;0;0;0;0;0
TW;2004;0.0146980040935;0.180817502072;0.170313694785;4.5788174746e-06;0.000114470436865;0.00846623351053;0.543226326369;0.0823591899156;0;0;0;0;0;0;0;0;0;0;0;0;0
TW;2005;0.0178936403075;0.175692603874;0.176259609425;4.39539187116e-06;0.000399980660276;0.00813147496165;0.543709974463;0.0779083209164;0;0;0;0;0;0;0;0;0;0;0;0;0
TW;2006;0.0173566737005;0.16927851772;0.175328728097;4.24576166841e-06;0.00117183022048;0.00785465908657;0.542251697243;0.0867536481707;0;0;0;0;0;0;0;0;0;0;0;0;0
TW;2007;0.0181723203231;0.166746874961;0.190599587853;8.22649177145e-06;0.00180982818972;0.00774935524871;0.543709407405;0.0712043995278;0;0;0;0;0;0;0;0;0;0;0;0;0
TW;2008;0.0180650846604;0.171322464908;0.209064014603;1.6785212228e-05;0.00246742619752;0.00762468265458;0.526631837351;0.0648077044124;0;0;0;0;0;0;0;0;0;0;0;0;0
TW;2009;0.0162930311211;0.180714406813;0.211122558545;3.91241408991e-05;0.00342118876529;0.00759443046119;0.538826362716;0.0419888974382;0;0;0;0;0;0;0;0;0;0;0;0;0
TW;2010;0.0169756334494;0.168497530964;0.249672144418;8.90471950134e-05;0.00415283736744;0.0074232979843;0.507059014005;0.0461304946167;0;0;0;0;0;0;0;0;0;0;0;0;0
TW;2011;0.0158624409124;0.167015640367;0.260397830018;0.000245867834142;0.00592065607056;0.00727689476857;0.504802353986;0.0384783160433;0;0;0;0;0;0;0;0;0;0;0;0;0
TW;2012;0.0226461214024;0.161446476072;0.270874771342;0.000639043990191;0.00564355723837;0.00731305966274;0.500287569796;0.0311494004969;0;0;0;0;0;0;0;0;0;0;0;0;0
TW;2013;0.0214907605185;0.165010838508;0.277648103162;0.00127208816641;0.00649914203399;0.00733531213715;0.493062958457;0.0276807970167;0;0;0;0;0;0;0;0;0;0;0;0;0
TW;2014;0.0166100560464;0.163057819767;0.287652473621;0.00203490496725;0.005770051892;0.00736643291545;0.485961463747;0.0315467970442;0;0;0;0;0;0;0;0;0;0;0;0;0
TW;2015;0.0173161850159;0.141283799489;0.313020066631;0.00329278685984;0.00590764701325;0.00751917564112;0.464162857364;0.0474974819865;0;0;0;0;0;0;0;0;0;0;0;0;0
TW;2016;0.0248459904508;0.119879442802;0.322691181983;0.00419905568576;0.00551670345731;0.00721677199014;0.469586190446;0.0460646631858;0;0;0;0;0;0;0;0;0;0;0;0;0
TW;2017;0.0201549641821;0.0830545852821;0.345646350127;0.00616822568232;0.00637173642768;0.00688976377953;0.483645136463;0.0480692380558;0;0;0;0;0;0;0;0;0;0;0;0;0
TW;2018;0.0162687796963;0.100465703801;0.342882136648;0.00966253716011;0.00620333433758;0.00716886209287;0.487028896866;0.0303197493984;0;0;0;0;0;0;0;0;0;0;0;0;0
TW;2019;0.0202268175866;0.117906478783;0.339956445771;0.0144633600957;0.0069015579574;0.00727727702168;0.471450822752;0.0218172400334;0;0;0;0;0;0;0;0;0;0;0;0;0
TW;2020;0.0107755236069;0.11221678112;0.364176291707;0.0222970175464;0.00824136601802;0.00713490284539;0.459043016433;0.0161151007238;0;0;0;0;0;0;0;0;0;0;0;0;0
TW;2021;0.0119245749189;0.0953554209632;0.379482868075;0.0286567266613;0.0077930099686;0.0069076746221;0.451208757271;0.0186709675205;0;0;0;0;0;0;0;0;0;0;0;0;0
TW;2022;0.0202386896341;0.0823659537877;0.396313555796;0.0377867465535;0.0124025685834;0.00690688191728;0.428240548112;0.0157450556157;0;0;0;0;0;0;0;0;0;0;0;0;0
TW;2023;0.0140124956244;0.0629448516542;0.402879580226;0.047033615139;0.0220565096404;0.00734038377902;0.430105473819;0.0136270901177;0;0;0;0;0;0;0;0;0;0;0;0;0
TW;2024;0.0145552150422;0.0421298762392;0.432374284864;0.0526554274211;0.0363534482162;0.0072084287424;0.399943273401;0.0147800460731;0;0;0;0;0;0;0;0;0;0;0;0;0
TW;2025;0.0190322915585;0.0112034056692;0.487986709584;0.0552902087011;0.0422316824144;0.00766967777662;0.361149759457;0.0154362648392;0;0;0;0;0;0;0;0;0;0;0;0;0
TZ;2000;0.852;0;0;0;0;0.012;0.028;0.108;0;0;0;0;0;0;0;0;0;0;0;0;0
TZ;2001;0.932862190813;0;0;0;0;0.0141342756184;0.0318021201413;0.0212014134276;0;0;0;0;0;0;0;0;0;0;0;0;0
TZ;2002;0.941176470588;0;0;0;0;0.0138408304498;0.0346020761246;0.0103806228374;0;0;0;0;0;0;0;0;0;0;0;0;0
TZ;2003;0.940959409594;0;0;0;0;0.0184501845018;0.0258302583026;0.0147601476015;0;0;0;0;0;0;0;0;0;0;0;0;0
TZ;2004;0.770114942529;0;0.157088122605;0;0;0.0191570881226;0.0344827586207;0.0191570881226;0;0;0;0;0;0;0;0;0;0;0;0;0
TZ;2005;0.486338797814;0;0.314207650273;0;0;0.0136612021858;0.0109289617486;0.174863387978;0;0;0;0;0;0;0;0;0;0;0;0;0
TZ;2006;0.410256410256;0;0.37037037037;0;0;0.017094017094;0.00569800569801;0.196581196581;0;0;0;0;0;0;0;0;0;0;0;0;0
TZ;2007;0.594339622642;0;0.268867924528;0;0;0.0141509433962;0.00943396226415;0.11320754717;0;0;0;0;0;0;0;0;0;0;0;0;0
TZ;2008;0.595505617978;0;0.312359550562;0;0;0.0134831460674;0.00449438202247;0.0741573033708;0;0;0;0;0;0;0;0;0;0;0;0;0
TZ;2009;0.55;0;0.414583333333;0;0;0.0125;0;0.0229166666667;0;0;0;0;0;0;0;0;0;0;0;0;0
TZ;2010;0.506566604128;0;0.440900562852;0.00187617260788;0;0.0131332082552;0;0.0375234521576;0;0;0;0;0;0;0;0;0;0;0;0;0
TZ;2011;0.384912959381;0;0.504835589942;0.00193423597679;0;0.0135396518375;0;0.0947775628627;0;0;0;0;0;0;0;0;0;0;0;0;0
TZ;2012;0.312169312169;0;0.52557319224;0.00176366843034;0;0.010582010582;0;0.149911816578;0;0;0;0;0;0;0;0;0;0;0;0;0
TZ;2013;0.28714524207;0;0.485809682805;0.0016694490818;0;0.0116861435726;0;0.213689482471;0;0;0;0;0;0;0;0;0;0;0;0;0
TZ;2014;0.413738019169;0;0.420127795527;0.00319488817891;0;0.00958466453674;0;0.153354632588;0;0;0;0;0;0;0;0;0;0;0;0;0
TZ;2015;0.323124042879;0;0.43797856049;0.00306278713629;0;0.00918836140888;0;0.226646248086;0;0;0;0;0;0;0;0;0;0;0;0;0
TZ;2016;0.347507331378;0;0.601173020528;0.00439882697947;0;0.0102639296188;0;0.0366568914956;0;0;0;0;0;0;0;0;0;0;0;0;0
TZ;2017;0.332390381895;0;0.611032531825;0.00565770862801;0;0.00990099009901;0;0.041018387553;0;0;0;0;0;0;0;0;0;0;0;0;0
TZ;2018;0.305061559508;0;0.666210670315;0.00410396716826;0;0.00820793433653;0;0.0164158686731;0;0;0;0;0;0;0;0;0;0;0;0;0
TZ;2019;0.319176319176;0;0.657657657658;0.003861003861;0;0.00900900900901;0;0.010296010296;0;0;0;0;0;0;0;0;0;0;0;0;0
TZ;2020;0.401021711367;0;0.575989782886;0.00383141762452;0;0.00893997445722;0;0.0102171136654;0;0;0;0;0;0;0;0;0;0;0;0;0
TZ;2021;0.357225433526;0;0.619653179191;0.00346820809249;0;0.00809248554913;0;0.0115606936416;0;0;0;0;0;0;0;0;0;0;0;0;0
TZ;2022;0.293139293139;0;0.694386694387;0.0031185031185;0;0.00727650727651;0;0.002079002079;0;0;0;0;0;0;0;0;0;0;0;0;0
TZ;2023;0.255439924314;0;0.698202459792;0.00283822138127;0;0.00662251655629;0;0.0368968779565;0;0;0;0;0;0;0;0;0;0;0;0;0
TZ;2024;0.316742081448;0;0.627828054299;0.00452488687783;0;0.0079185520362;0;0.0429864253394;0;0;0;0;0;0;0;0;0;0;0;0;0
UA;1985;0.0393735524429;0.195985441712;0.179993382596;0;0;0;0.411418697842;0.173228925407;0;0;0;0;0;0;0;0;0;0;0;0;0
UA;1986;0.0390891423123;0.156613252173;0.189321990393;0;0;0;0.432767408603;0.18220820652;0;0;0;0;0;0;0;0;0;0;0;0;0
UA;1987;0.0340674955595;0.179147424512;0.185222024867;0;0;0;0.423339253996;0.178223801066;0;0;0;0;0;0;0;0;0;0;0;0;0
UA;1988;0.0401426696726;0.242269255359;0.168915508597;0;0;0;0.386116625728;0.162555940644;0;0;0;0;0;0;0;0;0;0;0;0;0
UA;1989;0.0343040975279;0.225262444971;0.174297324754;0;0;0;0.398408398239;0.167727734507;0;0;0;0;0;0;0;0;0;0;0;0;0
UA;1990;0.0349494546422;0.253325352487;0.165901835595;0;0;0;0.385474860335;0.160348496941;0;0;0;0;0;0;0;0;0;0;0;0;0
UA;1991;0.0418214285714;0.268321428571;0.165821428571;0;0;0;0.385678571429;0.138357142857;0;0;0;0;0;0;0;0;0;0;0;0;0
UA;1992;0.0310309521934;0.290422934551;0.166338505159;0;0;0;0.422304481374;0.0899031267228;0;0;0;0;0;0;0;0;0;0;0;0;0
UA;1993;0.0477178423237;0.32520746888;0.168093015214;0;0;0;0.384941217151;0.0740404564315;0;0;0;0;0;0;0;0;0;0;0;0;0
UA;1994;0.0593593887746;0.33720246841;0.167793123714;0;0;0;0.383681065726;0.0519639533745;0;0;0;0;0;0;0;0;0;0;0;0;0
UA;1995;0.050905556124;0.360789931444;0.167451140898;0;0;0;0.366673488182;0.0541798833521;0;0;0;0;0;0;0;0;0;0;0;0;0
UA;1996;0.0468461621974;0.431983497992;0.180653566388;0;0;0;0.312561068288;0.0279557051352;0;0;0;0;0;0;0;0;0;0;0;0;0
UA;1997;0.0550407502512;0.443396226415;0.17316065647;0;0;0;0.314446801384;0.0139555654795;0;0;0;0;0;0;0;0;0;0;0;0;0
UA;1998;0.0908094386431;0.434085270871;0.168464778169;0;0;0;0.29267870536;0.0139618069578;0;0;0;0;0;0;0;0;0;0;0;0;0
UA;1999;0.0829760111253;0.417603430293;0.175281029088;0;0;0;0.314868466798;0.00927106269556;0;0;0;0;0;0;0;0;0;0;0;0;0
UA;2000;0.065584264432;0.450069832402;0.174290037244;0;5.81936685289e-05;0;0.302083333333;0.00791433891993;0;0;0;0;0;0;0;0;0;0;0;0;0
UA;2001;0.0694171956145;0.439526832083;0.175187536065;0;0.000115406809002;0;0.308655510675;0.00709751875361;0;0;0;0;0;0;0;0;0;0;0;0;0
UA;2002;0.0553352870195;0.448141125093;0.175199678216;0;0.000114922714475;0;0.315635235304;0.00557375165201;0;0;0;0;0;0;0;0;0;0;0;0;0
UA;2003;0.0511684571935;0.450825119061;0.18961125263;0;0.000166131354524;0;0.303798870307;0.00443016945398;0;0;0;0;0;0;0;0;0;0;0;0;0
UA;2004;0.0644047358036;0.476978732734;0.205656654242;0;0.000164437623328;0;0.248958561719;0.00383687787766;0;0;0;0;0;0;0;0;0;0;0;0;0
UA;2005;0.0663125704169;0.476205805032;0.183271634744;0;0.000214603787757;0;0.270078866892;0.00391651912656;0;0;0;0;0;0;0;0;0;0;0;0;0
UA;2006;0.0665771396106;0.465988327049;0.126284799339;0;0.000206600898714;0;0.33660451423;0.00433861887299;0;0;0;0;0;0;0;0;0;0;0;0;0
UA;2007;0.0516687898089;0.471541401274;0.114394904459;0;0.000254777070064;0.00142675159236;0.356891719745;0.00382165605096;0;0;0;0;0;0;0;0;0;0;0;0;0
UA;2008;0.0597673694049;0.466507425486;0.100270017655;0;0.000259632360577;0.001350088275;0.366756672552;0.00508879426732;0;0;0;0;0;0;0;0;0;0;0;0;0
UA;2009;0.068774840159;0.477622256782;0.0673348309429;0;0.000230401474569;0.000806405160993;0.37549680318;0.00973446230056;0;0;0;0;0;0;0;0;0;0;0;0;0
UA;2010;0.0696430462875;0.472142781485;0.0831479716132;0;0.000264802457367;0.00100624933799;0.369452388518;0.00434276030082;0;0;0;0;0;0;0;0;0;0;0;0;0
UA;2011;0.0561169530649;0.462939215183;0.0946396511926;0.000153885611695;0.000461656835086;0.00066683765068;0.382149269043;0.00287253141831;0;0;0;0;0;0;0;0;0;0;0;0;0
UA;2012;0.0526950925181;0.453238133548;0.0806516492357;0.0016592920354;0.00145816572808;0.000653660498793;0.404364440869;0.00527956556718;0;0;0;0;0;0;0;0;0;0;0;0;0
UA;2013;0.0709986108967;0.4281010444;0.0719246797345;0.00293255131965;0.00329268920101;0.000514482687658;0.416782425271;0.00545351648917;0;0;0;0;0;0;0;0;0;0;0;0;0
UA;2014;0.0463844218357;0.483481019582;0.0695219341429;0.00235204025818;0.00618094300405;0.000711081938519;0.385570506509;0.00579805272946;0;0;0;0;0;0;0;0;0;0;0;0;0
UA;2015;0.032991202346;0.535373900293;0.0617057673509;0.00293255131965;0.00659824046921;0.000855327468231;0.345369012708;0.014173998045;0;0;0;0;0;0;0;0;0;0;0;0;0
UA;2016;0.0466642362377;0.491858062948;0.0597277919553;0.00297727548912;0.00577226880544;0.00085065013975;0.372402479038;0.019747235387;0;0;0;0;0;0;0;0;0;0;0;0;0
UA;2017;0.0573570879262;0.548449115611;0.0472955652397;0.0046142014868;0.00628044091259;0.00134580876698;0.316136887977;0.018520892079;0;0;0;0;0;0;0;0;0;0;0;0;0
UA;2018;0.0652445890154;0.527961966721;0.0661203553109;0.00694357562868;0.00744401351182;0.0018766420618;0.30689353184;0.0175153259102;0;0;0;0;0;0;0;0;0;0;0;0;0
UA;2019;0.0422343324251;0.538471519398;0.0773971714026;0.0190086933956;0.0131049695082;0.00265991955365;0.295380822629;0.0117425716881;0;0;0;0;0;0;0;0;0;0;0;0;0
UA;2020;0.0511536639827;0.515596454429;0.0960146153326;0.0363353406861;0.0220583260031;0.00514243182895;0.272007578321;0.00169158941742;0;0;0;0;0;0;0;0;0;0;0;0;0
UA;2021;0.0667348504219;0.551073894145;0.0659677831757;0.0415494758374;0.0244183073383;0.00581692661723;0.239644592176;0.00479417028893;0;0;0;0;0;0;0;0;0;0;0;0;0
UA;2022;0.0988252174693;0.557618150838;0.0643888440499;0.0455564523361;0.0127342839207;0.00699488835082;0.209129226078;0.00475293695633;0;0;0;0;0;0;0;0;0;0;0;0;0
UG;2000;0.974842767296;0;0;0;0;0.0188679245283;0;0.0062893081761;0;0;0;0;0;0;0;0;0;0;0;0;0
UG;2001;0.974842767296;0;0;0;0;0.0188679245283;0;0.0062893081761;0;0;0;0;0;0;0;0;0;0;0;0;0
UG;2002;0.970930232558;0;0;0;0;0.0232558139535;0;0.00581395348837;0;0;0;0;0;0;0;0;0;0;0;0;0
UG;2003;0.972222222222;0;0;0;0;0.0222222222222;0;0.00555555555556;0;0;0;0;0;0;0;0;0;0;0;0;0
UG;2004;0.974226804124;0;0;0;0;0.0257731958763;0;0;0;0;0;0;0;0;0;0;0;0;0;0;0
UG;2005;0.938775510204;0;0;0;0;0.0255102040816;0;0.0357142857143;0;0;0;0;0;0;0;0;0;0;0;0;0
UG;2006;0.725;0;0;0.00625;0;0.03125;0;0.2375;0;0;0;0;0;0;0;0;0;0;0;0;0
UG;2007;0.7;0;0;0.005;0;0.025;0;0.27;0;0;0;0;0;0;0;0;0;0;0;0;0
UG;2008;0.699570815451;0;0;0.00858369098712;0;0.0343347639485;0;0.257510729614;0;0;0;0;0;0;0;0;0;0;0;0;0
UG;2009;0.578512396694;0;0;0.00826446280992;0;0.0495867768595;0;0.363636363636;0;0;0;0;0;0;0;0;0;0;0;0;0
UG;2010;0.543795620438;0;0;0.00729927007299;0;0.043795620438;0;0.405109489051;0;0;0;0;0;0;0;0;0;0;0;0;0
UG;2011;0.575187969925;0;0;0.00751879699248;0;0.0300751879699;0;0.387218045113;0;0;0;0;0;0;0;0;0;0;0;0;0
UG;2012;0.844827586207;0;0;0.0103448275862;0;0.0448275862069;0;0.1;0;0;0;0;0;0;0;0;0;0;0;0;0
UG;2013;0.934853420195;0;0;0.00977198697068;0;0.0553745928339;0;0;0;0;0;0;0;0;0;0;0;0;0;0;0
UG;2014;0.888544891641;0;0;0.00928792569659;0;0.0743034055728;0;0.0278637770898;0;0;0;0;0;0;0;0;0;0;0;0;0
UG;2015;0.870422535211;0;0;0.00845070422535;0;0.0985915492958;0;0.0225352112676;0;0;0;0;0;0;0;0;0;0;0;0;0
UG;2016;0.875331564987;0;0;0.0106100795756;0;0.0954907161804;0;0.0185676392573;0;0;0;0;0;0;0;0;0;0;0;0;0
UG;2017;0.910052910053;0;0;0.015873015873;0;0.0555555555556;0;0.0185185185185;0;0;0;0;0;0;0;0;0;0;0;0;0
UG;2018;0.846511627907;0;0;0.0162790697674;0;0.0651162790698;0;0.0720930232558;0;0;0;0;0;0;0;0;0;0;0;0;0
UG;2019;0.882096069869;0;0;0.028384279476;0;0.0589519650655;0;0.0305676855895;0;0;0;0;0;0;0;0;0;0;0;0;0
UG;2020;0.886956521739;0;0;0.0304347826087;0;0.0565217391304;0;0.0260869565217;0;0;0;0;0;0;0;0;0;0;0;0;0
UG;2021;0.88045540797;0;0;0.0246679316888;0;0.0702087286528;0;0.0246679316888;0;0;0;0;0;0;0;0;0;0;0;0;0
UG;2022;0.866086956522;0;0;0.0260869565217;0;0.0817391304348;0;0.0260869565217;0;0;0;0;0;0;0;0;0;0;0;0;0
UG;2023;0.86308492201;0;0;0.0259965337955;0;0.0814558058925;0;0.0294627383016;0;0;0;0;0;0;0;0;0;0;0;0;0
UG;2024;0.860585197935;0;0;0.0292598967298;0;0.0808950086059;0;0.0292598967298;0;0;0;0;0;0;0;0;0;0;0;0;0
US;2000;0.0710212777149;0.198282528077;0.161750085479;0.000128876147392;0.00147024013045;0.0159727519003;0.51715367823;0.0305147155519;0.00370584676889;0;0;0;0;0;0;0;0;0;0;0;0
US;2001;0.0558379856046;0.20625501332;0.17146022744;0.000144866494794;0.00180814847206;0.0133464965111;0.510777798941;0.0363749037577;0.00399455945831;0;0;0;0;0;0;0;0;0;0;0;0
US;2002;0.0664866566256;0.202917099133;0.179752512207;0.000143071564397;0.00269234671183;0.0139715885886;0.50286533324;0.0269728918405;0.00419850008974;0;0;0;0;0;0;0;0;0;0;0;0
US;2003;0.0690809368974;0.197400321535;0.167981410929;0.00013698842577;0.00289226506485;0.0137867219445;0.510150066943;0.0342160901952;0.00435519806459;0;0;0;0;0;0;0;0;0;0;0;0
US;2004;0.0657725932767;0.199529346272;0.179683447412;0.000146762990422;0.00357798049064;0.0135477422538;0.50058831716;0.0328647882691;0.00428902187528;0;0;0;0;0;0;0;0;0;0;0;0
US;2005;0.0653681917427;0.193802215123;0.188590306296;0.000136307648842;0.00441388950158;0.0134523257802;0.498853776589;0.0312590613607;0.00412392595769;0;0;0;0;0;0;0;0;0;0;0;0
US;2006;0.0698527776542;0.194522281032;0.201742551162;0.0001260211419;0.00657039639827;0.013555921264;0.491855574829;0.0176948509244;0.00407962559366;0;0;0;0;0;0;0;0;0;0;0;0
US;2007;0.0580823015664;0.194666595857;0.216433276927;0.000147251585369;0.0083160936327;0.0134071361498;0.48676546202;0.018150568367;0.00403131389451;0;0;0;0;0;0;0;0;0;0;0;0
US;2008;0.0605083833837;0.196276107539;0.214966171884;0.000209371568802;0.0134776861033;0.0133973458502;0.483453559682;0.0134947279752;0.00421664601354;0;0;0;0;0;0;0;0;0;0;0;0
US;2009;0.0682315435731;0.202763070394;0.233761948515;0.000225898645116;0.0187546639187;0.0138305810925;0.445680259504;0.0123178216264;0.00443421273053;0;0;0;0;0;0;0;0;0;0;0;0
US;2010;0.0619114522818;0.196155024137;0.240086146128;0.000294121936635;0.0230071415723;0.0136341317569;0.449031828369;0.0115461090828;0.0043340447357;0;0;0;0;0;0;0;0;0;0;0;0
US;2011;0.0765321470235;0.193256327543;0.247914460474;0.00044511075187;0.0293919836043;0.0138595748948;0.423938643195;0.0102253189757;0.00443643353787;0;0;0;0;0;0;0;0;0;0;0;0
US;2012;0.067139855519;0.190396642141;0.303387804498;0.00107160446164;0.0348506559556;0.0142600113348;0.374700235357;0.00967413819985;0.00451905253337;0;0;0;0;0;0;0;0;0;0;0;0
US;2013;0.0650654278888;0.194550264942;0.277354084836;0.00222901117218;0.0413846499047;0.015006373887;0.389857506023;0.00992699002123;0.00462569132634;0;0;0;0;0;0;0;0;0;0;0;0
US;2014;0.0618138139311;0.194621106882;0.275050598021;0.00706052963738;0.0443480362597;0.0156225204528;0.386158725198;0.010666477865;0.00465819175246;0;0;0;0;0;0;0;0;0;0;0;0
US;2015;0.0597430454041;0.19519636434;0.326514021827;0.00955683045257;0.0466994287449;0.015580351568;0.331146746197;0.0108815153808;0.00468169608643;0;0;0;0;0;0;0;0;0;0;0;0
US;2016;0.0638840775426;0.197107810038;0.337196273572;0.0134236561665;0.0555319065653;0.015353903062;0.303151513372;0.00966346671364;0.00468739296793;0;0;0;0;0;0;0;0;0;0;0;0
US;2017;0.0725117278787;0.19863978817;0.31992616557;0.0190706041739;0.0627543302462;0.0154800595216;0.297568547322;0.0093502224657;0.00469855465154;0;0;0;0;0;0;0;0;0;0;0;0
US;2018;0.0682176815699;0.192091014031;0.349663814545;0.0222203710535;0.0648974783116;0.0147159976675;0.27358712856;0.0101581559186;0.00444835834394;0;0;0;0;0;0;0;0;0;0;0;0
US;2019;0.0679615619544;0.194645510992;0.381352834517;0.0257047215502;0.0711527085067;0.0138299049149;0.232051904828;0.00900350617308;0.00429734656284;0;0;0;0;0;0;0;0;0;0;0;0
US;2020;0.0692400536212;0.195361077172;0.401706082836;0.0323309869954;0.0835827244891;0.0135289549315;0.191282604287;0.00849331466816;0.0044742010002;0;0;0;0;0;0;0;0;0;0;0;0
US;2021;0.0593386010275;0.187703737944;0.380196069934;0.0395847477622;0.0910531054839;0.0130608962784;0.216196955908;0.00847453546545;0.00439135019573;0;0;0;0;0;0;0;0;0;0;0;0
US;2022;0.0580280809631;0.179976626412;0.393539372366;0.0478365435082;0.101308874265;0.0120950152675;0.193965788719;0.00901352728901;0.00423617121036;0;0;0;0;0;0;0;0;0;0;0;0
US;2023;0.0561859559793;0.182154770552;0.424564694599;0.0561695005301;0.0990006840765;0.0110956743326;0.158703404632;0.00778812903893;0.00433718625923;0;0;0;0;0;0;0;0;0;0;0;0
US;2024;0.0539829014671;0.178058856484;0.425846386489;0.0691752713493;0.102914584766;0.0105715756248;0.14852130029;0.00693916219922;0.00398996133017;0;0;0;0;0;0;0;0;0;0;0;0
US;2025;0.0534759358289;0.173631960777;0.399872560451;0.0860261206826;0.102745924036;0.0102195013485;0.163093860555;0.00701802517374;0.00391611114676;0;0;0;0;0;0;0;0;0;0;0;0
UY;2000;0.928853754941;0;0;0;0;0.00527009222661;0;0.0658761528327;0;0;0;0;0;0;0;0;0;0;0;0;0
UY;2001;0.993513513514;0;0;0;0;0.00432432432432;0;0.00216216216216;0;0;0;0;0;0;0;0;0;0;0;0;0
UY;2002;0.992708333333;0;0;0;0;0.00416666666667;0;0.003125;0;0;0;0;0;0;0;0;0;0;0;0;0
UY;2003;0.994172494172;0;0;0;0;0.004662004662;0;0.0011655011655;0;0;0;0;0;0;0;0;0;0;0;0;0
UY;2004;0.810169491525;0;0;0;0;0.00677966101695;0;0.183050847458;0;0;0;0;0;0;0;0;0;0;0;0;0
UY;2005;0.869791666667;0;0;0;0;0.00520833333333;0;0.125;0;0;0;0;0;0;0;0;0;0;0;0;0
UY;2006;0.637342908438;0;0;0;0;0.00897666068223;0;0.35368043088;0;0;0;0;0;0;0;0;0;0;0;0;0
UY;2007;0.855010660981;0;0;0;0;0.0149253731343;0;0.130063965885;0;0;0;0;0;0;0;0;0;0;0;0;0
UY;2008;0.513112884835;0;0.00114025085519;0;0;0.0992018244014;0;0.386545039909;0;0;0;0;0;0;0;0;0;0;0;0;0
UY;2009;0.583621683968;0;0.00230680507497;0;0.00461361014994;0.0934256055363;0;0.316032295271;0;0;0;0;0;0;0;0;0;0;0;0;0
UY;2010;0.783054003724;0;0.00744878957169;0;0.00651769087523;0.102420856611;0;0.100558659218;0;0;0;0;0;0;0;0;0;0;0;0;0
UY;2011;0.62669245648;0;0.00870406189555;0;0.0106382978723;0.109284332689;0;0.244680851064;0;0;0;0;0;0;0;0;0;0;0;0;0
UY;2012;0.511320754717;0;0.000943396226415;0;0.0103773584906;0.124528301887;0;0.352830188679;0;0;0;0;0;0;0;0;0;0;0;0;0
UY;2013;0.704116638079;0;0;0;0.0120068610635;0.125214408233;0;0.158662092624;0;0;0;0;0;0;0;0;0;0;0;0;0
UY;2014;0.74345146379;0;0;0;0.0562403697997;0.147919876733;0;0.0523882896764;0;0;0;0;0;0;0;0;0;0;0;0;0
UY;2015;0.601892285298;0;0;0.00363901018923;0.150655021834;0.175400291121;0;0.0684133915575;0;0;0;0;0;0;0;0;0;0;0;0;0
UY;2016;0.565248738284;0;0;0.0108147080029;0.215573179524;0.176640230714;0;0.0317231434751;0;0;0;0;0;0;0;0;0;0;0;0;0
UY;2017;0.524041811847;0;0.00209059233449;0.0188153310105;0.262717770035;0.179094076655;0;0.0132404181185;0;0;0;0;0;0;0;0;0;0;0;0;0
UY;2018;0.44900752909;0;0.000684462696783;0.0280629705681;0.323750855578;0.17453798768;0;0.0239561943874;0;0;0;0;0;0;0;0;0;0;0;0;0
UY;2019;0.504667081518;0;0.00746733042937;0.0261356565028;0.295581829496;0.156191661481;0;0.0099564405725;0;0;0;0;0;0;0;0;0;0;0;0;0
UY;2020;0.301400147384;0;0;0.0338983050847;0.403831982314;0.201179071481;0;0.0596904937362;0;0;0;0;0;0;0;0;0;0;0;0;0
UY;2021;0.329580988118;0;0.000625390869293;0.0300187617261;0.312070043777;0.174484052533;0;0.153220762977;0;0;0;0;0;0;0;0;0;0;0;0;0
UY;2022;0.382907133244;0;0;0.0336473755047;0.321668909825;0.169582772544;0;0.0921938088829;0;0;0;0;0;0;0;0;0;0;0;0;0
UY;2023;0.274570982839;0;0;0.0382215288612;0.371294851794;0.240249609984;0;0.0756630265211;0;0;0;0;0;0;0;0;0;0;0;0;0
UY;2024;0.336574420344;0;0;0.0418848167539;0.385938668661;0.224382946896;0;0.0112191473448;0;0;0;0;0;0;0;0;0;0;0;0;0
UY;2025;0.273408863712;0;0;0.0519826724425;0.405531489503;0.247500833056;0;0.0215761412862;0;0;0;0;0;0;0;0;0;0;0;0;0
UZ;2000;0.0753307725139;0;0.78339735382;0;0;0;0.0407597097738;0.100512163892;0;0;0;0;0;0;0;0;0;0;0;0;0
UZ;2001;0.0909090909091;0;0.76918265221;0;0;0;0.0408673894912;0.0990408673895;0;0;0;0;0;0;0;0;0;0;0;0;0
UZ;2002;0.121862348178;0;0.743117408907;0;0;0;0.0408906882591;0.0941295546559;0;0;0;0;0;0;0;0;0;0;0;0;0
UZ;2003;0.167624128026;0;0.705785802216;0;0;0;0.040828887977;0.0857611817809;0;0;0;0;0;0;0;0;0;0;0;0;0
UZ;2004;0.122736418511;0;0.757947686117;0;0;0;0.0408450704225;0.0784708249497;0;0;0;0;0;0;0;0;0;0;0;0;0
UZ;2005;0.187329557374;0;0.705475141598;0;0;0;0.0409062303335;0.0662890706944;0;0;0;0;0;0;0;0;0;0;0;0;0
UZ;2006;0.0942822384428;0;0.806163828062;0;0;0;0.0409570154096;0.058596918086;0;0;0;0;0;0;0;0;0;0;0;0;0
UZ;2007;0.0952672378621;0;0.822113423093;0;0;0;0.0407996736026;0.0418196654427;0;0;0;0;0;0;0;0;0;0;0;0;0
UZ;2008;0.089406610912;0;0.84030266826;0;0;0;0.0408203902828;0.0294703305456;0;0;0;0;0;0;0;0;0;0;0;0;0
UZ;2009;0.129341317365;0;0.808982035928;0;0;0;0.0409181636727;0.0207584830339;0;0;0;0;0;0;0;0;0;0;0;0;0
UZ;2010;0.157590917837;0;0.786992495671;0;0;0;0.0407927650568;0.0146238214354;0;0;0;0;0;0;0;0;0;0;0;0;0
UZ;2011;0.107954545455;0;0.840909090909;0;0;0;0.0407196969697;0.0104166666667;0;0;0;0;0;0;0;0;0;0;0;0;0
UZ;2012;0.125471698113;0;0.82641509434;0;0;0;0.0407547169811;0.00735849056604;0;0;0;0;0;0;0;0;0;0;0;0;0
UZ;2013;0.104376487823;0;0.849661234206;0;0;0;0.0408350119026;0.00512726606849;0;0;0;0;0;0;0;0;0;0;0;0;0
UZ;2014;0.108878923767;0;0.846278026906;0;0;0;0.0412556053812;0.00358744394619;0;0;0;0;0;0;0;0;0;0;0;0;0
UZ;2015;0.118794635081;0;0.844800557394;0;0;0;0.0337920222958;0.00261278522905;0;0;0;0;0;0;0;0;0;0;0;0;0
UZ;2016;0.116845511838;0;0.846704138988;0;0;0;0.033895418157;0.00255493101686;0;0;0;0;0;0;0;0;0;0;0;0;0
UZ;2017;0.130341880342;0;0.832511505588;0.000164365548981;0;0;0.034352399737;0.00262984878369;0;0;0;0;0;0;0;0;0;0;0;0;0
UZ;2018;0.0934283452098;0;0.861916072842;0.000158353127474;0;0;0.0372129849565;0.00728424386382;0;0;0;0;0;0;0;0;0;0;0;0;0
UZ;2019;0.101636249213;0;0.826935179358;0.000157331655129;0;0;0.0601006922593;0.0111705475142;0;0;0;0;0;0;0;0;0;0;0;0;0
UZ;2020;0.075154065835;0;0.839320607245;0.00015030813167;0;0;0.0781602284684;0.00721479032016;0;0;0;0;0;0;0;0;0;0;0;0;0
UZ;2021;0.069568868981;0;0.840705487122;0.000699888017917;0;0;0.0694288913774;0.0195968645017;0;0;0;0;0;0;0;0;0;0;0;0;0
UZ;2022;0.0863194351938;0;0.81297455708;0.00586119621686;0;0;0.0751298787798;0.0197149327295;0;0;0;0;0;0;0;0;0;0;0;0;0
UZ;2023;0.0859375;0;0.807291666667;0.005859375;0.00716145833333;0;0.07421875;0.01953125;0;0;0;0;0;0;0;0;0;0;0;0;0
UZ;2024;0.100613496933;0;0.752147239264;0.0355828220859;0.0233128834356;0;0.0699386503067;0.0184049079755;0;0;0;0;0;0;0;0;0;0;0;0;0
UZ;2025;0.0726643598616;0;0.723183391003;0.0749711649366;0.0461361014994;0;0.0657439446367;0.0173010380623;0;0;0;0;0;0;0;0;0;0;0;0;0
VC;2000;0.3;0;0;0;0;0;0;0.7;0;0;0;0;0;0;0;0;0;0;0;0;0
VC;2001;0.2;0;0;0;0;0;0;0.8;0;0;0;0;0;0;0;0;0;0;0;0;0
VC;2002;0.2;0;0;0;0;0;0;0.8;0;0;0;0;0;0;0;0;0;0;0;0;0
VC;2003;0.181818181818;0;0;0;0;0;0;0.818181818182;0;0;0;0;0;0;0;0;0;0;0;0;0
VC;2004;0.25;0;0;0;0;0;0;0.75;0;0;0;0;0;0;0;0;0;0;0;0;0
VC;2005;0.214285714286;0;0;0;0;0;0;0.785714285714;0;0;0;0;0;0;0;0;0;0;0;0;0
VC;2006;0.153846153846;0;0;0;0;0;0;0.846153846154;0;0;0;0;0;0;0;0;0;0;0;0;0
VC;2007;0.142857142857;0;0;0;0;0;0;0.857142857143;0;0;0;0;0;0;0;0;0;0;0;0;0
VC;2008;0.142857142857;0;0;0;0;0;0;0.857142857143;0;0;0;0;0;0;0;0;0;0;0;0;0
VC;2009;0.142857142857;0;0;0;0;0;0;0.857142857143;0;0;0;0;0;0;0;0;0;0;0;0;0
VC;2010;0.2;0;0;0;0;0;0;0.8;0;0;0;0;0;0;0;0;0;0;0;0;0
VC;2011;0.214285714286;0;0;0;0;0;0;0.785714285714;0;0;0;0;0;0;0;0;0;0;0;0;0
VC;2012;0.2;0;0;0;0;0;0;0.8;0;0;0;0;0;0;0;0;0;0;0;0;0
VC;2013;0.142857142857;0;0;0;0;0;0;0.857142857143;0;0;0;0;0;0;0;0;0;0;0;0;0
VC;2014;0.0714285714286;0;0;0;0;0;0;0.928571428571;0;0;0;0;0;0;0;0;0;0;0;0;0
VC;2015;0.133333333333;0;0;0;0;0;0;0.866666666667;0;0;0;0;0;0;0;0;0;0;0;0;0
VC;2016;0.125;0;0;0;0;0;0;0.875;0;0;0;0;0;0;0;0;0;0;0;0;0
VC;2017;0.133333333333;0;0;0;0;0;0;0.866666666667;0;0;0;0;0;0;0;0;0;0;0;0;0
VC;2018;0.133333333333;0;0;0;0;0;0;0.866666666667;0;0;0;0;0;0;0;0;0;0;0;0;0
VC;2019;0.133333333333;0;0;0;0;0;0;0.866666666667;0;0;0;0;0;0;0;0;0;0;0;0;0
VC;2020;0.133333333333;0;0;0;0;0;0;0.866666666667;0;0;0;0;0;0;0;0;0;0;0;0;0
VC;2021;0.142857142857;0;0;0;0;0;0;0.857142857143;0;0;0;0;0;0;0;0;0;0;0;0;0
VC;2022;0.133333333333;0;0;0;0;0;0;0.866666666667;0;0;0;0;0;0;0;0;0;0;0;0;0
VC;2023;0.133333333333;0;0;0;0;0;0;0.866666666667;0;0;0;0;0;0;0;0;0;0;0;0;0
VC;2024;0.133333333333;0;0;0;0;0;0;0.866666666667;0;0;0;0;0;0;0;0;0;0;0;0;0
VE;2000;0.737539580157;0;0.169813533482;0;0;0;0;0.092646886361;0;0;0;0;0;0;0;0;0;0;0;0;0
VE;2001;0.670735767395;0;0.218399733659;0;0;0;0;0.110864498946;0;0;0;0;0;0;0;0;0;0;0;0;0
VE;2002;0.648121937942;0;0.206532389766;0;0;0;0;0.145345672292;0;0;0;0;0;0;0;0;0;0;0;0;0
VE;2003;0.658292550299;0;0.175856443719;0;0;0;0;0.165851005982;0;0;0;0;0;0;0;0;0;0;0;0;0
VE;2004;0.711009639777;0;0.163571790969;0;0;0;0;0.125418569254;0;0;0;0;0;0;0;0;0;0;0;0;0
VE;2005;0.732801973622;0;0.136066040421;0;0;0;0;0.131131985957;0;0;0;0;0;0;0;0;0;0;0;0;0
VE;2006;0.738996558594;0;0.134848759283;0;0;0;0;0.126154682123;0;0;0;0;0;0;0;0;0;0;0;0;0
VE;2007;0.727256807635;0;0.157691970931;0;0;0;0;0.115051221434;0;0;0;0;0;0;0;0;0;0;0;0;0
VE;2008;0.727912824811;0;0.146689019279;0;0;0;0;0.125398155909;0;0;0;0;0;0;0;0;0;0;0;0;0
VE;2009;0.718909425441;0;0.151375763151;0;0;0;0;0.129714811408;0;0;0;0;0;0;0;0;0;0;0;0;0
VE;2010;0.674929676512;0;0.166666666667;0;0;0;0;0.158403656821;0;0;0;0;0;0;0;0;0;0;0;0;0
VE;2011;0.709308240081;0;0.143099355714;0;0;0;0;0.147592404205;0;0;0;0;0;0;0;0;0;0;0;0;0
VE;2012;0.63915517107;0;0.207544228821;0;0.000389681240745;0;0;0.152910918868;0;0;0;0;0;0;0;0;0;0;0;0;0
VE;2013;0.618219492341;0;0.244061274328;0;0.000666025308962;0;0;0.137053208022;0;0;0;0;0;0;0;0;0;0;0;0;0
VE;2014;0.557927623015;0;0.285863056496;0;0.000781046602447;0;0;0.155428273887;0;0;0;0;0;0;0;0;0;0;0;0;0
VE;2015;0.587358845671;0;0.256116687578;7.84190715182e-05;0.000705771643664;0;0;0.155740276035;0;0;0;0;0;0;0;0;0;0;0;0;0
VE;2016;0.538395758509;0;0.307422609885;8.5513938772e-05;0.000769625448948;0;0;0.153326492218;0;0;0;0;0;0;0;0;0;0;0;0;0
VE;2017;0.582947976879;0;0.250096339114;9.63391136802e-05;0.000867052023121;0;0;0.165992292871;0;0;0;0;0;0;0;0;0;0;0;0;0
VE;2018;0.583191254638;0;0.250225654398;0.000100290843446;0.000401163373784;0;0;0.166081636747;0;0;0;0;0;0;0;0;0;0;0;0;0
VE;2019;0.582971227246;0;0.250146799765;0.000117439812096;0.000704638872578;0;0;0.166059894304;0;0;0;0;0;0;0;0;0;0;0;0;0
VE;2020;0.776425288784;0;0.144826729599;0.000124208172898;0.000248416345796;0;0;0.0783753570985;0;0;0;0;0;0;0;0;0;0;0;0;0
VE;2021;0.791993247317;0;0.142047509948;0.000120583624744;0.000241167249488;0;0;0.0655974918606;0;0;0;0;0;0;0;0;0;0;0;0;0
VE;2022;0.783268576979;0;0.147037396795;0.000121418164157;0.000242836328315;0;0;0.0693297717339;0;0;0;0;0;0;0;0;0;0;0;0;0
VE;2023;0.903001667593;0;0.0512784880489;0.000138966092273;0.000277932184547;0;0;0.0453029460812;0;0;0;0;0;0;0;0;0;0;0;0;0
VE;2024;0.911019593161;0;0.0449269936353;0.000124797204543;0.000249594409085;0;0;0.0436790215899;0;0;0;0;0;0;0;0;0;0;0;0;0
VG;2000;0;0;0;0;0;0;0;1;0;0;0;0;0;0;0;0;0;0;0;0;0
VG;2001;0;0;0;0;0;0;0;1;0;0;0;0;0;0;0;0;0;0;0;0;0
VG;2002;0;0;0;0;0;0;0;1;0;0;0;0;0;0;0;0;0;0;0;0;0
VG;2003;0;0;0;0;0;0;0;1;0;0;0;0;0;0;0;0;0;0;0;0;0
VG;2004;0;0;0;0;0;0;0;1;0;0;0;0;0;0;0;0;0;0;0;0;0
VG;2005;0;0;0;0;0;0;0;1;0;0;0;0;0;0;0;0;0;0;0;0;0
VG;2006;0;0;0;0;0;0;0;1;0;0;0;0;0;0;0;0;0;0;0;0;0
VG;2007;0;0;0;0;0;0;0;1;0;0;0;0;0;0;0;0;0;0;0;0;0
VG;2008;0;0;0;0;0;0;0;1;0;0;0;0;0;0;0;0;0;0;0;0;0
VG;2009;0;0;0;0;0;0;0;1;0;0;0;0;0;0;0;0;0;0;0;0;0
VG;2010;0;0;0;0;0;0;0;1;0;0;0;0;0;0;0;0;0;0;0;0;0
VG;2011;0;0;0;0;0;0;0;1;0;0;0;0;0;0;0;0;0;0;0;0;0
VG;2012;0;0;0;0;0;0;0;1;0;0;0;0;0;0;0;0;0;0;0;0;0
VG;2013;0;0;0;0;0;0;0;1;0;0;0;0;0;0;0;0;0;0;0;0;0
VG;2014;0;0;0;0;0;0;0;1;0;0;0;0;0;0;0;0;0;0;0;0;0
VG;2015;0;0;0;0;0;0;0;1;0;0;0;0;0;0;0;0;0;0;0;0;0
VG;2016;0;0;0;0;0;0;0;1;0;0;0;0;0;0;0;0;0;0;0;0;0
VG;2017;0;0;0;0;0;0;0;1;0;0;0;0;0;0;0;0;0;0;0;0;0
VG;2018;0;0;0;0;0;0;0;1;0;0;0;0;0;0;0;0;0;0;0;0;0
VG;2019;0;0;0;0;0;0;0;1;0;0;0;0;0;0;0;0;0;0;0;0;0
VG;2020;0;0;0;0;0;0;0;1;0;0;0;0;0;0;0;0;0;0;0;0;0
VG;2021;0;0;0;0;0;0;0;1;0;0;0;0;0;0;0;0;0;0;0;0;0
VG;2022;0;0;0;0;0;0;0;1;0;0;0;0;0;0;0;0;0;0;0;0;0
VG;2023;0;0;0;0;0;0;0;1;0;0;0;0;0;0;0;0;0;0;0;0;0
VI;2000;0;0;0;0;0;0;0;1;0;0;0;0;0;0;0;0;0;0;0;0;0
VI;2001;0;0;0;0;0;0;0;1;0;0;0;0;0;0;0;0;0;0;0;0;0
VI;2002;0;0;0;0;0;0;0;1;0;0;0;0;0;0;0;0;0;0;0;0;0
VI;2003;0;0;0;0;0;0;0;1;0;0;0;0;0;0;0;0;0;0;0;0;0
VI;2004;0;0;0;0;0;0;0;1;0;0;0;0;0;0;0;0;0;0;0;0;0
VI;2005;0;0;0;0;0;0;0;1;0;0;0;0;0;0;0;0;0;0;0;0;0
VI;2006;0;0;0;0;0;0;0;1;0;0;0;0;0;0;0;0;0;0;0;0;0
VI;2007;0;0;0;0;0;0;0;1;0;0;0;0;0;0;0;0;0;0;0;0;0
VI;2008;0;0;0;0;0;0;0;1;0;0;0;0;0;0;0;0;0;0;0;0;0
VI;2009;0;0;0;0;0;0;0;1;0;0;0;0;0;0;0;0;0;0;0;0;0
VI;2010;0;0;0;0;0;0;0;1;0;0;0;0;0;0;0;0;0;0;0;0;0
VI;2011;0;0;0;0;0;0;0;1;0;0;0;0;0;0;0;0;0;0;0;0;0
VI;2012;0;0;0;0;0;0;0;1;0;0;0;0;0;0;0;0;0;0;0;0;0
VI;2013;0;0;0;0;0;0;0;1;0;0;0;0;0;0;0;0;0;0;0;0;0
VI;2014;0;0;0;0.0128205128205;0;0;0;0.987179487179;0;0;0;0;0;0;0;0;0;0;0;0;0
VI;2015;0;0;0;0.0128205128205;0;0;0;0.987179487179;0;0;0;0;0;0;0;0;0;0;0;0;0
VI;2016;0;0;0;0.012987012987;0;0;0;0.987012987013;0;0;0;0;0;0;0;0;0;0;0;0;0
VI;2017;0;0;0;0.0166666666667;0;0;0;0.983333333333;0;0;0;0;0;0;0;0;0;0;0;0;0
VI;2018;0;0;0;0.0161290322581;0;0;0;0.983870967742;0;0;0;0;0;0;0;0;0;0;0;0;0
VI;2019;0;0;0;0.0151515151515;0;0;0;0.984848484848;0;0;0;0;0;0;0;0;0;0;0;0;0
VI;2020;0;0;0;0.015625;0;0;0;0.984375;0;0;0;0;0;0;0;0;0;0;0;0;0
VI;2021;0;0;0;0.030303030303;0;0;0;0.969696969697;0;0;0;0;0;0;0;0;0;0;0;0;0
VI;2022;0;0;0;0.0294117647059;0;0;0;0.970588235294;0;0;0;0;0;0;0;0;0;0;0;0;0
VI;2023;0;0;0;0.0294117647059;0;0;0;0.970588235294;0;0;0;0;0;0;0;0;0;0;0;0;0
VN;1985;0.291378970211;0;0.0142039850069;0;0;0;0.454527520221;0.239889524561;0;0;0;0;0;0;0;0;0;0;0;0;0
VN;1986;0.254568481997;0;0.0119413786864;0;0;0;0.48073095712;0.252759182196;0;0;0;0;0;0;0;0;0;0;0;0;0
VN;1987;0.228722525202;0;0.0109072880516;0;0;0;0.506527846637;0.253842340109;0;0;0;0;0;0;0;0;0;0;0;0;0
VN;1988;0.263964627856;0;0.00943257184967;0;0;0;0.50700073692;0.219602063375;0;0;0;0;0;0;0;0;0;0;0;0;0
VN;1989;0.493062692703;0;0.00488180883864;0;0;0;0.350205549846;0.151849948613;0;0;0;0;0;0;0;0;0;0;0;0;0
VN;1990;0.618477133971;0;0.000691164612372;0;0;0;0.230503398226;0.150328303191;0;0;0;0;0;0;0;0;0;0;0;0;0
VN;1991;0.685884907709;0;0.00380021715527;0;0;0;0.148317046688;0.161997828447;0;0;0;0;0;0;0;0;0;0;0;0;0
VN;1992;0.744770736734;0;0.000618238021638;0;0;0;0.0876867594024;0.166924265842;0;0;0;0;0;0;0;0;0;0;0;0;0
VN;1993;0.747045582442;0;0.00131307447008;0;0;0;0.0597448883887;0.191896454699;0;0;0;0;0;0;0;0;0;0;0;0;0
VN;1994;0.752197265625;0;0.000325520833333;0;0;0;0.087158203125;0.160319010417;0;0;0;0;0;0;0;0;0;0;0;0;0
VN;1995;0.722419442927;0;0.0510649918078;0;0;0;0.13810759148;0.0884079737848;0;0;0;0;0;0;0;0;0;0;0;0;0
VN;1996;0.708687440982;0;0.0647426817753;0;0;0;0.140226628895;0.0863432483475;0;0;0;0;0;0;0;0;0;0;0;0;0
VN;1997;0.609293330546;0;0.103125653356;0;0;0;0.173792598787;0.113788417311;0;0;0;0;0;0;0;0;0;0;0;0;0
VN;1998;0.511573220214;0;0.158474732571;0;0;0;0.160457395795;0.16949465142;0;0;0;0;0;0;0;0;0;0;0;0;0
VN;1999;0.584659790314;0;0.152638057643;0;0;0;0.123731907127;0.138970244917;0;0;0;0;0;0;0;0;0;0;0;0;0
VN;2000;0.547833289409;0;0.163999849403;0;0;0;0.118030194646;0.170136666541;0;0;0;0;0;0;0;0;0;0;0;0;0
VN;2001;0.594942498693;0;0.144504704652;0;0;0;0.10513591218;0.155416884475;0;0;0;0;0;0;0;0;0;0;0;0;0
VN;2002;0.508380824673;0;0.23281930942;0;0;0;0.136272209185;0.122527656721;0;0;0;0;0;0;0;0;0;0;0;0;0
VN;2003;0.463921808186;0;0.294294441051;0;0;0;0.176835675015;0.0649480757483;0;0;0;0;0;0;0;0;0;0;0;0;0
VN;2004;0.385595879591;0;0.422709861715;0;0;0;0.155229500747;0.0364647579476;0;0;0;0;0;0;0;0;0;0;0;0;0
VN;2005;0.317504512462;0;0.428568685433;0;0;0.000960098314067;0.211356042859;0.0416106609317;0;0;0;0;0;0;0;0;0;0;0;0;0
VN;2006;0.340331854205;0;0.423053680267;0;0;0.00112229569902;0.21125058273;0.0242415870988;0;0;0;0;0;0;0;0;0;0;0;0;0
VN;2007;0.349774736153;0;0.414953154473;0;0;0.00123154629211;0.192635664957;0.0414048981246;0;0;0;0;0;0;0;0;0;0;0;0;0
VN;2008;0.366178128523;0;0.43773957159;0;2.81848928974e-05;0.000775084554679;0.173167981962;0.022111048478;0;0;0;0;0;0;0;0;0;0;0;0;0
VN;2009;0.371724762224;0;0.450851282814;0;0.000148803987947;0.000768820604392;0.154371737163;0.0221345932071;0;0;0;0;0;0;0;0;0;0;0;0;0
VN;2010;0.31098318833;0;0.487189551035;6.54150585465e-05;0.000447002900068;0.000599638036676;0.173110049933;0.0276051547066;0;0;0;0;0;0;0;0;0;0;0;0;0
VN;2011;0.404689655172;0;0.390640394089;5.91133004926e-05;0.0004039408867;0.000551724137931;0.196472906404;0.00718226600985;0;0;0;0;0;0;0;0;0;0;0;0;0
VN;2012;0.462929993834;0;0.350699540587;5.21073063128e-05;0.000356066593137;0.000495019409972;0.184555394409;0.000911877860474;0;0;0;0;0;0;0;0;0;0;0;0;0
VN;2013;0.464589326177;0;0.335457277388;4.82105838302e-05;0.000554421714047;0.000466035643692;0.193027142559;0.00585758593537;0;0;0;0;0;0;0;0;0;0;0;0;0
VN;2014;0.440103078916;0;0.307127029189;4.95571712767e-05;0.00048849211687;0.000417696157903;0.246858429321;0.00495571712767;0;0;0;0;0;0;0;0;0;0;0;0;0
VN;2015;0.346590172236;0;0.297340192307;4.32288225086e-05;0.000747241074792;0.000432288225086;0.348726911177;0.00611996615801;0;0;0;0;0;0;0;0;0;0;0;0;0
VN;2016;0.356879336038;0;0.253199528931;2.79069248243e-05;0.00112185837794;0.000680928965714;0.381493243734;0.00659719702847;0;0;0;0;0;0;0;0;0;0;0;0;0
VN;2017;0.441358484364;0;0.207208410154;4.10852673367e-05;0.00179748044598;0.00106821695075;0.347755974055;0.000770348762563;0;0;0;0;0;0;0;0;0;0;0;0;0
VN;2018;0.382537387653;0;0.187403307794;0.000101296596434;0.0022423382938;0.00224694268454;0.422010829527;0.00345789745101;0;0;0;0;0;0;0;0;0;0;0;0;0
VN;2019;0.279108938477;0;0.179440743649;0.0203388971911;0.00305632245046;0.00147750394705;0.507235547901;0.00934204638518;0;0;0;0;0;0;0;0;0;0;0;0;0
VN;2020;0.298089156341;0;0.141789426747;0.0458258845476;0.00401723072895;0.00139089454974;0.501266123127;0.0076212839593;0;0;0;0;0;0;0;0;0;0;0;0;0
VN;2021;0.308545768296;0;0.103188485371;0.107914346223;0.0131029884697;0.00125500039219;0.462902972782;0.00309043846576;0;0;0;0;0;0;0;0;0;0;0;0;0
VN;2022;0.358819722178;0;0.109307015148;0.104510780305;0.0340113658046;0.00141417844837;0.389243264882;0.00269367323499;0;0;0;0;0;0;0;0;0;0;0;0;0
VN;2023;0.285890070922;0;0.0934822695035;0.110273049645;0.041085106383;0.0030780141844;0.460156028369;0.00603546099291;0;0;0;0;0;0;0;0;0;0;0;0;0
VN;2024;0.285620008177;0;0.0702661983756;0.105938519088;0.0410355628668;0.00332224844109;0.491818319367;0.00199914368403;0;0;0;0;0;0;0;0;0;0;0;0;0
VN;2025;0.309461073477;0;0.0597946165091;0.102868014211;0.044535212723;0.00359831389818;0.477861556088;0.00188121309373;0;0;0;0;0;0;0;0;0;0;0;0;0
VU;2000;0;0;0;0;0;0;0;1;0;0;0;0;0;0;0;0;0;0;0;0;0
VU;2001;0;0;0;0;0;0;0;1;0;0;0;0;0;0;0;0;0;0;0;0;0
VU;2002;0;0;0;0;0;0;0;1;0;0;0;0;0;0;0;0;0;0;0;0;0
VU;2003;0;0;0;0;0;0;0;1;0;0;0;0;0;0;0;0;0;0;0;0;0
VU;2004;0;0;0;0;0;0;0;1;0;0;0;0;0;0;0;0;0;0;0;0;0
VU;2005;0;0;0;0;0;0;0;1;0;0;0;0;0;0;0;0;0;0;0;0;0
VU;2006;0;0;0;0;0;0;0;1;0;0;0;0;0;0;0;0;0;0;0;0;0
VU;2007;0;0;0;0;0;0;0;1;0;0;0;0;0;0;0;0;0;0;0;0;0
VU;2008;0;0;0;0;0;0;0;1;0;0;0;0;0;0;0;0;0;0;0;0;0
VU;2009;0;0;0;0;0;0;0;1;0;0;0;0;0;0;0;0;0;0;0;0;0
VU;2010;0;0;0;0;0;0;0;1;0;0;0;0;0;0;0;0;0;0;0;0;0
VU;2011;0;0;0;0;0;0;0;1;0;0;0;0;0;0;0;0;0;0;0;0;0
VU;2012;0;0;0;0;0;0;0;1;0;0;0;0;0;0;0;0;0;0;0;0;0
VU;2013;0;0;0;0;0.142857142857;0;0;0.857142857143;0;0;0;0;0;0;0;0;0;0;0;0;0
VU;2014;0;0;0;0;0.142857142857;0;0;0.857142857143;0;0;0;0;0;0;0;0;0;0;0;0;0
VU;2015;0;0;0;0;0.166666666667;0;0;0.833333333333;0;0;0;0;0;0;0;0;0;0;0;0;0
VU;2016;0;0;0;0;0.142857142857;0;0;0.857142857143;0;0;0;0;0;0;0;0;0;0;0;0;0
VU;2017;0;0;0;0;0;0;0;1;0;0;0;0;0;0;0;0;0;0;0;0;0
VU;2018;0.125;0;0;0.125;0;0;0;0.75;0;0;0;0;0;0;0;0;0;0;0;0;0
VU;2019;0.111111111111;0;0;0.111111111111;0.111111111111;0;0;0.666666666667;0;0;0;0;0;0;0;0;0;0;0;0;0
VU;2020;0.111111111111;0;0;0.111111111111;0.111111111111;0;0;0.666666666667;0;0;0;0;0;0;0;0;0;0;0;0;0
VU;2021;0.125;0;0;0.125;0;0;0;0.75;0;0;0;0;0;0;0;0;0;0;0;0;0
VU;2022;0.125;0;0;0.125;0;0;0;0.75;0;0;0;0;0;0;0;0;0;0;0;0;0
VU;2023;0.125;0;0;0.125;0;0;0;0.75;0;0;0;0;0;0;0;0;0;0;0;0;0
WS;2000;0.5;0;0;0;0;0;0;0.5;0;0;0;0;0;0;0;0;0;0;0;0;0
WS;2001;0.5;0;0;0;0;0;0;0.5;0;0;0;0;0;0;0;0;0;0;0;0;0
WS;2002;0.545454545455;0;0;0;0;0;0;0.454545454545;0;0;0;0;0;0;0;0;0;0;0;0;0
WS;2003;0.5;0;0;0;0;0;0;0.5;0;0;0;0;0;0;0;0;0;0;0;0;0
WS;2004;0.454545454545;0;0;0;0;0;0;0.545454545455;0;0;0;0;0;0;0;0;0;0;0;0;0
WS;2005;0.454545454545;0;0;0;0;0;0;0.545454545455;0;0;0;0;0;0;0;0;0;0;0;0;0
WS;2006;0.416666666667;0;0;0;0;0;0;0.583333333333;0;0;0;0;0;0;0;0;0;0;0;0;0
WS;2007;0.416666666667;0;0;0;0;0;0;0.583333333333;0;0;0;0;0;0;0;0;0;0;0;0;0
WS;2008;0.454545454545;0;0;0;0;0;0;0.545454545455;0;0;0;0;0;0;0;0;0;0;0;0;0
WS;2009;0.384615384615;0;0;0;0;0;0;0.615384615385;0;0;0;0;0;0;0;0;0;0;0;0;0
WS;2010;0.416666666667;0;0;0;0;0;0;0.583333333333;0;0;0;0;0;0;0;0;0;0;0;0;0
WS;2011;0.384615384615;0;0;0;0;0;0;0.615384615385;0;0;0;0;0;0;0;0;0;0;0;0;0
WS;2012;0.363636363636;0;0;0;0;0;0;0.636363636364;0;0;0;0;0;0;0;0;0;0;0;0;0
WS;2013;0.25;0;0;0;0;0;0;0.75;0;0;0;0;0;0;0;0;0;0;0;0;0
WS;2014;0.230769230769;0;0;0;0;0;0;0.769230769231;0;0;0;0;0;0;0;0;0;0;0;0;0
WS;2015;0.230769230769;0;0;0.0769230769231;0;0;0;0.692307692308;0;0;0;0;0;0;0;0;0;0;0;0;0
WS;2016;0.2;0;0;0.133333333333;0;0;0;0.666666666667;0;0;0;0;0;0;0;0;0;0;0;0;0
WS;2017;0.1875;0;0;0.125;0;0;0;0.6875;0;0;0;0;0;0;0;0;0;0;0;0;0
WS;2018;0.266666666667;0;0;0.133333333333;0;0;0;0.6;0;0;0;0;0;0;0;0;0;0;0;0;0
WS;2019;0.294117647059;0;0;0.117647058824;0;0;0;0.588235294118;0;0;0;0;0;0;0;0;0;0;0;0;0
WS;2020;0.277777777778;0;0;0.111111111111;0;0;0;0.611111111111;0;0;0;0;0;0;0;0;0;0;0;0;0
WS;2021;0.294117647059;0;0;0.117647058824;0;0.0588235294118;0;0.529411764706;0;0;0;0;0;0;0;0;0;0;0;0;0
WS;2022;0.25;0;0;0.125;0;0.0625;0;0.5625;0;0;0;0;0;0;0;0;0;0;0;0;0
WS;2023;0.2;0;0;0.133333333333;0;0.0666666666667;0;0.6;0;0;0;0;0;0;0;0;0;0;0;0;0
WS;2024;0.1875;0;0;0.1875;0;0.0625;0;0.5625;0;0;0;0;0;0;0;0;0;0;0;0;0
XK;2000;0.0168918918919;0;0;0;0;0;0.976351351351;0.00675675675676;0;0;0;0;0;0;0;0;0;0;0;0;0
XK;2001;0.0134048257373;0;0;0;0;0;0.981233243968;0.00536193029491;0;0;0;0;0;0;0;0;0;0;0;0;0
XK;2002;0.0134770889488;0;0;0;0;0;0.981132075472;0.00539083557951;0;0;0;0;0;0;0;0;0;0;0;0;0
XK;2003;0.0137741046832;0;0;0;0;0;0.977961432507;0.00826446280992;0;0;0;0;0;0;0;0;0;0;0;0;0
XK;2004;0.0269607843137;0;0;0;0;0;0.96568627451;0.00735294117647;0;0;0;0;0;0;0;0;0;0;0;0;0
XK;2005;0.02466367713;0;0;0;0;0;0.968609865471;0.0067264573991;0;0;0;0;0;0;0;0;0;0;0;0;0
XK;2006;0.0225733634312;0;0;0;0;0;0.97065462754;0.00677200902935;0;0;0;0;0;0;0;0;0;0;0;0;0
XK;2007;0.0186335403727;0;0;0;0;0;0.975155279503;0.00621118012422;0;0;0;0;0;0;0;0;0;0;0;0;0
XK;2008;0.015503875969;0;0;0;0;0;0.978682170543;0.00581395348837;0;0;0;0;0;0;0;0;0;0;0;0;0
XK;2009;0.0241448692153;0;0;0;0;0;0.97384305835;0.00201207243461;0;0;0;0;0;0;0;0;0;0;0;0;0
XK;2010;0.0309477756286;0;0;0;0;0;0.965183752418;0.00386847195358;0;0;0;0;0;0;0;0;0;0;0;0;0
XK;2011;0.0172413793103;0;0;0;0;0;0.979310344828;0.00344827586207;0;0;0;0;0;0;0;0;0;0;0;0;0
XK;2012;0.016835016835;0;0;0;0;0;0.981481481481;0.0016835016835;0;0;0;0;0;0;0;0;0;0;0;0;0
XK;2013;0.021472392638;0;0;0;0;0;0.976993865031;0.00153374233129;0;0;0;0;0;0;0;0;0;0;0;0;0
XK;2014;0.0276243093923;0;0;0;0;0;0.970534069982;0.00184162062615;0;0;0;0;0;0;0;0;0;0;0;0;0
XK;2015;0.0229132569558;0;0;0;0;0;0.975450081833;0.00163666121113;0;0;0;0;0;0;0;0;0;0;0;0;0
XK;2016;0.0418060200669;0;0;0;0;0;0.95652173913;0.00167224080268;0;0;0;0;0;0;0;0;0;0;0;0;0
XK;2017;0.0304054054054;0;0;0;0;0;0.967905405405;0.00168918918919;0;0;0;0;0;0;0;0;0;0;0;0;0
XK;2018;0.0456852791878;0;0;0;0.00507614213198;0;0.947546531303;0.00169204737733;0;0;0;0;0;0;0;0;0;0;0;0;0
XK;2019;0.0330708661417;0;0;0.00157480314961;0.0141732283465;0;0.948031496063;0.00314960629921;0;0;0;0;0;0;0;0;0;0;0;0;0
XK;2020;0.0388059701493;0;0;0.00149253731343;0.0134328358209;0;0.944776119403;0.00149253731343;0;0;0;0;0;0;0;0;0;0;0;0;0
XK;2021;0.0434153400868;0;0;0.00289435600579;0.0188133140376;0;0.931982633864;0.00289435600579;0;0;0;0;0;0;0;0;0;0;0;0;0
XK;2022;0.0434153400868;0;0;0.00289435600579;0.0188133140376;0;0.931982633864;0.00289435600579;0;0;0;0;0;0;0;0;0;0;0;0;0
XK;2023;0.0615141955836;0;0;0.00157728706625;0.0630914826498;0;0.872239747634;0.00157728706625;0;0;0;0;0;0;0;0;0;0;0;0;0
XK;2024;0.0311065027403;0;0;0.00148126203525;0.0534735594727;0;0.912457413716;0.00148126203525;0;0;0;0;0;0;0;0;0;0;0;0;0
XK;2025;0.0400818693502;0;0;0.00170561146171;0.0636193075217;0;0.892887600205;0.00170561146171;0;0;0;0;0;0;0;0;0;0;0;0;0
YE;2000;0;0;0;0;0;0;0;1;0;0;0;0;0;0;0;0;0;0;0;0;0
YE;2001;0;0;0;0;0;0;0;1;0;0;0;0;0;0;0;0;0;0;0;0;0
YE;2002;0;0;0;0;0;0;0;1;0;0;0;0;0;0;0;0;0;0;0;0;0
YE;2003;0;0;0;0;0;0;0;1;0;0;0;0;0;0;0;0;0;0;0;0;0
YE;2004;0;0;0;0;0;0;0;1;0;0;0;0;0;0;0;0;0;0;0;0;0
YE;2005;0;0;0;0;0;0;0;1;0;0;0;0;0;0;0;0;0;0;0;0;0
YE;2006;0;0;0;0;0;0;0;1;0;0;0;0;0;0;0;0;0;0;0;0;0
YE;2007;0;0;0;0;0;0;0;1;0;0;0;0;0;0;0;0;0;0;0;0;0
YE;2008;0;0;0;0;0;0;0;1;0;0;0;0;0;0;0;0;0;0;0;0;0
YE;2009;0;0;0;0;0;0;0;1;0;0;0;0;0;0;0;0;0;0;0;0;0
YE;2010;0;0;0.265463917526;0;0;0;0;0.734536082474;0;0;0;0;0;0;0;0;0;0;0;0;0
YE;2011;0;0;0.21578099839;0;0;0;0;0.78421900161;0;0;0;0;0;0;0;0;0;0;0;0;0
YE;2012;0;0;0.314002828854;0;0;0;0;0.685997171146;0;0;0;0;0;0;0;0;0;0;0;0;0
YE;2013;0;0;0.32;0;0;0;0;0.68;0;0;0;0;0;0;0;0;0;0;0;0;0
YE;2014;0;0;0.385117493473;0.00130548302872;0;0;0;0.613577023499;0;0;0;0;0;0;0;0;0;0;0;0;0
YE;2015;0;0;0.392361111111;0.0208333333333;0;0;0;0.586805555556;0;0;0;0;0;0;0;0;0;0;0;0;0
YE;2016;0;0;0.328482328482;0.033264033264;0;0;0;0.638253638254;0;0;0;0;0;0;0;0;0;0;0;0;0
YE;2017;0;0;0.234567901235;0.0469135802469;0;0;0;0.718518518519;0;0;0;0;0;0;0;0;0;0;0;0;0
YE;2018;0;0;0.0916905444126;0.137535816619;0;0;0;0.770773638968;0;0;0;0;0;0;0;0;0;0;0;0;0
YE;2019;0;0;0.0975609756098;0.146341463415;0;0;0;0.756097560976;0;0;0;0;0;0;0;0;0;0;0;0;0
YE;2020;0;0;0.139455782313;0.166666666667;0;0;0;0.69387755102;0;0;0;0;0;0;0;0;0;0;0;0;0
YE;2021;0;0;0.215753424658;0.171232876712;0;0;0;0.61301369863;0;0;0;0;0;0;0;0;0;0;0;0;0
YE;2022;0;0;0.178217821782;0.168316831683;0;0;0;0.653465346535;0;0;0;0;0;0;0;0;0;0;0;0;0
YE;2023;0;0;0.01171875;0.1015625;0;0;0;0.88671875;0;0;0;0;0;0;0;0;0;0;0;0;0
YE;2024;0;0;0.0114285714286;0.112380952381;0;0;0;0.87619047619;0;0;0;0;0;0;0;0;0;0;0;0;0
ZA;2000;0.00522168423051;0.06175828349;0;0;0;0.00227855311877;0.930741479161;0;0;0;0;0;0;0;0;0;0;0;0;0;0
ZA;2001;0.00818696749012;0.0510257508687;0;0;0;0.00199914322433;0.938788138417;0;0;0;0;0;0;0;0;0;0;0;0;0;0
ZA;2002;0.00942968537492;0.0543566959833;0;9.06700516819e-05;0;0.00208541118868;0.934037537401;0;0;0;0;0;0;0;0;0;0;0;0;0;0
ZA;2003;0.00354337431694;0.0540471311475;0;8.53825136612e-05;4.26912568306e-05;0.00175034153005;0.940531079235;0;0;0;0;0;0;0;0;0;0;0;0;0;0
ZA;2004;0.00388373328973;0.0546584358775;0;8.17628060995e-05;4.08814030498e-05;0.00155349331589;0.939781693308;0;0;0;0;0;0;0;0;0;0;0;0;0;0
ZA;2005;0.00543012289225;0.0460948025967;0.00036745192504;8.16559833422e-05;4.08279916711e-05;0.00175560364186;0.946229534969;0;0;0;0;0;0;0;0;0;0;0;0;0;0
ZA;2006;0.0114258697451;0.0395177494977;7.87991016902e-05;7.87991016902e-05;3.93995508451e-05;0.00161538158465;0.947244001418;0;0;0;0;0;0;0;0;0;0;0;0;0;0
ZA;2007;0.0108922539755;0.0429617822308;0.000341568939998;7.59042088884e-05;3.79521044442e-05;0.0016319404911;0.939618201829;0.00444039621997;0;0;0;0;0;0;0;0;0;0;0;0;0
ZA;2008;0.00487823763986;0.0503310232684;0.000348445545704;7.74323434899e-05;7.74323434899e-05;0.00178094390027;0.941964458554;0.000542026404429;0;0;0;0;0;0;0;0;0;0;0;0;0
ZA;2009;0.00581022599776;0.0513303414009;4.00705241225e-05;8.01410482449e-05;0.000120211572367;0.00180317358551;0.940615483251;0.000200352620612;0;0;0;0;0;0;0;0;0;0;0;0;0
ZA;2010;0.00439154050618;0.0521206517971;0.00315882738164;7.70445702839e-05;0.000115566855426;0.00154089140568;0.937825031781;0.000770445702839;0;0;0;0;0;0;0;0;0;0;0;0;0
ZA;2011;0.0116580310881;0.0491466016458;0.00339073453215;7.61962816215e-05;0.000152392563243;0.00156202377324;0.931270953977;0.00274306613837;0;0;0;0;0;0;0;0;0;0;0;0;0
ZA;2012;0.00395548144414;0.0502966611083;0.00690270291232;0.000116337689533;0.000155116919378;0.00162872765347;0.929460580913;0.00748439135999;0;0;0;0;0;0;0;0;0;0;0;0;0
ZA;2013;0.00429771439734;0.0551279546786;0.0117991795273;0.000195350654425;0.00015628052354;0.00187536628248;0.912248486032;0.0142996679039;0;0;0;0;0;0;0;0;0;0;0;0;0
ZA;2014;0.00706519605919;0.0541272520312;0.0123248420144;0.00423911763551;0.0041998665463;0.00141303921184;0.901872276956;0.0147584095459;0;0;0;0;0;0;0;0;0;0;0;0;0
ZA;2015;0.00291941611678;0.048950209958;0;0.00959808038392;0.0122775444911;0.00127974405119;0.909018196361;0.0159568086383;0;0;0;0;0;0;0;0;0;0;0;0;0
ZA;2016;0.00245243463471;0.059451762193;0;0.0119061745975;0.0166528222776;0.00130532811202;0.908112811993;0.000118666192002;0;0;0;0;0;0;0;0;0;0;0;0;0
ZA;2017;0.00305714509681;0.0556165242612;0;0.0154425021557;0.0275143058713;0.0015285725484;0.896370620052;0.000470330014894;0;0;0;0;0;0;0;0;0;0;0;0;0
ZA;2018;0.00429184549356;0.045181428014;0;0.0177136168552;0.0250097541943;0.00167772142021;0.901326570425;0.00479906359735;0;0;0;0;0;0;0;0;0;0;0;0;0
ZA;2019;0.00292409214842;0.0523570553602;0;0.0213379697317;0.0261982850595;0.00169913462678;0.890109455882;0.00537400719169;0;0;0;0;0;0;0;0;0;0;0;0;0
ZA;2020;0.00610617263438;0.041123203456;0;0.028993935366;0.026626235773;0.00170308216333;0.889258120794;0.00618924981308;0;0;0;0;0;0;0;0;0;0;0;0;0
ZA;2021;0.00822944675304;0.0503136967327;0;0.0319400309623;0.0352399576306;0.00167033325185;0.85928460849;0.0133219261794;0;0;0;0;0;0;0;0;0;0;0;0;0
ZA;2022;0.0129627926037;0.042233614612;0;0.0436386140684;0.0405609962115;0.00150535656043;0.84371053666;0.0153880892844;0;0;0;0;0;0;0;0;0;0;0;0;0
ZA;2023;0.00858597566734;0.0347732014527;0;0.0635276339627;0.0497986588706;0.00201770428183;0.825498630537;0.0157981952279;0;0;0;0;0;0;0;0;0;0;0;0;0
ZA;2024;0.00444455219116;0.0315159155373;0;0.0738361334012;0.0448495721108;0.00189903593622;0.835616216959;0.00783857386442;0;0;0;0;0;0;0;0;0;0;0;0;0
ZA;2025;0.00749832111766;0.0420647574788;2.47197399483e-05;0.0802155561323;0.0465349104527;0.00193637962929;0.813716159706;0.00800919574326;0;0;0;0;0;0;0;0;0;0;0;0;0
ZM;2000;0.994811932555;0;0;0;0;0;0.00129701686122;0.00389105058366;0;0;0;0;0;0;0;0;0;0;0;0;0
ZM;2001;0.993702770781;0;0;0;0;0;0.00125944584383;0.00503778337531;0;0;0;0;0;0;0;0;0;0;0;0;0
ZM;2002;0.992647058824;0;0;0;0;0;0.00245098039216;0.00490196078431;0;0;0;0;0;0;0;0;0;0;0;0;0
ZM;2003;0.992788461538;0;0;0;0;0;0.00240384615385;0.00480769230769;0;0;0;0;0;0;0;0;0;0;0;0;0
ZM;2004;0.994124559342;0;0;0;0;0;0.00117508813161;0.00470035252644;0;0;0;0;0;0;0;0;0;0;0;0;0
ZM;2005;0.993288590604;0;0;0;0;0;0.00223713646532;0.00447427293065;0;0;0;0;0;0;0;0;0;0;0;0;0
ZM;2006;0.998966942149;0;0;0;0;0;0;0.00103305785124;0;0;0;0;0;0;0;0;0;0;0;0;0
ZM;2007;0.998962655602;0;0;0;0;0;0;0.00103734439834;0;0;0;0;0;0;0;0;0;0;0;0;0
ZM;2008;0.998950682057;0;0;0;0;0;0;0.00104931794334;0;0;0;0;0;0;0;0;0;0;0;0;0
ZM;2009;0.998988877654;0;0;0;0;0;0;0.0010111223458;0;0;0;0;0;0;0;0;0;0;0;0;0
ZM;2010;0.999043062201;0;0;0;0;0;0;0.000956937799043;0;0;0;0;0;0;0;0;0;0;0;0;0
ZM;2011;0.999129677981;0;0;0;0;0;0;0.000870322019147;0;0;0;0;0;0;0;0;0;0;0;0;0
ZM;2012;0.998383185125;0;0;0;0;0;0;0.0016168148747;0;0;0;0;0;0;0;0;0;0;0;0;0
ZM;2013;0.998496240602;0;0;0;0;0;0;0.0015037593985;0;0;0;0;0;0;0;0;0;0;0;0;0
ZM;2014;0.96694214876;0;0;0;0;0.00482093663912;0;0.0282369146006;0;0;0;0;0;0;0;0;0;0;0;0;0
ZM;2015;0.965210954848;0;0;0;0;0.00518134715026;0;0.0296076980015;0;0;0;0;0;0;0;0;0;0;0;0;0
ZM;2016;0.936278674596;0;0;0;0;0.00679694137638;0.0280373831776;0.0288870008496;0;0;0;0;0;0;0;0;0;0;0;0;0
ZM;2017;0.85782967033;0;0;0;0;0.00549450549451;0.0879120879121;0.0487637362637;0;0;0;0;0;0;0;0;0;0;0;0;0
ZM;2018;0.842137592138;0;0;0;0;0.00429975429975;0.125307125307;0.0282555282555;0;0;0;0;0;0;0;0;0;0;0;0;0
ZM;2019;0.833671399594;0;0;0.00811359026369;0;0.00473292765382;0.11291413117;0.0405679513185;0;0;0;0;0;0;0;0;0;0;0;0;0
ZM;2020;0.839789888378;0;0;0.00984898227183;0;0.00525279054498;0.124097176625;0.0210111621799;0;0;0;0;0;0;0;0;0;0;0;0;0
ZM;2021;0.906884875847;0;0;0.00846501128668;0;0.00451467268623;0.0733634311512;0.00677200902935;0;0;0;0;0;0;0;0;0;0;0;0;0
ZM;2022;0.877760657422;0;0;0.00719054956343;0;0.00410888546482;0.11093990755;0;0;0;0;0;0;0;0;0;0;0;0;0;0
ZM;2023;0.878211716341;0;0;0.00770811921891;0;0.00411099691675;0.109455292909;0.000513874614594;0;0;0;0;0;0;0;0;0;0;0;0;0
ZM;2024;0.862068965517;0;0;0.00862068965517;0;0.00405679513185;0.108012170385;0.0172413793103;0;0;0;0;0;0;0;0;0;0;0;0;0
ZW;2000;0.456366237482;0;0;0;0;0;0.533619456366;0.0100143061516;0;0;0;0;0;0;0;0;0;0;0;0;0
ZW;2001;0.374683544304;0;0;0;0;0;0.621518987342;0.00379746835443;0;0;0;0;0;0;0;0;0;0;0;0;0
ZW;2002;0.444055944056;0;0;0;0;0;0.554778554779;0.0011655011655;0;0;0;0;0;0;0;0;0;0;0;0;0
ZW;2003;0.607508532423;0;0;0;0;0;0.391353811149;0.00113765642776;0;0;0;0;0;0;0;0;0;0;0;0;0
ZW;2004;0.565843621399;0;0;0;0;0;0.432098765432;0.00205761316872;0;0;0;0;0;0;0;0;0;0;0;0;0
ZW;2005;0.524572649573;0;0;0;0;0;0.473290598291;0.00213675213675;0;0;0;0;0;0;0;0;0;0;0;0;0
ZW;2006;0.665413533835;0;0;0;0;0.0125313283208;0.317042606516;0.00501253132832;0;0;0;0;0;0;0;0;0;0;0;0;0
ZW;2007;0.707894736842;0;0;0;0;0.00789473684211;0.280263157895;0.00394736842105;0;0;0;0;0;0;0;0;0;0;0;0;0
ZW;2008;0.748361730013;0;0;0;0;0.0104849279161;0.237221494102;0.00393184796855;0;0;0;0;0;0;0;0;0;0;0;0;0
ZW;2009;0.748971193416;0;0;0;0;0.0082304526749;0.240054869684;0.00274348422497;0;0;0;0;0;0;0;0;0;0;0;0;0
ZW;2010;0.671296296296;0;0;0;0;0.00810185185185;0.318287037037;0.00231481481481;0;0;0;0;0;0;0;0;0;0;0;0;0
ZW;2011;0.567066521265;0;0;0;0;0.00981461286805;0.418756815703;0.00436205016358;0;0;0;0;0;0;0;0;0;0;0;0;0
ZW;2012;0.589071038251;0;0;0;0;0.0131147540984;0.392349726776;0.00546448087432;0;0;0;0;0;0;0;0;0;0;0;0;0
ZW;2013;0.524109014675;0;0;0;0;0.0136268343816;0.455974842767;0.0062893081761;0;0;0;0;0;0;0;0;0;0;0;0;0
ZW;2014;0.550709939148;0;0;0;0;0.00101419878296;0.446247464503;0.00202839756592;0;0;0;0;0;0;0;0;0;0;0;0;0
ZW;2015;0.520333680918;0;0;0.00104275286757;0;0.00417101147028;0.473409801877;0.00104275286757;0;0;0;0;0;0;0;0;0;0;0;0;0
ZW;2016;0.415620641562;0;0;0.00139470013947;0;0.0320781032078;0.545327754533;0.00557880055788;0;0;0;0;0;0;0;0;0;0;0;0;0
ZW;2017;0.52582781457;0;0;0.00132450331126;0;0.0198675496689;0.447682119205;0.00529801324503;0;0;0;0;0;0;0;0;0;0;0;0;0
ZW;2018;0.535524920467;0;0;0.00106044538706;0;0.0201484623542;0.437963944857;0.00530222693531;0;0;0;0;0;0;0;0;0;0;0;0;0
ZW;2019;0.491745283019;0;0;0.00235849056604;0;0.0224056603774;0.477594339623;0.00589622641509;0;0;0;0;0;0;0;0;0;0;0;0;0
ZW;2020;0.56780923994;0;0;0.00298062593145;0;0.0149031296572;0.408345752608;0.00596125186289;0;0;0;0;0;0;0;0;0;0;0;0;0
ZW;2021;0.69194865811;0;0;0.00233372228705;0;0.0128354725788;0.292882147025;0;0;0;0;0;0;0;0;0;0;0;0;0;0
ZW;2022;0.657718120805;0;0;0.00335570469799;0;0.0123042505593;0.326621923937;0;0;0;0;0;0;0;0;0;0;0;0;0;0
ZW;2023;0.546546546547;0;0;0.003003003003;0;0.012012012012;0.438438438438;0;0;0;0;0;0;0;0;0;0;0;0;0;0
ZW;2024;0.555555555556;0;0;0.00389863547758;0;0.0116959064327;0.428849902534;0;0;0;0;0;0;0;0;0;0;0;0;0;0
