scenario;region;year;Hydro;Nuclear;Gas;Solar;Wind;Biomass;Coal;Oil;Geothermal;Waste;Biogas CCS;Biomass CCS;Coal CCS;Gas CCS;Wood CCS;Hydro, reservoir;Gas CCGT;Gas CHP;Solar, thermal;Wind, offshore;Lignite
geco-2025-1.5c;Algeria and Libya;2030;0.00152286858953;6.44432157761e-09;0.657966597773;0.077839650005;0.198456265989;0.00391848663165;9.10574885141e-05;0.00824063469496;0.000248070470317;0;0;0.00753270232438;0.000488483428336;0.0436951761603;0;0;0;0;0;0;0
geco-2025-1.5c;Algeria and Libya;2035;0.00161073256675;4.92028322978e-09;0.314287954726;0.163092036331;0.368145325441;0.00948786396428;9.99379350387e-05;0.0032813077688;0.000444807316524;0;0;0.0170194803895;0.00509329765154;0.117437250989;0;0;0;0;0;0;0
geco-2025-1.5c;Algeria and Libya;2040;0.00175218176979;0.0129799823497;0.137795396921;0.214977516915;0.417781949094;0.0088915348733;6.32888341014e-05;9.28970260692e-05;0.000545160323308;0;0;0.0516292882458;0.00878938742348;0.144701416224;0;0;0;0;0;0;0
geco-2025-1.5c;Algeria and Libya;2050;0.00194793455543;0.0130719189176;0.0462451908356;0.241179315823;0.456064095566;0.00924535502394;0.000204836011378;0.00473909589929;0.000972087987184;0;0;0.0966913836637;0.00835820564364;0.121280580073;0;0;0;0;0;0;0
geco-2025-1.5c;Algeria and Libya;2060;0.00166922010735;0.0116851757843;0.026878813287;0.261464340241;0.420905131028;0.011477934508;0.000188247328204;0.00633840789266;0.00266008818211;0;0;0.147373074225;0.00723220719565;0.102127360221;0;0;0;0;0;0;0
geco-2025-1.5c;Algeria and Libya;2070;0.00170943689175;0.00976466463615;0.0171560356728;0.255023336328;0.443401187633;0.00399738307576;6.08841823207e-05;0.00487632215715;0.00681988925026;0;0;0.166124604409;0.00424243799674;0.0868238177669;0;0;0;0;0;0;0
geco-2025-1.5c;Argentina;2030;0.0926863074085;0.0361436198853;0.419883211577;0.038736100545;0.328731271993;0.0368400776737;0.00935507918477;0.0028364441017;0.000527666906357;0;0;0.00428771915198;0.00189812103338;0.0280743805385;0;0;0;0;0;0;0
geco-2025-1.5c;Argentina;2035;0.0773627435653;0.0300490328449;0.205755461122;0.0643728770199;0.460266340729;0.0402640667415;7.61785648299e-05;8.18635323546e-08;0.00127059365273;0;0;0.0383246400705;0.00474657836017;0.0775114054661;0;0;0;0;0;0;0
geco-2025-1.5c;Argentina;2040;0.0655141101571;0.027977157386;0.0783191912262;0.0820563397334;0.538541866355;0.0407509610243;1.26118672626e-07;7.26443554327e-08;0.00119686923007;0;0;0.0757284614531;0.00518176223099;0.0847330824413;0;0;0;0;0;0;0
geco-2025-1.5c;Argentina;2050;0.0484226650152;0.029764881591;0.00395560644913;0.108995770121;0.645531433039;0.0132084410632;1.06224997291e-07;6.11855984398e-08;0.00151181795585;0;0;0.11216934814;0.00254368503014;0.0338961841856;0;0;0;0;0;0;0
geco-2025-1.5c;Argentina;2060;0.0429271674102;0.0454683793418;0.00483130222937;0.110999603107;0.547564046991;0.0237404137563;9.14499759488e-08;5.26751861464e-08;0.00207657508866;0;0;0.183077364851;0.00209138778997;0.0372236153102;0;0;0;0;0;0;0
geco-2025-1.5c;Argentina;2070;0.039360899259;0.0526706928453;0.00330438351471;0.108203635772;0.503584384397;0.00484532113608;8.64933069444e-08;4.88432792157e-08;0.00392056895636;0;0;0.260575502721;0.000881370189658;0.0226531058729;0;0;0;0;0;0;0
geco-2025-1.5c;Australia;2030;0.08745281349;5.29655705549e-09;0.384750223064;0.236119670408;0.235944109498;0.024343071756;0.0169376144668;0.0053332586778;0.000468084882508;0;0;3.99075957186e-07;0.00141608658115;0.00723466280385;0;0;0;0;0;0;0
geco-2025-1.5c;Australia;2035;0.0859782867861;4.68013542942e-09;0.314619541893;0.231375117229;0.286165853348;0.0234679025926;0.0303508766352;0.000473516555133;0.000907763436728;0;0;0.000102252070385;0.00909977587385;0.0174591088999;0;0;0;0;0;0;0
geco-2025-1.5c;Australia;2040;0.0864032535907;4.99674869092e-09;0.204962838108;0.221863912751;0.34660666005;0.0203542871647;0.0534104521031;0.000105780770503;0.0024169163558;0;0;0.00144308783098;0.03540361865;0.0270291876291;0;0;0;0;0;0;0
geco-2025-1.5c;Australia;2050;0.070387326193;4.14510714108e-09;0.0853544752725;0.211101410803;0.454471250417;0.0109070734171;0.0478646310216;0.000293273428018;0.0160122300724;0;0;0.015981706639;0.0714330666932;0.0161935518978;0;0;0;0;0;0;0
geco-2025-1.5c;Australia;2060;0.0548099992261;3.22841000807e-09;0.0317749621325;0.201222815572;0.493139628733;0.00748246671163;0.0197314449346;5.30697535573e-08;0.0488941395661;0;0;0.0407767348097;0.0628351410218;0.039332610995;0;0;0;0;0;0;0
geco-2025-1.5c;Australia;2070;0.0430203994446;2.59888212468e-09;0.0229326130039;0.18521781955;0.567079936393;0.00655327708356;0.00220504467941;4.27213499947e-08;0.0589245633641;0;0;0.0525634293377;0.0202356794475;0.0412671923766;0;0;0;0;0;0;0
geco-2025-1.5c;Brazil;2030;0.49780843879;0.023345791569;0.0462523206916;0.1433249358;0.21787212685;0.0643586120194;0.000376549320482;5.0811693849e-07;0.000395691796325;0;0;0.00312953478966;3.99191838962e-05;0.00309557107285;0;0;0;0;0;0;0
geco-2025-1.5c;Brazil;2035;0.403928074494;0.0227061582322;0.0127213859671;0.167058468664;0.253452755101;0.100214745118;5.26402848997e-08;2.80229243089e-08;0.000772212156889;0;0;0.0375189008786;4.33883412959e-05;0.00158383038347;0;0;0;0;0;0;0
geco-2025-1.5c;Brazil;2040;0.317333941647;0.0177511349783;0.0169212059565;0.190356237332;0.276939934033;0.102501738929;0.000161582013867;1.03284144709e-06;0.00229428588738;0;0;0.0694024068271;0.000830759220062;0.00550574033492;0;0;0;0;0;0;0
geco-2025-1.5c;Brazil;2050;0.213634514861;0.0071712135135;0.00503273930575;0.238312519772;0.308743704462;0.120424405847;2.51068295597e-08;1.44615338264e-08;0.0115964635524;0;0;0.0920341051173;0.00143795851347;0.0016123354875;0;0;0;0;0;0;0
geco-2025-1.5c;Brazil;2060;0.166684973327;0.00576716350406;0.00423012201318;0.265904382695;0.340620191978;0.07506592417;4.0382339995e-08;1.16301139186e-08;0.0172287099054;0;0;0.11753926173;0.00695920979837;8.86598312826e-09;0;0;0;0;0;0;0
geco-2025-1.5c;Brazil;2070;0.147244071292;0.00498895271763;0.0050906245397;0.24241825011;0.412402415672;0.0490425688614;0;1.06053910738e-08;0.0248750078067;0;0;0.0945264398291;0.0110679776108;0.00834368095449;0;0;0;0;0;0;0
geco-2025-1.5c;Canada;2030;0.547151746632;0.099797076566;0.114733950543;0.0457028810244;0.154586789286;0.0336168216973;9.78119224907e-06;0.00180401374585;0.000355487414635;0;0;0.000575584159892;0.000128546019539;0.0015373217191;0;0;0;0;0;0;0
geco-2025-1.5c;Canada;2035;0.495472435315;0.0846812994859;0.0712496562527;0.0769900494776;0.233756976696;0.026802313942;5.38995795833e-08;3.16797528979e-08;0.000682052099994;0;0;0.00576480203454;0.000327984441721;0.00427234467571;0;0;0;0;0;0;0
geco-2025-1.5c;Canada;2040;0.429594118607;0.0652447861181;0.0324393193401;0.11187891701;0.299106465885;0.015712859789;9.56110295317e-05;0.00416511665851;0.000815736181893;0;0;0.0277509045713;0.00201460750722;0.0111815573023;0;0;0;0;0;0;0
geco-2025-1.5c;Canada;2050;0.364444349095;0.0487271947138;0.00409536600017;0.130497725907;0.380475414056;0.00358645842272;5.27460739724e-05;2.47146657513e-08;0.00151774495838;0;0;0.0629835235562;0.000660995451815;0.00295845704969;0;0;0;0;0;0;0
geco-2025-1.5c;Canada;2060;0.330376730554;0.0364918704676;0.00600976973606;0.135317198707;0.387887115863;0.00775224584786;6.63627193226e-05;0.0016394173107;0.00439735819983;0;0;0.0826710299526;0.00143472942597;0.00595617121661;0;0;0;0;0;0;0
geco-2025-1.5c;Canada;2070;0.317909954564;0.0307375614885;0.00793775674965;0.127932860201;0.382202696106;0.00724569111186;3.84213886073e-05;0.00254232285682;0.0107855732042;0;0;0.104479741654;0.00204880027036;0.00613862040479;0;0;0;0;0;0;0
geco-2025-1.5c;Chile;2030;0.236695113195;1.02027610401e-08;0.140221937454;0.209191954995;0.208379456699;0.0785319162963;0.062860811953;0.0410769692178;0.00827038632185;0;0;3.2238005653e-06;0.00341196571875;0.0113562541466;0;0;0;0;0;0;0
geco-2025-1.5c;Chile;2035;0.236875728844;8.68855071309e-09;0.0744932312529;0.232097406219;0.252445658079;0.0653060697807;0.0667501321879;0.0218950319062;0.00802470502495;0;0;0.000327599394471;0.020932124206;0.0208523044162;0;0;0;0;0;0;0
geco-2025-1.5c;Chile;2040;0.221027924016;0.0337971566511;0.044380746743;0.253186030714;0.274339503627;0.047800589534;0.00104606492152;0.0690585652248;0.0161256762658;0;0;0.0109689706203;0.00187390523788;0.0263948664451;0;0;0;0;0;0;0
geco-2025-1.5c;Chile;2050;0.178808683052;0.0687084687422;0.0155818010439;0.20249621324;0.293300600723;0.0321534587302;2.29784799501e-07;0.0484419183748;0.0356414466125;0;0;0.0895846522512;0.00107371402578;0.0342088134194;0;0;0;0;0;0;0
geco-2025-1.5c;Chile;2060;0.145699957913;0.0635516838854;0.0137152681273;0.230693486012;0.261097920257;0.0205020289211;1.95569725798e-07;0.0151557226691;0.0430505427662;0;0;0.140801562785;1.47480723265e-07;0.0657314836138;0;0;0;0;0;0;0
geco-2025-1.5c;Chile;2070;0.144545240591;0.0573914004721;0.0191378363537;0.223782779549;0.272816420263;0.0190419136053;1.75641327371e-07;0.0158515372601;0.0614337191639;0;0;0.123470406584;1.32452555682e-07;0.0625284380639;0;0;0;0;0;0;0
geco-2025-1.5c;China;2030;0.140117299613;0.0437683124662;0.0248242119712;0.195924462377;0.236000166382;0.0374095669897;0.288060895969;0.000717971798178;0.000728557048376;0;0;0.00350961274489;0.0283801838526;0.000558758787072;0;0;0;0;0;0;0
geco-2025-1.5c;China;2035;0.122076307019;0.0440397666304;0.0378555652674;0.23548368758;0.311821263351;0.0338731816857;0.149255406087;0.000190390915357;0.00245342201946;0;0;0.00417323640395;0.0550495661628;0.00372820687744;0;0;0;0;0;0;0
geco-2025-1.5c;China;2040;0.108798511098;0.0392563609338;0.0307874817322;0.241209607914;0.341071584706;0.0438506601381;0.0988040070448;1.79867347831e-09;0.00379095237263;0;0;0.00920571078829;0.07286875929;0.0103563621829;0;0;0;0;0;0;0
geco-2025-1.5c;China;2050;0.0889293710353;0.0629348231685;0.0185166258966;0.217560844148;0.431444089722;0.0453948132178;0.0311973962436;0.000107276939342;0.00635889081222;0;0;0.0262027861852;0.0574433019611;0.0139097806708;0;0;0;0;0;0;0
geco-2025-1.5c;China;2060;0.0722869427149;0.0820023013933;0.0190820295078;0.200322462669;0.443968654666;0.0349339018429;0.00635755445739;0.000172772197741;0.0132387312008;0;0;0.081562985032;0.0259831766364;0.0200884876813;0;0;0;0;0;0;0
geco-2025-1.5c;China;2070;0.0600390678413;0.0633199851542;0.0137224229875;0.21286074268;0.474592229406;0.0187267790518;0.000587111519153;8.93223682925e-05;0.0261447721368;0;0;0.100624694782;0.00692950208036;0.022363369992;0;0;0;0;0;0;0
geco-2025-1.5c;EFTA;2030;0.76948155357;0.0827793506149;0.0212748066885;0.0417050782978;0.0467897903212;0.0105311789348;0.00267357692648;0.0024529461205;0.0220140272494;0;0;1.37206493851e-05;9.35468459701e-05;0.000190423781297;0;0;0;0;0;0;0
geco-2025-1.5c;EFTA;2035;0.727815551827;0.0798720424609;0.0242932458872;0.0483107322907;0.0817491474428;0.0115313352293;0.00193904268491;0.00225408530221;0.0191879682726;0;0;0.000176779594407;0.00139922498637;0.00147084402111;0;0;0;0;0;0;0
geco-2025-1.5c;EFTA;2040;0.663768149503;0.0731032273503;0.0234433071656;0.0587731283144;0.132359184556;0.00981836988321;0.00145192166671;0.00182370763186;0.020540108376;0;0;0.00392056287582;0.00725544002655;0.00374289265066;0;0;0;0;0;0;0
geco-2025-1.5c;EFTA;2050;0.570552773079;0.0623355468827;0.00961258498253;0.0672212606043;0.21272352132;0.00916063918706;2.4581586516e-05;0.000377651487729;0.0183893203372;0;0;0.0318790928177;0.011059476251;0.00666355146338;0;0;0;0;0;0;0
geco-2025-1.5c;EFTA;2060;0.520511669387;0.057460884653;0.00512937336577;0.0747262380713;0.267839267622;0.00602749449443;3.48837914738e-05;0.000141451347728;0.0230064316611;0;0;0.0250394035175;0.012576547172;0.00750635491679;0;0;0;0;0;0;0
geco-2025-1.5c;EFTA;2070;0.479612252768;0.0532764026357;0.005304195472;0.0850537357976;0.287602483639;0.00499952495655;0.000175039540381;0.000252756369774;0.0306415827889;0;0;0.0263801688919;0.0122397460474;0.0144621110931;0;0;0;0;0;0;0
geco-2025-1.5c;Egypt;2030;0.0555829332126;0.0469333324454;0.50893362546;0.151427448839;0.202710055073;0.000382086599229;1.61228465068e-07;0.00309043506057;0.000163289971564;0;0;6.63099431951e-06;1.04402882201e-07;0.0307698967122;0;0;0;0;0;0;0
geco-2025-1.5c;Egypt;2035;0.0406955606152;0.0566694264707;0.318722495703;0.203013886014;0.274165534247;0.00608190318487;2.47482428748e-07;6.47953995266e-08;0.000316127754929;0;0;0.00687407194089;0.00252551318856;0.090935168603;0;0;0;0;0;0;0
geco-2025-1.5c;Egypt;2040;0.0289540456279;0.0453448746233;0.154651813748;0.255184670627;0.365741040072;0.00632048053314;7.8848310044e-08;4.54166265854e-08;0.000683395965174;0;0;0.0291349236512;0.00981213601649;0.104172494871;0;0;0;0;0;0;0
geco-2025-1.5c;Egypt;2050;0.0162585065125;0.0487823796283;0.032585156593;0.311519464364;0.422417861847;0.0306155788087;0;2.63427484268e-08;0.00217059783404;0;0;0.0519334479731;0.0138700058539;0.0698469742426;0;0;0;0;0;0;0
geco-2025-1.5c;Egypt;2060;0.0116062625348;0.0602985055315;0.0122905479718;0.339273468332;0.441214336547;0.0263027107459;0.000630523387462;0.00419145371029;0.00624847641845;0;0;0.0502871838002;0.0151270621725;0.0325294688491;0;0;0;0;0;0;0
geco-2025-1.5c;Egypt;2070;0.00976078986335;0.0746173894514;0.00883110496724;0.292873417514;0.487560307946;0.0196412394342;0.000735606685645;0.00202834131975;0.0119333238625;0;0;0.0515295133292;0.0151967828477;0.0252921827788;0;0;0;0;0;0;0
geco-2025-1.5c;European Union;2030;0.117140918285;0.209786998544;0.113483394056;0.151903375213;0.215627902993;0.0859738771799;0.0612068545226;2.37243960127e-07;0.0257144343596;0;0;0.00183437539118;0.00852658071062;0.00880105150116;0;0;0;0;0;0;0
geco-2025-1.5c;European Union;2035;0.10197930481;0.185622648597;0.0776995383994;0.182413072803;0.256915471874;0.0931044207794;0.0232961187981;2.21295099976e-07;0.0331533477145;0;0;0.0142265485819;0.0123817397392;0.0192075666077;0;0;0;0;0;0;0
geco-2025-1.5c;European Union;2040;0.0841899434803;0.151471968358;0.0468030471465;0.207615057865;0.324734076787;0.0902315784547;0.00230948898276;1.81986262097e-07;0.0279730443147;0;0;0.0383977907018;0.00507565208233;0.0211981698398;0;0;0;0;0;0;0
geco-2025-1.5c;European Union;2050;0.0696313606661;0.0919458353762;0.0275673742334;0.218436789185;0.434026298657;0.0461458241237;4.35591599219e-05;1.56248744143e-07;0.0239860674988;0;0;0.065579864488;0.00136767081669;0.0212691995467;0;0;0;0;0;0;0
geco-2025-1.5c;European Union;2060;0.0677696635515;0.0701974374263;0.0253878396807;0.209012498008;0.473035120759;0.0375780510507;3.09153988598e-05;1.53022368895e-07;0.0248008903477;0;0;0.0750575113006;0.000915983320247;0.0162139361344;0;0;0;0;0;0;0
geco-2025-1.5c;European Union;2070;0.0657035987817;0.0676401837511;0.0245950935203;0.187586544527;0.451140317269;0.0306070597888;2.67538207304e-05;1.50468472443e-07;0.0252832995476;0;0;0.115324138038;0.000889422314072;0.0312034381736;0;0;0;0;0;0;0
geco-2025-1.5c;Iceland;2030;0.619002537879;6.52732775978e-08;0.0302207621105;0.0368007164731;0.0920201252495;2.83238929557e-05;5.61308230107e-05;0.0018094723789;0.220051964275;0;0;4.0432683974e-06;2.87820401705e-06;2.98017254023e-06;0;0;0;0;0;0;0
geco-2025-1.5c;Iceland;2035;0.564235067422;5.87047484065e-08;0.0392345709076;0.0451462900959;0.171652884994;1.14261144443e-06;2.05603573547e-06;1.14659266897e-06;0.179280394677;0;0;0.000444408171065;1.38374227145e-06;5.96045051537e-07;0;0;0;0;0;0;0
geco-2025-1.5c;Iceland;2040;0.509073804537;6.2196031098e-08;0.0433574199936;0.052401931201;0.20469949235;1.02950051475e-06;1.748003124e-06;1.0224005112e-06;0.185859776634;0;0;0.00460186730093;1.3191984096e-06;5.26685363343e-07;0;0;0;0;0;0;0
geco-2025-1.5c;Iceland;2050;0.441474920803;5.22116957775e-08;0.0181423126324;0.0669156059924;0.277478639993;0.00306898678913;0.000209204397465;0.00341837601361;0.154417617514;0;0;0.0147465259256;0.00421445536824;0.01591330236;0;0;0;0;0;0;0
geco-2025-1.5c;Iceland;2060;0.403550664452;4.66394071045e-08;0.00384913536076;0.0645612381804;0.283568660022;0.00423667901866;0.000187010179743;0.0012398335676;0.172279185514;0;0;0.0334872007837;0.0068456640259;0.0261946822557;0;0;0;0;0;0;0
geco-2025-1.5c;Iceland;2070;0.374492180945;4.14054209906e-08;0.00318358530297;0.0690116346397;0.291910581307;0.00080565685021;3.78131698544e-07;6.80637057379e-07;0.202551955248;0;0;0.0353446788598;0.00164397009924;0.0210546565737;0;0;0;0;0;0;0
geco-2025-1.5c;India;2030;0.0736088706747;0.0358165845577;0.0492076230545;0.267646524538;0.179918545;0.0720350888666;0.272161827324;0.016300664138;0.00087355219369;0;0;0.00212129601372;0.0271475127523;0.00316191088634;0;0;0;0;0;0;0
geco-2025-1.5c;India;2035;0.0606530474612;0.0388495799028;0.0261543822182;0.296271110237;0.249431533987;0.0536475960323;0.185563548487;0.00650993340265;0.00457557535055;0;0;0.00330915783854;0.0691648635738;0.00586967150926;0;0;0;0;0;0;0
geco-2025-1.5c;India;2040;0.0479860063684;0.0293811798224;0.0143985042735;0.310771744595;0.309282302665;0.0426062510474;0.1267760181;0.00601028573823;0.00455620496062;0;0;0.0049825708061;0.0980291603821;0.00521977124183;0;0;0;0;0;0;0
geco-2025-1.5c;India;2050;0.0298001402525;0.0164266930475;0.00910388699659;0.319357343218;0.392168403126;0.0245233921058;0.0510279753556;0.00297501753156;0.0334549313765;0;0;0.0261172610699;0.0902776247245;0.00476733119615;0;0;0;0;0;0;0
geco-2025-1.5c;India;2060;0.0214234421633;0.0106698923759;0.00556299176992;0.31718097133;0.408017545446;0.022573573302;0.0253232341503;0.0044617075156;0.0588921316813;0;0;0.0564503029755;0.067267884598;0.00217632269151;0;0;0;0;0;0;0
geco-2025-1.5c;India;2070;0.0169336237733;0.00729337111968;0.00411674668337;0.304001806751;0.427483735602;0.0166735391183;0.00957140671558;0.00246769340609;0.0422708741613;0;0;0.071674376926;0.0948478468342;0.0026649789091;0;0;0;0;0;0;0
geco-2025-1.5c;Indonesia;2030;0.0928254331675;2.1490773834e-09;0.257505403227;0.11299626895;0.0874650872078;0.0579688249584;0.237421114797;0.0254235957831;0.0984562733476;0;0;0.00150859826216;0.0188689308215;0.0095604673289;0;0;0;0;0;0;0
geco-2025-1.5c;Indonesia;2035;0.0951452145982;1.54989030413e-09;0.114836076376;0.251429664142;0.104783076084;0.0347187702692;0.226298584678;0.00341698128322;0.0745120520758;0;0;0.00209860224973;0.0727318536665;0.0200291230273;0;0;0;0;0;0;0
geco-2025-1.5c;Indonesia;2040;0.100745254232;1.66541507049e-09;0.0844616393692;0.316310991549;0.12835578285;0.0214529605795;0.137307388854;0.00151875017823;0.0726467820493;0;0;0.00611916463084;0.095452428255;0.0356288557876;0;0;0;0;0;0;0
geco-2025-1.5c;Indonesia;2050;0.123134971424;1.11008325624e-09;0.0334408145679;0.371321581995;0.167530064755;0.019519914336;0.0514319567118;1.82479439383e-08;0.0753748871846;0;0;0.0147556803062;0.0911560832816;0.0523340260794;0;0;0;0;0;0;0
geco-2025-1.5c;Indonesia;2060;0.152307164352;9.24977561903e-10;0.0269621456101;0.362178343276;0.144805448498;0.016614434296;0.0195670767119;0.0043093184098;0.0960090904641;0;0;0.0322884219418;0.0734586347078;0.0714999208067;0;0;0;0;0;0;0
geco-2025-1.5c;Indonesia;2070;0.143881349164;8.04101283716e-10;0.0216822790213;0.368408733127;0.126034155946;0.01262191176;0.00580265555367;0.00429146376725;0.106136150249;0;0;0.0469706218475;0.0513766562788;0.11279402248;0;0;0;0;0;0;0
geco-2025-1.5c;Iran;2030;0.0283839944098;0.0116022271434;0.471587634337;0.0108525824408;0.344568875159;0.0022576950458;0.00743609243775;0.0754243209945;0.000703068561236;0;0;0.0111464088035;0.00139882101679;0.0346382796512;0;0;0;0;0;0;0
geco-2025-1.5c;Iran;2035;0.0208665352545;0.00965460698461;0.325991086069;0.067276453965;0.413420611939;0.00245961692775;0.00908888636919;0.0209725081115;0.00748473641977;0;0;0.0461619509472;0.00334936154624;0.0732736454663;0;0;0;0;0;0;0
geco-2025-1.5c;Iran;2040;0.0205415328509;0.00926831872654;0.152226338226;0.168659597362;0.478461070909;0.00247439361956;0.00146650020124;4.12478336222e-08;0.00889062546264;0;0;0.0536749160144;0.00513586371738;0.0992008016625;0;0;0;0;0;0;0
geco-2025-1.5c;Iran;2050;0.0192334050704;0.00861142909474;0.025120960972;0.225249171971;0.558603110643;0.000587557427843;2.28948211906e-08;2.19790283438e-08;0.00891387823008;0;0;0.0559492192866;0.0057772257582;0.0919539966726;0;0;0;0;0;0;0
geco-2025-1.5c;Iran;2060;0.0190863750503;0.00571291325037;0.0328866136707;0.268432041731;0.430347803166;0.00108662476936;0.00408027080645;0.00374688197999;0.00438074527268;0;0;0.0691260526352;0.0170999986127;0.144013679056;0;0;0;0;0;0;0
geco-2025-1.5c;Iran;2070;0.0183562403504;0.00304022434383;0.0153631408136;0.272998708132;0.444819611179;0.00112487002552;0.00144304754703;0.00328539559505;0.00797932381763;0;0;0.104508302612;0.0119278444718;0.115153291111;0;0;0;0;0;0;0
geco-2025-1.5c;Japan;2030;0.0846418392016;0.188997902302;0.282940069798;0.133389146528;0.155128072469;0.00311099604664;0.0908107650484;0.0374712859925;0.00791291260218;0;0;1.26357624616e-08;0.00490353410406;0.0106934632715;0;0;0;0;0;0;0
geco-2025-1.5c;Japan;2035;0.0735341739856;0.171265721342;0.195949004792;0.179969906612;0.229233927024;0.00110139966963;0.0525825523772;0.0306577204259;0.0117877025988;0;0;3.46175359403e-05;0.0136188116383;0.0402644619989;0;0;0;0;0;0;0
geco-2025-1.5c;Japan;2040;0.0662349537293;0.147337500276;0.123220251636;0.199293975602;0.30861143627;0.0112736724312;0.026808754997;0.0216795135131;0.0126481436491;0;0;0.000389791726484;0.0173234386848;0.0651785674846;0;0;0;0;0;0;0
geco-2025-1.5c;Japan;2050;0.0596344606358;0.114099962987;0.0591443102526;0.174318340713;0.440841295735;0.00712527245809;0.00458387596474;0.00789367623069;0.0131102032983;0;0;0.000491833111711;0.00826147751107;0.110495291102;0;0;0;0;0;0;0
geco-2025-1.5c;Japan;2060;0.05653619445;0.10183455858;0.0377958805219;0.134402940592;0.472323994967;0.00612678985363;9.29207232267e-09;0.00769501291476;0.0216856173257;0;0;0.00121482217365;4.79302602821e-08;0.160384131399;0;0;0;0;0;0;0
geco-2025-1.5c;Japan;2070;0.0577848294587;0.0593288308162;0.0347062616664;0.116940098422;0.496587816053;0.00637310707619;5.82698116409e-09;0.00744659765824;0.037015858544;0;0;0.00170963516036;5.28188698456e-08;0.182106906499;0;0;0;0;0;0;0
geco-2025-1.5c;Malaysia;2030;0.146870174862;6.34662710684e-09;0.405798902301;0.0686260601788;0.00254241363949;0.0379468450896;0.271063573965;0.0101983469645;0.00477167839156;0;0;0.00125557175048;0.0319652611684;0.0189611653425;0;0;0;0;0;0;0
geco-2025-1.5c;Malaysia;2035;0.136711577835;5.40603512171e-09;0.268607753781;0.149104712003;0.00279865926953;0.0336795969736;0.234026447688;0.00369746604143;0.0206674207877;0;0;0.0200340136054;0.0944198607167;0.0362524858919;0;0;0;0;0;0;0
geco-2025-1.5c;Malaysia;2040;0.123308136084;5.50214966978e-09;0.186607039109;0.205915438994;0.00242758172357;0.0442436271477;0.162502159091;0.000444471313136;0.0298817485279;0;0;0.0424076929599;0.140355378571;0.0619067209763;0;0;0;0;0;0;0
geco-2025-1.5c;Malaysia;2050;0.0924092787418;4.18245232076e-09;0.107537246982;0.220695977254;0.00143880656874;0.0809049088908;0.0706550360116;7.52731604491e-06;0.0608235017248;0;0;0.136164366557;0.141844337337;0.0875190084341;0;0;0;0;0;0;0
geco-2025-1.5c;Malaysia;2060;0.0778256075233;3.64513981358e-09;0.0631495505992;0.213357190413;0.000142686418109;0.0909516478029;0.0163583971372;0.00015061376498;0.0661493559587;0;0;0.225355775632;0.124559753662;0.121999417443;0;0;0;0;0;0;0
geco-2025-1.5c;Malaysia;2070;0.0706396950816;3.36408759685e-09;0.0417175664129;0.192720744247;3.21410535815e-05;0.0683205483924;0.00413963267697;0.000171688668286;0.0530887292466;0;0;0.307355101335;0.104459144193;0.157355005328;0;0;0;0;0;0;0
geco-2025-1.5c;Mediterranean Middle-East;2030;0.0290687091548;1.13850363973e-08;0.63316854403;0.187218686285;0.0977308846216;0.00195573403208;0.00307205972417;0.00980231485429;0.000234985862876;0;0;0.00257489941315;0.000340350251564;0.0348328203856;0;0;0;0;0;0;0
geco-2025-1.5c;Mediterranean Middle-East;2035;0.0266495451901;9.74760695965e-09;0.412437199217;0.233104606272;0.198231001111;0.00335667539267;0.000466563541171;0.0295795652864;0.000798360076286;0;0;0.00234251546882;0.00445642947803;0.0885775292189;0;0;0;0;0;0;0
geco-2025-1.5c;Mediterranean Middle-East;2040;0.0231942536055;0.0339014935711;0.216459443458;0.277247897047;0.285163153368;0.00327926539093;0.000754158428008;0.0244314487751;0.00155579387155;0;0;0.0147566942592;0.0166736485807;0.102582749645;0;0;0;0;0;0;0
geco-2025-1.5c;Mediterranean Middle-East;2050;0.0176564513063;0.0406606120768;0.0675903436332;0.310003590513;0.392141423955;0.00189114410628;0.000616131961898;0.02293813758;0.00262576298393;0;0;0.0464080089552;0.0234442731324;0.0740241197964;0;0;0;0;0;0;0
geco-2025-1.5c;Mediterranean Middle-East;2060;0.0144000778916;0.0438623821628;0.0277255988789;0.306400675988;0.397118704773;0.00119306347125;0.000354928558761;0.0213088229669;0.00506848552919;0;0;0.0959051252004;0.0305064347536;0.0561556998251;0;0;0;0;0;0;0
geco-2025-1.5c;Mediterranean Middle-East;2070;0.0118444042051;0.0448756300804;0.0183185936152;0.322694814041;0.365449457336;0.00129790881431;0.000330366468371;0.0198195188684;0.012982948095;0;0;0.123171631624;0.0330701375959;0.0461445892557;0;0;0;0;0;0;0
geco-2025-1.5c;Mexico;2030;0.0840033238595;0.0230627197842;0.508644925093;0.112450985115;0.181636157811;0.0103271959993;0.0144894575847;0.0173717423768;0.0130477142444;0;0;6.8588323137e-07;0.00141145286382;0.0335536393853;0;0;0;0;0;0;0
geco-2025-1.5c;Mexico;2035;0.0671323760002;0.0181613870627;0.261870611675;0.203477421548;0.26483462624;0.0101571393429;0.000544222669153;0.0563906399935;0.0286236411334;0;0;0.00555880425373;0.00257550406463;0.0806736260166;0;0;0;0;0;0;0
geco-2025-1.5c;Mexico;2040;0.0506305058381;0.00725144870869;0.136397182487;0.267445177571;0.308301388177;0.00463742898382;0.000338266204745;0.0331290546457;0.0407163993965;0;0;0.024966044227;0.00740434548739;0.118782758273;0;0;0;0;0;0;0
geco-2025-1.5c;Mexico;2050;0.0351026101139;0.00183200482824;0.0518318837186;0.301788990733;0.365062704499;0.00429898732184;0.000191655951831;0.00490812827122;0.0546192414905;0;0;0.0650772376514;0.0117469253299;0.103539630091;0;0;0;0;0;0;0
geco-2025-1.5c;Mexico;2060;0.0298678331776;0.00154184999575;0.0243506328039;0.303288881339;0.379495455704;0.00473371273252;0.000133186103797;0.0134350632804;0.059550734732;0;0;0.108258727597;0.0118027690478;0.0635411534868;0;0;0;0;0;0;0
geco-2025-1.5c;Mexico;2070;0.0251992225462;1.25192934317e-09;0.019993497399;0.279451780712;0.37501857886;0.00375364431487;6.77413822672e-05;0.0113145972675;0.0669875080375;0;0;0.159805350712;0.00858386211628;0.0498242154004;0;0;0;0;0;0;0
geco-2025-1.5c;Morocco and Tunisia;2030;0.0445883625598;1.90031003499e-08;0.368664805076;0.122099438935;0.301752292913;0.00301311049461;0.12727867953;0.00280302167657;0.000323537962594;0;0;0.00419653578601;0.0138739363574;0.0114062597048;0;0;0;0;0;0;0
geco-2025-1.5c;Morocco and Tunisia;2035;0.0341344704521;1.43391712777e-08;0.273151420264;0.218999737438;0.324033141112;0.00201091089436;0.0792989604504;0.00426923263933;0.000424100487781;0;0;0.00355169060516;0.0318540740813;0.0282722472358;0;0;0;0;0;0;0
geco-2025-1.5c;Morocco and Tunisia;2040;0.026262853564;0.0233460776603;0.162790279356;0.240227650092;0.355119578199;0.00134351422995;0.065340309942;0.00607058900638;0.00134711177139;0;0;0.00453876460136;0.060143246235;0.053470025343;0;0;0;0;0;0;0
geco-2025-1.5c;Morocco and Tunisia;2050;0.0157424394863;0.0565334765844;0.0370159928253;0.252337920705;0.455152257342;0.0101729483158;0.0253895775764;0.00128655974433;0.00397973695831;0;0;0.0494566627667;0.0534013775773;0.0395310501181;0;0;0;0;0;0;0
geco-2025-1.5c;Morocco and Tunisia;2060;0.0110408910742;0.0751301991872;0.022257454886;0.250777181275;0.455056611978;0.0304952084692;0.00215583763986;0.000766641580118;0.00708715401468;0;0;0.0841255665379;0.0233192179687;0.0377880353888;0;0;0;0;0;0;0
geco-2025-1.5c;Morocco and Tunisia;2070;0.00819046305801;0.0715068919906;0.0148835332751;0.249535512009;0.462184702283;0.0173017307859;0.000928465274479;0.000461413534756;0.0100576179605;0;0;0.0914520420618;0.032059119439;0.0414385083271;0;0;0;0;0;0;0
geco-2025-1.5c;New Zealand;2030;0.606618053134;3.17802125452e-08;0.0489876054984;0.0190355548721;0.0826206260274;0.0490273781936;0.00211597251249;0.000728163435029;0.188534285374;0;0;3.15060304892e-07;0.000157377901273;0.00217463621066;0;0;0;0;0;0;0
geco-2025-1.5c;New Zealand;2035;0.558814619521;2.70503737132e-08;0.05622875361;0.0540658638549;0.117938050449;0.0379003027527;1.63023965014e-05;5.28761504694e-07;0.168120740058;0;0;0.00527546087624;6.72424903932e-06;0.00163262642082;0;0;0;0;0;0;0
geco-2025-1.5c;New Zealand;2040;0.478291577411;0.00481961131291;0.0336085343516;0.127609977958;0.184607742697;0.0188688646736;0.00386108006582;0.00225124957313;0.123935813852;0;0;0.0196761975723;0.000653650926702;0.00181569960572;0;0;0;0;0;0;0
geco-2025-1.5c;New Zealand;2050;0.419089928355;0.0178052375751;0.00732210125654;0.125860713043;0.293356452624;0.00989500214544;3.11189980197e-05;3.89833468015e-07;0.0619552341234;0;0;0.0498617309418;0.00434978349353;0.0104723076111;0;0;0;0;0;0;0
geco-2025-1.5c;New Zealand;2060;0.373647131271;0.0167089826329;0.00254934351197;0.0975409495556;0.337590995619;0.0096519501592;3.0105834716e-05;3.51886379798e-07;0.046837545788;0;0;0.0970084770406;0.00490902270889;0.0135251439924;0;0;0;0;0;0;0
geco-2025-1.5c;New Zealand;2070;0.353779790234;0.0155678103842;0.00961806989817;0.0580963434565;0.353660808894;0.00940177080153;6.0736606742e-05;0.000241866615183;0.0525874872039;0;0;0.127862286956;0.00449909978269;0.0146239291679;0;0;0;0;0;0;0
geco-2025-1.5c;Norway;2030;0.964213094754;1.125944739e-08;0.0118485555871;2.20982605293e-07;0.023820236789;2.0220675685e-07;3.98459260169e-07;2.04040605554e-07;0.000116656384249;0;0;1.03854151481e-07;2.13662556493e-07;1.02020302777e-07;0;0;0;0;0;0;0
geco-2025-1.5c;Norway;2035;0.959504023216;1.14322183167e-08;0.0127834726134;2.23468888941e-07;0.0275641115172;2.13017838714e-07;3.8392808647e-07;2.23468888941e-07;0.00014681693902;0;0;1.22185494696e-07;2.86478580352e-07;1.1173444447e-07;0;0;0;0;0;0;0
geco-2025-1.5c;Norway;2040;0.922205839427;1.31128891018e-08;0.0147557844157;0.00229960556549;0.0603575357947;2.15554341399e-07;3.908561549e-07;2.15554341399e-07;0.000379897561542;0;0;1.38573748774e-07;2.55806869298e-07;1.077771707e-07;0;0;0;0;0;0;0
geco-2025-1.5c;Norway;2050;0.817378410439;1.15460656386e-08;0.0111078529063;0.0245666271253;0.12164162383;1.97706603402e-07;3.20648477659e-07;1.89798339265e-07;0.0018027088968;0;0;0.0235017134572;2.48746540134e-07;9.48991696323e-08;0;0;0;0;0;0;0
geco-2025-1.5c;Norway;2060;0.752298986805;1.064857867e-08;0.0085191400908;0.0321906168517;0.197588267114;1.6410480827e-07;2.82504604052e-07;1.75045128822e-07;0.00453645890998;0;0;0.00486556777225;2.42630782415e-07;8.75225644111e-08;0;0;0;0;0;0;0
geco-2025-1.5c;Norway;2070;0.704522006799;9.87726706394e-09;0.00511312402397;0.0392054775986;0.23280188525;1.69131285341e-07;2.55388240865e-07;1.62366033928e-07;0.00949572181286;0;0;0.00841337941221;0.00044772715741;8.11830169639e-08;0;0;0;0;0;0;0
geco-2025-1.5c;Rest of Balkans;2030;0.393606212476;1.67466602809e-08;0.0354951234114;0.0721160392043;0.217644208018;0.0400041285257;0.208719132899;0.0112592693955;0.000479534422455;0;0;2.48534400675e-06;0.0199907633888;0.00068308616846;0;0;0;0;0;0;0
geco-2025-1.5c;Rest of Balkans;2035;0.348576338937;1.42369968427e-08;0.0320225931969;0.155900783038;0.244773150785;0.038145716465;0.117176043487;0.00731375578106;0.000689628616698;0;0;0.00377905012021;0.0469606356992;0.00466228963706;0;0;0;0;0;0;0
geco-2025-1.5c;Rest of Balkans;2040;0.300852046375;0.0215023821526;0.0167804435844;0.1972658092;0.27853542334;0.038894860079;0.0631163921365;0.00284067220605;0.000952722808501;0;0;0.012701751248;0.0586164815688;0.00794101530106;0;0;0;0;0;0;0
geco-2025-1.5c;Rest of Balkans;2050;0.230637228909;0.0456976112201;0.00453812503314;0.246845670502;0.361898165332;0.018984105732;0.0084425870937;1.90890291108e-07;0.00288762129487;0;0;0.0453389628294;0.030012460894;0.00471727026884;0;0;0;0;0;0;0
geco-2025-1.5c;Rest of Balkans;2060;0.221436919992;0.0443900211406;0.00206464798718;0.253555256082;0.342159148246;0.0204443990266;0.00266856569863;1.83942109331e-07;0.0072312062898;0;0;0.0821652796495;0.0215162450262;0.00236812692006;0;0;0;0;0;0;0
geco-2025-1.5c;Rest of Balkans;2070;0.214473132676;0.0436765285502;0.00642840697944;0.243725952665;0.345520235734;0.0183432285834;0.000563059540418;0.000731295474878;0.00960785405497;0;0;0.0937788177001;0.0174393303345;0.00571215770672;0;0;0;0;0;0;0
geco-2025-1.5c;Rest of CIS;2030;0.111240235887;0.0187610308089;0.419113875948;0.0532195183741;0.237527972865;0.0281583369692;0.029304401064;0.0658427045362;0.000168892767167;0;0;0.00922987713051;0.00453213888615;0.022901014764;0;0;0;0;0;0;0
geco-2025-1.5c;Rest of CIS;2035;0.102684903869;0.0185186991599;0.2315112785;0.116740262614;0.322909355647;0.023752417841;0.0185284537951;0.0370768926966;0.000203776709262;0;0;0.0227481662475;0.0162486052061;0.0890771877149;0;0;0;0;0;0;0
geco-2025-1.5c;Rest of CIS;2040;0.0962877160602;0.0239001416093;0.145095917729;0.16697905562;0.356734395138;0.0176497106822;0.0130586007733;0.0147869761916;0.000312919325155;0;0;0.033458394989;0.0220149883053;0.109721183578;0;0;0;0;0;0;0
geco-2025-1.5c;Rest of CIS;2050;0.0984682935848;0.0201357921982;0.0408461822888;0.231047328527;0.439703272324;0.00551284895544;0.00581068589388;2.6622296173e-08;0.00100755333703;0;0;0.0474834535034;0.0188636531706;0.0911209095951;0;0;0;0;0;0;0
geco-2025-1.5c;Rest of CIS;2060;0.122303650214;0.0199810796966;0.0302534824925;0.261522382141;0.302087843085;0.00463588743659;0.00274121321282;0.016879884991;0.00423294280946;0;0;0.0940859593172;0.0207095526877;0.120566121916;0;0;0;0;0;0;0
geco-2025-1.5c;Rest of CIS;2070;0.117127438654;0.0197163320949;0.0200029666464;0.268740022886;0.293738257025;0.00252518117733;0.00028578693828;0.00850848319607;0.00971725034258;0;0;0.121643804653;0.0138466808877;0.124147795499;0;0;0;0;0;0;0
geco-2025-1.5c;Rest of Central America;2030;0.184575289575;9.14553493586e-09;0.234170506912;0.146612903226;0.194091418608;0.0833553150455;0.0367405405405;0.082850292689;0.0237342666049;0;0;6.24928384606e-06;0.00344036617262;0.010422842197;0;0;0;0;0;0;0
geco-2025-1.5c;Rest of Central America;2035;0.147304045845;7.05339290327e-09;0.122136816325;0.22433581754;0.251007873564;0.0635701302056;0.0269416992739;0.0735594631052;0.0477043659794;0;0;0.00504180737991;0.0110107436356;0.0273872300937;0;0;0;0;0;0;0
geco-2025-1.5c;Rest of Central America;2040;0.11094544731;6.11610119494e-09;0.0700419609226;0.245701099991;0.306676743804;0.0502387792932;0.0147555828623;0.0520915879172;0.0748446651609;0;0;0.0264072792775;0.0139706133905;0.0343262339548;0;0;0;0;0;0;0
geco-2025-1.5c;Rest of Central America;2050;0.0683942058327;4.06771161039e-09;0.0171415038924;0.270184741902;0.377874620684;0.0202050572428;0.0050584733544;0.00906711956332;0.0786232891535;0;0;0.123720423766;0.0120752526648;0.0176553078761;0;0;0;0;0;0;0
geco-2025-1.5c;Rest of Central America;2060;0.0532756952405;3.33053887435e-09;0.00882748683087;0.269024657774;0.430160386738;0.0103214388232;0.00171925762441;0.00231552293452;0.0699965748829;0;0;0.138116420583;0.00762900610409;0.008613549134;0;0;0;0;0;0;0
geco-2025-1.5c;Rest of Central America;2070;0.0451994628047;2.82802325694e-09;0.00899845685489;0.265141707855;0.453428009698;0.00968420406964;0.000158253082255;0.00278904108705;0.0717979065009;0;0;0.129219840068;0.00360815090539;0.00997496424617;0;0;0;0;0;0;0
geco-2025-1.5c;Rest of Pacific;2030;0.175983442974;1.08551260256e-07;0.267503828812;0.0279129277848;0.166239929041;0.0223185423904;0.000257842412595;0.280805676695;0.0512079918257;0;0;0.000451211471653;0.000258057506098;0.00706044053515;0;0;0;0;0;0;0
geco-2025-1.5c;Rest of Pacific;2035;0.138071051072;7.2223664425e-08;0.146312799087;0.0704755513977;0.329121339322;0.0561784946342;0.00160763703511;0.107724710158;0.0946405335668;0;0;0.0208188065418;0.00865372276074;0.026395282201;0;0;0;0;0;0;0
geco-2025-1.5c;Rest of Pacific;2040;0.114141495492;7.0550430269e-08;0.0981366954855;0.118064856463;0.406393834086;0.0414536126894;0.00100727651983;0.0625829027958;0.0908597426842;0;0;0.0310494376503;0.00961680485477;0.0266932707292;0;0;0;0;0;0;0
geco-2025-1.5c;Rest of Pacific;2050;0.0757257050285;3.73457250655e-08;0.0157274103127;0.121137424594;0.522507620489;0.0981248268071;4.47637115512e-06;6.13902329845e-07;0.0633741062818;0;0;0.051824654147;0.0234399846524;0.0281331400678;0;0;0;0;0;0;0
geco-2025-1.5c;Rest of Pacific;2060;0.0562118167231;2.51670260246e-08;0.00391683389619;0.0921374590784;0.524736802035;0.0474774796775;0.00020871968501;4.13704537391e-07;0.0591641939872;0;0;0.129731709735;0.0382735592524;0.0481409870588;0;0;0;0;0;0;0
geco-2025-1.5c;Rest of Pacific;2070;0.0564553852794;1.85332694401e-08;0.00486741624856;0.0789422072997;0.535616775994;0.0225593895023;0.000415411809882;0.000740033871877;0.0514440066559;0;0;0.115553665557;0.0509724148363;0.0824332744119;0;0;0;0;0;0;0
geco-2025-1.5c;Rest of Persian Gulf;2030;0.00632429192148;0.0425909114472;0.632553601833;0.122624751945;0.130016893666;0.000524155549323;0.000796010649256;0.00820912523775;0.000251728909169;0;0;0.00214209287396;0.000409927254892;0.0535565087133;0;0;0;0;0;0;0
geco-2025-1.5c;Rest of Persian Gulf;2035;0.00484893283922;0.0353795010008;0.357535522483;0.209033709201;0.232524127544;0.00412288698203;0.000467113216147;0.00475439448287;0.000695319157369;0;0;0.014702641644;0.00541822397495;0.130517627475;0;0;0;0;0;0;0
geco-2025-1.5c;Rest of Persian Gulf;2040;0.00369738416296;0.0367831919541;0.15989718811;0.269168010991;0.3361547427;0.00338345284315;0.000693671511381;0.00530172819686;0.000860254559769;0;0;0.0334199618701;0.0111581774817;0.139482235618;0;0;0;0;0;0;0
geco-2025-1.5c;Rest of Persian Gulf;2050;0.00233726243225;0.0274980186065;0.0399241485327;0.29392177618;0.438387970149;0.0104149490157;0.00176086043011;0.00243406081947;0.00219254357736;0;0;0.0765929606009;0.0123620870324;0.0921733626243;0;0;0;0;0;0;0
geco-2025-1.5c;Rest of Persian Gulf;2060;0.00185566813715;0.022126478428;0.0288396750531;0.295851714362;0.477660958483;0.0114134004585;0.00034766100086;0.00269844518745;0.00597746390538;0;0;0.0863109540337;0.00793513774648;0.0589824432042;0;0;0;0;0;0;0
geco-2025-1.5c;Rest of Persian Gulf;2070;0.00148823961779;0.0217150217104;0.0208130861475;0.277038330135;0.476417983584;0.00718349735255;0.00015336817891;0.00163850776539;0.0131393652933;0;0;0.104481603985;0.00823699756353;0.0676939986661;0;0;0;0;0;0;0
geco-2025-1.5c;Rest of South America;2030;0.589745147991;3.56994574307e-09;0.229178172767;0.0850684045739;0.063654661429;0.0244994522393;0.000809873692194;0.00317434658317;0.000165190802113;0;0;3.24170588464e-08;4.38294893236e-05;0.00366088444635;0;0;0;0;0;0;0
geco-2025-1.5c;Rest of South America;2035;0.506892645624;2.88981566044e-09;0.152755999953;0.16899406962;0.130895985137;0.0220039235361;1.03869837375e-07;5.6442477668e-08;0.000407086912518;0;0;0.00471825796564;0.000605578790171;0.0127262892599;0;0;0;0;0;0;0
geco-2025-1.5c;Rest of South America;2040;0.40129119326;0.0026546361984;0.0959428324792;0.222326579493;0.203183605979;0.01903157466;6.9149356531e-07;4.3769263035e-08;0.0012651949252;0;0;0.0372050893926;0.00135742922449;0.0157411291254;0;0;0;0;0;0;0
geco-2025-1.5c;Rest of South America;2050;0.245659770758;0.0169991812772;0.022172510883;0.281174367986;0.289517352929;0.0217660449698;7.80282758896e-05;0.00142061384241;0.00566008027477;0;0;0.102906465913;0.00251398817844;0.0101315947122;0;0;0;0;0;0;0
geco-2025-1.5c;Rest of South America;2060;0.182115486878;0.0198349964028;0.00938341831149;0.285624354844;0.327679157934;0.0126794707373;0.000121140792643;0.00178709843911;0.0101381807376;0;0;0.140851293441;0.00388800087585;0.00589740060684;0;0;0;0;0;0;0
geco-2025-1.5c;Rest of South America;2070;0.155683587253;0.016963874659;0.00985719513006;0.276891091744;0.32274898543;0.00857960215555;0.000116705475351;0.00208417270973;0.0205200785044;0;0;0.179685982303;0.00270263455525;0.0041660900805;0;0;0;0;0;0;0
geco-2025-1.5c;Rest of South Asia;2030;0.255685204393;0.101816830792;0.195818930646;0.23878238861;0.095471617725;0.00938168198867;0.0834060505233;0.00843499960691;0.000116861478064;0;0;8.54861493281e-06;0.00396971441469;0.00710717120663;0;0;0;0;0;0;0
geco-2025-1.5c;Rest of South Asia;2035;0.207295358916;0.082061845757;0.128921313443;0.257592286191;0.166116801342;0.0246187692522;0.0816757242472;0.0023207742988;0.000120959318808;0;0;0.00280398157758;0.0257922205385;0.0206799651181;0;0;0;0;0;0;0
geco-2025-1.5c;Rest of South Asia;2040;0.1690065087;0.0545814150308;0.0769955216159;0.268126199954;0.223415952917;0.0163129847164;0.0862748026502;0.011334489185;0.0021290181538;0;0;0.00772786403375;0.0582044905053;0.0258907525374;0;0;0;0;0;0;0
geco-2025-1.5c;Rest of South Asia;2050;0.134964004709;0.0302916294061;0.046923962763;0.289948982546;0.325335023193;0.0223387610415;0.0314904430734;0.00865411710211;0.00979612318817;0;0;0.0229658318161;0.0530319036008;0.0242592175608;0;0;0;0;0;0;0
geco-2025-1.5c;Rest of South Asia;2060;0.119710067234;0.0195788156984;0.0271641537671;0.307737943666;0.326102436954;0.0311577207443;0.0199507248319;0.00457486206974;0.025725792401;0;0;0.0626679175322;0.0424643391633;0.0131652259376;0;0;0;0;0;0;0
geco-2025-1.5c;Rest of South Asia;2070;0.0969912396635;0.00757534826457;0.0180415752449;0.345459715701;0.33889673402;0.0205071365559;0.00279358113894;0.0037337904693;0.0200138304095;0;0;0.108435257204;0.0162135376442;0.0213382536846;0;0;0;0;0;0;0
geco-2025-1.5c;Rest of South-East Asia;2030;0.155053614266;0.0322616260586;0.268190525738;0.146252781872;0.171413913697;0.0284025080205;0.121955591202;0.0370282378103;0.0190161565363;0;0;2.59147663227e-05;0.00930123702997;0.0110978930027;0;0;0;0;0;0;0
geco-2025-1.5c;Rest of South-East Asia;2035;0.141383605815;0.0266116736898;0.103914077447;0.217283450253;0.240045536092;0.0264077149107;0.129482473969;0.0136585627522;0.0363524636575;0;0;0.000563002521174;0.0440076529244;0.0202897859684;0;0;0;0;0;0;0
geco-2025-1.5c;Rest of South-East Asia;2040;0.124678807718;0.0211045267652;0.0599357122433;0.249499600667;0.30695037419;0.0201707766789;0.0728534101105;0.00415572032854;0.0489610526627;0;0;0.0105370788511;0.0543259152624;0.026827024522;0;0;0;0;0;0;0
geco-2025-1.5c;Rest of South-East Asia;2050;0.0898456783499;0.0153134010145;0.0165645725569;0.244983652064;0.409548339093;0.0268992580827;0.0231838767144;0.00178787748707;0.0611382241205;0;0;0.0544183068261;0.040904108805;0.0154127048858;0;0;0;0;0;0;0
geco-2025-1.5c;Rest of South-East Asia;2060;0.0717854085526;0.0121344059504;0.00556843036209;0.247160569417;0.451558186075;0.0221626953756;0.00564354190407;0.000724436053994;0.0656112613455;0;0;0.0912671281415;0.0220639941947;0.00431994262746;0;0;0;0;0;0;0
geco-2025-1.5c;Rest of South-East Asia;2070;0.0586984068226;0.0101579889042;0.00370878122167;0.237517262981;0.496058582608;0.00927621244263;0.000591900755063;0.000458565048811;0.0509420262824;0;0;0.12503808534;0.00485043495593;0.0027017526375;0;0;0;0;0;0;0
geco-2025-1.5c;Rest of Sub-Saharan Africa;2030;0.369775712244;2.53160214652e-09;0.245310246629;0.172979626032;0.081717039905;0.0224614525352;0.0182998364084;0.0674228542173;0.0160898987446;0;0;0.000242618983181;0.00178280408824;0.00391790768191;0;0;0;0;0;0;0
geco-2025-1.5c;Rest of Sub-Saharan Africa;2035;0.278568391458;1.59940906448e-09;0.110718407511;0.247078947597;0.209623745021;0.060179656112;0.00781809425465;0.0412169930841;0.0237918780268;0;0;0.00612031525238;0.00325294383075;0.0116306262528;0;0;0;0;0;0;0
geco-2025-1.5c;Rest of Sub-Saharan Africa;2040;0.179773359553;1.1522752833e-09;0.0460394483285;0.26494241912;0.361574381606;0.0703665971706;0.00327884798779;0.0211360303064;0.0238301632048;0;0;0.0108905141173;0.00264672107967;0.0155215163732;0;0;0;0;0;0;0
geco-2025-1.5c;Rest of Sub-Saharan Africa;2050;0.110379688774;5.42988108189e-10;0.0180771960491;0.263031869559;0.394298624864;0.112268679938;0.00123209642378;0.00416414852832;0.0236940851636;0;0;0.0449967302942;0.00275970296815;0.0250971768957;0;0;0;0;0;0;0
geco-2025-1.5c;Rest of Sub-Saharan Africa;2060;0.0983142858389;3.8196730604e-10;0.0103606451585;0.288374415167;0.406459433415;0.0664498842325;0.000562834929951;0.00215900697221;0.0214925303258;0;0;0.0720614461561;0.00307950239602;0.0306860150258;0;0;0;0;0;0;0
geco-2025-1.5c;Rest of Sub-Saharan Africa;2070;0.0959917471904;2.83953698691e-10;0.0161245830646;0.313055711327;0.32792114126;0.0678080460031;0.00163163166408;0.0016507888143;0.026316040831;0;0;0.0903635644617;0.00668521333804;0.0524515317616;0;0;0;0;0;0;0
geco-2025-1.5c;Russian Federation;2030;0.148962607885;0.13125431238;0.398561753277;0.0226274951278;0.128163319655;0.00846541622786;0.0850956289114;0.0404664027793;0.0015376281609;0;0;0.00179017927395;0.00930463255499;0.0237706237668;0;0;0;0;0;0;0
geco-2025-1.5c;Russian Federation;2035;0.116467472704;0.0955566650025;0.213306996028;0.101311510994;0.265486986911;0.00890420890404;0.0405214352384;0.0235714254705;0.00182929952897;0;0;0.0087283422692;0.0175327877749;0.106782869174;0;0;0;0;0;0;0
geco-2025-1.5c;Russian Federation;2040;0.100010383099;0.12939344159;0.0822308088805;0.17847731849;0.313790239145;0.00725163070282;0.0107677931093;0.00753230812589;0.0018599468237;0;0;0.0274225439335;0.010808101784;0.130455484316;0;0;0;0;0;0;0
geco-2025-1.5c;Russian Federation;2050;0.090524056017;0.111578588339;0.0215069619999;0.235282827067;0.377141767987;0.00300650054171;0.00547844522023;0.00104251100143;0.0021103854848;0;0;0.0503551221861;0.0117905247248;0.0901823094311;0;0;0;0;0;0;0
geco-2025-1.5c;Russian Federation;2060;0.101851128296;0.115721320781;0.0092998739375;0.285907908026;0.295083562482;0.00347777687675;0.00336874387196;0.00310110065095;0.00365072578089;0;0;0.0828333837092;0.0120859657788;0.0836185098085;0;0;0;0;0;0;0
geco-2025-1.5c;Russian Federation;2070;0.103460257455;0.109441313696;0.0101615419208;0.261108729869;0.271215112847;0.00374834874505;0.000321748784395;0.00597086764665;0.00601063829787;0;0;0.0984172545603;0.00383653278619;0.126307653391;0;0;0;0;0;0;0
geco-2025-1.5c;Saudi Arabia;2030;6.48523245701e-09;2.72714905526e-09;0.617389455989;0.189236868572;0.0938760488381;0.00253385190188;4.56205088838e-05;0.0448518873012;0.000102918545935;0;0;0.00735697662555;0.000194173391701;0.0444121891139;0;0;0;0;0;0;0
geco-2025-1.5c;Saudi Arabia;2035;6.00626334276e-09;2.56598115008e-09;0.400885595595;0.253765920399;0.187614496387;0.00262579093954;5.99381366555e-05;1.36678203653e-07;0.000352723950933;0;0;0.00693429907462;0.00316685990049;0.144594230366;0;0;0;0;0;0;0
geco-2025-1.5c;Saudi Arabia;2040;5.23720002233e-09;0.00682219497131;0.273762049077;0.274451545289;0.263326688671;0.00205199402881;1.38115329001e-05;5.18607754266e-08;0.00067559156688;0;0;0.00773941040781;0.00560751837186;0.165549138985;0;0;0;0;0;0;0
geco-2025-1.5c;Saudi Arabia;2050;3.73275950013e-09;0.0119687324662;0.0990015302219;0.27259372609;0.367977556746;0.000694083142056;0.000107370568732;9.45711553175e-07;0.00285504392473;0;0;0.0481034174955;0.00586871971436;0.190828870186;0;0;0;0;0;0;0
geco-2025-1.5c;Saudi Arabia;2060;3.30012112512e-09;0.01237023911;0.0723016015432;0.281536270244;0.397229823696;0.000443788973128;5.49997756942e-05;7.75100937598e-07;0.00552302044152;0;0;0.0885887802252;0.00554811358844;0.136402584003;0;0;0;0;0;0;0
geco-2025-1.5c;Saudi Arabia;2070;3.35494652406e-09;0.0122296616113;0.0760870518103;0.267194485842;0.416832865784;0.000505939335496;5.33992285439e-05;7.45415095994e-07;0.0128827657386;0;0;0.090121416674;0.00559863461033;0.118493030595;0;0;0;0;0;0;0
geco-2025-1.5c;South Africa;2030;0.0488410867666;0.0494233148422;0.0258117625148;0.161376506011;0.177007977367;0.0374647625636;0.441417124512;0.00470930722397;0.000287921317175;0;0;0.0020839552487;0.0496454749837;0.00193080664973;0;0;0;0;0;0;0
geco-2025-1.5c;South Africa;2035;0.0480132007127;0.0470871431081;0.0310460602816;0.236119592769;0.247639682447;0.0556500807268;0.203483381992;1.20462777838e-07;0.000702160801078;0;0;0.00871594207748;0.0880800408235;0.0334625937978;0;0;0;0;0;0;0
geco-2025-1.5c;South Africa;2040;0.0399158897517;0.0507527130641;0.0221794305196;0.240406240574;0.287069890776;0.0575915987962;0.113091104236;1.01016478313e-07;0.00116579750405;0;0;0.0244478116604;0.103741467966;0.0596379541357;0;0;0;0;0;0;0
geco-2025-1.5c;South Africa;2050;0.0277108596357;0.0240943104882;0.012839734799;0.262781425131;0.449000637087;0.0442222138237;0.0160130224924;4.72035655282e-05;0.00389328817933;0;0;0.0568986275632;0.0504454210714;0.052053256163;0;0;0;0;0;0;0
geco-2025-1.5c;South Africa;2060;0.0192835407808;0.0224758408695;0.0109372153331;0.255596429139;0.476183923373;0.0278710892832;0.000147009229505;5.13931474511e-05;0.00805865154646;0;0;0.115687832636;0.0190184008652;0.0446886737965;0;0;0;0;0;0;0
geco-2025-1.5c;South Africa;2070;0.0159415649744;0.018632985479;0.00667378150368;0.217371148209;0.51784423658;0.00895149516207;2.62862643403e-05;4.20789489358e-05;0.0178847026175;0;0;0.163039226575;0.0113913047677;0.0222011889182;0;0;0;0;0;0;0
geco-2025-1.5c;South Korea;2030;0.00995374502433;0.247298644273;0.278943210616;0.21881079109;0.134174609276;0.00207132054698;0.0844627061115;0.00552534577223;0.00106290025212;0;0;4.64184967784e-06;0.00648890857802;0.0112031766093;0;0;0;0;0;0;0
geco-2025-1.5c;South Korea;2035;0.0091115724199;0.239405396851;0.169783388956;0.30433557095;0.206284735339;0.00339756807866;0.0173487644587;0.00249753654178;0.00184258588603;0;0;0.00037911842274;0.0106222585724;0.0349915035239;0;0;0;0;0;0;0
geco-2025-1.5c;South Korea;2040;0.00884448251368;0.222941457182;0.0981485594653;0.332028887662;0.261125906313;0.00312840451524;0.00456317746692;0.000878319299272;0.00191622555951;0;0;0.00139116436895;0.0133514174439;0.0516819982099;0;0;0;0;0;0;0
geco-2025-1.5c;South Korea;2050;0.00870672160254;0.16965682011;0.0362616945049;0.356579501472;0.344855899152;0.0104406296886;0.000698231513636;0.00131405922324;0.00291028904817;0;0;0.00405145687979;0.00781960042408;0.0567050963811;0;0;0;0;0;0;0
geco-2025-1.5c;South Korea;2060;0.0093208720796;0.168585998597;0.022053452846;0.346103107545;0.352052348863;0.016895510804;0.000339558384527;0.00197053146184;0.00693435093052;0;0;0.00777215130588;0.0135646047462;0.0544075124365;0;0;0;0;0;0;0
geco-2025-1.5c;South Korea;2070;0.00952232023914;0.140261868922;0.020943330684;0.354395416001;0.364585078171;0.0135636949442;0.000313873971506;0.00108069326576;0.014637535145;0;0;0.00758659920025;0.0124819989005;0.0606275905564;0;0;0;0;0;0;0
geco-2025-1.5c;Switzerland;2030;0.46916557315;0.255522313876;0.035300931116;0.117428350222;0.0737698113053;0.032498430662;0.00823481764792;0.00701545851898;0.000149191571755;0;0;4.09256814051e-05;0.000287494862408;0.000586701386092;0;0;0;0;0;0;0
geco-2025-1.5c;Switzerland;2035;0.416239945018;0.228699410495;0.0377007124396;0.12460796461;0.138922096276;0.0330173064265;0.00555088232162;0.00645348330704;0.000220568306117;0;0;0.000370919927982;0.00400557319446;0.00421113767702;0;0;0;0;0;0;0
geco-2025-1.5c;Switzerland;2040;0.353736191131;0.194625548579;0.0296061640141;0.138148802349;0.210270890683;0.0261393222544;0.00386437689389;0.00485473136477;0.000368054977564;0;0;0.00910564870216;0.0193157192223;0.00996454982907;0;0;0;0;0;0;0
geco-2025-1.5c;Switzerland;2050;0.291254743233;0.159734378953;0.00528585884139;0.121886331057;0.310943587149;0.0226052786913;3.28864153807e-06;2.42853528965e-07;0.00112076229024;0;0;0.0474460747112;0.0271470613037;0.0125723922759;0;0;0;0;0;0;0
geco-2025-1.5c;Switzerland;2060;0.256011507227;0.148487912708;0.00113465337221;0.132576897752;0.353811181137;0.0143279873326;3.47254883517e-05;2.25754867839e-07;0.00287697300348;0;0;0.0485700623961;0.0304836484495;0.0116842253786;0;0;0;0;0;0;0
geco-2025-1.5c;Switzerland;2070;0.223077034421;0.137984541007;0.00619886807747;0.148823205859;0.35663376082;0.0127014880005;0.000452841386098;0.000654215760067;0.00514334090843;0;0;0.046699548389;0.0306224850187;0.0310086703529;0;0;0;0;0;0;0
geco-2025-1.5c;Thailand;2030;0.0532060542981;7.59847555134e-09;0.520958269254;0.151945173701;0.104071582806;0.144328038987;0.00479854234954;0.000319824046313;0.000182708239945;0;0;6.95881813804e-08;0.000471006477871;0.0197187226529;0;0;0;0;0;0;0
geco-2025-1.5c;Thailand;2035;0.0416460332403;5.82752565005e-09;0.30947054496;0.279729932839;0.197224177893;0.107898152089;0.00406745746086;1.13912334966e-07;0.000373417791881;0;0;6.70097221014e-05;0.00356411524131;0.0559590390229;0;0;0;0;0;0;0
geco-2025-1.5c;Thailand;2040;0.0307631102439;5.12503985655e-09;0.192094801536;0.372674059751;0.230673012511;0.0700152619124;0.0129718210565;0.000557877554841;0.00614942547484;0;0;9.10124586443e-05;0.0158240578498;0.0681855545252;0;0;0;0;0;0;0
geco-2025-1.5c;Thailand;2050;0.0204659824165;3.70535648194e-09;0.0659855888704;0.480662142127;0.230290443268;0.0425610527273;0.00880550896836;0.000350058900787;0.0144425791311;0;0;0.0325051974392;0.0519187697878;0.0520126726576;0;0;0;0;0;0;0
geco-2025-1.5c;Thailand;2060;0.0176093937386;3.28814634503e-09;0.0486850229814;0.536737340543;0.188698686055;0.0181501173936;0.00593480386545;0.000422142062186;0.0154358600286;0;0;0.0400624597662;0.067060355878;0.0612038143999;0;0;0;0;0;0;0
geco-2025-1.5c;Thailand;2070;0.0163129921055;3.03714258968e-09;0.0474144416824;0.485152325182;0.183672584934;0.0155067624961;0.00316108990427;0.000417881003644;0.0101048442563;0;0;0.0773094938442;0.0760899562804;0.0848576252735;0;0;0;0;0;0;0
geco-2025-1.5c;Türkiye;2030;0.162820451792;0.0309488056084;0.28183447291;0.15786545785;0.219012895967;0.0263607612299;0.0776082958283;0.000231402544573;0.0242666068028;0;0;9.97617708153e-06;0.00802005798858;0.0110208153021;0;0;0;0;0;0;0
geco-2025-1.5c;Türkiye;2035;0.130131345577;0.0417817881634;0.172427073372;0.201706593434;0.277640193218;0.0198836100009;0.0710915495836;8.92317877547e-05;0.0330067477462;0;0;0.000866866096168;0.0260611856247;0.0253138153969;0;0;0;0;0;0;0
geco-2025-1.5c;Türkiye;2040;0.107276213597;0.0353429529694;0.096399858475;0.245768495316;0.343949475046;0.0131538342276;0.0434439339709;0.000293525231336;0.0466359256172;0;0;0.00380610810231;0.0315294638349;0.0324002136126;0;0;0;0;0;0;0
geco-2025-1.5c;Türkiye;2050;0.0757710611185;0.026224238968;0.0305002753087;0.255260363408;0.418345394478;0.00956078423661;0.0145696334461;0.000165981672304;0.0775333221899;0;0;0.0329564225596;0.0266906906316;0.032421831983;0;0;0;0;0;0;0
geco-2025-1.5c;Türkiye;2060;0.0597911796917;0.0217983065531;0.00567566242215;0.256079899309;0.458639684849;0.00440958203246;0.00268581329585;7.31021462314e-05;0.0870097884826;0;0;0.0576013861419;0.0118818346764;0.0343537604002;0;0;0;0;0;0;0
geco-2025-1.5c;Türkiye;2070;0.0538077477012;0.0211216071495;0.00444240924702;0.241730492263;0.476920122604;0.00287676797518;0.000361859743713;4.17703017098e-05;0.0914683445474;0;0;0.0783972820267;0.00423231286237;0.0245992835777;0;0;0;0;0;0;0
geco-2025-1.5c;Ukraine;2030;0.0402306564459;0.402575204432;0.237428342993;0.0901542957795;0.140124774903;0.0225531818584;0.0485287779341;0.00448753727011;0.00024224830993;0;0;0.00480760260965;0.00548015705106;0.0033872204127;0;0;0;0;0;0;0
geco-2025-1.5c;Ukraine;2035;0.0355560795822;0.360894076752;0.109344268022;0.145344023476;0.237961361771;0.0307696204301;1.28386522035e-06;0.00024289987598;0.000839516410767;0;0;0.0129708815875;0.0026840512498;0.0633919369771;0;0;0;0;0;0;0
geco-2025-1.5c;Ukraine;2040;0.0298293923081;0.303731716605;0.0666643023004;0.163101326783;0.346935781323;0.0144368079562;2.0159333398e-07;0.000210760230862;0.000865132192962;0;0;0.0175401880044;0.00174983387216;0.0549345568307;0;0;0;0;0;0;0
geco-2025-1.5c;Ukraine;2050;0.0270685512037;0.144440470978;0.0269656124355;0.179912903107;0.481763461416;0.00838081996745;1.80477061031e-07;0.000163131878599;0.00123422513511;0;0;0.0677845103891;0.00130026035487;0.0609858726567;0;0;0;0;0;0;0
geco-2025-1.5c;Ukraine;2060;0.0269727028019;0.114854510528;0.00991801282071;0.177287793808;0.506393396625;0.00652721548845;1.6650273342e-07;6.89059228722e-05;0.00213716896019;0;0;0.101808404688;0.000869557441901;0.0531621644122;0;0;0;0;0;0;0
geco-2025-1.5c;Ukraine;2070;0.0277190043846;0.106596285424;0.0080803192368;0.179513899957;0.487549011369;0.00571009612459;1.56488627044e-07;4.32853338279e-05;0.00488748293839;0;0;0.123164953503;0.000745323453298;0.0559901817876;0;0;0;0;0;0;0
geco-2025-1.5c;United Kingdom;2030;0.0236909159324;0.122491612054;0.184732087423;0.10303596626;0.415458906902;0.129391364335;0;0.0121241416074;0.00505446677746;0;0;0;0;0.00402053870998;0;0;0;0;0;0;0
geco-2025-1.5c;United Kingdom;2035;0.0199067787393;0.0892658307827;0.0834673647903;0.142952731642;0.478100772183;0.130632247306;5.80043399676e-08;0.00941094521179;0.00637868133348;0;0;0.0312374086561;2.90021699838e-08;0.00864715234943;0;0;0;0;0;0;0
geco-2025-1.5c;United Kingdom;2040;0.0153603964912;0.157927464603;0.0414268413996;0.128173718501;0.490524159461;0.0911518847486;1.04556660415e-07;0.00686829368028;0.00396457809705;0;0;0.0576345392422;5.22783302075e-08;0.00696796694072;0;0;0;0;0;0;0
geco-2025-1.5c;United Kingdom;2050;0.0114685316914;0.186652261486;0.0053985645811;0.065062496813;0.583022602111;0.0286949926062;9.17852225792e-08;4.58926112896e-08;0.00484182155423;0;0;0.10876708225;4.58926112896e-08;0.0060914633369;0;0;0;0;0;0;0
geco-2025-1.5c;United Kingdom;2060;0.011356885239;0.174598258462;0.00180570753928;0.03550997211;0.684073272825;0.00236453369797;8.91984681402e-08;4.45992340701e-08;0.00646581236421;0;0;0.0838253444439;4.45992340701e-08;3.49218197107e-08;0;0;0;0;0;0;0
geco-2025-1.5c;United Kingdom;2070;0.0108554306777;0.170406217257;0.0026885717947;0.0337026902754;0.686420478958;0.00965453819075;8.683657086e-08;4.341828543e-08;0.0117539552098;0;0;0.0725447185726;4.341828543e-08;0.00197322539065;0;0;0;0;0;0;0
geco-2025-1.5c;United States;2030;0.0708410266943;0.165691836619;0.380443389089;0.13142726604;0.1979624557;0.00435039390707;0.00543727771339;0.00141431813943;0.0138513778888;0;0;0.00709179428389;0.00114255265193;0.0203463112736;0;0;0;0;0;0;0
geco-2025-1.5c;United States;2035;0.0672898288038;0.146141742919;0.2260194834;0.173079359169;0.238360430117;0.0176876011908;0.00640411352722;8.70048608107e-06;0.0267842778967;0;0;0.0137979669655;0.0106655641771;0.0737609313481;0;0;0;0;0;0;0
geco-2025-1.5c;United States;2040;0.0662044560771;0.108574767356;0.123407590297;0.195217908696;0.280136536997;0.0151416958673;0.0153848055617;0.00059558578723;0.0326295156596;0;0;0.0341523795082;0.0279256397493;0.100629118443;0;0;0;0;0;0;0
geco-2025-1.5c;United States;2050;0.0665183027974;0.0964467728982;0.0252436745202;0.199822864048;0.335225285407;0.00501429847408;0.00292349378148;4.32331814668e-09;0.0368385692819;0;0;0.133831165419;0.034760678821;0.0633748902283;0;0;0;0;0;0;0
geco-2025-1.5c;United States;2060;0.0707911320617;0.0916648000377;0.00280907452772;0.187982143137;0.294748090688;0.0020245196581;0.00066513817097;4.10896167395e-09;0.0480037966806;0;0;0.225362280588;0.0310487696656;0.0449002506752;0;0;0;0;0;0;0
geco-2025-1.5c;United States;2070;0.072953592548;0.0753597327662;0.00184254339496;0.205825028744;0.271527539903;0.0017551825682;0.000146575004182;3.82369576127e-09;0.0467355159201;0;0;0.266974952137;0.025023300646;0.0318560325439;0;0;0;0;0;0;0
geco-2025-1.5c;Vietnam;2030;0.280771808842;3.83197143535e-09;0.172266862453;0.128173943888;0.265255822081;0.0146067796699;0.102685760189;0.00187245019053;0.00553330637561;0;0;0.00966808464024;0.010367855904;0.0087973219339;0;0;0;0;0;0;0
geco-2025-1.5c;Vietnam;2035;0.23318738448;3.09454926141e-09;0.0909829623771;0.227438943797;0.272878898817;0.0174651474559;0.0849567083673;6.04215663032e-08;0.00696142402928;0;0;0.0132457919946;0.0328288412276;0.0200538339372;0;0;0;0;0;0;0
geco-2025-1.5c;Vietnam;2040;0.19095045747;0.0642225707384;0.0498894777804;0.282259460786;0.252984099929;0.0221627727545;0.0441858588711;4.84112535993e-08;0.00762556450379;0;0;0.0260020541164;0.0343363539938;0.0253812806458;0;0;0;0;0;0;0
geco-2025-1.5c;Vietnam;2050;0.140747104349;0.134458436009;0.0209053321175;0.297548085014;0.298881930786;0.0292620893903;0.00351763514922;3.6172088712e-08;0.0102707395434;0;0;0.0350561546558;0.00621525658319;0.0231372002301;0;0;0;0;0;0;0
geco-2025-1.5c;Vietnam;2060;0.115501126056;0.149563784048;0.00918330680104;0.311235276667;0.256534882652;0.0229603561595;0.00479482390497;0.000906075685975;0.0193345116178;0;0;0.0839731376211;0.012222089909;0.013790628878;0;0;0;0;0;0;0
geco-2025-1.5c;Vietnam;2070;0.0980340846207;0.138661751878;0.0105640751475;0.301424725888;0.280507798944;0.0139799469128;7.72343997674e-09;0.00216244126171;0.0300419103895;0;0;0.108912274778;7.33142932178e-08;0.0157109091421;0;0;0;0;0;0;0
geco-2025-1.5c;World;2030;0.140478943598;0.0824262147305;0.19717355669;0.156270238801;0.199732787461;0.0361654571454;0.142882327217;0.0115403890679;0.00761145257916;0;0;0.00174116334037;0.0137498289679;0.0102276404006;0;0;0;0;0;0;0
geco-2025-1.5c;World;2035;0.121501866287;0.0725501963008;0.126268041872;0.203701358938;0.268637588643;0.0394491925946;0.0814624302615;0.00650835102899;0.0116717885139;0;0;0.00484665233429;0.030402229872;0.033000303354;0;0;0;0;0;0;0
geco-2025-1.5c;World;2040;0.105138607291;0.0625810863224;0.0711995353103;0.231523163713;0.316479755303;0.0459896069806;0.0540457226678;0.00400701078455;0.0134256524129;0;0;0.0109172289938;0.0414979991508;0.0431946310699;0;0;0;0;0;0;0
geco-2025-1.5c;World;2050;0.0840244688982;0.0539653991823;0.025522009791;0.243879223882;0.394761291862;0.0573337083791;0.0199309858875;0.00148711348261;0.019513037104;0;0;0.0271403893089;0.0372072440667;0.0352351281549;0;0;0;0;0;0;0
geco-2025-1.5c;World;2060;0.0736426422813;0.0524237757189;0.0171910720732;0.246539525929;0.397938876188;0.0682692816749;0.00790795331488;0.00215992058717;0.0283414631212;0;0;0.0472860064974;0.0256764528938;0.0326230297196;0;0;0;0;0;0;0
geco-2025-1.5c;World;2070;0.0658355895019;0.0416785476467;0.0142092694606;0.248815902909;0.406122862206;0.0706784370127;0.00304327042502;0.00171971185057;0.0316614933087;0;0;0.0583072578002;0.0221378666839;0.0357897911939;0;0;0;0;0;0;0
geco-2025-ndc-lts;Algeria and Libya;2030;0.00160426873044;6.63107133665e-09;0.643631717019;0.0793643411553;0.20870813786;0.00902827006696;0.00010064071594;0.00659269159393;0.000282147691617;0;0;0.0057624248773;0.000561802673939;0.0443635509841;0;0;0;0;0;0;0
geco-2025-ndc-lts;Algeria and Libya;2035;0.00178003778109;5.35670432666e-09;0.298450612126;0.170703309478;0.377146074763;0.0169802375849;1.81639844517e-07;1.55603225924e-07;0.000439243987939;0;0;0.0254406582628;0.0036266356668;0.105432847749;0;0;0;0;0;0;0
geco-2025-ndc-lts;Algeria and Libya;2040;0.00187090410045;0.0135331948094;0.157959313473;0.227776011065;0.417828837479;0.0124750610545;1.54372921754e-07;8.89188029306e-08;0.00055479219861;0;0;0.0245799975918;0.00752994062817;0.135891704308;0;0;0;0;0;0;0
geco-2025-ndc-lts;Algeria and Libya;2050;0.00179224953576;0.0133368040142;0.066707726061;0.244404108109;0.463119754759;0.00656195746402;0.000296464321323;0.00189329283173;0.00104405827955;0;0;0.0212600430891;0.0101819318523;0.169401609683;0;0;0;0;0;0;0
geco-2025-ndc-lts;Algeria and Libya;2060;0.00148264153918;0.0111341783931;0.0395830970101;0.262777315279;0.446707593041;0.0086508716241;0.000541585515678;0.00582226058936;0.00333794828511;0;0;0.0209893467097;0.0110284337683;0.187944728246;0;0;0;0;0;0;0
geco-2025-ndc-lts;Algeria and Libya;2070;0.00123074332682;0.011017228584;0.0288153852292;0.262141004668;0.457613214699;0.00676215935842;0.000297187088537;0.00352492518852;0.00906033116546;0;0;0.0174794717312;0.0125949966085;0.189463352352;0;0;0;0;0;0;0
geco-2025-ndc-lts;Argentina;2030;0.0756709108717;0.032873210957;0.513636697103;0.0338428485672;0.301268522322;0.0186872768633;0.00848749170642;0.00502094720546;0.000505987172601;0;0;0.00770177877476;0.000519711857445;0.00178461659979;0;0;0;0;0;0;0
geco-2025-ndc-lts;Argentina;2035;0.0938517524218;0.0320317305449;0.159877768317;0.0680867438922;0.502643707068;0.0360377421378;1.33321617192e-07;8.72650585252e-08;0.0017354571871;0;0;0.0516000109081;0.00209307666902;0.0520417902669;0;0;0;0;0;0;0
geco-2025-ndc-lts;Argentina;2040;0.0837744349032;0.0255237963678;0.0384062833011;0.127674941785;0.566447149567;0.0283808546507;1.26861337739e-07;8.11912561528e-08;0.00182790893047;0;0;0.0817987810035;0.00188680585705;0.0442788355821;0;0;0;0;0;0;0
geco-2025-ndc-lts;Argentina;2050;0.0651518245541;0.0323115134016;0.00242506126171;0.136998033927;0.599562145015;0.0190369564804;1.17759958589e-07;6.83851604202e-08;0.00479241019699;0;0;0.13270995194;8.73955226716e-08;0.00701182968296;0;0;0;0;0;0;0
geco-2025-ndc-lts;Argentina;2060;0.058974183699;0.0348293240699;0.00450002796438;0.131574270285;0.465472276943;0.0240472950159;1.03571776277e-07;5.96573431354e-08;0.00457912407277;0;0;0.264555459579;0.000647255244357;0.0108206198978;0;0;0;0;0;0;0
geco-2025-ndc-lts;Argentina;2070;0.0537176978871;0.0204926949082;0.00122976149288;0.1437198504;0.505577315585;0.00426082310569;9.53138633385e-08;5.53503407505e-08;0.0347094468425;0;0;0.236292142174;7.07371589131e-08;4.62031203755e-08;0;0;0;0;0;0;0
geco-2025-ndc-lts;Australia;2030;0.0766707131812;4.97188915715e-09;0.352850374034;0.234583457668;0.232559409164;0.0205853684589;0.077802853922;0.00445412744486;0.000492528191445;0;0;1.02575753466e-06;9.2121503947e-08;4.50858584489e-08;0;0;0;0;0;0;0
geco-2025-ndc-lts;Australia;2035;0.076154535719;4.42850782726e-09;0.31466239306;0.228563779224;0.283146425692;0.0251980218273;0.0577565066721;0.000899160118883;0.000946227537512;0;0;0.000809835513254;0.00709091893583;0.00477219127149;0;0;0;0;0;0;0
geco-2025-ndc-lts;Australia;2040;0.0726382353174;4.62389911877e-09;0.207483405956;0.225899905252;0.346177497552;0.0331616701988;0.06932021821;0.00311730504802;0.00164382846179;0;0;0.00698338088313;0.0240788490925;0.00949569940433;0;0;0;0;0;0;0
geco-2025-ndc-lts;Australia;2050;0.0549469082722;3.599021362e-09;0.107302007605;0.211964280946;0.459881799264;0.0324392819213;0.0453834128665;0.000174793292509;0.00697558755873;0;0;0.0180150123562;0.0492788604742;0.0136380518448;0;0;0;0;0;0;0
geco-2025-ndc-lts;Australia;2060;0.0452963239327;2.8859030554e-09;0.0547743411592;0.180919107413;0.536068022975;0.0206478786471;0.0176960873941;4.74395022806e-08;0.017853839302;0;0;0.0525917946133;0.0448362595929;0.0293162946454;0;0;0;0;0;0;0
geco-2025-ndc-lts;Australia;2070;0.0376930058498;2.45011320586e-09;0.0285708092506;0.164350573161;0.594539827625;0.0221862505576;0.00224803480503;4.0275833521e-08;0.0266410226817;0;0;0.0766563786152;0.0171854744088;0.0299285803188;0;0;0;0;0;0;0
geco-2025-ndc-lts;Brazil;2030;0.480012636417;0.0231072805297;0.117594145172;0.148682882598;0.210787014876;0.00180561706109;0.0176089600494;9.73807166826e-05;0.000304018453028;0;0;1.60318514883e-08;3.20637029767e-08;1.60318514883e-08;0;0;0;0;0;0;0
geco-2025-ndc-lts;Brazil;2035;0.428461595205;0.024245062582;0.106553044425;0.16860104499;0.259691199038;3.68022965266e-06;0.0119416176882;5.40617788939e-07;0.000502155380225;0;0;1.4961085593e-08;2.9922171186e-08;1.4961085593e-08;0;0;0;0;0;0;0
geco-2025-ndc-lts;Brazil;2040;0.352811493267;0.0203736321044;0.061610088235;0.193883267304;0.270048869935;0.0831983190761;0.0168373928184;0.000359400943753;0.00087748786663;0;0;1.21123419718e-08;2.42246839436e-08;1.21123419718e-08;0;0;0;0;0;0;0
geco-2025-ndc-lts;Brazil;2050;0.246938102647;0.00880745938004;0.0478503876032;0.248833604229;0.288627568934;0.0960487645402;0.0599289526443;0.000163906804024;0.00280121990016;0;0;8.32933255439e-09;1.66586651088e-08;8.32933255439e-09;0;0;0;0;0;0;0
geco-2025-ndc-lts;Brazil;2060;0.187464766429;0.00688908494514;0.0722574304264;0.271338988802;0.313980771406;0.0604352383667;0.0819450158127;4.86139576971e-05;0.00564006379369;0;0;6.5151001018e-09;1.30302002036e-08;6.5151001018e-09;0;0;0;0;0;0;0
geco-2025-ndc-lts;Brazil;2070;0.159159069437;0.00585167031388;0.100391227965;0.259073878181;0.401449866359;0.0388071147215;0.0260818769531;2.39773415483e-07;0.00918503304048;0;0;5.81400043605e-09;1.16280008721e-08;5.81400043605e-09;0;0;0;0;0;0;0
geco-2025-ndc-lts;Canada;2030;0.552465176488;0.100724811566;0.101933715022;0.0469289547174;0.16172325636;0.0338975034971;6.50862108102e-08;0.00136404140817;0.000309744388483;0;0;1.8939269144e-08;3.83901089422e-08;0.000652674137016;0;0;0;0;0;0;0
geco-2025-ndc-lts;Canada;2035;0.493771948288;0.0852824336151;0.0699270402907;0.0745742170623;0.240585361531;0.0290621254251;5.7605601037e-08;3.19046405743e-08;0.000464289180117;0;0;0.00166315124794;0.000588363668591;0.00408098018146;0;0;0;0;0;0;0
geco-2025-ndc-lts;Canada;2040;0.432907320466;0.0610395293572;0.0391419849688;0.107591916382;0.303001410383;0.0155745860623;3.9365134566e-05;0.00419227573948;0.000525782955621;0;0;0.024408315462;0.00145743735389;0.0101200757356;0;0;0;0;0;0;0
geco-2025-ndc-lts;Canada;2050;0.368933222643;0.0451790933776;0.00232634601083;0.129084729933;0.383412891956;0.00286592642557;3.37259378405e-08;2.49053079438e-08;0.00115661564538;0;0;0.063288451893;0.000548439959183;0.00320422352514;0;0;0;0;0;0;0
geco-2025-ndc-lts;Canada;2060;0.336413183695;0.0375145930083;0.00403016157121;0.131652315531;0.384725715944;0.0054606875645;2.13735165119e-05;0.00113629547214;0.00262753966718;0;0;0.0897897316821;0.000849401767286;0.0057790005805;0;0;0;0;0;0;0
geco-2025-ndc-lts;Canada;2070;0.3275566739;0.0328974098527;0.00605955184142;0.12092201856;0.380113732552;0.00741493143728;1.46051679825e-05;0.00149011188574;0.00586075842221;0;0;0.111172414854;0.00108405281869;0.00541373870754;0;0;0;0;0;0;0
geco-2025-ndc-lts;Chile;2030;0.213351316174;1.05880577589e-08;0.254371874183;0.209009969159;0.186768464636;0.00243362260556;0.125008473389;0.000598018429268;0.00845774922784;0;0;1.2540202024e-07;2.5080404048e-07;1.2540202024e-07;0;0;0;0;0;0;0
geco-2025-ndc-lts;Chile;2035;0.18125403474;9.00441381795e-09;0.165867867706;0.247957483223;0.235091354021;0.000772197450795;0.161305313096;2.16187001757e-07;0.00775109219813;0;0;1.08093500878e-07;2.16187001757e-07;1.08093500878e-07;0;0;0;0;0;0;0
geco-2025-ndc-lts;Chile;2040;0.173831159866;0.00164407013668;0.166495460194;0.256131311737;0.283618038733;0.0339565825311;0.0342038155962;0.0324103523151;0.0177088474138;0;0;9.03693848606e-08;1.80738769721e-07;9.03693848606e-08;0;0;0;0;0;0;0
geco-2025-ndc-lts;Chile;2050;0.173391942751;0.00591284737307;0.150719812163;0.19080977648;0.39628964312;0.0264201338482;2.81168999165e-07;0.0113101694336;0.033718477587;0;0;5.70528997994e-05;1.40584499583e-07;0.0113697225897;0;0;0;0;0;0;0
geco-2025-ndc-lts;Chile;2060;0.148853141837;0.0070914878182;0.114212767865;0.211563949365;0.434876877807;0.0217950107187;2.34751351043e-07;0.00527505848406;0.0311084404522;0;0;4.71760553622e-05;1.17375675521e-07;0.0251757374697;0;0;0;0;0;0;0
geco-2025-ndc-lts;Chile;2070;0.124784666215;0.00752514030962;0.129245826781;0.204233455007;0.432214944237;0.0158341979267;2.07759230137e-07;0.00890468323931;0.0448978646968;0;0;3.37018294354e-05;1.03879615068e-07;0.0323252081199;0;0;0;0;0;0;0
geco-2025-ndc-lts;China;2030;0.111353996737;0.0399193444364;0.0188730978262;0.175639440039;0.196015782086;0.012587275147;0.443818049668;0.00123864334762;0.000554368526879;0;0;5.46302970522e-10;1.09260594104e-09;5.46302970522e-10;0;0;0;0;0;0;0
geco-2025-ndc-lts;China;2035;0.0921552871456;0.0389054064234;0.0136719350627;0.198048238455;0.264565075459;0.00431985209552;0.386737562213;0.000734041885343;0.000862598247244;0;0;7.53333500741e-10;1.50666700148e-09;7.53333500741e-10;0;0;0;0;0;0;0
geco-2025-ndc-lts;China;2040;0.0848420877198;0.0361587178134;0.0145454313436;0.229211410794;0.348405322074;0.00180723331374;0.283741561117;0.000295332907419;0.000987609233077;0;0;1.64848754201e-08;1.61722174384e-09;5.27558123385e-06;0;0;0;0;0;0;0
geco-2025-ndc-lts;China;2050;0.0720102758198;0.0397492297706;0.0645027563698;0.227945384566;0.43795333827;0.0220703857089;0.0687356353364;0.000379355110026;0.00193137873344;0;0;0.00578453690244;0.0406529350996;0.0182847883126;0;0;0;0;0;0;0
geco-2025-ndc-lts;China;2060;0.0634096147847;0.0366116532779;0.0432458709575;0.225296436283;0.487241187933;0.0226931443919;0.0120611791014;0.000350290258417;0.00370259227301;0;0;0.029127199219;0.0312454577495;0.045015373771;0;0;0;0;0;0;0
geco-2025-ndc-lts;China;2070;0.0592709399336;0.0291274789906;0.0401283577888;0.218564705793;0.498282349092;0.020929852126;0.00343800288368;0.000290370883249;0.00717389703225;0;0;0.0435027904694;0.0250256601448;0.0542655948626;0;0;0;0;0;0;0
geco-2025-ndc-lts;EFTA;2030;0.771237613769;0.0821203823165;0.0213289664464;0.0406472436522;0.0467003695024;0.0112011014859;0.00249587579101;0.00202524201971;0.0214927152725;0;0;0.000228504348895;0.00019064834075;0.000331337054688;0;0;0;0;0;0;0
geco-2025-ndc-lts;EFTA;2035;0.730335401254;0.0783805526988;0.0237472423116;0.0470304050692;0.0818216501344;0.0138568199914;0.00154173439936;0.00170691371131;0.0180065396609;0;0;0.000451891815679;0.000973522044919;0.0021473269084;0;0;0;0;0;0;0
geco-2025-ndc-lts;EFTA;2040;0.671630333491;0.0726485280863;0.0247996455797;0.0583571395836;0.125802028751;0.0139329962266;0.00102892268443;0.00163970958921;0.0185092233306;0;0;0.00494867015995;0.00210484807284;0.00459795444477;0;0;0;0;0;0;0
geco-2025-ndc-lts;EFTA;2050;0.578770154245;0.0629641967205;0.0264420756301;0.0642777130055;0.190413159983;0.014904262233;0.000301566618006;2.82167595795e-07;0.0130472585001;0;0;0.0359009278219;0.00476807717806;0.00821032589704;0;0;0;0;0;0;0
geco-2025-ndc-lts;EFTA;2060;0.512999605142;0.0564983401337;0.0290409043712;0.0729174161658;0.259406542944;0.00846517205575;0.000168911507919;0.000136490150485;0.0148343927229;0;0;0.0381470919434;0.0027888094298;0.00459632343263;0;0;0;0;0;0;0
geco-2025-ndc-lts;EFTA;2070;0.471954619334;0.0521393281164;0.0297653466519;0.0818272822191;0.286594620195;0.00703583307321;1.66840683293e-05;5.76345758479e-05;0.0200380028094;0;0;0.0390076208519;0.00277230014101;0.00879072796357;0;0;0;0;0;0;0
geco-2025-ndc-lts;Egypt;2030;0.0497257927127;0.044968399963;0.598639608689;0.186334299998;0.101204980715;1.55078625231e-05;1.69673535408e-07;0.0189653181219;0.000145752591331;0;0;4.24183838519e-08;8.48367677038e-08;4.24183838519e-08;0;0;0;0;0;0;0
geco-2025-ndc-lts;Egypt;2035;0.0372246966602;0.0572972161435;0.429903107783;0.320600719735;0.140741937098;6.55132095558e-08;0.0139273831567;5.69082314618e-05;0.000247834651938;0;0;3.27566047779e-08;6.55132095558e-08;3.27566047779e-08;0;0;0;0;0;0;0
geco-2025-ndc-lts;Egypt;2040;0.0266716432263;0.0428387252401;0.346818373936;0.315526377124;0.24262684115;4.69404752397e-08;0.0251023501205;0.000106945071495;0.000308603308978;0;0;2.34702376199e-08;4.69404752397e-08;2.34702376199e-08;0;0;0;0;0;0;0
geco-2025-ndc-lts;Egypt;2050;0.0150745190304;0.0243457238396;0.217047199029;0.331438786947;0.367853536991;2.66767939681e-08;0.0437361138951;2.66767939681e-08;0.000504013560703;0;0;1.3338396984e-08;2.66767939681e-08;1.3338396984e-08;0;0;0;0;0;0;0
geco-2025-ndc-lts;Egypt;2060;0.0105866206572;0.0171773455677;0.159371804564;0.294026612292;0.459320184038;1.88220531723e-08;0.0587296232975;1.88220531723e-08;0.000787734295349;0;0;9.41102658615e-09;1.88220531723e-08;9.41102658615e-09;0;0;0;0;0;0;0
geco-2025-ndc-lts;Egypt;2070;0.00876291450974;0.0152768632632;0.132761693777;0.286584613052;0.486014966753;1.55948796812e-08;0.0693262639433;1.55948796812e-08;0.00127262232234;0;0;7.79743984059e-09;1.55948796812e-08;7.79743984059e-09;0;0;0;0;0;0;0
geco-2025-ndc-lts;European Union;2030;0.117245484103;0.209997296067;0.110628697298;0.152003877835;0.215076402583;0.0893087825049;0.0632290230889;2.3748178143e-07;0.0255819323911;0;0;0.00170163093299;0.00715862851264;0.00806800720169;0;0;0;0;0;0;0
geco-2025-ndc-lts;European Union;2035;0.101807953289;0.185415274931;0.0787135104711;0.182003758041;0.25507776189;0.104516017159;0.0272909127606;2.21047873807e-07;0.0323504877778;0;0;0.00534045522899;0.00998703731604;0.0174966100876;0;0;0;0;0;0;0
geco-2025-ndc-lts;European Union;2040;0.085739670726;0.156910258005;0.0499150507495;0.204158734562;0.323634641692;0.0915626883377;0.0119451991237;1.85969980772e-07;0.0328897387428;0;0;0.0147876986215;0.00898998402418;0.0194661494456;0;0;0;0;0;0;0
geco-2025-ndc-lts;European Union;2050;0.0710072909622;0.0971508338419;0.0312005963083;0.213477145638;0.437035036207;0.0544498375204;0.000267307787473;1.60335186315e-07;0.0259245299639;0;0;0.0474252758854;0.00249987628458;0.0195621092655;0;0;0;0;0;0;0
geco-2025-ndc-lts;European Union;2060;0.0683590027701;0.0799576932763;0.0280201057668;0.203455049106;0.473639889197;0.0416886426593;6.20740367666e-05;1.56655754218e-07;0.0316784371493;0;0;0.054175371443;0.00157809317552;0.0173854847645;0;0;0;0;0;0;0
geco-2025-ndc-lts;European Union;2070;0.0665089929703;0.0815231358633;0.0305926090952;0.182430389516;0.451438755903;0.0528436961685;0.000103058127091;1.54676702617e-07;0.0366638531526;0;0;0.0705024208018;0.00220326778404;0.0251896659413;0;0;0;0;0;0;0
geco-2025-ndc-lts;Iceland;2030;0.622015275358;6.55942650409e-08;0.0309100220019;0.036554960025;0.0911255527268;2.85917638126e-05;5.7320389477e-05;0.00181836616195;0.217480619921;0;0;5.10389030327e-06;2.13380678012e-06;1.98836035553e-06;0;0;0;0;0;0;0
geco-2025-ndc-lts;Iceland;2035;0.571628000807;5.94932418802e-08;0.0417508787613;0.0438854145653;0.169225337906;1.16115795844e-06;2.25600161388e-06;1.16199314101e-06;0.173503333688;0;0;5.81831753076e-07;1.22997780916e-06;5.83816824692e-07;0;0;0;0;0;0;0
geco-2025-ndc-lts;Iceland;2040;0.520085825379;6.36066264164e-08;0.0569546352712;0.049660728354;0.199424200288;1.04558837945e-06;1.96308492138e-06;1.04558837945e-06;0.172966433999;0;0;0.000902360924039;1.17368021696e-06;5.2423550426e-07;0;0;0;0;0;0;0
geco-2025-ndc-lts;Iceland;2050;0.452475947499;5.3853010789e-08;0.0915019518643;0.0621986905604;0.247094642363;0.00369172839886;0.000101527679587;8.85254971875e-07;0.114786292319;0;0;0.010218239941;0.00405099437494;0.0138790458919;0;0;0;0;0;0;0
geco-2025-ndc-lts;Iceland;2060;0.413486636977;4.83419697697e-08;0.0922536960085;0.0507044352102;0.247083478194;0.00522821714153;0.00128117256869;0.00128602056189;0.119500729765;0;0;0.0278418842331;0.00906789949727;0.0322657815009;0;0;0;0;0;0;0
geco-2025-ndc-lts;Iceland;2070;0.383624542071;4.30183564631e-08;0.0749835489162;0.0569040533506;0.266419163794;0.00112014693028;5.15630985002e-07;7.07151065146e-07;0.141583513755;0;0;0.0321208639029;0.00817434711296;0.0350685543671;0;0;0;0;0;0;0
geco-2025-ndc-lts;India;2030;0.0612663711124;0.0333625503401;0.0493962525649;0.206659785441;0.115123354428;0.00980939683373;0.497681807644;0.0262118515009;0.000488612135775;0;0;4.49964465803e-09;8.99928931605e-09;4.49964465803e-09;0;0;0;0;0;0;0
geco-2025-ndc-lts;India;2035;0.0508602765499;0.0369483299571;0.0421759960661;0.269350209256;0.182965776013;0.0281934955717;0.382749563368;0.00566331357468;0.00109302425023;0;0;3.84839463149e-09;7.69678926298e-09;3.84839463149e-09;0;0;0;0;0;0;0
geco-2025-ndc-lts;India;2040;0.0418460091612;0.0288867394142;0.033174901469;0.293726398459;0.275086465941;0.0335323538329;0.251459041852;0.00668230650088;0.00135299346427;0;0;0.00104247297746;0.0319265044661;0.00128381246223;0;0;0;0;0;0;0
geco-2025-ndc-lts;India;2050;0.0270635905404;0.0166016266139;0.020528795274;0.320858908924;0.401228895781;0.0545390816995;0.0739308315199;0.00419113537245;0.00254954049488;0;0;0.0114652706397;0.0657039724918;0.00133835064848;0;0;0;0;0;0;0
geco-2025-ndc-lts;India;2060;0.0197385508141;0.0106964410581;0.0178980084819;0.316657736771;0.445986541588;0.040633689621;0.0192191941299;0.00200501284997;0.00385166686343;0;0;0.0347797342826;0.0859480370878;0.00258538645259;0;0;0;0;0;0;0
geco-2025-ndc-lts;India;2070;0.0164702324956;0.00746024279891;0.013297958757;0.306351446192;0.462102614643;0.0294011408264;0.0058885454464;0.00162947035195;0.00534405471188;0;0;0.0623853574042;0.0869342531619;0.00273468321164;0;0;0;0;0;0;0
geco-2025-ndc-lts;Indonesia;2030;0.0739190154485;1.99479720101e-09;0.266995253341;0.163211520077;0.0417140806078;0.00216517945747;0.400702543842;0.00408480135898;0.0472075093686;0;0;2.36258249315e-08;4.7251649863e-08;2.36258249315e-08;0;0;0;0;0;0;0
geco-2025-ndc-lts;Indonesia;2035;0.0743121452628;1.56227615255e-09;0.15802488806;0.222076210372;0.0644037289893;0.000474474031742;0.410536519141;0.00105113815442;0.0691208194093;0;0;1.87543467106e-08;3.75086934211e-08;1.87543467106e-08;0;0;0;0;0;0;0
geco-2025-ndc-lts;Indonesia;2040;0.0857087700464;1.64985733254e-09;0.141676978275;0.303257338193;0.0964309593092;0.0436580312833;0.166006723734;0.0166324829788;0.0754491418745;0;0;0.0111748641599;0.0360866740119;0.023918034485;0;0;0;0;0;0;0
geco-2025-ndc-lts;Indonesia;2050;0.119561490399;1.11246571167e-09;0.0656348420197;0.370197729351;0.151331530021;0.0389423956111;0.0408077440821;1.82871075891e-08;0.0773697484558;0;0;0.0227403357716;0.0464846210505;0.0669295438383;0;0;0;0;0;0;0
geco-2025-ndc-lts;Indonesia;2060;0.150555183662;9.3079595805e-10;0.0296818717924;0.365837875745;0.150965860189;0.026719634907;0.0165274722939;0.000189447260208;0.0921707995962;0;0;0.0467526802886;0.0435449937841;0.0770541795501;0;0;0;0;0;0;0
geco-2025-ndc-lts;Indonesia;2070;0.150923134073;8.45221267542e-10;0.0264580308081;0.342097036419;0.12745135877;0.0317343921113;0.00433528075144;0.00523935875108;0.112677883979;0;0;0.084276568749;0.0241183792207;0.0906885755224;0;0;0;0;0;0;0
geco-2025-ndc-lts;Iran;2030;0.024916386163;0.0118646624419;0.777956553987;0.00548426179392;0.0643222107901;0.000371318914592;0.0294575556123;0.0855380970162;8.88818445818e-05;0;0;1.78591096772e-08;3.57182193544e-08;1.78591096772e-08;0;0;0;0;0;0;0
geco-2025-ndc-lts;Iran;2035;0.0210983772798;0.0119160241739;0.67082051642;0.0394477971524;0.155413624649;3.10032790274e-08;0.0370257426254;0.0641522433241;0.000125581365307;0;0;1.55016395137e-08;3.10032790274e-08;1.55016395137e-08;0;0;0;0;0;0;0
geco-2025-ndc-lts;Iran;2040;0.0207573283945;0.0172141227123;0.534007403911;0.0932525353353;0.249960663341;2.8863586481e-08;0.0377170618873;0.0469342962546;0.000156501572965;0;0;1.44317932405e-08;2.8863586481e-08;1.44317932405e-08;0;0;0;0;0;0;0
geco-2025-ndc-lts;Iran;2050;0.0213253308361;0.0165093598948;0.321633214715;0.194015153665;0.403129108847;2.72425437725e-08;0.0219141398261;0.021237454714;0.000236155774379;0;0;1.36212718863e-08;2.72425437725e-08;1.36212718863e-08;0;0;0;0;0;0;0
geco-2025-ndc-lts;Iran;2060;0.0211724975073;0.0130431352148;0.286064928773;0.232372653574;0.417984133177;2.49707374171e-08;0.0148088361729;0.0141608358261;0.000392904842416;0;0;1.24853687085e-08;2.49707374171e-08;1.24853687085e-08;0;0;0;0;0;0;0
geco-2025-ndc-lts;Iran;2070;0.0208410201625;0.00927346509236;0.278925453516;0.225648364439;0.426833876793;2.29608310545e-08;0.0238270213902;0.0138921000391;0.000758629684847;0;0;1.14804155273e-08;2.29608310545e-08;1.14804155273e-08;0;0;0;0;0;0;0
geco-2025-ndc-lts;Japan;2030;0.0821200821644;0.185904363596;0.281476442503;0.138774566046;0.142988267515;0.00255524330656;0.132846425663;0.0237765091232;0.00724037714201;0;0;4.48984048262e-07;0.000796566305193;0.00152070765017;0;0;0;0;0;0;0
geco-2025-ndc-lts;Japan;2035;0.0710710314711;0.168743252171;0.225743832283;0.170025138179;0.205924392091;2.4171326361e-08;0.0702318835909;0.0268464476207;0.011288774836;0;0;0.0063326619076;0.0104987350339;0.0332938266432;0;0;0;0;0;0;0
geco-2025-ndc-lts;Japan;2040;0.0625808362718;0.15762394895;0.143614898143;0.190590158318;0.268536310297;0.0122537794972;0.0237737869206;0.0289727190966;0.0123272994618;0;0;0.0297274764807;0.0121903952947;0.057808391269;0;0;0;0;0;0;0
geco-2025-ndc-lts;Japan;2050;0.0713393358704;0.150392037408;0.0332220648622;0.203063509269;0.413212174918;0.0135002492266;0.00284430062267;0.000597481624483;0.0173701980363;0;0;0.0379098986478;0.00433672492503;0.0522120245904;0;0;0;0;0;0;0
geco-2025-ndc-lts;Japan;2060;0.0828492923751;0.157981599081;0.0480901698478;0.120333639125;0.448150556214;0.0132720860016;1.36408169082e-08;0.0109737524159;0.030361083392;0;0;0.0475356484409;6.33117201208e-08;0.040452096155;0;0;0;0;0;0;0
geco-2025-ndc-lts;Japan;2070;0.0858704135969;0.104894594792;0.0459553942665;0.0627159165512;0.446451236414;0.0148815559122;8.37269312131e-09;0.018453753009;0.071297791232;0;0;0.0902610511343;7.04076701437e-08;0.0592182143118;0;0;0;0;0;0;0
geco-2025-ndc-lts;Malaysia;2030;0.114131282437;5.63718503778e-09;0.398714553488;0.0608630512199;0.00231919756904;0.012018088902;0.405456489818;0.00578750638664;0.000709620230534;0;0;5.10777575881e-08;1.02155515176e-07;5.10777575881e-08;0;0;0;0;0;0;0
geco-2025-ndc-lts;Malaysia;2035;0.0965467417548;4.63797450822e-09;0.293994195252;0.0950354297371;0.00263997028372;0.063863465661;0.408823531263;0.00324581091758;0.00155115363584;0;0;0.000966185141231;0.0232177945107;0.0101157172043;0;0;0;0;0;0;0
geco-2025-ndc-lts;Malaysia;2040;0.0828903068151;4.75699158295e-09;0.264268531089;0.121572087972;0.00254263643769;0.0998469454249;0.317861254412;0.00332446375238;0.00246414674993;0;0;0.00292823784958;0.0712563127885;0.0310450719522;0;0;0;0;0;0;0
geco-2025-ndc-lts;Malaysia;2050;0.0636698227409;3.57045327638e-09;0.197170538054;0.130824709493;0.00157555625298;0.0338157589047;0.276219395387;5.86923826254e-08;0.00397549888118;0;0;0.00954283117381;0.191990935288;0.0912148915617;0;0;0;0;0;0;0
geco-2025-ndc-lts;Malaysia;2060;0.0580976431605;3.2724542286e-09;0.24583677327;0.127210681052;0.00027856766621;0.0220340768578;0.122771200909;5.37937681414e-08;0.00574683765115;0;0;0.0172168822776;0.240926971224;0.159880308866;0;0;0;0;0;0;0
geco-2025-ndc-lts;Malaysia;2070;0.0555694739043;3.13073499007e-09;0.239522670131;0.115701922579;3.30955499604e-05;0.0133109845554;0.094515316835;5.14641368231e-08;0.00867054330046;0;0;0.0198094039988;0.2660159789;0.186850555652;0;0;0;0;0;0;0
geco-2025-ndc-lts;Mediterranean Middle-East;2030;0.0265377826647;1.06236346012e-08;0.601417748405;0.179126578799;0.0501998003443;0.000162957392323;0.12764994725;0.0147238096616;0.00018098013144;0;0;9.61819470768e-08;1.92363894154e-07;9.61819470768e-08;0;0;0;0;0;0;0
geco-2025-ndc-lts;Mediterranean Middle-East;2035;0.0231947170084;8.87646131063e-09;0.524422311851;0.229650007826;0.0932698443275;1.73370736464e-07;0.127798138673;0.00125945412297;0.000404997203554;0;0;8.66853682322e-08;1.73370736464e-07;8.66853682322e-08;0;0;0;0;0;0;0
geco-2025-ndc-lts;Mediterranean Middle-East;2040;0.0200207828547;0.00439998884822;0.391160117195;0.274978456797;0.162523444074;1.45986881457e-07;0.146218895163;1.45986881457e-07;0.000697731120551;0;0;7.29934407283e-08;1.45986881457e-07;7.29934407283e-08;0;0;0;0;0;0;0
geco-2025-ndc-lts;Mediterranean Middle-East;2050;0.0150219750242;0.00621855298254;0.259930383123;0.314217840689;0.320715249151;1.09117361785e-07;0.0827248696654;1.09117361785e-07;0.00117069289525;0;0;5.45586808923e-08;1.09117361785e-07;5.45586808923e-08;0;0;0;0;0;0;0
geco-2025-ndc-lts;Mediterranean Middle-East;2060;0.0123635886428;0.00662054786388;0.205554208653;0.299638486078;0.403008345754;0.000746704661561;0.0694562018229;0.000944185625057;0.00166755092284;0;0;4.49939539374e-08;8.99879078749e-08;4.49939539374e-08;0;0;0;0;0;0;0
geco-2025-ndc-lts;Mediterranean Middle-East;2070;0.0104372848621;0.00623618314824;0.209845556542;0.283621222269;0.415380382017;0.000878075790851;0.0691431116926;0.00176860115571;0.00268943299638;0;0;3.73814307743e-08;7.47628615485e-08;3.73814307743e-08;0;0;0;0;0;0;0
geco-2025-ndc-lts;Mexico;2030;0.0809925803714;0.0227633064775;0.550896013465;0.110124310279;0.205326632449;0.00105677200344;0.0035827825124;0.00563475742973;0.0124157535761;0;0;3.17793557927e-08;8.26861860827e-08;0.00720697697086;0;0;0;0;0;0;0
geco-2025-ndc-lts;Mexico;2035;0.0648048227959;0.0181066781495;0.317590474229;0.187516147754;0.290564094883;0.00930609495816;0.00135214273679;0.0516615805141;0.0303641622826;0;0;6.91133244716e-05;0.000857974650366;0.0278067137214;0;0;0;0;0;0;0
geco-2025-ndc-lts;Mexico;2040;0.0493716545595;0.00731052698602;0.193110449435;0.253420022063;0.335695143361;0.0131513280174;0.00166029712448;0.0309086148356;0.0467832691133;0;0;0.00193325501968;0.00363445934248;0.0630209801416;0;0;0;0;0;0;0
geco-2025-ndc-lts;Mexico;2050;0.0341514329049;0.00181130757564;0.0833180330486;0.292768619781;0.403255967111;0.00622962401213;0.000527261115989;0.000238494851122;0.0527080206753;0;0;0.00869743354355;0.01053025465;0.10576355073;0;0;0;0;0;0;0
geco-2025-ndc-lts;Mexico;2060;0.0280156506539;0.00148274425557;0.059278076832;0.28342631695;0.410924417797;0.0123747171692;0.00141795250892;0.00887022863351;0.0533028760935;0;0;0.0145857396078;0.0193658871291;0.106955392369;0;0;0;0;0;0;0
geco-2025-ndc-lts;Mexico;2070;0.0245896632844;1.241426223e-09;0.0543818377643;0.261906921376;0.417888016552;0.0119404370501;0.00131795249702;0.0112165551839;0.061645738796;0;0;0.0143269230769;0.0225145966782;0.118271356499;0;0;0;0;0;0;0
geco-2025-ndc-lts;Morocco and Tunisia;2030;0.0429086076844;1.88011767778e-08;0.341612334148;0.123384362886;0.309573738088;0.00192095284183;0.166228575525;0.00276353320121;0.00023309638274;0;0;4.3121636223e-05;0.00709267253519;0.00423898627093;0;0;0;0;0;0;0
geco-2025-ndc-lts;Morocco and Tunisia;2035;0.0335986509606;1.44986332619e-08;0.28845607756;0.209655660656;0.332662091208;0.0104826266937;0.0894909637962;0.00227253151364;0.00043772517217;0;0;0.000352066822678;0.0167979980728;0.0157935930464;0;0;0;0;0;0;0
geco-2025-ndc-lts;Morocco and Tunisia;2040;0.0240696291414;0.0174890376017;0.203362876877;0.230039120715;0.352484810272;0.00643048549811;0.0806142525507;0.00507774704803;0.000906790954947;0;0;0.000877708357217;0.0401247420612;0.0385227989224;0;0;0;0;0;0;0
geco-2025-ndc-lts;Morocco and Tunisia;2050;0.0140548353305;0.0303980710835;0.0677096547487;0.253628210625;0.452455567293;0.00289068294429;0.0367577052789;1.27297881463e-07;0.00177041827078;0;0;0.00299666727074;0.0649731923038;0.0723648675527;0;0;0;0;0;0;0
geco-2025-ndc-lts;Morocco and Tunisia;2060;0.0101341866905;0.0307818019168;0.0616627309623;0.257588454682;0.460464259638;0.00642487847553;0.00654653449716;0.000428986298486;0.00280340005394;0;0;0.00528820538457;0.0530649161004;0.1048116453;0;0;0;0;0;0;0
geco-2025-ndc-lts;Morocco and Tunisia;2070;0.00788890944095;0.0343439738022;0.0631065861836;0.244686582484;0.471229572045;0.00620277765475;0.00555843573905;0.000470747611691;0.00441737245636;0;0;0.00544047268587;0.0544497966648;0.102204773231;0;0;0;0;0;0;0
geco-2025-ndc-lts;New Zealand;2030;0.620632357572;3.27727564081e-08;0.0737075285704;0.0191242493071;0.083987376969;0.00487437468202;0.00232523310843;0.000729944857991;0.194596508177;0;0;2.99524514632e-07;2.17975088944e-05;2.96949434175e-07;0;0;0;0;0;0;0
geco-2025-ndc-lts;New Zealand;2035;0.58154931811;2.92053203298e-08;0.0533601252775;0.0384286790358;0.118599746273;0.0285495554829;0.00822702604662;5.70884871551e-07;0.170864944629;0;0;3.01349904853e-06;7.94479464003e-05;0.000337543609261;0;0;0;0;0;0;0
geco-2025-ndc-lts;New Zealand;2040;0.534888522611;0.00137928606471;0.0225193378063;0.0639857622357;0.21592413114;0.0114995962849;0.00249356229992;5.08239479619e-07;0.145533780278;0;0;8.30436838892e-06;0.000534468519153;0.00123274015198;0;0;0;0;0;0;0
geco-2025-ndc-lts;New Zealand;2050;0.454019137312;0.0130451869963;0.0360612152495;0.0726511515591;0.307561351082;0.00615584533188;0.00213368951674;4.34664493344e-07;0.0870781520722;0;0;0.00362553955749;0.00571251773371;0.0119557789248;0;0;0;0;0;0;0
geco-2025-ndc-lts;New Zealand;2060;0.407570196216;0.0147301281666;0.0455546499352;0.0707153367723;0.347130064712;0.00555980558944;0.00253556991177;3.93853694293e-07;0.0609284991439;0;0;0.0076770837322;0.0107761516118;0.0268221203551;0;0;0;0;0;0;0
geco-2025-ndc-lts;New Zealand;2070;0.370114379328;0.0153927056576;0.0649682994551;0.0546359262944;0.342697491178;0.0100637475439;0.0034096027162;3.5635272981e-07;0.0540750567937;0;0;0.0126216919826;0.019403158671;0.0526175840275;0;0;0;0;0;0;0
geco-2025-ndc-lts;Norway;2030;0.962252755549;1.1078136796e-08;0.0127960645025;2.17424128039e-07;0.0248180582817;1.99687452816e-07;3.96002566813e-07;2.00754944889e-07;0.000131688634984;0;0;1.01444964518e-07;2.06262267854e-07;1.00377472445e-07;0;0;0;0;0;0;0
geco-2025-ndc-lts;Norway;2035;0.952632758234;1.10041825379e-08;0.0153910344312;2.15101949361e-07;0.0317703338562;2.09532452013e-07;4.02915826425e-07;2.15101949361e-07;0.0002043567604;0;0;1.13120472029e-07;2.4239002166e-07;1.07550974681e-07;0;0;0;0;0;0;0
geco-2025-ndc-lts;Norway;2040;0.925706628213;1.27597282003e-08;0.0190019853321;0.000437668145105;0.0544352436511;2.09748956717e-07;3.96263846708e-07;2.09748956717e-07;0.000417203405507;0;0;1.04874478359e-07;2.32983023444e-07;1.04874478359e-07;0;0;0;0;0;0;0
geco-2025-ndc-lts;Norway;2050;0.830422871684;1.13735215071e-08;0.028402124096;0.0144729359525;0.0929765907999;1.29834720399e-07;3.31078537023e-07;1.86961997377e-07;0.0012925465003;0;0;0.0198823697433;0.00393062930889;0.0086192726659;0;0;0;0;0;0;0
geco-2025-ndc-lts;Norway;2060;0.726836933377;9.9746080184e-09;0.0337205515639;0.0291504503376;0.197617936076;1.13865388339e-07;2.71568951186e-07;1.63966159207e-07;0.00314723789896;0;0;0.00857190029947;0.00019995900846;0.000754472063127;0;0;0;0;0;0;0
geco-2025-ndc-lts;Norway;2070;0.666421866515;9.06105350262e-09;0.0359042124589;0.0427651728686;0.237450285744;1.5515502573e-07;2.32732538595e-07;1.48948824701e-07;0.00643262624706;0;0;0.00810560885418;0.000787742752967;0.00213193866205;0;0;0;0;0;0;0
geco-2025-ndc-lts;Rest of Balkans;2030;0.314508421963;1.48204549101e-08;0.0075294468883;0.0632100843559;0.140843720135;0.00179290482289;0.468841344648;0.00302959569935;0.000243929954154;0;0;1.34178203913e-07;2.68356407827e-07;1.34178203913e-07;0;0;0;0;0;0;0
geco-2025-ndc-lts;Rest of Balkans;2035;0.264799050024;1.23307855697e-08;0.023359331672;0.104240604773;0.22247829941;0.00997470856818;0.372080841598;0.00275996387416;0.00030670607165;0;0;1.20419461123e-07;2.40838922246e-07;1.20419461123e-07;0;0;0;0;0;0;0
geco-2025-ndc-lts;Rest of Balkans;2040;0.230311473778;0.00257192613338;0.0380309028617;0.141412080804;0.256702870222;0.0100384942354;0.319037226163;0.00150326969279;0.000391346686948;0;0;1.02355600415e-07;2.0471120083e-07;1.02355600415e-07;0;0;0;0;0;0;0
geco-2025-ndc-lts;Rest of Balkans;2050;0.202777743239;0.00317041964563;0.0144107280075;0.229452906435;0.386339446689;1.79048803233e-07;0.163294194591;1.79048803233e-07;0.000553845197389;0;0;8.95244016164e-08;1.79048803233e-07;8.95244016164e-08;0;0;0;0;0;0;0
geco-2025-ndc-lts;Rest of Balkans;2060;0.206114577999;0.00322906115843;0.0242521677004;0.232713087132;0.375029558114;1.82090628023e-07;0.157770598686;1.82090628023e-07;0.000890220848112;0;0;9.10453140115e-08;1.82090628023e-07;9.10453140115e-08;0;0;0;0;0;0;0
geco-2025-ndc-lts;Rest of Balkans;2070;0.204557187305;0.00386725401223;0.0586988293059;0.215737789755;0.374824080327;1.81757366538e-07;0.141092760629;1.81757366538e-07;0.00122137163702;0;0;9.08786832689e-08;1.81757366538e-07;9.08786832689e-08;0;0;0;0;0;0;0
geco-2025-ndc-lts;Rest of CIS;2030;0.0953137456182;0.0181961265029;0.514952878095;0.0379795459261;0.198311965579;0.00800781633923;0.0551567772548;0.0634570442607;0.000181402955084;0;0;0.000598770353059;0.00163835985192;0.00620556726475;0;0;0;0;0;0;0
geco-2025-ndc-lts;Rest of CIS;2035;0.0886703069232;0.0179521538825;0.344829471086;0.0991375244333;0.331313317688;0.0403167253836;0.0169598284044;0.00823212689773;0.000228182966136;0;0;0.00203371946192;0.00617375209738;0.044152890775;0;0;0;0;0;0;0
geco-2025-ndc-lts;Rest of CIS;2040;0.082560563694;0.0243313660959;0.241421689927;0.150918456564;0.373104935828;0.0220763737669;0.0114056468376;7.37382048236e-07;0.00029022404855;0;0;0.00360143645452;0.0122445065822;0.0780440628196;0;0;0;0;0;0;0
geco-2025-ndc-lts;Rest of CIS;2050;0.0853184029452;0.017934785467;0.0974702195731;0.215370995311;0.469875093132;0.00309936450892;0.00634851207433;2.5244335364e-08;0.000569190691151;0;0;0.00260016654249;0.0158962177324;0.0855170267783;0;0;0;0;0;0;0
geco-2025-ndc-lts;Rest of CIS;2060;0.104105519806;0.0159463296452;0.0706687961977;0.245583537799;0.367710599818;0.00340977269571;0.00388531395151;2.22211934633e-08;0.00178531179112;0;0;0.00547654429579;0.0242001913492;0.157228060429;0;0;0;0;0;0;0
geco-2025-ndc-lts;Rest of CIS;2070;0.105497014043;0.0157017168403;0.0396931835939;0.249420812697;0.365462772354;0.00715495043787;0.00195795881486;0.000392825550822;0.00378506817765;0;0;0.00793340534958;0.0272548220315;0.17574547011;0;0;0;0;0;0;0
geco-2025-ndc-lts;Rest of Central America;2030;0.176089090132;8.84271942871e-09;0.266279220756;0.135690845923;0.112140607783;0.00369139809368;0.0678055227211;0.214008393596;0.0242945919196;0;0;8.00582855147e-08;1.60116571029e-07;8.00582855147e-08;0;0;0;0;0;0;0
geco-2025-ndc-lts;Rest of Central America;2035;0.141941949772;7.20880775567e-09;0.283623253335;0.197339975654;0.173833886588;0.0233725041189;0.0608323329113;0.0993165384973;0.0197392703167;0;0;7.03994680929e-08;1.40798936186e-07;7.03994680929e-08;0;0;0;0;0;0;0
geco-2025-ndc-lts;Rest of Central America;2040;0.10428962383;6.66851903306e-09;0.306336941388;0.259886117529;0.217805935439;0.0129939275369;0.0516691135666;0.0265320656042;0.0204860491994;0;0;5.48097454772e-08;1.09619490954e-07;5.48097454772e-08;0;0;0;0;0;0;0
geco-2025-ndc-lts;Rest of Central America;2050;0.0691963160043;4.55430462371e-09;0.262829090361;0.289057971203;0.302401147934;0.00115886412731;0.0444020556759;0.000121811791802;0.0308325886179;0;0;3.74326407428e-08;7.48652814857e-08;3.74326407428e-08;0;0;0;0;0;0;0
geco-2025-ndc-lts;Rest of Central America;2060;0.0530450826247;3.5135568747e-09;0.18430909193;0.293939515482;0.407311888336;0.00140945692283;0.0317505037703;0.00061021979785;0.0276241221081;0;0;2.88785496551e-08;5.77570993101e-08;2.88785496551e-08;0;0;0;0;0;0;0
geco-2025-ndc-lts;Rest of Central America;2070;0.0449303519611;2.91677696146e-09;0.16231545076;0.273967266171;0.446501615715;1.55813825723e-05;0.034377631384;4.79470185445e-08;0.0378919558688;0;0;2.39735092723e-08;4.79470185445e-08;2.39735092723e-08;0;0;0;0;0;0;0
geco-2025-ndc-lts;Rest of Pacific;2030;0.156636910608;1.06844620992e-07;0.274369535616;0.0289637761821;0.108500483809;0.0108249997454;0.00776548791933;0.375851030549;0.0370837994202;0;0;9.67326538185e-07;1.93465307637e-06;9.67326538185e-07;0;0;0;0;0;0;0
geco-2025-ndc-lts;Rest of Pacific;2035;0.117942718316;7.34087729692e-08;0.238068254118;0.0508455843917;0.256869968686;0.00718757187592;0.0758397944909;0.176775179596;0.076467987547;0;0;7.16892272001e-07;1.433784544e-06;7.16892272001e-07;0;0;0;0;0;0;0
geco-2025-ndc-lts;Rest of Pacific;2040;0.128559627438;9.04556860072e-08;0.192136013961;0.0944874694093;0.389516537075;0.00327611701414;0.0818856912735;0.039042780583;0.0710926989044;0;0;7.4347139184e-07;1.48694278368e-06;7.4347139184e-07;0;0;0;0;0;0;0
geco-2025-ndc-lts;Rest of Pacific;2050;0.0853490645071;4.89248813181e-08;0.137458966769;0.109119798939;0.483688913711;0.00696044680257;0.0992502429489;0.0105049706786;0.0676659382295;0;0;4.02122312203e-07;8.04244624407e-07;4.02122312203e-07;0;0;0;0;0;0;0
geco-2025-ndc-lts;Rest of Pacific;2060;0.0594663409917;2.75023703527e-08;0.144317834471;0.0859026805392;0.495890342147;0.011763520429;0.132623449852;0.0131830854143;0.0568518144657;0;0;2.26046879611e-07;4.52093759222e-07;2.26046879611e-07;0;0;0;0;0;0;0
geco-2025-ndc-lts;Rest of Pacific;2070;0.0572896115993;1.9661313672e-08;0.154276061902;0.0699200978577;0.518889225555;0.000203821162846;0.155594510094;3.231996768e-07;0.0438256825685;0;0;1.615998384e-07;3.231996768e-07;1.615998384e-07;0;0;0;0;0;0;0
geco-2025-ndc-lts;Rest of Persian Gulf;2030;0.00650507016532;0.0427765496177;0.621667013755;0.128257561194;0.133674548251;0.00515173117177;0.000798293391431;0.00805769148618;0.000290242267931;0;0;0.00148828976035;0.000366099844077;0.0509669090948;0;0;0;0;0;0;0
geco-2025-ndc-lts;Rest of Persian Gulf;2035;0.00519687941014;0.0367538083528;0.332704741102;0.224905633964;0.239143659745;0.0156649164216;0.000206797236802;0.00207260446143;0.00076847458988;0;0;0.0296444713906;0.00431336420709;0.108624649119;0;0;0;0;0;0;0
geco-2025-ndc-lts;Rest of Persian Gulf;2040;0.00378614177417;0.0327531821347;0.171247741017;0.26760911573;0.337109127465;0.0155659779539;0.000763634087762;0.00478704927908;0.00108336527855;0;0;0.0383820595667;0.00783544432536;0.119077161387;0;0;0;0;0;0;0
geco-2025-ndc-lts;Rest of Persian Gulf;2050;0.00233925555738;0.0235083354068;0.0511924740462;0.295995616566;0.462005473999;0.00951348117717;0.000770277352787;0.00164916116532;0.00243823752071;0;0;0.0355388500368;0.0103054109999;0.104743426172;0;0;0;0;0;0;0
geco-2025-ndc-lts;Rest of Persian Gulf;2060;0.00185665622536;0.0189389499956;0.0319790555609;0.296753780581;0.505010560753;0.0128398939287;0.000640137605976;0.000520495448969;0.00706694378981;0;0;0.0315995851585;0.00988634016164;0.0829076007909;0;0;0;0;0;0;0
geco-2025-ndc-lts;Rest of Persian Gulf;2070;0.00154830675714;0.0188770459798;0.029258434555;0.271978387277;0.510090510312;0.0128413484031;0.000440204448478;0.000478772464885;0.0181531675092;0;0;0.0361109059122;0.0110011362157;0.0892217801651;0;0;0;0;0;0;0
geco-2025-ndc-lts;Rest of South America;2030;0.515758338074;3.2636493742e-09;0.314993392441;0.10023334163;0.0322102563647;0.00105012334661;0.0237923424122;0.0116985048357;0.000263579441513;0;0;2.95477172522e-08;5.90954345043e-08;2.95477172522e-08;0;0;0;0;0;0;0
geco-2025-ndc-lts;Rest of South America;2035;0.421608273986;2.63847833089e-09;0.25480081881;0.158775185198;0.106187238307;0.000407748989013;0.0241687921841;0.033614679884;0.000437156936371;0;0;2.57667394338e-08;5.15334788677e-08;2.57667394338e-08;0;0;0;0;0;0;0
geco-2025-ndc-lts;Rest of South America;2040;0.335424628496;0.000845068694624;0.206915518808;0.230440470128;0.192564632575;0.00126363386072;0.0192615576868;0.0125968151258;0.000687592457072;0;0;2.0542053435e-08;4.108410687e-08;2.0542053435e-08;0;0;0;0;0;0;0
geco-2025-ndc-lts;Rest of South America;2050;0.241173073286;0.00287993785042;0.186771733799;0.275662000337;0.268498443705;2.94392738312e-08;0.0240440885836;2.94392738312e-08;0.00097060468064;0;0;1.47196369156e-08;2.94392738312e-08;1.47196369156e-08;0;0;0;0;0;0;0
geco-2025-ndc-lts;Rest of South America;2060;0.19620188353;0.00407168997297;0.14559165472;0.292693347211;0.320535849183;2.41736473669e-08;0.039596913831;2.41736473669e-08;0.00130856485756;0;0;1.20868236835e-08;2.41736473669e-08;1.20868236835e-08;0;0;0;0;0;0;0
geco-2025-ndc-lts;Rest of South America;2070;0.175752771049;0.00667617998972;0.131574532482;0.295226455259;0.307195918667;0.00375160067533;0.0759810402995;0.00169417162152;0.00214728767526;0;0;1.05703589518e-08;2.11407179035e-08;1.05703589518e-08;0;0;0;0;0;0;0
geco-2025-ndc-lts;Rest of South Asia;2030;0.248329490763;0.108007252907;0.045839630855;0.231557680253;0.0700037394441;0.000535958398011;0.289338746312;0.00625259272611;0.000134765262447;0;0;3.576953187e-08;7.153906374e-08;3.576953187e-08;0;0;0;0;0;0;0
geco-2025-ndc-lts;Rest of South Asia;2035;0.210947611441;0.0961912479741;0.0341419291147;0.259016125835;0.155014205815;4.97613578505e-05;0.243865791386;0.000685101189713;8.81139496829e-05;0;0;2.79840957056e-08;5.59681914112e-08;2.79840957056e-08;0;0;0;0;0;0;0
geco-2025-ndc-lts;Rest of South Asia;2040;0.186201946153;0.0729527702626;0.030919335408;0.28201920208;0.229515450886;0.000236728987185;0.197864119842;0.000183425845983;0.000106937511801;0;0;2.07558891232e-08;4.15117782464e-08;2.07558891232e-08;0;0;0;0;0;0;0
geco-2025-ndc-lts;Rest of South Asia;2050;0.143763079191;0.040175208208;0.0713495485084;0.29772941007;0.298736772543;0.00305216900645;0.144919530632;2.49254856775e-08;0.000274208114987;0;0;1.22001846972e-08;2.44003693945e-08;1.22001846972e-08;0;0;0;0;0;0;0
geco-2025-ndc-lts;Rest of South Asia;2060;0.111264028321;0.0234679214257;0.100059693013;0.308203065676;0.321788607668;0.000715205102826;0.133993166486;1.50822453693e-08;0.000508267060481;0;0;7.54112268464e-09;1.50822453693e-08;7.54112268464e-09;0;0;0;0;0;0;0
geco-2025-ndc-lts;Rest of South Asia;2070;0.0928761257675;0.0086449740786;0.153074998885;0.320830192685;0.333883610241;0.00313403245041;0.0870254865616;1.01916237592e-08;0.000530548755242;0;0;5.09581187961e-09;1.01916237592e-08;5.09581187961e-09;0;0;0;0;0;0;0
geco-2025-ndc-lts;Rest of South-East Asia;2030;0.132364866731;0.0308305482668;0.211930654197;0.138444966165;0.0756575058694;0.00162394241679;0.366568116846;0.0309939234912;0.0115854025687;0;0;1.83621046817e-08;3.67242093633e-08;1.83621046817e-08;0;0;0;0;0;0;0
geco-2025-ndc-lts;Rest of South-East Asia;2035;0.106269348462;0.024931763865;0.165774704161;0.211440441357;0.143315985794;0.000554081436644;0.326045845748;0.00579531393089;0.0158724509169;0;0;1.60818386902e-08;3.21636773804e-08;1.60818386902e-08;0;0;0;0;0;0;0
geco-2025-ndc-lts;Rest of South-East Asia;2040;0.0859438612668;0.0197199269452;0.107019988652;0.243728278601;0.20162777502;0.0160966075608;0.270075866374;0.027237747358;0.0285498971558;0;0;1.27668628981e-08;2.55337257962e-08;1.27668628981e-08;0;0;0;0;0;0;0
geco-2025-ndc-lts;Rest of South-East Asia;2050;0.0689822767281;0.00353174476358;0.100186411004;0.273453041985;0.338238858041;0.0108223715362;0.15133421963;0.0108821022916;0.0425689356716;0;0;9.58734470499e-09;1.917468941e-08;9.58734470499e-09;0;0;0;0;0;0;0
geco-2025-ndc-lts;Rest of South-East Asia;2060;0.0621131305331;0.00292595493533;0.0907338788163;0.258704321686;0.4348492788;0.00934757472627;0.0967902982432;0.00605377975123;0.0384817507377;0;0;7.94285556689e-09;1.58857111338e-08;7.94285556689e-09;0;0;0;0;0;0;0
geco-2025-ndc-lts;Rest of South-East Asia;2070;0.0559409688987;0.00252611302389;0.108127484321;0.224746298651;0.488220923754;0.0102751954131;0.0621521737598;0.00426774957022;0.043743065179;0;0;6.85743674729e-09;1.37148734946e-08;6.85743674729e-09;0;0;0;0;0;0;0
geco-2025-ndc-lts;Rest of Sub-Saharan Africa;2030;0.336081730251;2.63636069882e-09;0.34737329137;0.111278300769;0.0318336528726;0.00581417301078;0.043875568902;0.109874661611;0.0138685231027;0;0;2.38685077874e-08;4.77370155748e-08;2.38685077874e-08;0;0;0;0;0;0;0
geco-2025-ndc-lts;Rest of Sub-Saharan Africa;2035;0.248431833081;1.73859011182e-09;0.406968775321;0.192363380826;0.0645630827568;0.00591134739731;0.0290984233438;0.0306521216237;0.0220109659973;0;0;1.69786493484e-08;3.39572986969e-08;1.69786493484e-08;0;0;0;0;0;0;0
geco-2025-ndc-lts;Rest of Sub-Saharan Africa;2040;0.197194636327;1.42381145876e-09;0.405185685169;0.221943112556;0.105633482324;0.00392905778139;0.0239295986997;0.0109803331979;0.0312040457115;0;0;1.1702559935e-08;2.340511987e-08;1.1702559935e-08;0;0;0;0;0;0;0
geco-2025-ndc-lts;Rest of Sub-Saharan Africa;2050;0.135741712862;7.57582309242e-10;0.384173787998;0.270373429271;0.16057242435;0.0022317871505;0.013068325622;0.00343379370584;0.0304047133762;0;0;6.22670391158e-09;1.24534078232e-08;6.22670391158e-09;0;0;0;0;0;0;0
geco-2025-ndc-lts;Rest of Sub-Saharan Africa;2060;0.103799730598;4.64558828209e-10;0.364188131901;0.294485750347;0.201351781339;0.00131271427511;0.010863668742;0.000789728795223;0.0232084782644;0;0;3.8182917387e-09;7.6365834774e-09;3.8182917387e-09;0;0;0;0;0;0;0
geco-2025-ndc-lts;Rest of Sub-Saharan Africa;2070;0.0864383507764;3.13225182447e-10;0.336960211391;0.313566655105;0.234580989806;0.000208544253784;0.00828826928784;3.58716134315e-05;0.0199210971549;0;0;2.57445355435e-09;5.14890710871e-09;2.57445355435e-09;0;0;0;0;0;0;0
geco-2025-ndc-lts;Russian Federation;2030;0.116589853816;0.124466088514;0.619882563409;0.00685484380112;0.0112731227724;0.000246240209375;0.111517894663;0.00746948052321;0.00169988176752;0;0;7.63116057234e-09;1.52623211447e-08;7.63116057234e-09;0;0;0;0;0;0;0
geco-2025-ndc-lts;Russian Federation;2035;0.101911828151;0.110420491828;0.662146698372;0.0292698833138;0.0344963328618;1.44478222918e-08;0.059442741073;1.44478222918e-08;0.00231196660948;0;0;7.22391114589e-09;1.44478222918e-08;7.22391114589e-09;0;0;0;0;0;0;0
geco-2025-ndc-lts;Russian Federation;2040;0.0893882130383;0.128701698066;0.514435807861;0.118031357102;0.116868056949;1.17926942621e-08;0.0304805814453;2.42443872098e-06;0.002091825722;0;0;5.89634713106e-09;1.17926942621e-08;5.89634713106e-09;0;0;0;0;0;0;0
geco-2025-ndc-lts;Russian Federation;2050;0.0759947217596;0.13612961693;0.173127816694;0.240865949838;0.24715636328;0.00366481336338;0.00459390614284;8.81747820123e-09;0.00198380131282;0;0;0.00272562334672;0.00481896615068;0.108938412364;0;0;0;0;0;0;0
geco-2025-ndc-lts;Russian Federation;2060;0.0760567587319;0.138128284246;0.0505318593618;0.280223473732;0.321453014256;0.0017190019372;2.89999652005e-08;8.35198997761e-09;0.00213769508277;0;0;0.00681368682358;0.00320954214855;0.119726646328;0;0;0;0;0;0;0
geco-2025-ndc-lts;Russian Federation;2070;0.0731879108683;0.111740960898;0.0634586036882;0.254710844788;0.327635426449;0.00842392000342;0.00224582194997;0.000963982327329;0.00237733714676;0;0;0.0132448187911;0.00498820754717;0.137022165543;0;0;0;0;0;0;0
geco-2025-ndc-lts;Saudi Arabia;2030;5.23267688162e-09;2.63540050284e-09;0.660737520345;0.18106306209;0.0700723278487;3.60217570432e-06;1.24851811248e-07;0.0880840984372;3.91315314675e-05;0;0;3.1212952812e-08;6.2425905624e-08;3.1212952812e-08;0;0;0;0;0;0;0
geco-2025-ndc-lts;Saudi Arabia;2035;5.68748094504e-09;2.65013100977e-09;0.583185648576;0.238051157879;0.177726350859;1.09059999381e-05;0.000782338645894;0.000166812994048;7.66494551496e-05;0;0;3.18135021806e-08;6.36270043611e-08;3.18135021806e-08;0;0;0;0;0;0;0
geco-2025-ndc-lts;Saudi Arabia;2040;5.66254474588e-09;3.57151593728e-09;0.503736608038;0.258233648899;0.237244877158;5.87098510238e-08;0.000659825745901;5.56251376012e-06;0.000119292281795;0;0;2.93549255119e-08;5.87098510238e-08;2.93549255119e-08;0;0;0;0;0;0;0
geco-2025-ndc-lts;Saudi Arabia;2050;4.90711904211e-09;0.00736577893889;0.171098253572;0.287548031271;0.331499822061;0.00320372475027;0.000178939548248;1.44489708229e-07;0.000860157708111;0;0;0.041440962741;0.00407121502102;0.152732964991;0;0;0;0;0;0;0
geco-2025-ndc-lts;Saudi Arabia;2060;4.25413405207e-09;0.00889684460098;0.120870325242;0.282513411809;0.365662323795;0.00199447740587;0.000148010689262;1.40433052898e-07;0.00215673831935;0;0;0.0741309233697;0.00284557116081;0.140781228921;0;0;0;0;0;0;0
geco-2025-ndc-lts;Saudi Arabia;2070;4.09395926212e-09;0.00978485388109;0.105893856585;0.275245746388;0.399794086419;0.00171151675216;3.4719939345e-05;1.39690821878e-07;0.0223411160091;0;0;0.0925550769868;0.00250776722253;0.090131116032;0;0;0;0;0;0;0
geco-2025-ndc-lts;South Africa;2030;0.0388664229843;0.0459817155682;0.0223979190732;0.171332799762;0.165054127199;0.00125441782732;0.551977678339;0.00277415508763;0.000125309416152;0;0;1.32906201525e-06;1.09706590977e-07;0.000234015974125;0;0;0;0;0;0;0
geco-2025-ndc-lts;South Africa;2035;0.0369457159534;0.0432302387023;0.0373255813953;0.233314260699;0.270369573899;1.15203833979e-07;0.29818899573;1.10595680624e-07;0.000679246413321;0;0;0.0237569506313;0.0437467358914;0.0124424748856;0;0;0;0;0;0;0
geco-2025-ndc-lts;South Africa;2040;0.041574724704;0.0765264485496;0.0502252180641;0.248074782996;0.333075083287;0.0550242175659;0.0878587149676;0.000595225730325;0.00191343854108;0;0;0.0353830826789;0.0380729812513;0.031676081665;0;0;0;0;0;0;0
geco-2025-ndc-lts;South Africa;2050;0.0355221768547;0.0360843737563;0.0274889815893;0.270981559824;0.450913164605;0.0649394908684;0.00011524004658;0.00013438628558;0.00617805014667;0;0;0.0615801653867;0.00388319747645;0.0421792131602;0;0;0;0;0;0;0
geco-2025-ndc-lts;South Africa;2060;0.0255767457474;0.0327360843755;0.0172316204123;0.258491303664;0.457276833709;0.0421320789193;8.81106875906e-05;0.000120583311024;0.0104783866417;0;0;0.119371178223;0.00362331034424;0.0328737639645;0;0;0;0;0;0;0
geco-2025-ndc-lts;South Africa;2070;0.0195060215633;0.0253401706931;0.00653475949883;0.235291025801;0.490928234003;0.0201392219601;2.09588510082e-06;1.46203918451e-05;0.0185816950553;0;0;0.166586729565;0.00134929009284;0.0157261354901;0;0;0;0;0;0;0
geco-2025-ndc-lts;South Korea;2030;0.00983400486593;0.244323725912;0.289124988736;0.202776669284;0.124887427108;0.00173639630936;0.121054715961;0.00440273933808;0.000958716836374;0;0;1.61238623637e-07;0.000222011250853;0.000678443160022;0;0;0;0;0;0;0
geco-2025-ndc-lts;South Korea;2035;0.00905930876693;0.238032176071;0.17316398035;0.303183724288;0.203058185464;0.0062921229844;0.031725130851;0.00292994749881;0.00166054669688;0;0;0.000219632066727;0.00837539209347;0.022299852868;0;0;0;0;0;0;0
geco-2025-ndc-lts;South Korea;2040;0.00866398248171;0.229196220168;0.101122682979;0.32948154946;0.257059180246;0.00358136193304;0.00741899243969;0.000724857039146;0.00153263729789;0;0;0.00292648327608;0.0129984780284;0.0452935746515;0;0;0;0;0;0;0
geco-2025-ndc-lts;South Korea;2050;0.00846343093997;0.174952430909;0.0398881997799;0.349137585239;0.344221255413;0.0132871321752;0.000780143375811;0.000501300050398;0.00353335081819;0;0;0.00958151542267;0.00760455429047;0.048049101587;0;0;0;0;0;0;0
geco-2025-ndc-lts;South Korea;2060;0.00945652678108;0.192748184444;0.019529714704;0.327724408834;0.352910829301;0.0263539878876;0.000365543637267;0.00141275657916;0.0068914309376;0;0;0.0236890605042;0.00898302841194;0.0299345279781;0;0;0;0;0;0;0
geco-2025-ndc-lts;South Korea;2070;0.0094112823658;0.177568598171;0.0126474405127;0.331315609362;0.359883736434;0.0269746140103;0.0001516404007;0.000673308711768;0.0128865963574;0;0;0.0284606854928;0.00843321955859;0.0315932686239;0;0;0;0;0;0;0
geco-2025-ndc-lts;Switzerland;2030;0.470512838069;0.256256076686;0.0338692872304;0.115631496063;0.0727719274221;0.0349437521397;0.0077700691544;0.00576188976378;0.000144334132146;0;0;0.000711297500856;0.000593888394385;0.00103314344403;0;0;0;0;0;0;0
geco-2025-ndc-lts;Switzerland;2035;0.417130779892;0.229188871953;0.0319028945387;0.124328991101;0.136812454604;0.040517466542;0.00450676677689;0.00499041459165;0.000175932561408;0;0;0.00132099174115;0.00284587803189;0.00627855766584;0;0;0;0;0;0;0
geco-2025-ndc-lts;Switzerland;2040;0.354956220124;0.196133018234;0.0238753954212;0.142825915707;0.205929358294;0.0376150175491;0.00277672263397;0.00442621142195;0.000263452568021;0;0;0.0131037519127;0.00568190816743;0.0124130279672;0;0;0;0;0;0;0
geco-2025-ndc-lts;Switzerland;2050;0.28906852132;0.161165121586;0.00622513312212;0.128975064158;0.300464778018;0.0371457948456;0.000743828734316;2.40748326047e-07;0.000516030661974;0;0;0.0635120833925;0.00604142877444;0.00614197463783;0;0;0;0;0;0;0
geco-2025-ndc-lts;Switzerland;2060;0.251839915081;0.148581603926;0.00509698013938;0.13824285033;0.34632478501;0.0208036552159;8.66729227882e-05;2.21528237158e-07;0.00143510453364;0;0;0.0809785702198;0.00453611371783;0.00207352737566;0;0;0;0;0;0;0
geco-2025-ndc-lts;Switzerland;2070;0.224704975605;0.140881692128;0.00774429037817;0.144125324472;0.361656644684;0.0186786978936;4.46444801536e-05;0.00015531116621;0.00318285986432;0;0;0.0844922235714;0.00396265569217;0.0103706800649;0;0;0;0;0;0;0
geco-2025-ndc-lts;Thailand;2030;0.0420622783536;6.71475964948e-09;0.69093731761;0.146449767772;0.0603587526026;0.0071226426156;0.0525562194065;0.000339564829432;0.000173206729311;0;0;6.08415128012e-08;1.21683025602e-07;6.08415128012e-08;0;0;0;0;0;0;0
geco-2025-ndc-lts;Thailand;2035;0.0331783052427;5.19942265887e-09;0.442315787245;0.251422531831;0.179207249936;0.0707723691454;0.0178777561334;2.67841464103e-07;0.000207830908748;0;0;0.000129779297592;0.000992617373874;0.00389549984472;0;0;0;0;0;0;0
geco-2025-ndc-lts;Thailand;2040;0.0257725352499;4.80605694848e-09;0.261207274922;0.36726010863;0.223526910627;0.0485500466341;0.0217010753278;6.5191748505e-06;0.000959021638229;0;0;0.0019228781478;0.0206564163055;0.0284372085368;0;0;0;0;0;0;0
geco-2025-ndc-lts;Thailand;2050;0.0175890975244;3.51020604429e-09;0.123953149168;0.451570376426;0.234731004416;0.0258934656473;0.0183975268274;1.19405709294e-07;0.00183472108828;0;0;0.00158872286202;0.0674588672773;0.0569829458483;0;0;0;0;0;0;0
geco-2025-ndc-lts;Thailand;2060;0.0153392870137;3.10935450723e-09;0.0980559435347;0.481484965242;0.21638764706;0.0191988087907;0.0105121738683;0.000428278088457;0.00263175312577;0;0;0.0020706313303;0.0883489718011;0.0655415370363;0;0;0;0;0;0;0
geco-2025-ndc-lts;Thailand;2070;0.0148387572033;2.93320921885e-09;0.0998600363638;0.454783039622;0.193591808444;0.0231758519198;0.00728815432163;0.00038490669649;0.00419478091003;0;0;0.0090146124715;0.103593013872;0.089275035242;0;0;0;0;0;0;0
geco-2025-ndc-lts;Türkiye;2030;0.139337237017;0.0289403400009;0.208186783394;0.137680127227;0.172616412469;0.00119765678606;0.288448332992;0.000276395391657;0.0233166071132;0;0;2.69022365924e-08;5.38044731848e-08;2.69022365924e-08;0;0;0;0;0;0;0
geco-2025-ndc-lts;Türkiye;2035;0.0978628494122;0.0359446874996;0.208094066689;0.192970761665;0.254580663126;9.59750354035e-05;0.186223304884;1.78200417108e-05;0.0242097906445;0;0;2.02506866248e-08;4.05013732497e-08;2.02506866248e-08;0;0;0;0;0;0;0
geco-2025-ndc-lts;Türkiye;2040;0.0885292234719;0.0323384839975;0.174419349911;0.22581443059;0.371473468259;0.00890953115376;0.0514357112718;0.000665934321756;0.0314325005941;0;0;0.000974312153531;0.00648961864715;0.00751743562882;0;0;0;0;0;0;0
geco-2025-ndc-lts;Türkiye;2050;0.0712638062872;0.0257502703329;0.0787709507994;0.2336796169;0.418454082027;0.0148945701707;0.0183589827759;0.000479390978605;0.0677660519812;0;0;0.0268978334749;0.0174368579594;0.0262475863134;0;0;0;0;0;0;0
geco-2025-ndc-lts;Türkiye;2060;0.0600378958077;0.022611250053;0.0506580475605;0.2291551863;0.458586749184;0.0065742020262;0.00306862786656;0.000369513797635;0.0688818108601;0;0;0.0602354287652;0.00909075494892;0.0307305328303;0;0;0;0;0;0;0
geco-2025-ndc-lts;Türkiye;2070;0.0559778702702;0.022552026979;0.0159732895267;0.219158564806;0.467708917444;0.00518887669112;0.000816272696399;0.000122635191167;0.0712061279291;0;0;0.111601917594;0.00555590481531;0.0241375960574;0;0;0;0;0;0;0
geco-2025-ndc-lts;Ukraine;2030;0.0405676360863;0.421614073418;0.167692183688;0.088343261125;0.121580580003;0.000762978461158;0.158373731929;0.00094713708597;0.000118144155657;0;0;6.8512067935e-08;1.3702413587e-07;6.8512067935e-08;0;0;0;0;0;0;0
geco-2025-ndc-lts;Ukraine;2035;0.0337496197537;0.35914068679;0.221630955092;0.145157182961;0.220281686468;0.0186128423303;2.50310715558e-07;0.000772099915694;0.00065442606708;0;0;6.25776788896e-08;1.25155357779e-07;6.25776788896e-08;0;0;0;0;0;0;0
geco-2025-ndc-lts;Ukraine;2040;0.0316628866134;0.274318467619;0.10740467529;0.166236638822;0.328793901015;0.0563023967783;2.15575316626e-07;0.000668070151801;0.000701145992395;0;0;0.0151555810054;1.07787658313e-07;0.0187559133507;0;0;0;0;0;0;0
geco-2025-ndc-lts;Ukraine;2050;0.0310827520662;0.118057957679;0.048193734069;0.184172630462;0.466039110854;0.0283128868351;1.93438537927e-07;7.75624729236e-07;0.000849324956594;0;0;0.0796741769627;9.67192689635e-08;0.043616360333;0;0;0;0;0;0;0
geco-2025-ndc-lts;Ukraine;2060;0.0314329088727;0.0919238049644;0.0249016538531;0.18115029559;0.49680788407;0.0186245082693;1.81416751443e-07;0.000322219457577;0.00252228685894;0;0;0.117932541945;9.07083757217e-08;0.0343816239949;0;0;0;0;0;0;0
geco-2025-ndc-lts;Ukraine;2070;0.0321291668319;0.0890307608328;0.0106399485236;0.166052080252;0.477843478685;0.0258025658932;1.7565420518e-07;0.000152049756493;0.0076588096988;0;0;0.161599429124;8.782710259e-08;0.029091446921;0;0;0;0;0;0;0
geco-2025-ndc-lts;United Kingdom;2030;0.0242412487567;0.125337055219;0.186855754484;0.100868226008;0.415625501332;0.129273911509;0;0.0120275612026;0.00393300606411;0;0;0;0;0.00183773542529;0;0;0;0;0;0;0
geco-2025-ndc-lts;United Kingdom;2035;0.020847281129;0.0934832246797;0.090959062361;0.147033810975;0.469220839797;0.133692929742;6.07447743223e-08;0.00980266083806;0.00491142218703;0;0;0.021026451095;3.03723871612e-08;0.00902222607903;0;0;0;0;0;0;0
geco-2025-ndc-lts;United Kingdom;2040;0.0157724264899;0.122524799444;0.045967390295;0.136467396351;0.484310843928;0.100494979551;1.07361306811e-07;0.00704481866226;0.00332243965973;0;0;0.0728764529426;5.36806534053e-08;0.0112182916342;0;0;0;0;0;0;0
geco-2025-ndc-lts;United Kingdom;2050;0.0112986075135;0.182439284761;0.00669415532426;0.0826496491311;0.553242594075;0.0323851237853;9.04252814016e-08;0.000721567057568;0.00443731078981;0;0;0.11967644704;4.52126407008e-08;0.00645512488422;0;0;0;0;0;0;0
geco-2025-ndc-lts;United Kingdom;2060;0.0113225538012;0.179383025402;0.00127135856226;0.0378561977678;0.669496641239;0.00153479417454;8.89288245184e-08;4.44644122592e-08;0.0058590675751;0;0;0.0932761471587;4.44644122592e-08;3.64623619558e-08;0;0;0;0;0;0;0
geco-2025-ndc-lts;United Kingdom;2070;0.0107845110735;0.174434644297;0.00168813662894;0.0302719728252;0.682678900127;0.00839013475079;8.62692589381e-08;4.3134629469e-08;0.0107422822712;0;0;0.0783723267388;4.3134629469e-08;0.00263691874963;0;0;0;0;0;0;0
geco-2025-ndc-lts;United States;2030;0.0648111181503;0.157501882643;0.361762230544;0.103893982317;0.125117640262;0.00104792006917;0.179207651181;0.00140048888942;0.00525707534953;0;0;2.64884830084e-09;5.29769660168e-09;2.64884830084e-09;0;0;0;0;0;0;0
geco-2025-ndc-lts;United States;2035;0.0621043859618;0.141356254789;0.319595052525;0.141466777778;0.144234796027;5.08476371739e-09;0.181455437908;5.08476371739e-09;0.00978727467258;0;0;2.54238185869e-09;5.08476371739e-09;2.54238185869e-09;0;0;0;0;0;0;0
geco-2025-ndc-lts;United States;2040;0.0586778011899;0.102061694348;0.293096180218;0.180122087258;0.171120475954;4.46207238473e-09;0.178730783837;4.46207238473e-09;0.0161909593456;0;0;2.23103619236e-09;4.46207238473e-09;2.23103619236e-09;0;0;0;0;0;0;0
geco-2025-ndc-lts;United States;2050;0.0606586884403;0.0902763433925;0.200051425079;0.217061713928;0.241441813606;4.04672278684e-09;0.161587885011;4.04672278684e-09;0.0289221143565;0;0;2.02336139342e-09;4.04672278684e-09;2.02336139342e-09;0;0;0;0;0;0;0
geco-2025-ndc-lts;United States;2060;0.0666611537489;0.0878173629573;0.133961849552;0.212624126077;0.2855859981;3.93649665466e-09;0.177355572425;3.93649665466e-09;0.0359939213931;0;0;1.96824832733e-09;3.93649665466e-09;1.96824832733e-09;0;0;0;0;0;0;0
geco-2025-ndc-lts;United States;2070;0.0723724804061;0.075349928846;0.16506525796;0.191952433041;0.288399248104;3.82319831779e-09;0.162192547312;3.82319831779e-09;0.044668089038;0;0;1.9115991589e-09;3.82319831779e-09;1.9115991589e-09;0;0;0;0;0;0;0
geco-2025-ndc-lts;Vietnam;2030;0.223083538024;3.55888066896e-09;0.0136050189284;0.134845379804;0.266810071266;0.000449148787117;0.358567149223;0.000592185902746;0.00204737567361;0;0;3.22078979114e-08;6.44157958229e-08;3.22078979114e-08;0;0;0;0;0;0;0
geco-2025-ndc-lts;Vietnam;2035;0.205923549657;3.0003598285e-09;0.0101523997715;0.18562088713;0.379905712735;5.85483664396e-08;0.215457929949;5.85483664396e-08;0.0029392835634;0;0;2.92741832198e-08;5.85483664396e-08;2.92741832198e-08;0;0;0;0;0;0;0
geco-2025-ndc-lts;Vietnam;2040;0.189119076896;0.0240241221812;0.0822539400889;0.219164578372;0.399613989758;0.0242416507126;0.040713115874;4.98077731256e-08;0.00421579771126;0;0;0.0112711185823;0.00463513212031;0.000747427895466;0;0;0;0;0;0;0
geco-2025-ndc-lts;Vietnam;2050;0.149735041679;0.103203012893;0.0379037121037;0.208136047768;0.420226316327;0.0317028274761;0.00249101130238;3.86957386318e-08;0.00835852300515;0;0;0.0230849640183;0.00215474802087;0.0130037567113;0;0;0;0;0;0;0
geco-2025-ndc-lts;Vietnam;2060;0.117176976185;0.13463558826;0.0213818227457;0.271876551946;0.298626010692;0.027404805879;0.000481318224753;0.00180823657848;0.0183532902061;0;0;0.0941389872577;0.000862646511794;0.013253765514;0;0;0;0;0;0;0
geco-2025-ndc-lts;Vietnam;2070;0.0970946507562;0.120582025241;0.020966952966;0.285722611279;0.271155738566;0.0166496288299;1.63024391176e-08;0.00117351842475;0.0295377844443;0;0;0.140066304254;6.62434913871e-08;0.0170507026913;0;0;0;0;0;0;0
geco-2025-ndc-lts;World;2030;0.12251663722;0.0782173352953;0.208146631568;0.140965238777;0.154387032388;0.0150070220014;0.261143153918;0.0115683284368;0.00525820150002;0;0;0.000133840639114;0.000599642560732;0.00205693569657;0;0;0;0;0;0;0
geco-2025-ndc-lts;World;2035;0.105374705227;0.0698650290645;0.168346394354;0.181741455298;0.215195661286;0.0172062773339;0.219641899415;0.00521829050927;0.00748824084776;0;0;0.00107589151521;0.0017984961833;0.00704765896553;0;0;0;0;0;0;0
geco-2025-ndc-lts;World;2040;0.0933697114532;0.0602152232758;0.135253694392;0.218377996851;0.280823917838;0.0210902329048;0.157035386261;0.00448330470019;0.00957159568694;0;0;0.00283279978359;0.00594151673829;0.0110046201168;0;0;0;0;0;0;0
geco-2025-ndc-lts;World;2050;0.0779583453999;0.0485989454142;0.0972093628416;0.246859536391;0.370586597611;0.0298016740745;0.06070010059;0.00136583690435;0.0121831702769;0;0;0.00721501490662;0.0230909240986;0.0244304914918;0;0;0;0;0;0;0
geco-2025-ndc-lts;World;2060;0.0698936831501;0.0415031068622;0.0751996417999;0.250991361756;0.407631282495;0.0327104128114;0.0351038518423;0.00115513709967;0.0143091536331;0;0;0.014628212548;0.0240364440062;0.0328377119966;0;0;0;0;0;0;0
geco-2025-ndc-lts;World;2070;0.0646977376867;0.0330937884756;0.079681807989;0.244146417828;0.416390241632;0.0362637560239;0.0260625087264;0.0012757614734;0.0186244081895;0;0;0.0209048195269;0.0224684896616;0.0363902627871;0;0;0;0;0;0;0
geco-2025-reference;Algeria and Libya;2030;0.00155484762536;7.6010827709e-09;0.773601438367;0.0875962693056;0.0962315225042;1.29675996853e-05;0.00189546192704;0.0390194505404;8.7759261573e-05;0;0;6.88170262101e-08;1.3763405242e-07;6.88170262101e-08;0;0;0;0;0;0;0
geco-2025-reference;Algeria and Libya;2035;0.00162211120799;5.89773536305e-09;0.676383242807;0.153984513115;0.159436520571;1.15191706197e-07;0.00468514746938;0.00377839595549;0.000109717402187;0;0;5.75958530986e-08;1.15191706197e-07;5.75958530986e-08;0;0;0;0;0;0;0
geco-2025-reference;Algeria and Libya;2040;0.00171161404291;0.00069546037313;0.647981067718;0.157675253753;0.182941117581;9.30079347394e-08;0.00843346606341;0.000416946820776;0.000144794623625;0;0;4.65039673697e-08;9.30079347394e-08;4.65039673697e-08;0;0;0;0;0;0;0
geco-2025-reference;Algeria and Libya;2050;0.00194185023001;0.00143939755839;0.527328789809;0.187382342534;0.272938782732;6.36942675159e-08;0.00871289189667;2.91062898089e-06;0.000252843528839;0;0;3.1847133758e-08;6.36942675159e-08;3.1847133758e-08;0;0;0;0;0;0;0
geco-2025-reference;Algeria and Libya;2060;0.00233538149414;0.00173768627277;0.437127472565;0.198269708282;0.351429215494;4.91831834499e-08;0.00856229904059;4.91831834499e-08;0.00053804011845;0;0;2.45915917249e-08;4.91831834499e-08;2.45915917249e-08;0;0;0;0;0;0;0
geco-2025-reference;Algeria and Libya;2070;0.00289159826773;0.00157952742732;0.36959343018;0.208307957365;0.409812464871;4.22647445991e-08;0.00671083606415;4.22647445991e-08;0.00110401676502;0;0;2.11323722996e-08;4.22647445991e-08;2.11323722996e-08;0;0;0;0;0;0;0
geco-2025-reference;Argentina;2030;0.079454365246;0.0349579182556;0.578668458696;0.0275450467855;0.248644144674;0.00136556757102;0.027061042579;0.00220053757119;0.000102739933139;0;0;4.46721655719e-08;8.93443311439e-08;4.46721655719e-08;0;0;0;0;0;0;0
geco-2025-reference;Argentina;2035;0.0667193398297;0.0309349486437;0.424396411202;0.0463766716414;0.411447634097;8.42770608375e-08;0.0199339864806;8.42770608375e-08;0.000190670997571;0;0;4.21385304188e-08;8.42770608375e-08;4.21385304188e-08;0;0;0;0;0;0;0
geco-2025-reference;Argentina;2040;0.0592296694979;0.026797840804;0.384318984947;0.0570878185182;0.47226631486;7.56874947439e-08;4.10160520562e-05;7.56874947439e-08;0.000258052571272;0;0;3.7843747372e-08;7.56874947439e-08;3.7843747372e-08;0;0;0;0;0;0;0
geco-2025-reference;Argentina;2050;0.0473994075883;0.0220670119885;0.279682577789;0.0774255763933;0.573012691763;6.21320348889e-08;1.24264069778e-07;6.21320348889e-08;0.000412361686108;0;0;3.10660174444e-08;6.21320348889e-08;3.10660174444e-08;0;0;0;0;0;0;0
geco-2025-reference;Argentina;2060;0.0423716880889;0.0219000665556;0.350428736636;0.0748983391874;0.50979867889;5.53988912527e-08;1.10797782505e-07;5.53988912527e-08;0.000602158248472;0;0;2.76994456264e-08;5.53988912527e-08;2.76994456264e-08;0;0;0;0;0;0;0
geco-2025-reference;Argentina;2070;0.0398290781521;0.016667787009;0.376789266515;0.0714954026601;0.494178156231;5.23230146777e-08;1.04646029355e-07;5.23230146777e-08;0.00103999549441;0;0;2.61615073388e-08;5.23230146777e-08;2.61615073388e-08;0;0;0;0;0;0;0
geco-2025-reference;Australia;2030;0.0699128043659;4.75451299828e-09;0.196839317818;0.264365229403;0.204241099657;0.00121782274869;0.259360716917;0.00354220508647;0.000520626789618;0;0;4.31146578812e-08;8.62293157623e-08;4.31146578812e-08;0;0;0;0;0;0;0
geco-2025-reference;Australia;2035;0.0626023108254;4.07902247098e-09;0.139280667202;0.275138677233;0.249421462414;6.8962345183e-06;0.27270585797;2.69144662104e-05;0.000817049978776;0;0;3.98991438309e-08;7.97982876617e-08;3.98991438309e-08;0;0;0;0;0;0;0
geco-2025-reference;Australia;2040;0.0568410346111;4.23276332765e-09;0.148371849225;0.274641592215;0.30421536841;0.00057554612794;0.214348080036;7.74873524452e-06;0.000998637248317;0;0;3.47898355697e-08;6.95796711394e-08;3.47898355697e-08;0;0;0;0;0;0;0
geco-2025-reference;Australia;2050;0.0498422630267;3.53169555655e-09;0.184345407889;0.232999179566;0.403326889467;0.0104150863068;0.116871851459;0.000122293021878;0.00207690962125;0;0;2.90276347114e-08;5.80552694228e-08;2.90276347114e-08;0;0;0;0;0;0;0
geco-2025-reference;Australia;2060;0.0444123977087;3.06808092589e-09;0.21681803163;0.165353801216;0.453407023314;0.0111950728582;0.104710644595;5.04342070009e-08;0.0041028743085;0;0;2.52171035004e-08;5.04342070009e-08;2.52171035004e-08;0;0;0;0;0;0;0
geco-2025-reference;Australia;2070;0.0400731724829;2.73460302992e-09;0.273135624448;0.14046229151;0.466515160502;0.0124641795098;0.0608364438923;4.49523785739e-08;0.00651299006365;0;0;2.2476189287e-08;4.49523785739e-08;2.2476189287e-08;0;0;0;0;0;0;0
geco-2025-reference;Brazil;2030;0.480197386832;0.0231161161451;0.117364090535;0.148730085208;0.210795240714;0.00179393160216;0.0176010979166;9.60978587075e-05;0.000305889036853;0;0;1.60379816461e-08;3.20759632921e-08;1.60379816461e-08;0;0;0;0;0;0;0
geco-2025-reference;Brazil;2035;0.428603969757;0.024272247584;0.105451406307;0.168784889835;0.259604813302;8.48165056027e-07;0.0127697405606;2.67845757157e-07;0.000511756732496;0;0;1.49778608494e-08;2.99557216989e-08;1.49778608494e-08;0;0;0;0;0;0;0
geco-2025-reference;Brazil;2040;0.354309155102;0.020507835982;0.0611071853965;0.194312880475;0.269922698524;0.0781366243047;0.0202601590057;0.000572958030294;0.000870454410756;0;0;1.21921276109e-08;2.43842552219e-08;1.21921276109e-08;0;0;0;0;0;0;0
geco-2025-reference;Brazil;2050;0.249220170488;0.00898876006517;0.0345802649413;0.249461026234;0.290077687785;0.0950335223972;0.0697660931781;0.000476004155942;0.00239643675175;0;0;8.50079104583e-09;1.70015820917e-08;8.50079104583e-09;0;0;0;0;0;0;0
geco-2025-reference;Brazil;2060;0.192250288938;0.00727637655586;0.0370930667339;0.274784188573;0.34147527027;0.0560771953789;0.0853652367386;8.79987443699e-05;0.00559035067276;0;0;6.84889157349e-09;1.3697783147e-08;6.84889157349e-09;0;0;0;0;0;0;0
geco-2025-reference;Brazil;2070;0.167990812052;0.00634853180259;0.0502617281884;0.227915582463;0.434845334763;0.044922868139;0.0564404858977;5.87531763362e-05;0.0112158784122;0;0;6.27639682519e-09;1.25527936504e-08;6.27639682519e-09;0;0;0;0;0;0;0
geco-2025-reference;Canada;2030;0.556876427963;0.103573157703;0.126520077839;0.0450871415672;0.160101206124;0.00625110081893;7.00660347286e-08;0.00105173809648;0.000344181146692;0;0;1.78768587689e-08;3.63364396731e-08;0.000194844462939;0;0;0;0;0;0;0
geco-2025-reference;Canada;2035;0.510946211582;0.0910511911323;0.0862462477735;0.0707277840988;0.238810736394;3.40627653761e-08;7.39812512862e-05;3.40627653761e-08;0.00057454482447;0;0;1.66125762568e-05;0.000189319194132;0.00136330304743;0;0;0;0;0;0;0
geco-2025-reference;Canada;2040;0.433445580654;0.0620211206019;0.075635690392;0.0959961856854;0.301496034187;0.0123658114184;0.0031707351676;0.00472393340555;0.000959912201855;0;0;0.000196599341919;0.00179844326511;0.00818995367898;0;0;0;0;0;0;0
geco-2025-reference;Canada;2050;0.362489787404;0.0434615919481;0.046685990926;0.126564048186;0.396891025084;2.42494828515e-08;0.000429502668312;2.50317242338e-08;0.00171688111669;0;0;7.66621760217e-05;0.00363797868827;0.0180464825213;0;0;0;0;0;0;0
geco-2025-reference;Canada;2060;0.318124041373;0.0308061509419;0.0674367404727;0.115178353718;0.423790458961;2.3541904275e-05;0.00100770047587;2.2653085303e-08;0.00314885845755;0;0;0.000797687497542;0.00689350690211;0.0327929366422;0;0;0;0;0;0;0
geco-2025-reference;Canada;2070;0.294810961313;0.0271441236811;0.0798534583822;0.0998212192263;0.420518024619;0.000115504103165;0.00185177315358;2.1101992966e-08;0.00559623475967;0;0;0.00295661635404;0.012027989449;0.055304073857;0;0;0;0;0;0;0
geco-2025-reference;Chile;2030;0.213339243443;1.05874586214e-08;0.254368797488;0.20907830581;0.186554185961;0.00243993571813;0.125161727085;0.000595073231918;0.00846221909575;0;0;1.25394924222e-07;2.50789848443e-07;1.25394924222e-07;0;0;0;0;0;0;0
geco-2025-reference;Chile;2035;0.181337317108;9.00515738662e-09;0.165821507879;0.248233200958;0.234760185276;0.000772936857673;0.161284851397;2.16204854099e-07;0.00778934290578;0;0;1.0810242705e-07;2.16204854099e-07;1.0810242705e-07;0;0;0;0;0;0;0
geco-2025-reference;Chile;2040;0.17208970963;0.00107748220495;0.168770388039;0.256978043361;0.281076364915;0.033598024028;0.0352830962753;0.0328079767001;0.0183185532973;0;0;9.0387536563e-08;1.80775073126e-07;9.0387536563e-08;0;0;0;0;0;0;0
geco-2025-reference;Chile;2050;0.172281777922;0.00277497284358;0.161886083627;0.190735852859;0.388275309534;0.0415033870563;2.83114853208e-07;0.00722886591857;0.0353131840099;0;0;7.0778713302e-08;1.41557426604e-07;7.0778713302e-08;0;0;0;0;0;0;0
geco-2025-reference;Chile;2060;0.151821151188;0.00318051898901;0.137938053709;0.209731455275;0.427511847561;0.0335462285263;2.36951227539e-07;0.00336071299283;0.0329095578556;0;0;5.92378068847e-08;1.18475613769e-07;5.92378068847e-08;0;0;0;0;0;0;0
geco-2025-reference;Chile;2070;0.127289787473;0.00336399208697;0.156248518485;0.1985186664;0.425720974972;0.0304092473548;2.09078204686e-07;0.00944169585655;0.0490066992141;0;0;5.22695511715e-08;1.04539102343e-07;5.22695511715e-08;0;0;0;0;0;0;0
geco-2025-reference;China;2030;0.111351375959;0.0399181329145;0.0188247249827;0.175628039666;0.195820909112;0.0128707344365;0.443796234084;0.00123483486218;0.000555011798268;0;0;5.4628639064e-10;1.09257278128e-09;5.4628639064e-10;0;0;0;0;0;0;0
geco-2025-reference;China;2035;0.0923227319306;0.0389604380544;0.0131240916092;0.197470248386;0.261244004099;0.00397729811966;0.391326294957;0.000714761704188;0.000860128122112;0;0;7.54399089692e-10;1.50879817938e-09;7.54399089692e-10;0;0;0;0;0;0;0
geco-2025-reference;China;2040;0.0825060334545;0.0361669394435;0.0117951114095;0.223479708175;0.334423701074;0.000270380071569;0.310084050664;0.000336456489778;0.000937616022636;0;0;7.98912591195e-10;1.59782518239e-09;7.98912591195e-10;0;0;0;0;0;0;0
geco-2025-reference;China;2050;0.070208740065;0.0305602024483;0.033435096533;0.211773550339;0.418210164975;2.19786818657e-07;0.234439796219;6.52923378702e-06;0.00136569773495;0;0;6.66191696661e-10;1.33238339332e-09;6.66191696661e-10;0;0;0;0;0;0;0
geco-2025-reference;China;2060;0.0630051573849;0.024887623515;0.0941596429719;0.206671566664;0.455390065944;1.18921284845e-09;0.15381807402;1.18921284845e-09;0.00206786474356;0;0;5.94606424227e-10;1.18921284845e-09;5.94606424227e-10;0;0;0;0;0;0;0
geco-2025-reference;China;2070;0.0606067970679;0.0201126572851;0.142460506668;0.203221747481;0.468245070754;3.41414291874e-07;0.101970521391;1.12892477755e-09;0.00338235455215;0;0;5.64462388773e-10;1.12892477755e-09;5.64462388773e-10;0;0;0;0;0;0;0
geco-2025-reference;EFTA;2030;0.770253516684;0.0819782800117;0.0221579557452;0.0409798965256;0.0467303926508;0.0109361871301;0.00269899811188;0.00251274154616;0.0214998620049;0;0;7.57330167478e-05;5.29173913234e-05;0.000123519181317;0;0;0;0;0;0;0
geco-2025-reference;EFTA;2035;0.728018674985;0.0780920114859;0.0276648418617;0.0465250893466;0.0829797343359;0.013004556779;0.00248697502427;0.00212986964695;0.0179897163633;0;0;0.000165026132584;0.000397302043093;0.000546201995579;0;0;0;0;0;0;0
geco-2025-reference;EFTA;2040;0.672334864384;0.0722255764366;0.0302452864796;0.049953380666;0.133039733429;0.0128062087782;0.00439360474447;0.00203310736968;0.0186190283308;0;0;0.0010659090388;0.00196985792567;0.00131344241748;0;0;0;0;0;0;0
geco-2025-reference;EFTA;2050;0.590651581689;0.0630241312967;0.0338971860714;0.0554616356731;0.20452916129;0.0142780784325;0.00312346407648;0.000278579931377;0.0126422506094;0;0;0.00545296614549;0.00822151309932;0.00843945168572;0;0;0;0;0;0;0
geco-2025-reference;EFTA;2060;0.525788077403;0.0567229664842;0.0536142322097;0.0613271871699;0.260619237972;0.00726876860655;0.0021345613656;9.3370366369e-05;0.0135153098891;0;0;0.009104184673;0.00679610222798;0.00301600163257;0;0;0;0;0;0;0
geco-2025-reference;EFTA;2070;0.480157282975;0.0519151724875;0.0698705486533;0.0651564466551;0.280084893321;0.00986904053546;0.00161047785398;0.000121716621926;0.0160980079135;0;0;0.0104598662437;0.00830380621509;0.00635274052422;0;0;0;0;0;0;0
geco-2025-reference;Egypt;2030;0.0497340450991;0.0449755742679;0.599296700704;0.186230332579;0.100819402742;1.56021684817e-05;1.69700605299e-07;0.0187811703292;0.000146832708464;0;0;4.24251513247e-08;8.48503026493e-08;4.24251513247e-08;0;0;0;0;0;0;0
geco-2025-reference;Egypt;2035;0.0374455991982;0.0576344174595;0.429110745617;0.321224435627;0.140209686203;6.58987630253e-08;0.0141030702417;2.02760197147e-05;0.000251571937195;0;0;3.29493815127e-08;6.58987630253e-08;3.29493815127e-08;0;0;0;0;0;0;0
geco-2025-reference;Egypt;2040;0.0267633297409;0.0429838863985;0.349030429244;0.314615083953;0.241177422969;4.70995353827e-08;0.0250309028556;7.64412376057e-05;0.000322362303364;0;0;2.35497676914e-08;4.70995353827e-08;2.35497676914e-08;0;0;0;0;0;0;0
geco-2025-reference;Egypt;2050;0.015194897236;0.0245098660897;0.219896290052;0.325363683838;0.370802715506;2.68566526167e-08;0.0437232563691;2.68566526167e-08;0.000509183483158;0;0;1.34283263083e-08;2.68566526167e-08;1.34283263083e-08;0;0;0;0;0;0;0
geco-2025-reference;Egypt;2060;0.0106781254726;0.0172825007726;0.162877010014;0.284181455935;0.465528895786;1.89372768459e-08;0.0586376149552;1.89372768459e-08;0.000814321315615;0;0;9.46863842295e-09;1.89372768459e-08;9.46863842295e-09;0;0;0;0;0;0;0
geco-2025-reference;Egypt;2070;0.00882931660255;0.0153544862412;0.140385685384;0.278204632889;0.488581021151;1.56715077841e-08;0.0673069336627;1.56715077841e-08;0.00133786138334;0;0;7.83575389203e-09;1.56715077841e-08;7.83575389203e-09;0;0;0;0;0;0;0
geco-2025-reference;European Union;2030;0.117188838938;0.209893478175;0.110141095276;0.151975202036;0.214908770912;0.0902270543024;0.0631922270708;2.37364375832e-07;0.0255518172676;0;0;0.00180358390571;0.0071276679894;0.00799002676229;0;0;0;0;0;0;0
geco-2025-reference;European Union;2035;0.101845991111;0.185466943054;0.0775378823422;0.182531612456;0.25469274712;0.106658107774;0.0273452930354;2.21109471368e-07;0.0322454788288;0;0;0.00612848007143;0.0094022139382;0.0161450291599;0;0;0;0;0;0;0
geco-2025-reference;European Union;2040;0.0860657983274;0.159953619148;0.0507952273383;0.20491420744;0.324677977506;0.0944185811785;0.0131767999615;1.86869172354e-07;0.0297533938287;0;0;0.0109433336538;0.00842908295684;0.0168717917908;0;0;0;0;0;0;0
geco-2025-reference;European Union;2050;0.0724932526247;0.122829409918;0.0350048564247;0.205027927076;0.436083762265;0.0588398096197;0.000789163746842;1.6383322553e-07;0.0268544742104;0;0;0.0205994998199;0.00313244660566;0.0183452338563;0;0;0;0;0;0;0
geco-2025-reference;European Union;2060;0.0697324632078;0.10164747535;0.0302545385522;0.193758575228;0.474359424034;0.0485661703265;0.000466657450983;1.60435420411e-07;0.0281211399663;0;0;0.0238313447401;0.00263278321205;0.0266292674976;0;0;0;0;0;0;0
geco-2025-reference;European Union;2070;0.0678030742666;0.0997414016033;0.0348564168036;0.170049215144;0.454151725992;0.0648267492553;0.000740405897672;1.58335522257e-07;0.0319918841642;0;0;0.0409609679318;0.0058750705037;0.0290029301031;0;0;0;0;0;0;0
geco-2025-reference;Iceland;2030;0.621962493692;6.55886989804e-08;0.0309399266309;0.0365435511748;0.0907766101407;2.85894269547e-05;5.73252348052e-05;0.00181821186285;0.217864011157;0;0;5.11328262821e-06;2.12793590253e-06;1.97387331461e-06;0;0;0;0;0;0;0
geco-2025-reference;Iceland;2035;0.571876021683;5.95165346131e-08;0.041854812192;0.043897753004;0.168606232821;1.16166100915e-06;2.2616719071e-06;1.16244808337e-06;0.17375814321;0;0;5.8201111591e-07;1.22567234302e-06;5.84109980505e-07;0;0;0;0;0;0;0
geco-2025-reference;Iceland;2040;0.520248678171;6.3622102144e-08;0.0571808944861;0.0491847510313;0.198954520365;1.04556315728e-06;1.99472720934e-06;1.04584277497e-06;0.173496229446;0;0;5.23201005171e-07;0.000317440517692;0.000612813026553;0;0;0;0;0;0;0
geco-2025-reference;Iceland;2050;0.454878802869;5.41676972545e-08;0.119335981944;0.0602668191937;0.240864457086;9.43018797922e-05;0.000117950779124;8.90427900074e-07;0.108193870517;0;0;0.000929161513727;0.00338297674994;0.0119347328716;0;0;0;0;0;0;0
geco-2025-reference;Iceland;2060;0.409933823994;4.81679941275e-08;0.170767361235;0.0460576201382;0.2220978921;0.00458286022209;0.00327121714913;0.000853796941112;0.104159530307;0;0;0.00354232707498;0.00721068273733;0.0275228399321;0;0;0;0;0;0;0
geco-2025-reference;Iceland;2070;0.382589465716;4.33383383507e-08;0.189701949978;0.043265118327;0.226472501676;0.00162325824158;0.00185696864155;7.12411041382e-07;0.112446376178;0;0;0.00388538592642;0.00803090082892;0.0301273187372;0;0;0;0;0;0;0
geco-2025-reference;India;2030;0.0613624192466;0.0334141149834;0.0496847775863;0.203626022763;0.110844512836;0.00921961085977;0.50554172516;0.0258077713077;0.00049902723076;0;0;4.50659923941e-09;9.01319847882e-09;4.50659923941e-09;0;0;0;0;0;0;0
geco-2025-reference;India;2035;0.04918751653;0.0365654588733;0.0317021913779;0.257054218461;0.156841576303;0.0175616729966;0.438288804866;0.0118202327427;0.00097831261571;0;0;3.80851626554e-09;7.61703253108e-09;3.80851626554e-09;0;0;0;0;0;0;0
geco-2025-reference;India;2040;0.0395244208006;0.0289157419636;0.0306912922802;0.275977058313;0.187447490444;0.0186372377814;0.410714206319;0.00680346923074;0.00128907101802;0;0;2.96234123702e-09;5.92468247405e-09;2.96234123702e-09;0;0;0;0;0;0;0
geco-2025-reference;India;2050;0.0274674935883;0.0179795722473;0.0421792479774;0.300219809462;0.294839297424;0.0199955991403;0.290341277773;0.00501647552702;0.00196121903965;0;0;1.95506871931e-09;3.91013743862e-09;1.95506871931e-09;0;0;0;0;0;0;0
geco-2025-reference;India;2060;0.0211267591342;0.0121716003771;0.0689544064073;0.297460474338;0.38669648574;0.0351196688784;0.171637918577;0.00390405266773;0.00292862803514;0;0;1.4611886973e-09;2.9223773946e-09;1.4611886973e-09;0;0;0;0;0;0;0
geco-2025-reference;India;2070;0.0186623109561;0.00885762379502;0.0883775399433;0.250669408508;0.458060233751;0.0187297277768;0.152204316769;0.000767569912625;0.0036712635899;0;0;1.24944685946e-09;2.49889371893e-09;1.24944685946e-09;0;0;0;0;0;0;0
geco-2025-reference;Indonesia;2030;0.0739591759814;1.99590017477e-09;0.267272668076;0.163224781008;0.0416180264302;0.00216497210305;0.400131161353;0.00406814314897;0.0475609753484;0;0;2.36388882469e-08;4.72777764937e-08;2.36388882469e-08;0;0;0;0;0;0;0
geco-2025-reference;Indonesia;2035;0.0754618917797;1.58598049041e-09;0.165220660386;0.195690861061;0.0593102892063;0.00038788015009;0.438138062738;0.000816260018563;0.0649740169188;0;0;1.90389054745e-08;3.8077810949e-08;1.90389054745e-08;0;0;0;0;0;0;0
geco-2025-reference;Indonesia;2040;0.0810022861517;1.81237004624e-09;0.159094420755;0.230996493188;0.0667497336271;0.000726841696925;0.38300175982;0.000370407266032;0.078057996098;0;0;1.48961921609e-08;2.97923843218e-08;1.48961921609e-08;0;0;0;0;0;0;0
geco-2025-reference;Indonesia;2050;0.106801843843;1.24822775882e-09;0.176335671813;0.302140938593;0.0879630091408;2.05188124737e-08;0.246160182959;2.05188124737e-08;0.0805982703268;0;0;1.02594062369e-08;2.05188124737e-08;1.02594062369e-08;0;0;0;0;0;0;0
geco-2025-reference;Indonesia;2060;0.153681454817;1.02379505399e-09;0.217592670749;0.329168809312;0.0868887616287;0.000372209457248;0.142296977233;0.000105616263849;0.0698934658548;0;0;8.41475386845e-09;1.68295077369e-08;8.41475386845e-09;0;0;0;0;0;0;0
geco-2025-reference;Indonesia;2070;0.165362728198;9.09676213421e-10;0.260178293215;0.325618392905;0.095930860454;0.00416526075308;0.0751754819415;0.000176916446863;0.0733920352697;0;0;7.47679079524e-09;1.49535815905e-08;7.47679079524e-09;0;0;0;0;0;0;0
geco-2025-reference;Iran;2030;0.0249497993993;0.0118802529061;0.778290189335;0.00548951806078;0.0638123943366;0.000365933400312;0.0294732647781;0.0856487477758;8.98284773584e-05;0;0;1.78825769955e-08;3.57651539911e-08;1.78825769955e-08;0;0;0;0;0;0;0
geco-2025-reference;Iran;2035;0.0212598493555;0.0120120628492;0.674182600458;0.0389197260574;0.152657548993;3.12531538013e-08;0.0363104905334;0.0645319026334;0.000125725360741;0;0;1.56265769007e-08;3.12531538013e-08;1.56265769007e-08;0;0;0;0;0;0;0
geco-2025-reference;Iran;2040;0.0209517746976;0.017400051816;0.542254304775;0.0904071603219;0.244704041647;2.91464935149e-08;0.0369480091326;0.0471771418625;0.000157428307722;0;0;1.45732467575e-08;2.91464935149e-08;1.45732467575e-08;0;0;0;0;0;0;0
geco-2025-reference;Iran;2050;0.0211849862931;0.0163908708551;0.336427377671;0.18509895227;0.398599271471;2.70381914454e-08;0.0207518787788;0.0213052499155;0.000241331630929;0;0;1.35190957227e-08;2.70381914454e-08;1.35190957227e-08;0;0;0;0;0;0;0
geco-2025-reference;Iran;2060;0.0214711297365;0.013193701671;0.292247186267;0.219865511739;0.423772159001;2.52494257509e-08;0.0140844200523;0.0149692272624;0.000396588522032;0;0;1.26247128755e-08;2.52494257509e-08;1.26247128755e-08;0;0;0;0;0;0;0
geco-2025-reference;Iran;2070;0.021420316823;0.00949775155269;0.283288842315;0.215935819275;0.430622138433;2.35046397179e-08;0.023474337667;0.0149880436468;0.000772679773768;0;0;1.1752319859e-08;2.35046397179e-08;1.1752319859e-08;0;0;0;0;0;0;0
geco-2025-reference;Japan;2030;0.0805185178398;0.184095365501;0.213151813301;0.145716432407;0.112738001429;0.00181687102934;0.24407994778;0.00566805329033;0.0119809690484;0;0;1.21827411168e-08;2.43654822335e-08;0.000233991826861;0;0;0;0;0;0;0
geco-2025-reference;Japan;2035;0.0699167124439;0.16918764339;0.242408004007;0.170722525608;0.174946683039;2.32652599606e-08;0.0930891120302;0.0582173554787;0.0145461246647;0;0;1.16331146799e-08;0.000932117814328;0.00603368662552;0;0;0;0;0;0;0
geco-2025-reference;Japan;2040;0.0647654200704;0.141441954583;0.247700142397;0.186488046167;0.257298958255;0.0025149524095;0.0215504084539;0.0468377426366;0.0156543206176;0;0;7.82357790602e-06;0.00143182942367;0.014308401409;0;0;0;0;0;0;0
geco-2025-reference;Japan;2050;0.0607111652224;0.11103559407;0.19435064098;0.1806653298;0.404865000358;0.000904071488935;3.52939912626e-08;0.0148690825754;0.0141647021414;0;0;4.0714602879e-06;2.65838286901e-08;0.0184302800258;0;0;0;0;0;0;0
geco-2025-reference;Japan;2060;0.0600821921735;0.101994252997;0.204956180894;0.131394973881;0.446605183768;6.38152001777e-05;2.83449778217e-08;0.00384435081081;0.0169935525363;0;0;2.19013120651e-06;3.35678712442e-08;0.0340632456951;0;0;0;0;0;0;0
geco-2025-reference;Japan;2070;0.0610083898386;0.077558827617;0.243703598048;0.0895503719471;0.455582863371;2.0753988282e-08;2.2815972146e-08;2.10660288341e-08;0.0200488919123;0;0;1.08450549692e-08;4.03821143564e-08;0.0525469414028;0;0;0;0;0;0;0
geco-2025-reference;Malaysia;2030;0.109999014838;5.56014034769e-09;0.339645518665;0.0603836069052;0.00229497264281;0.00160598714743;0.481433385653;0.00418708983161;0.000450217238023;0;0;5.03796662574e-08;1.00759332515e-07;5.03796662574e-08;0;0;0;0;0;0;0
geco-2025-reference;Malaysia;2035;0.0901585680915;4.55856190344e-09;0.226308644978;0.0891786946365;0.00266216178586;0.00276671338624;0.587100976779;0.0011742361659;0.000649821403289;0;0;4.45537661855e-08;8.91075323711e-08;4.45537661855e-08;0;0;0;0;0;0;0
geco-2025-reference;Malaysia;2040;0.0760102872337;4.63084108444e-09;0.152847056958;0.113295165899;0.00269812572522;0.0132436652367;0.638593438056;0.00247679160951;0.000835312404681;0;0;3.80617075434e-08;7.61234150867e-08;3.80617075434e-08;0;0;0;0;0;0;0
geco-2025-reference;Malaysia;2050;0.0611782880119;3.70754417522e-09;0.138858714633;0.12941318379;0.00261707755793;9.75790921596e-05;0.666447933975;6.09459316474e-08;0.00138703639403;0;0;3.04729658237e-08;6.09459316474e-08;3.04729658237e-08;0;0;0;0;0;0;0
geco-2025-reference;Malaysia;2060;0.0574512522458;3.45528735882e-09;0.249723371114;0.131909736534;0.00194201152157;0.000620631536597;0.55646292804;5.67992442545e-08;0.00188989515412;0;0;2.83996221273e-08;5.67992442545e-08;2.83996221273e-08;0;0;0;0;0;0;0
geco-2025-reference;Malaysia;2070;0.055976498957;3.35291753584e-09;0.341103832507;0.124837234226;0.0020408397604;4.56768032457e-06;0.473392860123;5.51164526439e-08;0.00264399804413;0;0;2.75582263219e-08;5.51164526439e-08;2.75582263219e-08;0;0;0;0;0;0;0
geco-2025-reference;Mediterranean Middle-East;2030;0.0265544947195;1.06303247895e-08;0.601630004155;0.179075793878;0.0501155981499;0.00016305205174;0.127702104277;0.0145785408719;0.000180016296733;0;0;9.62425172456e-08;1.92485034491e-07;9.62425172456e-08;0;0;0;0;0;0;0
geco-2025-reference;Mediterranean Middle-East;2035;0.0232202817649;8.88903624844e-09;0.526509561558;0.229242900116;0.0925043554795;1.7361634405e-07;0.127575286196;0.000560244268551;0.000386840878571;0;0;8.68081720249e-08;1.7361634405e-07;8.68081720249e-08;0;0;0;0;0;0;0
geco-2025-reference;Mediterranean Middle-East;2040;0.0200530261474;0.00428891631621;0.397398394994;0.272886064891;0.160793665305;1.46279027244e-07;0.143913528778;1.46279027244e-07;0.000665818451474;0;0;7.31395136222e-08;1.46279027244e-07;7.31395136222e-08;0;0;0;0;0;0;0
geco-2025-reference;Mediterranean Middle-East;2050;0.0151432588133;0.00616952674929;0.268418826118;0.308546629789;0.322710533152;1.10022768601e-07;0.0779506395073;1.10022768601e-07;0.00106014578017;0;0;5.50113843004e-08;1.10022768601e-07;5.50113843004e-08;0;0;0;0;0;0;0
geco-2025-reference;Mediterranean Middle-East;2060;0.0124854498105;0.00665383475525;0.210674087106;0.290630497702;0.41208406636;0.000754054820952;0.064009392833;0.00115558771415;0.0015528472971;0;0;4.54003745531e-08;9.08007491062e-08;4.54003745531e-08;0;0;0;0;0;0;0
geco-2025-reference;Mediterranean Middle-East;2070;0.0105457241435;0.00635094953538;0.208798719457;0.270313036234;0.432626082947;0.000966680726095;0.0645662348414;0.00319171733737;0.00264070387962;0;0;3.77246779649e-08;7.54493559297e-08;3.77246779649e-08;0;0;0;0;0;0;0
geco-2025-reference;Mexico;2030;0.0794010570141;0.0227542727325;0.560564406342;0.102663922739;0.191171745784;0.000473362445581;0.0199721093896;0.00355801220509;0.0194409849623;0;0;3.15963574837e-08;6.31927149674e-08;3.15963574837e-08;0;0;0;0;0;0;0
geco-2025-reference;Mexico;2035;0.0654187148454;0.0186360719674;0.453089534586;0.16646504431;0.267207109645;5.54959274082e-08;0.00467954223568;5.54959274082e-08;0.0245037604272;0;0;2.77479637041e-08;5.54959274082e-08;2.77479637041e-08;0;0;0;0;0;0;0
geco-2025-reference;Mexico;2040;0.052216125273;0.0078911964684;0.406453482747;0.218398894831;0.282774960833;4.44537056331e-08;0.0124600050937;4.44537056331e-08;0.0198051569386;0;0;2.22268528166e-08;4.44537056331e-08;2.22268528166e-08;0;0;0;0;0;0;0
geco-2025-reference;Mexico;2050;0.0374407268774;0.00201180601282;0.280376768913;0.288003296757;0.351126686494;3.18185634802e-08;0.0198834768851;5.80852295577e-06;0.0211513340817;0;0;1.59092817401e-08;3.18185634802e-08;1.59092817401e-08;0;0;0;0;0;0;0
geco-2025-reference;Mexico;2060;0.0294684478327;0.0017194401217;0.267081346366;0.301524715427;0.337415852145;0.00125714325681;0.0266921116959;0.00619151614765;0.0286493766502;0;0;1.2589393436e-08;2.51787868721e-08;1.2589393436e-08;0;0;0;0;0;0;0
geco-2025-reference;Mexico;2070;0.0253573758201;1.45480037488e-05;0.265060157901;0.261878163074;0.385428303655;6.30402249297e-05;0.0302097628491;6.79957263355e-05;0.0319206095595;0;0;1.07966260544e-08;2.15932521087e-08;1.07966260544e-08;0;0;0;0;0;0;0
geco-2025-reference;Morocco and Tunisia;2030;0.0374095221564;1.77018959214e-08;0.191589272525;0.157866886526;0.28257774917;4.31758039495e-05;0.324917141979;0.00547003880076;0.000125554274773;0;0;1.60265566408e-07;3.20531132816e-07;1.60265566408e-07;0;0;0;0;0;0;0
geco-2025-reference;Morocco and Tunisia;2035;0.0311647113655;1.47791704044e-08;0.172987131596;0.217433836316;0.329694351593;2.88659587157e-07;0.248490512822;2.88659587157e-07;0.000228286890144;0;0;1.44329793578e-07;2.88659587157e-07;1.44329793578e-07;0;0;0;0;0;0;0
geco-2025-reference;Morocco and Tunisia;2040;0.0236975318713;0.00117627271385;0.211648337101;0.231793569037;0.343693725189;2.2373971613e-07;0.187624173212;2.2373971613e-07;0.000365495917527;0;0;1.11869858065e-07;2.2373971613e-07;1.11869858065e-07;0;0;0;0;0;0;0
geco-2025-reference;Morocco and Tunisia;2050;0.0145069501961;0.00291916717392;0.181530767465;0.243715386227;0.437062057817;1.43693931925e-07;0.119686423917;1.43693931925e-07;0.000578672427729;0;0;7.18469659625e-08;1.43693931925e-07;7.18469659625e-08;0;0;0;0;0;0;0
geco-2025-reference;Morocco and Tunisia;2060;0.00989175033662;0.00422293846768;0.206112892065;0.235948218281;0.447449612485;1.017822496e-07;0.0955872136049;1.017822496e-07;0.000786967631124;0;0;5.08911247999e-08;1.017822496e-07;5.08911247999e-08;0;0;0;0;0;0;0
geco-2025-reference;Morocco and Tunisia;2070;0.00744100935784;0.00495386047972;0.222371334757;0.218423325023;0.460878180297;7.79594123809e-08;0.0848005435503;7.79594123809e-08;0.00113143469681;0;0;3.89797061905e-08;7.79594123809e-08;3.89797061905e-08;0;0;0;0;0;0;0
geco-2025-reference;New Zealand;2030;0.620375434469;3.27575391608e-08;0.0740110568554;0.0191030022703;0.0839311904385;0.00499147445648;0.00232445429401;0.000729889432339;0.194511315329;0;0;2.99380972897e-07;2.15535057739e-05;2.96811552791e-07;0;0;0;0;0;0;0
geco-2025-reference;New Zealand;2035;0.582684649254;2.9234933101e-08;0.0535040548129;0.03839224238;0.118365812183;0.0285770183682;0.00682023021257;5.71463720983e-07;0.171257472715;0;0;3.31097746092e-06;6.59869952318e-05;0.000328621403301;0;0;0;0;0;0;0
geco-2025-reference;New Zealand;2040;0.535782449493;0.000896763179845;0.0228061689735;0.0629645992677;0.215853986117;0.0123469262402;0.00162104852049;5.08956215628e-07;0.146483670988;0;0;8.51605686172e-06;0.000303141744306;0.000932220462867;0;0;0;0;0;0;0
geco-2025-reference;New Zealand;2050;0.46296760309;0.0130671688252;0.0378756850236;0.0718618039276;0.30741939203;0.00848016601975;0.00150066484762;4.4271934207e-07;0.0772113938742;0;0;0.00366897505861;0.00454511356212;0.0114015910226;0;0;0;0;0;0;0
geco-2025-reference;New Zealand;2060;0.422267271152;0.0143107160377;0.0485437085353;0.0658648334203;0.344406605229;0.00650034846949;0.00141663803986;4.07136768267e-07;0.0605498212415;0;0;0.0069880785265;0.00687327443987;0.0222782977725;0;0;0;0;0;0;0
geco-2025-reference;New Zealand;2070;0.390163423113;0.0143847428441;0.0672419506807;0.0477398226063;0.337400175444;0.0100429383671;0.00429994476754;0.00207706553169;0.0570233600832;0;0;0.0120730498067;0.0126740959745;0.0448794307807;0;0;0;0;0;0;0
geco-2025-reference;Norway;2030;0.962202657131;1.10706983832e-08;0.0128393779206;2.17278138651e-07;0.0248199533757;1.99554127153e-07;3.95767602924e-07;2.00620148021e-07;0.000136579503354;0;0;1.01376094878e-07;2.06092841138e-07;1.0031007401e-07;0;0;0;0;0;0;0
geco-2025-reference;Norway;2035;0.951081205943;1.09785994247e-08;0.0157123261948;2.14601868825e-07;0.0329910135467;2.09516251621e-07;4.04440321307e-07;2.14601868825e-07;0.000213941123456;0;0;1.12386551616e-07;2.39365285167e-07;1.07300934412e-07;0;0;0;0;0;0;0
geco-2025-reference;Norway;2040;0.920542214888;1.26796647705e-08;0.0198387945634;0.000601888198938;0.0585926440575;2.08432845543e-07;3.99295091696e-07;2.08432845543e-07;0.000423171816695;0;0;1.04216422771e-07;2.49201731151e-07;1.04216422771e-07;0;0;0;0;0;0;0
geco-2025-reference;Norway;2050;0.838111762203;1.14708482011e-08;0.0346817690772;0.0134739908993;0.0930644580483;1.88561888238e-07;3.40458964873e-07;1.88561888238e-07;0.00115148687596;0;0;0.000378683995155;0.00619948276426;0.0129376370838;0;0;0;0;0;0;0
geco-2025-reference;Norway;2060;0.74666425094;1.02395661042e-08;0.0632865069024;0.0224777178392;0.165052220618;1.6832163459e-07;2.88607898259e-07;1.6832163459e-07;0.00251827778914;0;0;8.4160817295e-08;2.16357005511e-07;8.99030397251e-08;0;0;0;0;0;0;0
geco-2025-reference;Norway;2070;0.681041540127;9.25343967043e-09;0.0868879182402;0.0299278527478;0.19304935696;1.52111337048e-07;2.48237251433e-07;1.52111337048e-07;0.00415578206882;0;0;7.91533525233e-06;0.00114384556474;0.00378522724272;0;0;0;0;0;0;0
geco-2025-reference;Rest of Balkans;2030;0.314600809586;1.48248084552e-08;0.00750900643025;0.0632223938302;0.140313739741;0.00176447012507;0.469355596015;0.00298848207706;0.000244950500288;0;0;1.34217619091e-07;2.68435238182e-07;1.34217619091e-07;0;0;0;0;0;0;0
geco-2025-reference;Rest of Balkans;2035;0.26524742527;1.23464791091e-08;0.0233365620028;0.104164782718;0.221414217533;0.00995416227079;0.372956302437;0.00261630243657;0.000309750694633;0;0;1.20572720422e-07;2.41145440844e-07;1.20572720422e-07;0;0;0;0;0;0;0
geco-2025-reference;Rest of Balkans;2040;0.230796722268;0.00263863081381;0.0379321643422;0.139826858319;0.255126261008;0.0105400397258;0.321458114948;0.00130494151485;0.000375856987249;0;0;1.02518100852e-07;2.05036201704e-07;1.02518100852e-07;0;0;0;0;0;0;0
geco-2025-reference;Rest of Balkans;2050;0.203987580893;0.0032696480006;0.0136641080313;0.22335066522;0.389244254916;1.79553361014e-07;0.165950144017;1.79553361014e-07;0.000532880709236;0;0;8.97766805072e-08;1.79553361014e-07;8.97766805072e-08;0;0;0;0;0;0;0
geco-2025-reference;Rest of Balkans;2060;0.208560110231;0.00334850282594;0.0221538740256;0.221585588344;0.383774128934;1.83717992881e-07;0.159715180975;1.83717992881e-07;0.000861879792297;0;0;9.18589964405e-08;1.83717992881e-07;9.18589964405e-08;0;0;0;0;0;0;0
geco-2025-reference;Rest of Balkans;2070;0.206958825252;0.00390164800876;0.055649623658;0.200456577389;0.389626077765;1.83395101822e-07;0.142171138196;1.83395101822e-07;0.001235376151;0;0;9.16975509112e-08;1.83395101822e-07;9.16975509112e-08;0;0;0;0;0;0;0
geco-2025-reference;Rest of CIS;2030;0.0885341656968;0.0182729280359;0.544169941841;0.0320088445473;0.0514760332233;0.000510921623218;0.205129855842;0.0597070003797;0.00019023590486;0;0;1.82264571501e-08;3.64529143003e-08;1.82264571501e-08;0;0;0;0;0;0;0
geco-2025-reference;Rest of CIS;2035;0.075362445962;0.0177333386493;0.543392685125;0.0562762643033;0.116618348133;3.28072403757e-08;0.189581390093;0.00076784320873;0.000267586104767;0;0;1.64036201878e-08;3.28072403757e-08;1.64036201878e-08;0;0;0;0;0;0;0
geco-2025-reference;Rest of CIS;2040;0.0695102586353;0.0154190729824;0.473720523854;0.102375893953;0.187590891409;2.87261737335e-08;0.150949032187;6.7578622939e-05;0.000366662178202;0;0;1.43630868668e-08;2.87261737335e-08;1.43630868668e-08;0;0;0;0;0;0;0
geco-2025-reference;Rest of CIS;2050;0.0770212144887;0.0116002300883;0.365281545369;0.166642341406;0.283537522429;2.47259115534e-08;0.095261700765;2.47259115534e-08;0.000655346549104;0;0;1.23629557767e-08;2.47259115534e-08;1.23629557767e-08;0;0;0;0;0;0;0
geco-2025-reference;Rest of CIS;2060;0.10084643289;0.0107656902134;0.32181377353;0.203355306783;0.304109685221;2.24675274018e-08;0.0579588650778;2.24675274018e-08;0.00115015641456;0;0;1.12337637009e-08;2.24675274018e-08;1.12337637009e-08;0;0;0;0;0;0;0
geco-2025-reference;Rest of CIS;2070;0.104926733668;0.00630056283608;0.337792305536;0.195636102412;0.298262670786;2.00863433788e-08;0.0551473146372;2.00863433788e-08;0.0019342297794;0;0;1.00431716894e-08;2.00863433788e-08;1.00431716894e-08;0;0;0;0;0;0;0
geco-2025-reference;Rest of Central America;2030;0.176235529495;8.85007321879e-09;0.26648559852;0.135794047282;0.111983174743;0.00370083767122;0.0678619112094;0.213624119416;0.0243144523138;0;0;8.01248636564e-08;1.60249727313e-07;8.01248636564e-08;0;0;0;0;0;0;0
geco-2025-reference;Rest of Central America;2035;0.142773455737;7.24664461689e-09;0.284866180785;0.197576654102;0.173241956172;0.0265925997277;0.0611339312656;0.0939708766015;0.0198440552856;0;0;7.07689737024e-08;1.41537947405e-07;7.07689737024e-08;0;0;0;0;0;0;0
geco-2025-reference;Rest of Central America;2040;0.105119417248;6.72405654041e-09;0.307765615969;0.259830286655;0.216850055842;0.0169581151149;0.0517486430992;0.0214303588082;0.0202972794744;0;0;5.52662181404e-08;1.10532436281e-07;5.52662181404e-08;0;0;0;0;0;0;0
geco-2025-reference;Rest of Central America;2050;0.0702044176084;4.60748295205e-09;0.270400302958;0.28537203058;0.301045888111;0.00121951447859;0.0420366315933;7.57394457871e-08;0.0297209828455;0;0;3.78697228936e-08;7.57394457871e-08;3.78697228936e-08;0;0;0;0;0;0;0
geco-2025-reference;Rest of Central America;2060;0.0544371855678;3.60497535983e-09;0.191188974372;0.291885718989;0.40835811068;0.000640896717044;0.0272047473739;1.43354561261e-05;0.0262699087192;0;0;2.96299344643e-08;5.92598689287e-08;2.96299344643e-08;0;0;0;0;0;0;0
geco-2025-reference;Rest of Central America;2070;0.0464073348793;2.98077299338e-09;0.170201773152;0.266881264174;0.449186497371;0.000153514743087;0.030334420272;4.89990081104e-08;0.0368350454313;0;0;2.44995040552e-08;4.89990081104e-08;2.44995040552e-08;0;0;0;0;0;0;0
geco-2025-reference;Rest of Pacific;2030;0.157798118075;1.07623702879e-07;0.276124663188;0.0289464003049;0.108040687108;0.00910452482852;0.00770309902093;0.374871020695;0.0374074816358;0;0;9.74380019933e-07;1.94876003987e-06;9.74380019933e-07;0;0;0;0;0;0;0
geco-2025-reference;Rest of Pacific;2035;0.120256122356;7.45779342296e-08;0.241935767103;0.050434962927;0.25442751798;0.00828324178881;0.0743994578137;0.172647406913;0.0776125353008;0;0;7.28310017297e-07;1.45662003459e-06;7.28310017297e-07;0;0;0;0;0;0;0
geco-2025-reference;Rest of Pacific;2040;0.130534359124;9.15685823595e-08;0.195282838208;0.0949046683252;0.386055651956;0.0063665042962;0.0804926097046;0.0343943511801;0.0719659151632;0;0;7.52618485146e-07;1.50523697029e-06;7.52618485146e-07;0;0;0;0;0;0;0
geco-2025-reference;Rest of Pacific;2050;0.0875092269327;4.9932312077e-08;0.141023030994;0.108477947987;0.47592162451;0.0130838788742;0.0927940491628;0.0112981831136;0.0698903668828;0;0;4.10402565016e-07;8.20805130032e-07;4.10402565016e-07;0;0;0;0;0;0;0
geco-2025-reference;Rest of Pacific;2060;0.060001542707;2.75798232813e-08;0.155066385201;0.0859102050069;0.490365165046;0.0182994268371;0.11927456879;0.0138060785805;0.0572756935176;0;0;2.26683479025e-07;4.53366958049e-07;2.26683479025e-07;0;0;0;0;0;0;0
geco-2025-reference;Rest of Pacific;2070;0.0579678039529;1.98018235309e-08;0.171399765136;0.0716590921678;0.51553007741;0.00345699602268;0.135919074739;3.25509427906e-07;0.044066194241;0;0;1.62754713953e-07;3.25509427906e-07;1.62754713953e-07;0;0;0;0;0;0;0
geco-2025-reference;Rest of Persian Gulf;2030;0.00570031439372;0.0437440018784;0.720896720646;0.0867367624955;0.0238389070074;1.33369200337e-05;0.0164934157628;0.102442933377;0.000133534915723;0;0;1.81510154658e-08;3.63020309315e-08;1.81510154658e-08;0;0;0;0;0;0;0
geco-2025-reference;Rest of Persian Gulf;2035;0.00470943479628;0.0406776474984;0.615077703094;0.174350514712;0.0767261885774;3.28103425491e-08;0.027847289729;0.060422638225;0.000188484936863;0;0;1.64051712745e-08;3.28103425491e-08;1.64051712745e-08;0;0;0;0;0;0;0
geco-2025-reference;Rest of Persian Gulf;2040;0.00382542660675;0.0393525146111;0.534686703753;0.22201656707;0.127738116457;2.70176459e-08;0.0355554764205;0.0365683837256;0.000256730301978;0;0;1.350882295e-08;2.70176459e-08;1.350882295e-08;0;0;0;0;0;0;0
geco-2025-reference;Rest of Persian Gulf;2050;0.00269232488671;0.0289128446892;0.440057429978;0.259616074997;0.233551441751;1.95078336144e-08;0.032134191678;0.00256293647084;0.000472697025733;0;0;9.75391680722e-09;1.95078336144e-08;9.75391680722e-09;0;0;0;0;0;0;0
geco-2025-reference;Rest of Persian Gulf;2060;0.00214106535537;0.0233965513506;0.402568607759;0.232908389836;0.296458202457;0.000324206399064;0.0388837766176;0.0023046270823;0.00101454194918;0;0;7.79845330676e-09;1.55969066135e-08;7.79845330676e-09;0;0;0;0;0;0;0
geco-2025-reference;Rest of Persian Gulf;2070;0.00181165316625;0.0166545422855;0.414163044152;0.20600913686;0.326190498032;1.32099184471e-08;0.0324057514517;0.000728017870084;0.00203731655184;0;0;6.60495922355e-09;1.32099184471e-08;6.60495922355e-09;0;0;0;0;0;0;0
geco-2025-reference;Rest of South America;2030;0.516142591221;3.26608087642e-09;0.31512799251;0.100292005542;0.0321588616899;0.00104869955009;0.0237896079119;0.0111777630997;0.000262356930428;0;0;2.95697310569e-08;5.91394621138e-08;2.95697310569e-08;0;0;0;0;0;0;0
geco-2025-reference;Rest of South America;2035;0.423137975988;2.64779293726e-09;0.255260400723;0.158765761527;0.105099175067;0.000546295345254;0.0241826473261;0.0325729851641;0.00043465278035;0;0;2.58577036204e-08;5.17154072409e-08;2.58577036204e-08;0;0;0;0;0;0;0
geco-2025-reference;Rest of South America;2040;0.335481680561;0.000839192073084;0.21084756378;0.229336779819;0.190844845393;0.00140690010328;0.0193218172792;0.0112375820965;0.000683556727208;0;0;2.05419655237e-08;4.10839310475e-08;2.05419655237e-08;0;0;0;0;0;0;0
geco-2025-reference;Rest of South America;2050;0.244342726717;0.00279310262843;0.185722703004;0.272057706203;0.272056672486;2.97710420795e-08;0.0218468499033;2.97710420795e-08;0.00118011997316;0;0;1.48855210398e-08;2.97710420795e-08;1.48855210398e-08;0;0;0;0;0;0;0
geco-2025-reference;Rest of South America;2060;0.197809668953;0.00388154262975;0.149671480484;0.288691050715;0.327208534417;2.43840487681e-08;0.0313036755567;2.43840487681e-08;0.0014339497079;0;0;1.2192024384e-08;2.43840487681e-08;1.2192024384e-08;0;0;0;0;0;0;0
geco-2025-reference;Rest of South America;2070;0.179191281776;0.00675046246569;0.138956756176;0.288538310061;0.311296843299;0.00304016410073;0.0694717979472;0.000378111200621;0.00237623000955;0;0;1.07411385607e-08;2.14822771214e-08;1.07411385607e-08;0;0;0;0;0;0;0
geco-2025-reference;Rest of South Asia;2030;0.248858544739;0.108235246542;0.0457514536543;0.231870703367;0.0697387647265;0.000535938597579;0.288703996463;0.00616814493301;0.000137063596905;0;0;3.58450381474e-08;7.16900762947e-08;3.58450381474e-08;0;0;0;0;0;0;0
geco-2025-reference;Rest of South Asia;2035;0.213178104495;0.0970956383573;0.0323577304158;0.26052747727;0.156099924478;3.59443687045e-05;0.240438559785;0.000175801171082;9.07066704592e-05;0;0;2.82472022519e-08;5.64944045039e-08;2.82472022519e-08;0;0;0;0;0;0;0
geco-2025-reference;Rest of South Asia;2040;0.186740283579;0.073154060734;0.031938204576;0.28086201165;0.227732088398;0.00026036336306;0.199067702314;9.28034168269e-05;0.000152398716522;0;0;2.08131585413e-08;4.16263170827e-08;2.08131585413e-08;0;0;0;0;0;0;0
geco-2025-reference;Rest of South Asia;2050;0.145780578041;0.0407042241431;0.069706675365;0.296537249886;0.299294402431;0.00255764148433;0.145108433007;2.47216666524e-08;0.000310721477806;0;0;1.23608333262e-08;2.47216666524e-08;1.23608333262e-08;0;0;0;0;0;0;0
geco-2025-reference;Rest of South Asia;2060;0.113206495485;0.0237888383401;0.0977635197503;0.304909835065;0.321749470477;0.00234442400081;0.13562694554;1.52884906331e-08;0.000610425476571;0;0;7.64424531657e-09;1.52884906331e-08;7.64424531657e-09;0;0;0;0;0;0;0
geco-2025-reference;Rest of South Asia;2070;0.0949799499286;0.0087622757369;0.153299110336;0.315717606043;0.335099461266;0.00625149231354;0.0852396938329;1.03299115501e-08;0.000650379552514;0;0;5.16495577507e-09;1.03299115501e-08;5.16495577507e-09;0;0;0;0;0;0;0
geco-2025-reference;Rest of South-East Asia;2030;0.132493772067;0.0308623440252;0.212780998936;0.138417704195;0.0754983037351;0.00162444211824;0.366380739455;0.0302764621472;0.0116651597973;0;0;1.83810416477e-08;3.67620832953e-08;1.83810416477e-08;0;0;0;0;0;0;0
geco-2025-reference;Rest of South-East Asia;2035;0.106558774283;0.0250031079726;0.168000745465;0.211974934621;0.141762752488;0.000485672078086;0.326678692972;0.00347924938261;0.0160560062271;0;0;1.61278580748e-08;3.22557161497e-08;1.61278580748e-08;0;0;0;0;0;0;0
geco-2025-reference;Rest of South-East Asia;2040;0.0873544754641;0.0199771549863;0.105248044323;0.247328752338;0.200206864297;0.0150488250108;0.272388986905;0.024094474025;0.0283523708447;0;0;1.29515038135e-08;2.5903007627e-08;1.29515038135e-08;0;0;0;0;0;0;0
geco-2025-reference;Rest of South-East Asia;2050;0.0699028864129;0.0036032380194;0.103222487701;0.271646746796;0.341667735209;0.0100393351195;0.153118210788;0.0081748179542;0.038624503128;0;0;9.71810739858e-09;1.94362147972e-08;9.71810739858e-09;0;0;0;0;0;0;0
geco-2025-reference;Rest of South-East Asia;2060;0.062588301624;0.00295121991665;0.0944597906187;0.249474888621;0.437373558707;0.00848546027394;0.102619460738;0.00476702189991;0.0372802657616;0;0;7.95958300629e-09;1.59191660126e-08;7.95958300629e-09;0;0;0;0;0;0;0
geco-2025-reference;Rest of South-East Asia;2070;0.0572421049597;0.00256521906244;0.108500644095;0.211922916156;0.496932309008;0.0106025769565;0.0660809808924;0.00292235883096;0.0432308623647;0;0;6.91852001326e-09;1.38370400265e-08;6.91852001326e-09;0;0;0;0;0;0;0
geco-2025-reference;Rest of Sub-Saharan Africa;2030;0.334919225734;2.64461663962e-09;0.352674953952;0.109583244044;0.0283618427806;0.00528395104022;0.0444013977847;0.111679899444;0.0130953868024;0;0;2.39432536245e-08;4.78865072491e-08;2.39432536245e-08;0;0;0;0;0;0;0
geco-2025-reference;Rest of Sub-Saharan Africa;2035;0.246849205803;1.75022492955e-09;0.417625913784;0.188741415288;0.0576340734445;0.00466789430329;0.0339375030564;0.0319075925297;0.0186363316725;0;0;1.70922721565e-08;3.41845443129e-08;1.70922721565e-08;0;0;0;0;0;0;0
geco-2025-reference;Rest of Sub-Saharan Africa;2040;0.197080417999;1.44046963257e-09;0.423102588734;0.219691351427;0.0926471918242;0.00321090350005;0.0289165820089;0.0102316097577;0.0251193059502;0;0;1.1839476432e-08;2.36789528641e-08;1.1839476432e-08;0;0;0;0;0;0;0
geco-2025-reference;Rest of Sub-Saharan Africa;2050;0.138026862027;7.77888777889e-10;0.401242750849;0.264565212565;0.147008991009;0.000902602109002;0.0175955916084;0.00150349206349;0.0291544714166;0;0;6.39360639361e-09;1.27872127872e-08;6.39360639361e-09;0;0;0;0;0;0;0
geco-2025-reference;Rest of Sub-Saharan Africa;2060;0.105583723047;4.78862537479e-10;0.388750552961;0.285273063709;0.187371640514;0.000394765201562;0.00936467929603;0.000101643766724;0.0231599152829;0;0;3.93585647243e-09;7.87171294487e-09;3.93585647243e-09;0;0;0;0;0;0;0
geco-2025-reference;Rest of Sub-Saharan Africa;2070;0.0880023539265;3.23203701346e-10;0.360326005095;0.306628443033;0.219968528224;0.000121654574199;0.00507314904081;4.65171665071e-05;0.019833337991;0;0;2.65646877819e-09;5.31293755638e-09;2.65646877819e-09;0;0;0;0;0;0;0
geco-2025-reference;Russian Federation;2030;0.116065684297;0.123907118656;0.617572941626;0.00682114513281;0.0111175358104;0.000249325904045;0.112771169649;0.00980933498649;0.0016857135511;0;0;7.59688948057e-09;1.51937789611e-08;7.59688948057e-09;0;0;0;0;0;0;0
geco-2025-reference;Russian Federation;2035;0.10233562227;0.110891677708;0.674887015331;0.0246611685165;0.0293262666821;1.45094739812e-08;0.0555853772715;1.45094739812e-08;0.00231281418301;0;0;7.25473699059e-09;1.45094739812e-08;7.25473699059e-09;0;0;0;0;0;0;0
geco-2025-reference;Russian Federation;2040;0.0915504540757;0.0963735514656;0.661063828133;0.0554442905205;0.0565494645645;1.26657431229e-08;0.0366929090309;1.26657431229e-08;0.00232545154694;0;0;6.33287156145e-09;1.26657431229e-08;6.33287156145e-09;0;0;0;0;0;0;0
geco-2025-reference;Russian Federation;2050;0.0875480201235;0.0610808146404;0.568605200491;0.124963813756;0.137643473566;1.12666358921e-08;0.0179554464013;1.12666358921e-08;0.00220318595426;0;0;5.63331794603e-09;1.12666358921e-08;5.63331794603e-09;0;0;0;0;0;0;0
geco-2025-reference;Russian Federation;2060;0.092731999159;0.0539778657033;0.451925754764;0.180768774968;0.211468165224;1.10098056081e-08;0.00693704577862;1.10098056081e-08;0.00219035036413;0;0;5.50490280406e-09;1.10098056081e-08;5.50490280406e-09;0;0;0;0;0;0;0
geco-2025-reference;Russian Federation;2070;0.090728328627;0.0290827783402;0.489061745644;0.162563446818;0.21931980038;1.02296339709e-08;0.00711903358375;1.02296339709e-08;0.00212482568775;0;0;5.11481698545e-09;1.02296339709e-08;5.11481698545e-09;0;0;0;0;0;0;0
geco-2025-reference;Saudi Arabia;2030;5.23846336403e-09;2.63786512022e-09;0.660652867515;0.181231921688;0.0701265804939;3.32493849556e-06;1.24968572227e-07;0.0879463037415;3.87438101974e-05;0;0;3.12421430569e-08;6.24842861137e-08;3.12421430569e-08;0;0;0;0;0;0;0
geco-2025-reference;Saudi Arabia;2035;5.70666412719e-09;2.65659292594e-09;0.583041889369;0.238421214651;0.177245054115;1.43783787375e-05;0.00102640138017;0.000171619380029;7.93067980696e-05;0;0;3.18910742641e-08;6.37821485282e-08;3.18910742641e-08;0;0;0;0;0;0;0
geco-2025-reference;Saudi Arabia;2040;5.70490128921e-09;7.82227135316e-06;0.507184344095;0.258360576391;0.232691258568;5.906650314e-08;0.000923158581255;0.000712727600875;0.000119929588565;0;0;2.953325157e-08;5.906650314e-08;2.953325157e-08;0;0;0;0;0;0;0
geco-2025-reference;Saudi Arabia;2050;4.77199244103e-09;0.000886513609885;0.449165197507;0.246457155071;0.295804226647;4.88551275831e-08;0.00736046805926;0.000124531889845;0.000201755878595;0;0;2.44275637916e-08;4.88551275831e-08;2.44275637916e-08;0;0;0;0;0;0;0
geco-2025-reference;Saudi Arabia;2060;4.24377381497e-09;0.00116042828837;0.498248720622;0.212357872276;0.276674287456;4.38957475995e-08;0.0112460161561;1.02754000914e-05;0.000302263870843;0;0;2.19478737997e-08;4.38957475995e-08;2.19478737997e-08;0;0;0;0;0;0;0
geco-2025-reference;Saudi Arabia;2070;3.62640786543e-09;0.00109633753652;0.47670377706;0.202716779261;0.310396453321;3.80227634892e-08;0.008659157875;6.39008186776e-06;0.000420987170235;0;0;1.90113817446e-08;3.80227634892e-08;1.90113817446e-08;0;0;0;0;0;0;0
geco-2025-reference;South Africa;2030;0.0366491098919;0.0453314569954;0.00343774816671;0.168904172547;0.172100183431;0.000258914722881;0.572857795851;0.000356644798653;0.000103757285384;0;0;5.40775778972e-08;1.08155155794e-07;5.40775778972e-08;0;0;0;0;0;0;0
geco-2025-reference;South Africa;2035;0.0357209174787;0.0434775052428;0.0128787480641;0.268947232231;0.25757877703;1.11228261247e-07;0.381221623083;1.11228261247e-07;0.000174751957115;0;0;5.56141306237e-08;1.11228261247e-07;5.56141306237e-08;0;0;0;0;0;0;0
geco-2025-reference;South Africa;2040;0.0333625642894;0.0415870201942;0.0263836960635;0.309838207884;0.310190310691;1.00901102905e-07;0.278369925866;1.00901102905e-07;0.00026787140715;0;0;5.04505514526e-08;1.00901102905e-07;5.04505514526e-08;0;0;0;0;0;0;0
geco-2025-reference;South Africa;2050;0.0264127485885;0.00243794758153;0.171526103593;0.305043872156;0.423554364268;7.82121994737e-08;0.0704175151876;7.82121994737e-08;0.000607135776921;0;0;3.91060997368e-08;7.82121994737e-08;3.91060997368e-08;0;0;0;0;0;0;0
geco-2025-reference;South Africa;2060;0.020289776716;0.0021684007586;0.294389056046;0.221835937091;0.431083728874;0.000127038422448;0.0288187663324;6.03526860089e-08;0.00128711470154;0;0;3.01763430044e-08;6.03526860089e-08;3.01763430044e-08;0;0;0;0;0;0;0
geco-2025-reference;South Africa;2070;0.016644921234;0.00250418857492;0.310753330717;0.18034127592;0.454828229525;4.97960609241e-08;0.032571761138;4.97960609241e-08;0.0023560937065;0;0;2.4898030462e-08;4.97960609241e-08;2.4898030462e-08;0;0;0;0;0;0;0
geco-2025-reference;South Korea;2030;0.00997327613443;0.247783890483;0.262746365716;0.165968652005;0.0720374630213;0.000794249347896;0.233310930816;0.00642986388714;0.000955239157056;0;0;1.73581102428e-08;3.47162204856e-08;1.73581102428e-08;0;0;0;0;0;0;0
geco-2025-reference;South Korea;2035;0.00921383805758;0.242092413366;0.158434411275;0.269069967116;0.149543540351;3.36430911926e-08;0.170549411772;7.13623699689e-06;0.00108918089586;0;0;1.68215455963e-08;3.36430911926e-08;1.68215455963e-08;0;0;0;0;0;0;0
geco-2025-reference;South Korea;2040;0.00884879280889;0.211577197636;0.166408311451;0.313655170289;0.194466293587;3.59778924567e-05;0.100913928654;0.0034648975645;0.000629366751337;0;0;1.58413924584e-08;3.16827849168e-08;1.58413924584e-08;0;0;0;0;0;0;0
geco-2025-reference;South Korea;2050;0.00867940051283;0.160830818594;0.141222691406;0.343743176978;0.271943101668;0.000224757693732;0.0710583330257;0.00132391145445;0.00097374791288;0;0;1.51886397413e-08;3.03772794826e-08;1.51886397413e-08;0;0;0;0;0;0;0
geco-2025-reference;South Korea;2060;0.00920184113445;0.132485938837;0.192927183155;0.289490979828;0.305209538582;0.00202961359736;0.0625409628195;0.00459402897332;0.00151984966197;0;0;1.58528677728e-08;3.17057355455e-08;1.58528677728e-08;0;0;0;0;0;0;0
geco-2025-reference;South Korea;2070;0.00960563111949;0.0795296967388;0.214023575947;0.282834021687;0.329038776885;0.00126049892608;0.0793588797638;0.00144071198688;0.00290814162624;0;0;1.63299743483e-08;3.26599486967e-08;1.63299743483e-08;0;0;0;0;0;0;0
geco-2025-reference;Switzerland;2030;0.46856287221;0.255194064005;0.0363206307472;0.116409355657;0.0728861335708;0.0340347448278;0.00838361955518;0.00726648020085;0.00016065971261;0;0;0.000234008692344;0.000163706260424;0.00038372456153;0;0;0;0;0;0;0
geco-2025-reference;Switzerland;2035;0.414170735084;0.227562501129;0.0427441863265;0.122481142809;0.138206204061;0.037894946333;0.00724579061746;0.00620581879037;0.000259828915764;0;0;0.000480536007754;0.00115699777867;0.00159131214746;0;0;0;0;0;0;0
geco-2025-reference;Switzerland;2040;0.358662471479;0.196920287968;0.0374979944365;0.121218340748;0.221299605138;0.0349150057823;0.0119778085703;0.00554258566621;0.000375649854662;0;0;0.00290585832908;0.00527930987779;0.00340508214996;0;0;0;0;0;0;0
geco-2025-reference;Switzerland;2050;0.299730016896;0.164611311421;0.00878676560241;0.109959763808;0.342562400934;0.0372657678842;0.00812440124715;0.000727115012802;0.0010098343523;0;0;0.0134770340179;0.0122741286513;0.00147146017314;0;0;0;0;0;0;0
geco-2025-reference;Switzerland;2060;0.258748866727;0.150315725851;0.0065653081707;0.118607943249;0.401804488556;0.0179363299454;0.00470996166754;2.2904041609e-07;0.00225536574891;0;0;0.0231013503841;0.0159235577611;3.08728984747e-05;0;0;0;0;0;0;0
geco-2025-reference;Switzerland;2070;0.227512376605;0.140315862805;0.0100900601785;0.121147689206;0.418271425607;0.0261874129191;0.00379598612635;0.000328547712922;0.00399007203628;0;0;0.0270956481783;0.018432395577;0.00283252304865;0;0;0;0;0;0;0
geco-2025-reference;Thailand;2030;0.0418011651227;6.67335179703e-09;0.698609705281;0.144407456422;0.0543733031366;0.00711419159493;0.0531798636961;0.000339343129096;0.000174723079116;0;0;6.04663219504e-08;1.20932643901e-07;6.04663219504e-08;0;0;0;0;0;0;0
geco-2025-reference;Thailand;2035;0.0321464836337;5.27526549084e-09;0.445827642556;0.296223692596;0.132707111503;5.16688507451e-07;0.0928780109848;1.43340709074e-06;0.000214897121492;0;0;5.15585726868e-08;1.03117145374e-07;5.15585726868e-08;0;0;0;0;0;0;0
geco-2025-reference;Thailand;2040;0.0245100668877;4.92590062164e-09;0.349044441633;0.344801797166;0.18988559652;0.00553288179244;0.0858255837558;6.09414318289e-05;0.000338523939258;0;0;4.04868544245e-08;8.09737088489e-08;4.04868544245e-08;0;0;0;0;0;0;0
geco-2025-reference;Thailand;2050;0.0181964122297;3.86341334333e-09;0.239624211606;0.368303251486;0.252475826102;0.0037926405504;0.116935667552;6.08251651102e-07;0.000671251342382;0;0;3.17540822739e-08;6.35081645479e-08;3.17540822739e-08;0;0;0;0;0;0;0
geco-2025-reference;Thailand;2060;0.016046327981;3.44159696385e-09;0.305074362853;0.292647711692;0.265240656418;0.00452993442893;0.115264958178;0.000237735382053;0.00095819647747;0;0;2.8287098333e-08;5.65741966661e-08;2.8287098333e-08;0;0;0;0;0;0;0
geco-2025-reference;Thailand;2070;0.0157969848938;3.35479868336e-09;0.479295771077;0.197190164619;0.223731753974;5.51473756168e-08;0.0828104312793;5.51473756168e-08;0.00117467021295;0;0;2.75736878084e-08;5.51473756168e-08;2.75736878084e-08;0;0;0;0;0;0;0
geco-2025-reference;Türkiye;2030;0.139400214571;0.0289534624805;0.208435025008;0.137689520455;0.1721372037;0.00119617964009;0.28857710048;0.00027642557843;0.02333476043;0;0;2.69144349305e-08;5.38288698609e-08;2.69144349305e-08;0;0;0;0;0;0;0
geco-2025-reference;Türkiye;2035;0.0980253058304;0.0359979944622;0.210208223268;0.193959725872;0.252979434788;1.67094815178e-05;0.186205127078;2.48102203556e-06;0.0226049170744;0;0;2.02807189515e-08;4.0561437903e-08;2.02807189515e-08;0;0;0;0;0;0;0
geco-2025-reference;Türkiye;2040;0.0807045574715;0.0307238526836;0.175335288121;0.234315296438;0.324072015491;3.31762453475e-08;0.133703691433;3.31762453475e-08;0.0211451656566;0;0;1.65881226738e-08;3.31762453475e-08;1.65881226738e-08;0;0;0;0;0;0;0
geco-2025-reference;Türkiye;2050;0.0653160218749;0.0246379743561;0.195319241769;0.221294756679;0.395020877212;2.66045892917e-08;0.0764369907253;2.66045892917e-08;0.0219740309648;0;0;1.33022946458e-08;2.66045892917e-08;1.33022946458e-08;0;0;0;0;0;0;0
geco-2025-reference;Türkiye;2060;0.0586073305542;0.0226446540614;0.228947780712;0.201923060596;0.414739219399;4.12649748262e-06;0.0534037503502;2.44521612145e-08;0.0197300044744;0;0;1.22260806072e-08;2.44521612145e-08;1.22260806072e-08;0;0;0;0;0;0;0
geco-2025-reference;Türkiye;2070;0.0559821183388;0.0230422246273;0.256902277287;0.178891724684;0.406626068134;2.32606974979e-08;0.0536269494564;2.32606974979e-08;0.0249285444295;0;0;1.16303487489e-08;2.32606974979e-08;1.16303487489e-08;0;0;0;0;0;0;0
geco-2025-reference;Ukraine;2030;0.0405764175935;0.42170533846;0.167686220939;0.0883479533671;0.121445579458;0.000764066176698;0.158408529826;0.00094621854803;0.000119401523507;0;0;6.85268984569e-08;1.37053796914e-07;6.85268984569e-08;0;0;0;0;0;0;0
geco-2025-reference;Ukraine;2035;0.033660745174;0.357379523282;0.268790586729;0.132372171867;0.20723854909;1.24541617657e-07;0.000363730280911;1.24541617657e-07;0.000194195409257;0;0;6.22708088286e-08;1.24541617657e-07;6.22708088286e-08;0;0;0;0;0;0;0
geco-2025-reference;Ukraine;2040;0.0294172087669;0.280307706428;0.245389511364;0.146219448301;0.29840104328;1.1014100343e-07;2.20282006861e-07;1.1014100343e-07;0.000264421013985;0;0;5.50705017152e-08;1.1014100343e-07;5.50705017152e-08;0;0;0;0;0;0;0
geco-2025-reference;Ukraine;2050;0.024987678858;0.118021097018;0.232512323156;0.165607227508;0.458427056825;9.66890707777e-08;1.93378141555e-07;9.66890707777e-08;0.000444036500124;0;0;4.83445353889e-08;9.66890707777e-08;4.83445353889e-08;0;0;0;0;0;0;0
geco-2025-reference;Ukraine;2060;0.0254452235073;0.090910195271;0.233336507175;0.163271669351;0.486470575409;8.97081681156e-08;1.79416336231e-07;8.97081681156e-08;0.000565291037593;0;0;4.48540840578e-08;8.97081681156e-08;4.48540840578e-08;0;0;0;0;0;0;0
geco-2025-reference;Ukraine;2070;0.026746732499;0.0861967646868;0.273317482385;0.15164128066;0.461020322586;8.50465689025e-08;1.70093137805e-07;8.50465689025e-08;0.00107690690354;0;0;4.25232844512e-08;8.50465689025e-08;4.25232844512e-08;0;0;0;0;0;0;0
geco-2025-reference;United Kingdom;2030;0.0242020341155;0.125134299672;0.189669166333;0.10062208697;0.414844238008;0.128947225114;0;0.0119949387363;0.0038786257708;0;0;0;0;0.000707385280692;0;0;0;0;0;0;0
geco-2025-reference;United Kingdom;2035;0.021217518547;0.0953559198261;0.112198974314;0.146508295668;0.471624888663;0.127405052087;6.19616391066e-08;0.00994841140315;0.00483894510309;0;0;0.00631950629851;3.09808195533e-08;0.00458239514929;0;0;0;0;0;0;0
geco-2025-reference;United Kingdom;2040;0.0165977514509;0.154319863184;0.0713884769359;0.129121625676;0.472709660274;0.124803862738;1.13979066119e-07;0.00709593838135;0.00310077799971;0;0;0.0149480081952;5.69895330596e-08;0.00591386419552;0;0;0;0;0;0;0
geco-2025-reference;United Kingdom;2050;0.0121875480846;0.234553928324;0.0373933247394;0.0755008497092;0.53772572003;0.0647220237098;9.84773621744e-08;0.000234085476983;0.00370799000181;0;0;0.0242261149655;4.92386810872e-08;0.00974826724294;0;0;0;0;0;0;0
geco-2025-reference;United Kingdom;2060;0.0121389807853;0.237461988304;0.0200015538847;0.0328581453634;0.649918128655;0.0120245614035;9.62406015038e-08;4.81203007519e-08;0.00490928120301;0;0;0.0230167084378;4.81203007519e-08;0.00767045948204;0;0;0;0;0;0;0
geco-2025-reference;United Kingdom;2070;0.0116400067241;0.23211858003;0.0210414595972;0.0243268915339;0.672883239734;0.00858879384773;9.40075108084e-08;4.70037554042e-08;0.00770576758928;0;0;0.0186582059907;4.70037554042e-08;0.00303686693857;0;0;0;0;0;0;0
geco-2025-reference;United States;2030;0.0648301740905;0.15754770749;0.36190335481;0.103790892134;0.12485592099;0.00104875304977;0.179317183745;0.00140030848452;0.0053056946083;0;0;2.64961897778e-09;5.29923795555e-09;2.64961897778e-09;0;0;0;0;0;0;0
geco-2025-reference;United States;2035;0.0621943846325;0.141540177703;0.319968459186;0.141050309195;0.143221747262;5.09137965782e-09;0.182009746315;5.09137965782e-09;0.0100151553401;0;0;2.54568982891e-09;5.09137965782e-09;2.54568982891e-09;0;0;0;0;0;0;0
geco-2025-reference;United States;2040;0.0588422334546;0.102325816203;0.294654643648;0.178767704194;0.169689984373;4.47361962428e-09;0.179471362807;4.47361962428e-09;0.0162482374249;0;0;2.23680981214e-09;4.47361962428e-09;2.23680981214e-09;0;0;0;0;0;0;0
geco-2025-reference;United States;2050;0.0611536637672;0.0909462166198;0.200571875461;0.211839562882;0.244296442044;4.07675049013e-09;0.162590148023;4.07675049013e-09;0.0286020748961;0;0;2.03837524507e-09;4.07675049013e-09;2.03837524507e-09;0;0;0;0;0;0;0
geco-2025-reference;United States;2060;0.0674857493715;0.0888482781701;0.138661863299;0.204303261119;0.291015673617;3.98270840766e-09;0.173832772048;3.98270840766e-09;0.0358523864444;0;0;1.99135420383e-09;3.98270840766e-09;1.99135420383e-09;0;0;0;0;0;0;0
geco-2025-reference;United States;2070;0.0739307052868;0.0768838374193;0.16635444705;0.181362569369;0.298123849502;3.90102767698e-09;0.158477890953;3.90102767698e-09;0.0448666848173;0;0;1.95051383849e-09;3.90102767698e-09;1.95051383849e-09;0;0;0;0;0;0;0
geco-2025-reference;Vietnam;2030;0.223215012797;3.56069198852e-09;0.0136603427563;0.134854389639;0.266807720645;0.000449547037382;0.358366714673;0.000586665794168;0.00205947420028;0;0;3.22242903676e-08;6.44485807352e-08;3.22242903676e-08;0;0;0;0;0;0;0
geco-2025-reference;Vietnam;2035;0.207014133626;3.01357416172e-09;0.0102916272251;0.185242386994;0.384325600199;5.88050327307e-08;0.210630175966;5.88050327307e-08;0.00249583775547;0;0;2.94025163654e-08;5.88050327307e-08;2.94025163654e-08;0;0;0;0;0;0;0
geco-2025-reference;Vietnam;2040;0.183356523304;0.0250714735669;0.0166367024554;0.219816695395;0.412165389488;4.98411313937e-08;0.140013379575;4.98411313937e-08;0.00293963685198;0;0;2.49205656968e-08;4.98411313937e-08;2.49205656968e-08;0;0;0;0;0;0;0
geco-2025-reference;Vietnam;2050;0.157136175695;0.0477983604629;0.0426715583063;0.185040443255;0.475091316536;0.000324588465853;0.0863953011796;4.13184013222e-08;0.00554213214428;0;0;2.06592006611e-08;4.13184013222e-08;2.06592006611e-08;0;0;0;0;0;0;0
geco-2025-reference;Vietnam;2060;0.135535053035;0.0646671687692;0.165358671437;0.202497960208;0.353609489738;0.0214840715496;0.0470381864056;3.61513839202e-08;0.00980929040356;0;0;1.80756919601e-08;3.61513839202e-08;1.80756919601e-08;0;0;0;0;0;0;0
geco-2025-reference;Vietnam;2070;0.118666780381;0.0701954452575;0.289221344879;0.200954970132;0.291778774989;0.0182368283869;6.72942006652e-08;3.36471003326e-08;0.0109456877386;0;0;1.68235501663e-08;3.36471003326e-08;1.68235501663e-08;0;0;0;0;0;0;0
geco-2025-reference;World;2030;0.122209840781;0.0783429891576;0.207320850461;0.139577064697;0.145720157893;0.0138346615192;0.273376049306;0.0129552942136;0.00546911496211;0;0;7.12808926878e-05;0.000519565793903;0.000603130323028;0;0;0;0;0;0;0
geco-2025-reference;World;2035;0.104830907603;0.0701759496497;0.18069269304;0.177804828781;0.199675104453;0.0123294053859;0.238102567483;0.00677481634259;0.00731910143418;0;0;0.000259574106165;0.000682901521353;0.0013521502004;0;0;0;0;0;0;0
geco-2025-reference;World;2040;0.0920093074334;0.0581906682831;0.162294827814;0.207748220878;0.252868251612;0.0131476377132;0.197500437645;0.00471714354578;0.00866102349148;0;0;0.000491304182365;0.000655835177242;0.00171534222396;0;0;0;0;0;0;0
geco-2025-reference;World;2050;0.0780533085414;0.0430420276129;0.13960399452;0.226797345868;0.337251971628;0.0104809773715;0.149658780154;0.00150779238458;0.0105365174804;0;0;0.000843756969123;0.000281991351771;0.0019415361178;0;0;0;0;0;0;0
geco-2025-reference;World;2060;0.0712420278646;0.0343657723428;0.154243324329;0.22775305653;0.378806729659;0.0104219848484;0.107021560415;0.00109612268713;0.0112966948252;0;0;0.000851589071839;0.000267284635589;0.00263385279089;0;0;0;0;0;0;0
geco-2025-reference;World;2070;0.0674859449814;0.0269523474347;0.184582541291;0.215264826139;0.396082527841;0.0094352774241;0.081541206759;0.00046520990621;0.0133228865915;0;0;0.00126474992378;0.000486638765848;0.00311584294245;0;0;0;0;0;0;0
