area;year;technology;generation_twh;mapping;status
EU27;2030;Wind Onshore;837.81934086;Wind;candidate mapping
EU27;2035;Wind Onshore;1209.83639779;Wind;candidate mapping
EU27;2040;Wind Onshore;1298.30664306;Wind;candidate mapping
EU27;2050;Wind Onshore;1635.5090993;Wind;candidate mapping
EU27;2030;Wind Offshore Radial;219.546269743;Wind, offshore;candidate mapping
EU27;2035;Wind Offshore Radial;374.241199461;Wind, offshore;candidate mapping
EU27;2040;Wind Offshore Radial;470.235098985;Wind, offshore;candidate mapping
EU27;2050;Wind Offshore Radial;625.311999738;Wind, offshore;candidate mapping
EU27;2030;Wind Offshore Hub;46.6101122402;Wind, offshore;candidate mapping
EU27;2035;Wind Offshore Hub;235.136368765;Wind, offshore;candidate mapping
EU27;2040;Wind Offshore Hub;474.785561234;Wind, offshore;candidate mapping
EU27;2050;Wind Offshore Hub;681.527200742;Wind, offshore;candidate mapping
EU27;2030;Solar PV;686.067111336;Solar;candidate mapping
EU27;2035;Solar PV;946.150807427;Solar;candidate mapping
EU27;2040;Solar PV;1192.18721756;Solar;candidate mapping
EU27;2050;Solar PV;1639.36477476;Solar;candidate mapping
EU27;2030;Solar CSP;7.28272101383;Solar, thermal;candidate mapping
EU27;2035;Solar CSP;6.52951532022;Solar, thermal;candidate mapping
EU27;2040;Solar CSP;6.5788552562;Solar, thermal;candidate mapping
EU27;2050;Solar CSP;7.31483861659;Solar, thermal;candidate mapping
EU27;2030;SRES Electricity;7.65414644499;;unresolved LCI mapping
EU27;2035;SRES Electricity;5.6131238665;;unresolved LCI mapping
EU27;2040;SRES Electricity;9.0308854445;;unresolved LCI mapping
EU27;2050;SRES Electricity;21.9001196262;;unresolved LCI mapping
EU27;2030;Run of River;129.124057322;Hydro;candidate mapping
EU27;2035;Run of River;132.818654703;Hydro;candidate mapping
EU27;2040;Run of River;130.457027953;Hydro;candidate mapping
EU27;2050;Run of River;123.667883786;Hydro;candidate mapping
EU27;2030;Pondage;13.7602898525;Hydro, reservoir;candidate mapping
EU27;2035;Pondage;14.8255563298;Hydro, reservoir;candidate mapping
EU27;2040;Pondage;14.9187272763;Hydro, reservoir;candidate mapping
EU27;2050;Pondage;11.4987747395;Hydro, reservoir;candidate mapping
EU27;2030;Reservoir;176.064375313;Hydro, reservoir;candidate mapping
EU27;2035;Reservoir;171.457563714;Hydro, reservoir;candidate mapping
EU27;2040;Reservoir;180.293973694;Hydro, reservoir;candidate mapping
EU27;2050;Reservoir;172.248406786;Hydro, reservoir;candidate mapping
EU27;2030;PS Turbine;96.4287269903;;storage output
EU27;2035;PS Turbine;127.005743577;;storage output
EU27;2040;PS Turbine;147.444277942;;storage output
EU27;2050;PS Turbine;160.015441359;;storage output
EU27;2030;Biofuel;32.0974645011;;unresolved LCI mapping
EU27;2035;Biofuel;26.1804468703;;unresolved LCI mapping
EU27;2040;Biofuel;26.849584691;;unresolved LCI mapping
EU27;2050;Biofuel;22.3766340737;;unresolved LCI mapping
EU27;2030;Other RES;196.792879648;;unresolved LCI mapping
EU27;2035;Other RES;177.399409342;;unresolved LCI mapping
EU27;2040;Other RES;168.542822883;;unresolved LCI mapping
EU27;2050;Other RES;164.666107503;;unresolved LCI mapping
EU27;2030;Nuclear;579.477764709;Nuclear;candidate mapping
EU27;2035;Nuclear;549.947404473;Nuclear;candidate mapping
EU27;2040;Nuclear;686.485093401;Nuclear;candidate mapping
EU27;2050;Nuclear;724.095939604;Nuclear;candidate mapping
EU27;2030;Natural Gas;253.362254849;;unresolved LCI mapping
EU27;2035;Natural Gas;129.762272189;;unresolved LCI mapping
EU27;2040;Natural Gas;80.7426009884;;unresolved LCI mapping
EU27;2050;Natural Gas;54.8509135364;;unresolved LCI mapping
EU27;2030;Crude Oil;0.0017356812606;Oil;candidate mapping
EU27;2035;Crude Oil;0.0245301487237;Oil;candidate mapping
EU27;2040;Crude Oil;0.144862136874;Oil;candidate mapping
EU27;2050;Crude Oil;0.0411496293504;Oil;candidate mapping
EU27;2030;Coal;14.1153092737;;unresolved LCI mapping
EU27;2035;Coal;1.99518485041;;unresolved LCI mapping
EU27;2040;Coal;0.319891598414;;unresolved LCI mapping
EU27;2050;Coal;0.047878528913;;unresolved LCI mapping
EU27;2030;Hydrogen GT;0.557032047417;;unresolved LCI mapping
EU27;2035;Hydrogen GT;16.2243650508;;unresolved LCI mapping
EU27;2040;Hydrogen GT;32.4486983296;;unresolved LCI mapping
EU27;2050;Hydrogen GT;35.3237516119;;unresolved LCI mapping
EU27;2030;Fuel Cell;;;not reported
EU27;2035;Fuel Cell;;;not reported
EU27;2040;Fuel Cell;0.001626;;unresolved LCI mapping
EU27;2050;Fuel Cell;0.111142664767;;unresolved LCI mapping
EU27;2030;Other Non RES;85.5901986505;;unresolved LCI mapping
EU27;2035;Other Non RES;28.8732283401;;unresolved LCI mapping
EU27;2040;Other Non RES;22.3553034092;;unresolved LCI mapping
EU27;2050;Other Non RES;33.2509459417;;unresolved LCI mapping
EU27;2030;Adequacy Units;0.0125310538798;;unresolved LCI mapping
EU27;2035;Adequacy Units;0.114288767943;;unresolved LCI mapping
EU27;2040;Adequacy Units;0.631861443786;;unresolved LCI mapping
EU27;2050;Adequacy Units;0.400924990538;;unresolved LCI mapping
EU27;2030;ENS;0.0002134865946;;unserved demand
EU27;2035;ENS;0.0002360461323;;unserved demand
EU27;2040;ENS;0.001483510674;;unserved demand
EU27;2050;ENS;2.1400322e-05;;unserved demand
EU27;2030;RES Curtailment;77.8412116288;;curtailment
EU27;2035;RES Curtailment;173.849118236;;curtailment
EU27;2040;RES Curtailment;245.822464725;;curtailment
EU27;2050;RES Curtailment;369.501459043;;curtailment
AL;2030;Wind Onshore;1.55301232036;Wind;candidate mapping
AL;2035;Wind Onshore;2.98259925461;Wind;candidate mapping
AL;2040;Wind Onshore;3.28646205248;Wind;candidate mapping
AL;2050;Wind Onshore;3.28142482145;Wind;candidate mapping
AL;2030;Wind Offshore Radial;;Wind, offshore;not reported
AL;2035;Wind Offshore Radial;;Wind, offshore;not reported
AL;2040;Wind Offshore Radial;;Wind, offshore;not reported
AL;2050;Wind Offshore Radial;;Wind, offshore;not reported
AL;2030;Wind Offshore Hub;;Wind, offshore;not reported
AL;2035;Wind Offshore Hub;;Wind, offshore;not reported
AL;2040;Wind Offshore Hub;;Wind, offshore;not reported
AL;2050;Wind Offshore Hub;;Wind, offshore;not reported
AL;2030;Solar PV;1.54977322399;Solar;candidate mapping
AL;2035;Solar PV;2.21682206346;Solar;candidate mapping
AL;2040;Solar PV;2.47382286907;Solar;candidate mapping
AL;2050;Solar PV;2.54714960447;Solar;candidate mapping
AL;2030;Solar CSP;;Solar, thermal;not reported
AL;2035;Solar CSP;;Solar, thermal;not reported
AL;2040;Solar CSP;;Solar, thermal;not reported
AL;2050;Solar CSP;;Solar, thermal;not reported
AL;2030;SRES Electricity;;;not reported
AL;2035;SRES Electricity;;;not reported
AL;2040;SRES Electricity;;;not reported
AL;2050;SRES Electricity;;;not reported
AL;2030;Run of River;1.3386705962;Hydro;candidate mapping
AL;2035;Run of River;1.25808543439;Hydro;candidate mapping
AL;2040;Run of River;1.65894824569;Hydro;candidate mapping
AL;2050;Run of River;1.48098062967;Hydro;candidate mapping
AL;2030;Pondage;;Hydro, reservoir;not reported
AL;2035;Pondage;;Hydro, reservoir;not reported
AL;2040;Pondage;;Hydro, reservoir;not reported
AL;2050;Pondage;;Hydro, reservoir;not reported
AL;2030;Reservoir;6.0692859456;Hydro, reservoir;candidate mapping
AL;2035;Reservoir;6.38506172263;Hydro, reservoir;candidate mapping
AL;2040;Reservoir;5.78636033959;Hydro, reservoir;candidate mapping
AL;2050;Reservoir;5.52116632499;Hydro, reservoir;candidate mapping
AL;2030;PS Turbine;;;not reported
AL;2035;PS Turbine;;;not reported
AL;2040;PS Turbine;;;not reported
AL;2050;PS Turbine;;;not reported
AL;2030;Biofuel;;;not reported
AL;2035;Biofuel;;;not reported
AL;2040;Biofuel;;;not reported
AL;2050;Biofuel;;;not reported
AL;2030;Other RES;;;not reported
AL;2035;Other RES;;;not reported
AL;2040;Other RES;;;not reported
AL;2050;Other RES;;;not reported
AL;2030;Nuclear;;Nuclear;not reported
AL;2035;Nuclear;;Nuclear;not reported
AL;2040;Nuclear;;Nuclear;not reported
AL;2050;Nuclear;;Nuclear;not reported
AL;2030;Natural Gas;0.233244778003;;unresolved LCI mapping
AL;2035;Natural Gas;0.0967938168231;;unresolved LCI mapping
AL;2040;Natural Gas;0.012901176712;;unresolved LCI mapping
AL;2050;Natural Gas;0.0664884481828;;unresolved LCI mapping
AL;2030;Crude Oil;;Oil;not reported
AL;2035;Crude Oil;;Oil;not reported
AL;2040;Crude Oil;;Oil;not reported
AL;2050;Crude Oil;;Oil;not reported
AL;2030;Coal;;;not reported
AL;2035;Coal;;;not reported
AL;2040;Coal;;;not reported
AL;2050;Coal;;;not reported
AL;2030;Hydrogen GT;;;not reported
AL;2035;Hydrogen GT;;;not reported
AL;2040;Hydrogen GT;;;not reported
AL;2050;Hydrogen GT;;;not reported
AL;2030;Fuel Cell;;;not reported
AL;2035;Fuel Cell;;;not reported
AL;2040;Fuel Cell;;;not reported
AL;2050;Fuel Cell;;;not reported
AL;2030;Other Non RES;;;not reported
AL;2035;Other Non RES;;;not reported
AL;2040;Other Non RES;;;not reported
AL;2050;Other Non RES;;;not reported
AL;2030;Adequacy Units;;;not reported
AL;2035;Adequacy Units;;;not reported
AL;2040;Adequacy Units;;;not reported
AL;2050;Adequacy Units;;;not reported
AL;2030;ENS;0;;unserved demand
AL;2035;ENS;0;;unserved demand
AL;2040;ENS;0;;unserved demand
AL;2050;ENS;0;;unserved demand
AL;2030;RES Curtailment;0.0075703806531;;curtailment
AL;2035;RES Curtailment;0.0896922079267;;curtailment
AL;2040;RES Curtailment;0.09784077845;;curtailment
AL;2050;RES Curtailment;0.0996282060804;;curtailment
AT;2030;Wind Onshore;22.4690925509;Wind;candidate mapping
AT;2035;Wind Onshore;28.0889396485;Wind;candidate mapping
AT;2040;Wind Onshore;29.7644843452;Wind;candidate mapping
AT;2050;Wind Onshore;31.7462844438;Wind;candidate mapping
AT;2030;Wind Offshore Radial;;Wind, offshore;not reported
AT;2035;Wind Offshore Radial;;Wind, offshore;not reported
AT;2040;Wind Offshore Radial;;Wind, offshore;not reported
AT;2050;Wind Offshore Radial;;Wind, offshore;not reported
AT;2030;Wind Offshore Hub;;Wind, offshore;not reported
AT;2035;Wind Offshore Hub;;Wind, offshore;not reported
AT;2040;Wind Offshore Hub;;Wind, offshore;not reported
AT;2050;Wind Offshore Hub;;Wind, offshore;not reported
AT;2030;Solar PV;14.7257763224;Solar;candidate mapping
AT;2035;Solar PV;23.819220224;Solar;candidate mapping
AT;2040;Solar PV;31.4515418704;Solar;candidate mapping
AT;2050;Solar PV;34.3533721678;Solar;candidate mapping
AT;2030;Solar CSP;;Solar, thermal;not reported
AT;2035;Solar CSP;;Solar, thermal;not reported
AT;2040;Solar CSP;;Solar, thermal;not reported
AT;2050;Solar CSP;;Solar, thermal;not reported
AT;2030;SRES Electricity;;;not reported
AT;2035;SRES Electricity;;;not reported
AT;2040;SRES Electricity;;;not reported
AT;2050;SRES Electricity;;;not reported
AT;2030;Run of River;24.9781948928;Hydro;candidate mapping
AT;2035;Run of River;27.0233707884;Hydro;candidate mapping
AT;2040;Run of River;26.2414191004;Hydro;candidate mapping
AT;2050;Run of River;25.6793108703;Hydro;candidate mapping
AT;2030;Pondage;5.52700492152;Hydro, reservoir;candidate mapping
AT;2035;Pondage;5.87293833905;Hydro, reservoir;candidate mapping
AT;2040;Pondage;5.77309086377;Hydro, reservoir;candidate mapping
AT;2050;Pondage;5.53797636716;Hydro, reservoir;candidate mapping
AT;2030;Reservoir;4.6947494784;Hydro, reservoir;candidate mapping
AT;2035;Reservoir;4.81026531084;Hydro, reservoir;candidate mapping
AT;2040;Reservoir;5.01878618021;Hydro, reservoir;candidate mapping
AT;2050;Reservoir;4.87590329536;Hydro, reservoir;candidate mapping
AT;2030;PS Turbine;12.3798402351;;storage output
AT;2035;PS Turbine;15.362259306;;storage output
AT;2040;PS Turbine;14.5804780732;;storage output
AT;2050;PS Turbine;11.8745540816;;storage output
AT;2030;Biofuel;;;not reported
AT;2035;Biofuel;;;not reported
AT;2040;Biofuel;;;not reported
AT;2050;Biofuel;;;not reported
AT;2030;Other RES;4.37593510259;;unresolved LCI mapping
AT;2035;Other RES;4.35339206923;;unresolved LCI mapping
AT;2040;Other RES;4.34512585409;;unresolved LCI mapping
AT;2050;Other RES;4.3419711504;;unresolved LCI mapping
AT;2030;Nuclear;;Nuclear;not reported
AT;2035;Nuclear;;Nuclear;not reported
AT;2040;Nuclear;;Nuclear;not reported
AT;2050;Nuclear;;Nuclear;not reported
AT;2030;Natural Gas;7.13528117392;;unresolved LCI mapping
AT;2035;Natural Gas;3.06557020059;;unresolved LCI mapping
AT;2040;Natural Gas;;;not reported
AT;2050;Natural Gas;;;not reported
AT;2030;Crude Oil;0;Oil;candidate mapping
AT;2035;Crude Oil;0.000876354426;Oil;candidate mapping
AT;2040;Crude Oil;;Oil;not reported
AT;2050;Crude Oil;;Oil;not reported
AT;2030;Coal;;;not reported
AT;2035;Coal;;;not reported
AT;2040;Coal;;;not reported
AT;2050;Coal;;;not reported
AT;2030;Hydrogen GT;;;not reported
AT;2035;Hydrogen GT;;;not reported
AT;2040;Hydrogen GT;2.75372728827;;unresolved LCI mapping
AT;2050;Hydrogen GT;4.15810839129;;unresolved LCI mapping
AT;2030;Fuel Cell;;;not reported
AT;2035;Fuel Cell;;;not reported
AT;2040;Fuel Cell;;;not reported
AT;2050;Fuel Cell;;;not reported
AT;2030;Other Non RES;0.0465436130279;;unresolved LCI mapping
AT;2035;Other Non RES;0.02979502722;;unresolved LCI mapping
AT;2040;Other Non RES;2.27579414377;;unresolved LCI mapping
AT;2050;Other Non RES;2.36984093586;;unresolved LCI mapping
AT;2030;Adequacy Units;;;not reported
AT;2035;Adequacy Units;;;not reported
AT;2040;Adequacy Units;;;not reported
AT;2050;Adequacy Units;;;not reported
AT;2030;ENS;0;;unserved demand
AT;2035;ENS;0;;unserved demand
AT;2040;ENS;0;;unserved demand
AT;2050;ENS;0;;unserved demand
AT;2030;RES Curtailment;0.333562140548;;curtailment
AT;2035;RES Curtailment;0.691965188556;;curtailment
AT;2040;RES Curtailment;0.85346661031;;curtailment
AT;2050;RES Curtailment;0.912893607998;;curtailment
BA;2030;Wind Onshore;3.15979955249;Wind;candidate mapping
BA;2035;Wind Onshore;3.4540066474;Wind;candidate mapping
BA;2040;Wind Onshore;3.3182002819;Wind;candidate mapping
BA;2050;Wind Onshore;3.29717872723;Wind;candidate mapping
BA;2030;Wind Offshore Radial;;Wind, offshore;not reported
BA;2035;Wind Offshore Radial;;Wind, offshore;not reported
BA;2040;Wind Offshore Radial;;Wind, offshore;not reported
BA;2050;Wind Offshore Radial;;Wind, offshore;not reported
BA;2030;Wind Offshore Hub;;Wind, offshore;not reported
BA;2035;Wind Offshore Hub;;Wind, offshore;not reported
BA;2040;Wind Offshore Hub;;Wind, offshore;not reported
BA;2050;Wind Offshore Hub;;Wind, offshore;not reported
BA;2030;Solar PV;2.4323596501;Solar;candidate mapping
BA;2035;Solar PV;2.47978367045;Solar;candidate mapping
BA;2040;Solar PV;2.40767067053;Solar;candidate mapping
BA;2050;Solar PV;2.51165512181;Solar;candidate mapping
BA;2030;Solar CSP;;Solar, thermal;not reported
BA;2035;Solar CSP;;Solar, thermal;not reported
BA;2040;Solar CSP;;Solar, thermal;not reported
BA;2050;Solar CSP;;Solar, thermal;not reported
BA;2030;SRES Electricity;;;not reported
BA;2035;SRES Electricity;;;not reported
BA;2040;SRES Electricity;;;not reported
BA;2050;SRES Electricity;;;not reported
BA;2030;Run of River;0.0815000097;Hydro;candidate mapping
BA;2035;Run of River;0.097908934234;Hydro;candidate mapping
BA;2040;Run of River;0.079019430772;Hydro;candidate mapping
BA;2050;Run of River;0.0726900523;Hydro;candidate mapping
BA;2030;Pondage;0.5867289336;Hydro, reservoir;candidate mapping
BA;2035;Pondage;0.663131991713;Hydro, reservoir;candidate mapping
BA;2040;Pondage;0.564419108136;Hydro, reservoir;candidate mapping
BA;2050;Pondage;0.503004893578;Hydro, reservoir;candidate mapping
BA;2030;Reservoir;4.2306246192;Hydro, reservoir;candidate mapping
BA;2035;Reservoir;4.74022698;Hydro, reservoir;candidate mapping
BA;2040;Reservoir;4.09809685006;Hydro, reservoir;candidate mapping
BA;2050;Reservoir;3.82291894378;Hydro, reservoir;candidate mapping
BA;2030;PS Turbine;0.920185196287;;storage output
BA;2035;PS Turbine;1.08395099878;;storage output
BA;2040;PS Turbine;0.93581488509;;storage output
BA;2050;PS Turbine;0.876558379645;;storage output
BA;2030;Biofuel;;;not reported
BA;2035;Biofuel;;;not reported
BA;2040;Biofuel;;;not reported
BA;2050;Biofuel;;;not reported
BA;2030;Other RES;;;not reported
BA;2035;Other RES;;;not reported
BA;2040;Other RES;;;not reported
BA;2050;Other RES;;;not reported
BA;2030;Nuclear;;Nuclear;not reported
BA;2035;Nuclear;;Nuclear;not reported
BA;2040;Nuclear;;Nuclear;not reported
BA;2050;Nuclear;;Nuclear;not reported
BA;2030;Natural Gas;;;not reported
BA;2035;Natural Gas;;;not reported
BA;2040;Natural Gas;;;not reported
BA;2050;Natural Gas;;;not reported
BA;2030;Crude Oil;;Oil;not reported
BA;2035;Crude Oil;;Oil;not reported
BA;2040;Crude Oil;;Oil;not reported
BA;2050;Crude Oil;;Oil;not reported
BA;2030;Coal;0.002141460784;;unresolved LCI mapping
BA;2035;Coal;0;;unresolved LCI mapping
BA;2040;Coal;0;;unresolved LCI mapping
BA;2050;Coal;0;;unresolved LCI mapping
BA;2030;Hydrogen GT;;;not reported
BA;2035;Hydrogen GT;;;not reported
BA;2040;Hydrogen GT;;;not reported
BA;2050;Hydrogen GT;;;not reported
BA;2030;Fuel Cell;;;not reported
BA;2035;Fuel Cell;;;not reported
BA;2040;Fuel Cell;;;not reported
BA;2050;Fuel Cell;;;not reported
BA;2030;Other Non RES;;;not reported
BA;2035;Other Non RES;;;not reported
BA;2040;Other Non RES;;;not reported
BA;2050;Other Non RES;;;not reported
BA;2030;Adequacy Units;;;not reported
BA;2035;Adequacy Units;;;not reported
BA;2040;Adequacy Units;;;not reported
BA;2050;Adequacy Units;;;not reported
BA;2030;ENS;0;;unserved demand
BA;2035;ENS;0;;unserved demand
BA;2040;ENS;0;;unserved demand
BA;2050;ENS;0;;unserved demand
BA;2030;RES Curtailment;0.0082290893241;;curtailment
BA;2035;RES Curtailment;0.0131851478278;;curtailment
BA;2040;RES Curtailment;0.003014458504;;curtailment
BA;2050;RES Curtailment;0.0015460125556;;curtailment
BE;2030;Wind Onshore;19.0404088605;Wind;candidate mapping
BE;2035;Wind Onshore;24.8940204709;Wind;candidate mapping
BE;2040;Wind Onshore;29.60400192;Wind;candidate mapping
BE;2050;Wind Onshore;49.4635141765;Wind;candidate mapping
BE;2030;Wind Offshore Radial;9.268302601;Wind, offshore;candidate mapping
BE;2035;Wind Offshore Radial;17.4612726699;Wind, offshore;candidate mapping
BE;2040;Wind Offshore Radial;16.2823209544;Wind, offshore;candidate mapping
BE;2050;Wind Offshore Radial;17.8837961433;Wind, offshore;candidate mapping
BE;2030;Wind Offshore Hub;;Wind, offshore;not reported
BE;2035;Wind Offshore Hub;6.00904646559;Wind, offshore;candidate mapping
BE;2040;Wind Offshore Hub;13.1990258058;Wind, offshore;candidate mapping
BE;2050;Wind Offshore Hub;14.3455687426;Wind, offshore;candidate mapping
BE;2030;Solar PV;15.3910325267;Solar;candidate mapping
BE;2035;Solar PV;19.2728359433;Solar;candidate mapping
BE;2040;Solar PV;28.3121994824;Solar;candidate mapping
BE;2050;Solar PV;41.5621383877;Solar;candidate mapping
BE;2030;Solar CSP;;Solar, thermal;not reported
BE;2035;Solar CSP;;Solar, thermal;not reported
BE;2040;Solar CSP;;Solar, thermal;not reported
BE;2050;Solar CSP;;Solar, thermal;not reported
BE;2030;SRES Electricity;;;not reported
BE;2035;SRES Electricity;;;not reported
BE;2040;SRES Electricity;;;not reported
BE;2050;SRES Electricity;;;not reported
BE;2030;Run of River;0.4661120304;Hydro;candidate mapping
BE;2035;Run of River;0.5498758764;Hydro;candidate mapping
BE;2040;Run of River;0.405617904;Hydro;candidate mapping
BE;2050;Run of River;0.4358480879;Hydro;candidate mapping
BE;2030;Pondage;;Hydro, reservoir;not reported
BE;2035;Pondage;;Hydro, reservoir;not reported
BE;2040;Pondage;;Hydro, reservoir;not reported
BE;2050;Pondage;;Hydro, reservoir;not reported
BE;2030;Reservoir;;Hydro, reservoir;not reported
BE;2035;Reservoir;;Hydro, reservoir;not reported
BE;2040;Reservoir;;Hydro, reservoir;not reported
BE;2050;Reservoir;;Hydro, reservoir;not reported
BE;2030;PS Turbine;1.28349327545;;storage output
BE;2035;PS Turbine;1.22617638708;;storage output
BE;2040;PS Turbine;1.15254956581;;storage output
BE;2050;PS Turbine;1.23623863584;;storage output
BE;2030;Biofuel;2.7003975365;;unresolved LCI mapping
BE;2035;Biofuel;2.7001955285;;unresolved LCI mapping
BE;2040;Biofuel;2.69977047;;unresolved LCI mapping
BE;2050;Biofuel;2.700526228;;unresolved LCI mapping
BE;2030;Other RES;2.454165019;;unresolved LCI mapping
BE;2035;Other RES;2.45403469202;;unresolved LCI mapping
BE;2040;Other RES;2.454051899;;unresolved LCI mapping
BE;2050;Other RES;2.45253531017;;unresolved LCI mapping
BE;2030;Nuclear;10.2428098794;Nuclear;candidate mapping
BE;2035;Nuclear;9.50957225537;Nuclear;candidate mapping
BE;2040;Nuclear;9.11049965181;Nuclear;candidate mapping
BE;2050;Nuclear;;Nuclear;not reported
BE;2030;Natural Gas;15.6187954409;;unresolved LCI mapping
BE;2035;Natural Gas;7.89472001126;;unresolved LCI mapping
BE;2040;Natural Gas;8.85606334387;;unresolved LCI mapping
BE;2050;Natural Gas;4.6987813013;;unresolved LCI mapping
BE;2030;Crude Oil;8.82e-05;Oil;candidate mapping
BE;2035;Crude Oil;0.0007968;Oil;candidate mapping
BE;2040;Crude Oil;0.02230821878;Oil;candidate mapping
BE;2050;Crude Oil;0.0015575078;Oil;candidate mapping
BE;2030;Coal;;;not reported
BE;2035;Coal;;;not reported
BE;2040;Coal;;;not reported
BE;2050;Coal;;;not reported
BE;2030;Hydrogen GT;;;not reported
BE;2035;Hydrogen GT;;;not reported
BE;2040;Hydrogen GT;;;not reported
BE;2050;Hydrogen GT;;;not reported
BE;2030;Fuel Cell;;;not reported
BE;2035;Fuel Cell;;;not reported
BE;2040;Fuel Cell;;;not reported
BE;2050;Fuel Cell;;;not reported
BE;2030;Other Non RES;3.86426370396;;unresolved LCI mapping
BE;2035;Other Non RES;1.77338386848;;unresolved LCI mapping
BE;2040;Other Non RES;1.90856346852;;unresolved LCI mapping
BE;2050;Other Non RES;2.93929251082;;unresolved LCI mapping
BE;2030;Adequacy Units;;;not reported
BE;2035;Adequacy Units;;;not reported
BE;2040;Adequacy Units;;;not reported
BE;2050;Adequacy Units;;;not reported
BE;2030;ENS;0;;unserved demand
BE;2035;ENS;0;;unserved demand
BE;2040;ENS;0;;unserved demand
BE;2050;ENS;0;;unserved demand
BE;2030;RES Curtailment;0.0150989036464;;curtailment
BE;2035;RES Curtailment;0.21094039407;;curtailment
BE;2040;RES Curtailment;0.972641809314;;curtailment
BE;2050;RES Curtailment;1.60753018429;;curtailment
BG;2030;Wind Onshore;3.77195844302;Wind;candidate mapping
BG;2035;Wind Onshore;5.76610191086;Wind;candidate mapping
BG;2040;Wind Onshore;8.38734065421;Wind;candidate mapping
BG;2050;Wind Onshore;10.376716335;Wind;candidate mapping
BG;2030;Wind Offshore Radial;1.3472256335;Wind, offshore;candidate mapping
BG;2035;Wind Offshore Radial;5.06284358049;Wind, offshore;candidate mapping
BG;2040;Wind Offshore Radial;6.58533482922;Wind, offshore;candidate mapping
BG;2050;Wind Offshore Radial;10.3959886486;Wind, offshore;candidate mapping
BG;2030;Wind Offshore Hub;;Wind, offshore;not reported
BG;2035;Wind Offshore Hub;;Wind, offshore;not reported
BG;2040;Wind Offshore Hub;;Wind, offshore;not reported
BG;2050;Wind Offshore Hub;;Wind, offshore;not reported
BG;2030;Solar PV;8.41688333141;Solar;candidate mapping
BG;2035;Solar PV;12.7947673153;Solar;candidate mapping
BG;2040;Solar PV;15.794887025;Solar;candidate mapping
BG;2050;Solar PV;18.4973177184;Solar;candidate mapping
BG;2030;Solar CSP;;Solar, thermal;not reported
BG;2035;Solar CSP;;Solar, thermal;not reported
BG;2040;Solar CSP;;Solar, thermal;not reported
BG;2050;Solar CSP;;Solar, thermal;not reported
BG;2030;SRES Electricity;;;not reported
BG;2035;SRES Electricity;;;not reported
BG;2040;SRES Electricity;;;not reported
BG;2050;SRES Electricity;;;not reported
BG;2030;Run of River;1.57010393714;Hydro;candidate mapping
BG;2035;Run of River;1.44064105056;Hydro;candidate mapping
BG;2040;Run of River;1.35799073602;Hydro;candidate mapping
BG;2050;Run of River;1.07382001213;Hydro;candidate mapping
BG;2030;Pondage;;Hydro, reservoir;not reported
BG;2035;Pondage;;Hydro, reservoir;not reported
BG;2040;Pondage;;Hydro, reservoir;not reported
BG;2050;Pondage;;Hydro, reservoir;not reported
BG;2030;Reservoir;2.310630912;Hydro, reservoir;candidate mapping
BG;2035;Reservoir;2.1151124736;Hydro, reservoir;candidate mapping
BG;2040;Reservoir;1.89809653821;Hydro, reservoir;candidate mapping
BG;2050;Reservoir;1.4078004504;Hydro, reservoir;candidate mapping
BG;2030;PS Turbine;2.08718011634;;storage output
BG;2035;PS Turbine;3.37654985216;;storage output
BG;2040;PS Turbine;5.36183887119;;storage output
BG;2050;PS Turbine;6.46363099823;;storage output
BG;2030;Biofuel;;;not reported
BG;2035;Biofuel;;;not reported
BG;2040;Biofuel;;;not reported
BG;2050;Biofuel;;;not reported
BG;2030;Other RES;0.373654962392;;unresolved LCI mapping
BG;2035;Other RES;0.494314676544;;unresolved LCI mapping
BG;2040;Other RES;0.496642673914;;unresolved LCI mapping
BG;2050;Other RES;3.32163862999;;unresolved LCI mapping
BG;2030;Nuclear;13.4908401471;Nuclear;candidate mapping
BG;2035;Nuclear;18.4692141432;Nuclear;candidate mapping
BG;2040;Nuclear;27.7811671877;Nuclear;candidate mapping
BG;2050;Nuclear;14.8042423089;Nuclear;candidate mapping
BG;2030;Natural Gas;2.09000756518;;unresolved LCI mapping
BG;2035;Natural Gas;0.832963933983;;unresolved LCI mapping
BG;2040;Natural Gas;0.403351949946;;unresolved LCI mapping
BG;2050;Natural Gas;1.75009018624;;unresolved LCI mapping
BG;2030;Crude Oil;;Oil;not reported
BG;2035;Crude Oil;;Oil;not reported
BG;2040;Crude Oil;;Oil;not reported
BG;2050;Crude Oil;;Oil;not reported
BG;2030;Coal;0.362820577696;;unresolved LCI mapping
BG;2035;Coal;0.0005614735416;;unresolved LCI mapping
BG;2040;Coal;0;;unresolved LCI mapping
BG;2050;Coal;0.0059441326211;;unresolved LCI mapping
BG;2030;Hydrogen GT;;;not reported
BG;2035;Hydrogen GT;;;not reported
BG;2040;Hydrogen GT;;;not reported
BG;2050;Hydrogen GT;;;not reported
BG;2030;Fuel Cell;;;not reported
BG;2035;Fuel Cell;;;not reported
BG;2040;Fuel Cell;;;not reported
BG;2050;Fuel Cell;;;not reported
BG;2030;Other Non RES;;;not reported
BG;2035;Other Non RES;;;not reported
BG;2040;Other Non RES;;;not reported
BG;2050;Other Non RES;;;not reported
BG;2030;Adequacy Units;;;not reported
BG;2035;Adequacy Units;;;not reported
BG;2040;Adequacy Units;;;not reported
BG;2050;Adequacy Units;;;not reported
BG;2030;ENS;0;;unserved demand
BG;2035;ENS;0;;unserved demand
BG;2040;ENS;0;;unserved demand
BG;2050;ENS;0;;unserved demand
BG;2030;RES Curtailment;0.0478828249606;;curtailment
BG;2035;RES Curtailment;0.372507387409;;curtailment
BG;2040;RES Curtailment;0.318374358566;;curtailment
BG;2050;RES Curtailment;0.506564050792;;curtailment
CH;2030;Wind Onshore;0.448289627951;Wind;candidate mapping
CH;2035;Wind Onshore;0.463206509468;Wind;candidate mapping
CH;2040;Wind Onshore;1.89530735157;Wind;candidate mapping
CH;2050;Wind Onshore;3.60020911384;Wind;candidate mapping
CH;2030;Wind Offshore Radial;;Wind, offshore;not reported
CH;2035;Wind Offshore Radial;;Wind, offshore;not reported
CH;2040;Wind Offshore Radial;;Wind, offshore;not reported
CH;2050;Wind Offshore Radial;;Wind, offshore;not reported
CH;2030;Wind Offshore Hub;;Wind, offshore;not reported
CH;2035;Wind Offshore Hub;;Wind, offshore;not reported
CH;2040;Wind Offshore Hub;;Wind, offshore;not reported
CH;2050;Wind Offshore Hub;;Wind, offshore;not reported
CH;2030;Solar PV;0.393887219214;Solar;candidate mapping
CH;2035;Solar PV;0.526932638156;Solar;candidate mapping
CH;2040;Solar PV;0.558025092136;Solar;candidate mapping
CH;2050;Solar PV;0.495193929496;Solar;candidate mapping
CH;2030;Solar CSP;;Solar, thermal;not reported
CH;2035;Solar CSP;;Solar, thermal;not reported
CH;2040;Solar CSP;;Solar, thermal;not reported
CH;2050;Solar CSP;;Solar, thermal;not reported
CH;2030;SRES Electricity;;;not reported
CH;2035;SRES Electricity;;;not reported
CH;2040;SRES Electricity;;;not reported
CH;2050;SRES Electricity;;;not reported
CH;2030;Run of River;16.7905728486;Hydro;candidate mapping
CH;2035;Run of River;16.9038696496;Hydro;candidate mapping
CH;2040;Run of River;17.3293298826;Hydro;candidate mapping
CH;2050;Run of River;16.6810963482;Hydro;candidate mapping
CH;2030;Pondage;;Hydro, reservoir;not reported
CH;2035;Pondage;;Hydro, reservoir;not reported
CH;2040;Pondage;;Hydro, reservoir;not reported
CH;2050;Pondage;;Hydro, reservoir;not reported
CH;2030;Reservoir;17.5872692136;Hydro, reservoir;candidate mapping
CH;2035;Reservoir;18.2976879264;Hydro, reservoir;candidate mapping
CH;2040;Reservoir;19.2997131177;Hydro, reservoir;candidate mapping
CH;2050;Reservoir;18.97545033;Hydro, reservoir;candidate mapping
CH;2030;PS Turbine;8.46525824717;;storage output
CH;2035;PS Turbine;11.2723747407;;storage output
CH;2040;PS Turbine;12.2764213887;;storage output
CH;2050;PS Turbine;11.9687629542;;storage output
CH;2030;Biofuel;0.465595531056;;unresolved LCI mapping
CH;2035;Biofuel;0.40476489861;;unresolved LCI mapping
CH;2040;Biofuel;0.655008680626;;unresolved LCI mapping
CH;2050;Biofuel;0.683831201519;;unresolved LCI mapping
CH;2030;Other RES;1.25417353131;;unresolved LCI mapping
CH;2035;Other RES;1.18541492141;;unresolved LCI mapping
CH;2040;Other RES;1.62577292275;;unresolved LCI mapping
CH;2050;Other RES;2.77057814026;;unresolved LCI mapping
CH;2030;Nuclear;21.0641;Nuclear;candidate mapping
CH;2035;Nuclear;16.11851805;Nuclear;candidate mapping
CH;2040;Nuclear;8.69616;Nuclear;candidate mapping
CH;2050;Nuclear;;Nuclear;not reported
CH;2030;Natural Gas;;;not reported
CH;2035;Natural Gas;;;not reported
CH;2040;Natural Gas;;;not reported
CH;2050;Natural Gas;;;not reported
CH;2030;Crude Oil;;Oil;not reported
CH;2035;Crude Oil;;Oil;not reported
CH;2040;Crude Oil;;Oil;not reported
CH;2050;Crude Oil;;Oil;not reported
CH;2030;Coal;;;not reported
CH;2035;Coal;;;not reported
CH;2040;Coal;;;not reported
CH;2050;Coal;;;not reported
CH;2030;Hydrogen GT;;;not reported
CH;2035;Hydrogen GT;;;not reported
CH;2040;Hydrogen GT;;;not reported
CH;2050;Hydrogen GT;;;not reported
CH;2030;Fuel Cell;;;not reported
CH;2035;Fuel Cell;;;not reported
CH;2040;Fuel Cell;;;not reported
CH;2050;Fuel Cell;;;not reported
CH;2030;Other Non RES;2.92993559349;;unresolved LCI mapping
CH;2035;Other Non RES;0.82036390125;;unresolved LCI mapping
CH;2040;Other Non RES;0.806637585076;;unresolved LCI mapping
CH;2050;Other Non RES;0.681332003222;;unresolved LCI mapping
CH;2030;Adequacy Units;;;not reported
CH;2035;Adequacy Units;;;not reported
CH;2040;Adequacy Units;;;not reported
CH;2050;Adequacy Units;;;not reported
CH;2030;ENS;0;;unserved demand
CH;2035;ENS;0;;unserved demand
CH;2040;ENS;0;;unserved demand
CH;2050;ENS;0;;unserved demand
CH;2030;RES Curtailment;0.07992105253;;curtailment
CH;2035;RES Curtailment;0.229735357769;;curtailment
CH;2040;RES Curtailment;0.259493107542;;curtailment
CH;2050;RES Curtailment;0.564639043596;;curtailment
CY;2030;Wind Onshore;0.225247269397;Wind;candidate mapping
CY;2035;Wind Onshore;0.207515864891;Wind;candidate mapping
CY;2040;Wind Onshore;0.177545546666;Wind;candidate mapping
CY;2050;Wind Onshore;0.161296934792;Wind;candidate mapping
CY;2030;Wind Offshore Radial;;Wind, offshore;not reported
CY;2035;Wind Offshore Radial;;Wind, offshore;not reported
CY;2040;Wind Offshore Radial;;Wind, offshore;not reported
CY;2050;Wind Offshore Radial;0.153015694668;Wind, offshore;candidate mapping
CY;2030;Wind Offshore Hub;;Wind, offshore;not reported
CY;2035;Wind Offshore Hub;;Wind, offshore;not reported
CY;2040;Wind Offshore Hub;;Wind, offshore;not reported
CY;2050;Wind Offshore Hub;;Wind, offshore;not reported
CY;2030;Solar PV;1.65191071252;Solar;candidate mapping
CY;2035;Solar PV;2.95865051958;Solar;candidate mapping
CY;2040;Solar PV;3.86053384321;Solar;candidate mapping
CY;2050;Solar PV;3.93280422284;Solar;candidate mapping
CY;2030;Solar CSP;;Solar, thermal;not reported
CY;2035;Solar CSP;;Solar, thermal;not reported
CY;2040;Solar CSP;0.478412850362;Solar, thermal;candidate mapping
CY;2050;Solar CSP;0.331301645863;Solar, thermal;candidate mapping
CY;2030;SRES Electricity;;;not reported
CY;2035;SRES Electricity;;;not reported
CY;2040;SRES Electricity;;;not reported
CY;2050;SRES Electricity;;;not reported
CY;2030;Run of River;;Hydro;not reported
CY;2035;Run of River;;Hydro;not reported
CY;2040;Run of River;;Hydro;not reported
CY;2050;Run of River;;Hydro;not reported
CY;2030;Pondage;;Hydro, reservoir;not reported
CY;2035;Pondage;;Hydro, reservoir;not reported
CY;2040;Pondage;;Hydro, reservoir;not reported
CY;2050;Pondage;;Hydro, reservoir;not reported
CY;2030;Reservoir;;Hydro, reservoir;not reported
CY;2035;Reservoir;;Hydro, reservoir;not reported
CY;2040;Reservoir;;Hydro, reservoir;not reported
CY;2050;Reservoir;;Hydro, reservoir;not reported
CY;2030;PS Turbine;;;not reported
CY;2035;PS Turbine;0.155600668766;;storage output
CY;2040;PS Turbine;0.174034249644;;storage output
CY;2050;PS Turbine;0.192729430828;;storage output
CY;2030;Biofuel;;;not reported
CY;2035;Biofuel;;;not reported
CY;2040;Biofuel;;;not reported
CY;2050;Biofuel;;;not reported
CY;2030;Other RES;0.108884150018;;unresolved LCI mapping
CY;2035;Other RES;0.197688612351;;unresolved LCI mapping
CY;2040;Other RES;0.318268016182;;unresolved LCI mapping
CY;2050;Other RES;0.296991776224;;unresolved LCI mapping
CY;2030;Nuclear;;Nuclear;not reported
CY;2035;Nuclear;;Nuclear;not reported
CY;2040;Nuclear;;Nuclear;not reported
CY;2050;Nuclear;;Nuclear;not reported
CY;2030;Natural Gas;4.6494792838;;unresolved LCI mapping
CY;2035;Natural Gas;2.6062552753;;unresolved LCI mapping
CY;2040;Natural Gas;1.35405358584;;unresolved LCI mapping
CY;2050;Natural Gas;1.95240918638;;unresolved LCI mapping
CY;2030;Crude Oil;0;Oil;candidate mapping
CY;2035;Crude Oil;1.89716817e-05;Oil;candidate mapping
CY;2040;Crude Oil;;Oil;not reported
CY;2050;Crude Oil;;Oil;not reported
CY;2030;Coal;;;not reported
CY;2035;Coal;;;not reported
CY;2040;Coal;;;not reported
CY;2050;Coal;;;not reported
CY;2030;Hydrogen GT;;;not reported
CY;2035;Hydrogen GT;;;not reported
CY;2040;Hydrogen GT;;;not reported
CY;2050;Hydrogen GT;;;not reported
CY;2030;Fuel Cell;;;not reported
CY;2035;Fuel Cell;;;not reported
CY;2040;Fuel Cell;;;not reported
CY;2050;Fuel Cell;;;not reported
CY;2030;Other Non RES;;;not reported
CY;2035;Other Non RES;;;not reported
CY;2040;Other Non RES;;;not reported
CY;2050;Other Non RES;;;not reported
CY;2030;Adequacy Units;;;not reported
CY;2035;Adequacy Units;;;not reported
CY;2040;Adequacy Units;0.007442138474;;unresolved LCI mapping
CY;2050;Adequacy Units;;;not reported
CY;2030;ENS;0;;unserved demand
CY;2035;ENS;0;;unserved demand
CY;2040;ENS;0;;unserved demand
CY;2050;ENS;0;;unserved demand
CY;2030;RES Curtailment;0.0901752172601;;curtailment
CY;2035;RES Curtailment;0.196883407065;;curtailment
CY;2040;RES Curtailment;0.872130205478;;curtailment
CY;2050;RES Curtailment;1.17249554576;;curtailment
CZ;2030;Wind Onshore;3.22848913981;Wind;candidate mapping
CZ;2035;Wind Onshore;5.84276207668;Wind;candidate mapping
CZ;2040;Wind Onshore;7.74071285613;Wind;candidate mapping
CZ;2050;Wind Onshore;14.5087054679;Wind;candidate mapping
CZ;2030;Wind Offshore Radial;;Wind, offshore;not reported
CZ;2035;Wind Offshore Radial;;Wind, offshore;not reported
CZ;2040;Wind Offshore Radial;;Wind, offshore;not reported
CZ;2050;Wind Offshore Radial;;Wind, offshore;not reported
CZ;2030;Wind Offshore Hub;;Wind, offshore;not reported
CZ;2035;Wind Offshore Hub;;Wind, offshore;not reported
CZ;2040;Wind Offshore Hub;;Wind, offshore;not reported
CZ;2050;Wind Offshore Hub;;Wind, offshore;not reported
CZ;2030;Solar PV;10.3274347289;Solar;candidate mapping
CZ;2035;Solar PV;11.6988256903;Solar;candidate mapping
CZ;2040;Solar PV;12.6555451507;Solar;candidate mapping
CZ;2050;Solar PV;26.5904383532;Solar;candidate mapping
CZ;2030;Solar CSP;;Solar, thermal;not reported
CZ;2035;Solar CSP;;Solar, thermal;not reported
CZ;2040;Solar CSP;;Solar, thermal;not reported
CZ;2050;Solar CSP;;Solar, thermal;not reported
CZ;2030;SRES Electricity;;;not reported
CZ;2035;SRES Electricity;;;not reported
CZ;2040;SRES Electricity;;;not reported
CZ;2050;SRES Electricity;;;not reported
CZ;2030;Run of River;1.1004548557;Hydro;candidate mapping
CZ;2035;Run of River;1.11402453421;Hydro;candidate mapping
CZ;2040;Run of River;1.08384788701;Hydro;candidate mapping
CZ;2050;Run of River;1.00360580375;Hydro;candidate mapping
CZ;2030;Pondage;;Hydro, reservoir;not reported
CZ;2035;Pondage;;Hydro, reservoir;not reported
CZ;2040;Pondage;;Hydro, reservoir;not reported
CZ;2050;Pondage;;Hydro, reservoir;not reported
CZ;2030;Reservoir;0.710917277723;Hydro, reservoir;candidate mapping
CZ;2035;Reservoir;0.7730140742;Hydro, reservoir;candidate mapping
CZ;2040;Reservoir;0.689776776528;Hydro, reservoir;candidate mapping
CZ;2050;Reservoir;0.6269591736;Hydro, reservoir;candidate mapping
CZ;2030;PS Turbine;1.39246959501;;storage output
CZ;2035;PS Turbine;1.4593357895;;storage output
CZ;2040;PS Turbine;1.53708537315;;storage output
CZ;2050;PS Turbine;1.62682580838;;storage output
CZ;2030;Biofuel;;;not reported
CZ;2035;Biofuel;;;not reported
CZ;2040;Biofuel;;;not reported
CZ;2050;Biofuel;;;not reported
CZ;2030;Other RES;5.61714003744;;unresolved LCI mapping
CZ;2035;Other RES;4.64239362866;;unresolved LCI mapping
CZ;2040;Other RES;3.89682062943;;unresolved LCI mapping
CZ;2050;Other RES;4.10625995093;;unresolved LCI mapping
CZ;2030;Nuclear;32.7610966356;Nuclear;candidate mapping
CZ;2035;Nuclear;33.6349217722;Nuclear;candidate mapping
CZ;2040;Nuclear;49.8387661942;Nuclear;candidate mapping
CZ;2050;Nuclear;43.1692825;Nuclear;candidate mapping
CZ;2030;Natural Gas;3.27388114814;;unresolved LCI mapping
CZ;2035;Natural Gas;2.32314885449;;unresolved LCI mapping
CZ;2040;Natural Gas;4.89118802121;;unresolved LCI mapping
CZ;2050;Natural Gas;3.29577205934;;unresolved LCI mapping
CZ;2030;Crude Oil;;Oil;not reported
CZ;2035;Crude Oil;;Oil;not reported
CZ;2040;Crude Oil;;Oil;not reported
CZ;2050;Crude Oil;;Oil;not reported
CZ;2030;Coal;0.006455657445;;unresolved LCI mapping
CZ;2035;Coal;;;not reported
CZ;2040;Coal;;;not reported
CZ;2050;Coal;;;not reported
CZ;2030;Hydrogen GT;;;not reported
CZ;2035;Hydrogen GT;;;not reported
CZ;2040;Hydrogen GT;;;not reported
CZ;2050;Hydrogen GT;;;not reported
CZ;2030;Fuel Cell;;;not reported
CZ;2035;Fuel Cell;;;not reported
CZ;2040;Fuel Cell;;;not reported
CZ;2050;Fuel Cell;;;not reported
CZ;2030;Other Non RES;3.14154950646;;unresolved LCI mapping
CZ;2035;Other Non RES;2.31063850161;;unresolved LCI mapping
CZ;2040;Other Non RES;2.34486307146;;unresolved LCI mapping
CZ;2050;Other Non RES;2.80943339851;;unresolved LCI mapping
CZ;2030;Adequacy Units;;;not reported
CZ;2035;Adequacy Units;;;not reported
CZ;2040;Adequacy Units;0.101999029954;;unresolved LCI mapping
CZ;2050;Adequacy Units;0.374094226554;;unresolved LCI mapping
CZ;2030;ENS;0;;unserved demand
CZ;2035;ENS;0;;unserved demand
CZ;2040;ENS;0;;unserved demand
CZ;2050;ENS;0;;unserved demand
CZ;2030;RES Curtailment;0.153630679239;;curtailment
CZ;2035;RES Curtailment;0.117701023946;;curtailment
CZ;2040;RES Curtailment;0.298783540404;;curtailment
CZ;2050;RES Curtailment;2.69828104026;;curtailment
DE;2030;Wind Onshore;217.665413904;Wind;candidate mapping
DE;2035;Wind Onshore;381.700014657;Wind;candidate mapping
DE;2040;Wind Onshore;350.713104475;Wind;candidate mapping
DE;2050;Wind Onshore;412.36014775;Wind;candidate mapping
DE;2030;Wind Offshore Radial;74.5537344581;Wind, offshore;candidate mapping
DE;2035;Wind Offshore Radial;84.8361964087;Wind, offshore;candidate mapping
DE;2040;Wind Offshore Radial;84.0967553823;Wind, offshore;candidate mapping
DE;2050;Wind Offshore Radial;63.9166522326;Wind, offshore;candidate mapping
DE;2030;Wind Offshore Hub;29.8811386396;Wind, offshore;candidate mapping
DE;2035;Wind Offshore Hub;117.426614677;Wind, offshore;candidate mapping
DE;2040;Wind Offshore Hub;205.749416194;Wind, offshore;candidate mapping
DE;2050;Wind Offshore Hub;257.057716184;Wind, offshore;candidate mapping
DE;2030;Solar PV;189.615423978;Solar;candidate mapping
DE;2035;Solar PV;262.255096302;Solar;candidate mapping
DE;2040;Solar PV;336.255861403;Solar;candidate mapping
DE;2050;Solar PV;384.44945264;Solar;candidate mapping
DE;2030;Solar CSP;;Solar, thermal;not reported
DE;2035;Solar CSP;;Solar, thermal;not reported
DE;2040;Solar CSP;;Solar, thermal;not reported
DE;2050;Solar CSP;;Solar, thermal;not reported
DE;2030;SRES Electricity;0;;unresolved LCI mapping
DE;2035;SRES Electricity;0;;unresolved LCI mapping
DE;2040;SRES Electricity;0;;unresolved LCI mapping
DE;2050;SRES Electricity;0;;unresolved LCI mapping
DE;2030;Run of River;14.5233101128;Hydro;candidate mapping
DE;2035;Run of River;14.6300419343;Hydro;candidate mapping
DE;2040;Run of River;14.0597156549;Hydro;candidate mapping
DE;2050;Run of River;14.6867260051;Hydro;candidate mapping
DE;2030;Pondage;;Hydro, reservoir;not reported
DE;2035;Pondage;;Hydro, reservoir;not reported
DE;2040;Pondage;;Hydro, reservoir;not reported
DE;2050;Pondage;;Hydro, reservoir;not reported
DE;2030;Reservoir;0.532368396;Hydro, reservoir;candidate mapping
DE;2035;Reservoir;0.514626130235;Hydro, reservoir;candidate mapping
DE;2040;Reservoir;0.586313615486;Hydro, reservoir;candidate mapping
DE;2050;Reservoir;0.587708575255;Hydro, reservoir;candidate mapping
DE;2030;PS Turbine;20.5631889014;;storage output
DE;2035;PS Turbine;25.342046132;;storage output
DE;2040;PS Turbine;27.6684428755;;storage output
DE;2050;PS Turbine;22.2487072387;;storage output
DE;2030;Biofuel;;;not reported
DE;2035;Biofuel;;;not reported
DE;2040;Biofuel;;;not reported
DE;2050;Biofuel;;;not reported
DE;2030;Other RES;70.9089235337;;unresolved LCI mapping
DE;2035;Other RES;52.9838126058;;unresolved LCI mapping
DE;2040;Other RES;42.9425723379;;unresolved LCI mapping
DE;2050;Other RES;40.0282528203;;unresolved LCI mapping
DE;2030;Nuclear;;Nuclear;not reported
DE;2035;Nuclear;;Nuclear;not reported
DE;2040;Nuclear;;Nuclear;not reported
DE;2050;Nuclear;;Nuclear;not reported
DE;2030;Natural Gas;66.0248790981;;unresolved LCI mapping
DE;2035;Natural Gas;24.2753289991;;unresolved LCI mapping
DE;2040;Natural Gas;3.56643019957;;unresolved LCI mapping
DE;2050;Natural Gas;;;not reported
DE;2030;Crude Oil;0.0008089512606;Oil;candidate mapping
DE;2035;Crude Oil;0.0020054329918;Oil;candidate mapping
DE;2040;Crude Oil;;Oil;not reported
DE;2050;Crude Oil;;Oil;not reported
DE;2030;Coal;12.9010352759;;unresolved LCI mapping
DE;2035;Coal;1.23264510037;;unresolved LCI mapping
DE;2040;Coal;;;not reported
DE;2050;Coal;;;not reported
DE;2030;Hydrogen GT;0.313571359714;;unresolved LCI mapping
DE;2035;Hydrogen GT;15.3284695275;;unresolved LCI mapping
DE;2040;Hydrogen GT;24.1140883141;;unresolved LCI mapping
DE;2050;Hydrogen GT;28.1637559148;;unresolved LCI mapping
DE;2030;Fuel Cell;;;not reported
DE;2035;Fuel Cell;;;not reported
DE;2040;Fuel Cell;;;not reported
DE;2050;Fuel Cell;;;not reported
DE;2030;Other Non RES;21.7057591656;;unresolved LCI mapping
DE;2035;Other Non RES;3.30206309848;;unresolved LCI mapping
DE;2040;Other Non RES;0.991944808764;;unresolved LCI mapping
DE;2050;Other Non RES;0.513854517176;;unresolved LCI mapping
DE;2030;Adequacy Units;;;not reported
DE;2035;Adequacy Units;;;not reported
DE;2040;Adequacy Units;0.43089852822;;unresolved LCI mapping
DE;2050;Adequacy Units;;;not reported
DE;2030;ENS;0;;unserved demand
DE;2035;ENS;0;;unserved demand
DE;2040;ENS;0;;unserved demand
DE;2050;ENS;0;;unserved demand
DE;2030;RES Curtailment;25.7409468634;;curtailment
DE;2035;RES Curtailment;63.3393679178;;curtailment
DE;2040;RES Curtailment;75.0731350096;;curtailment
DE;2050;RES Curtailment;36.2566133406;;curtailment
DK;2030;Wind Onshore;16.3461005222;Wind;candidate mapping
DK;2035;Wind Onshore;15.8118352381;Wind;candidate mapping
DK;2040;Wind Onshore;12.1415207339;Wind;candidate mapping
DK;2050;Wind Onshore;13.4012473967;Wind;candidate mapping
DK;2030;Wind Offshore Radial;17.1185694129;Wind, offshore;candidate mapping
DK;2035;Wind Offshore Radial;16.0760335241;Wind, offshore;candidate mapping
DK;2040;Wind Offshore Radial;15.3474434898;Wind, offshore;candidate mapping
DK;2050;Wind Offshore Radial;16.514776257;Wind, offshore;candidate mapping
DK;2030;Wind Offshore Hub;2.72278480694;Wind, offshore;candidate mapping
DK;2035;Wind Offshore Hub;50.1934642128;Wind, offshore;candidate mapping
DK;2040;Wind Offshore Hub;93.3704784172;Wind, offshore;candidate mapping
DK;2050;Wind Offshore Hub;115.681420561;Wind, offshore;candidate mapping
DK;2030;Solar PV;24.5736864128;Solar;candidate mapping
DK;2035;Solar PV;36.193899714;Solar;candidate mapping
DK;2040;Solar PV;42.9864673369;Solar;candidate mapping
DK;2050;Solar PV;54.5355021856;Solar;candidate mapping
DK;2030;Solar CSP;;Solar, thermal;not reported
DK;2035;Solar CSP;;Solar, thermal;not reported
DK;2040;Solar CSP;;Solar, thermal;not reported
DK;2050;Solar CSP;;Solar, thermal;not reported
DK;2030;SRES Electricity;;;not reported
DK;2035;SRES Electricity;;;not reported
DK;2040;SRES Electricity;;;not reported
DK;2050;SRES Electricity;;;not reported
DK;2030;Run of River;;Hydro;not reported
DK;2035;Run of River;;Hydro;not reported
DK;2040;Run of River;;Hydro;not reported
DK;2050;Run of River;;Hydro;not reported
DK;2030;Pondage;;Hydro, reservoir;not reported
DK;2035;Pondage;;Hydro, reservoir;not reported
DK;2040;Pondage;;Hydro, reservoir;not reported
DK;2050;Pondage;;Hydro, reservoir;not reported
DK;2030;Reservoir;;Hydro, reservoir;not reported
DK;2035;Reservoir;;Hydro, reservoir;not reported
DK;2040;Reservoir;;Hydro, reservoir;not reported
DK;2050;Reservoir;;Hydro, reservoir;not reported
DK;2030;PS Turbine;;;not reported
DK;2035;PS Turbine;;;not reported
DK;2040;PS Turbine;;;not reported
DK;2050;PS Turbine;;;not reported
DK;2030;Biofuel;4.40785451244;;unresolved LCI mapping
DK;2035;Biofuel;2.50594535645;;unresolved LCI mapping
DK;2040;Biofuel;3.45398230788;;unresolved LCI mapping
DK;2050;Biofuel;3.34843160459;;unresolved LCI mapping
DK;2030;Other RES;;;not reported
DK;2035;Other RES;;;not reported
DK;2040;Other RES;;;not reported
DK;2050;Other RES;;;not reported
DK;2030;Nuclear;;Nuclear;not reported
DK;2035;Nuclear;;Nuclear;not reported
DK;2040;Nuclear;;Nuclear;not reported
DK;2050;Nuclear;;Nuclear;not reported
DK;2030;Natural Gas;0.0422008181543;;unresolved LCI mapping
DK;2035;Natural Gas;0.0352278198886;;unresolved LCI mapping
DK;2040;Natural Gas;0.179155797796;;unresolved LCI mapping
DK;2050;Natural Gas;0.056157031312;;unresolved LCI mapping
DK;2030;Crude Oil;0;Oil;candidate mapping
DK;2035;Crude Oil;0.0151412336242;Oil;candidate mapping
DK;2040;Crude Oil;0.120918597434;Oil;candidate mapping
DK;2050;Crude Oil;0.0262881744254;Oil;candidate mapping
DK;2030;Coal;;;not reported
DK;2035;Coal;;;not reported
DK;2040;Coal;;;not reported
DK;2050;Coal;;;not reported
DK;2030;Hydrogen GT;;;not reported
DK;2035;Hydrogen GT;;;not reported
DK;2040;Hydrogen GT;;;not reported
DK;2050;Hydrogen GT;;;not reported
DK;2030;Fuel Cell;;;not reported
DK;2035;Fuel Cell;;;not reported
DK;2040;Fuel Cell;;;not reported
DK;2050;Fuel Cell;;;not reported
DK;2030;Other Non RES;;;not reported
DK;2035;Other Non RES;;;not reported
DK;2040;Other Non RES;;;not reported
DK;2050;Other Non RES;;;not reported
DK;2030;Adequacy Units;;;not reported
DK;2035;Adequacy Units;0.0004153567792;;unresolved LCI mapping
DK;2040;Adequacy Units;0.02712100514;;unresolved LCI mapping
DK;2050;Adequacy Units;;;not reported
DK;2030;ENS;0;;unserved demand
DK;2035;ENS;0;;unserved demand
DK;2040;ENS;0.000402782086;;unserved demand
DK;2050;ENS;2.1400322e-05;;unserved demand
DK;2030;RES Curtailment;1.66302060139;;curtailment
DK;2035;RES Curtailment;11.2260920749;;curtailment
DK;2040;RES Curtailment;16.6367896164;;curtailment
DK;2050;RES Curtailment;16.2035486493;;curtailment
EE;2030;Wind Onshore;8.88299096017;Wind;candidate mapping
EE;2035;Wind Onshore;9.02471778841;Wind;candidate mapping
EE;2040;Wind Onshore;10.4084962094;Wind;candidate mapping
EE;2050;Wind Onshore;11.0620870769;Wind;candidate mapping
EE;2030;Wind Offshore Radial;;Wind, offshore;not reported
EE;2035;Wind Offshore Radial;3.386328836;Wind, offshore;candidate mapping
EE;2040;Wind Offshore Radial;6.14118981499;Wind, offshore;candidate mapping
EE;2050;Wind Offshore Radial;11.7443569618;Wind, offshore;candidate mapping
EE;2030;Wind Offshore Hub;;Wind, offshore;not reported
EE;2035;Wind Offshore Hub;;Wind, offshore;not reported
EE;2040;Wind Offshore Hub;;Wind, offshore;not reported
EE;2050;Wind Offshore Hub;;Wind, offshore;not reported
EE;2030;Solar PV;;Solar;not reported
EE;2035;Solar PV;;Solar;not reported
EE;2040;Solar PV;;Solar;not reported
EE;2050;Solar PV;;Solar;not reported
EE;2030;Solar CSP;;Solar, thermal;not reported
EE;2035;Solar CSP;;Solar, thermal;not reported
EE;2040;Solar CSP;;Solar, thermal;not reported
EE;2050;Solar CSP;;Solar, thermal;not reported
EE;2030;SRES Electricity;;;not reported
EE;2035;SRES Electricity;;;not reported
EE;2040;SRES Electricity;;;not reported
EE;2050;SRES Electricity;;;not reported
EE;2030;Run of River;;Hydro;not reported
EE;2035;Run of River;;Hydro;not reported
EE;2040;Run of River;;Hydro;not reported
EE;2050;Run of River;;Hydro;not reported
EE;2030;Pondage;;Hydro, reservoir;not reported
EE;2035;Pondage;;Hydro, reservoir;not reported
EE;2040;Pondage;;Hydro, reservoir;not reported
EE;2050;Pondage;;Hydro, reservoir;not reported
EE;2030;Reservoir;;Hydro, reservoir;not reported
EE;2035;Reservoir;;Hydro, reservoir;not reported
EE;2040;Reservoir;;Hydro, reservoir;not reported
EE;2050;Reservoir;;Hydro, reservoir;not reported
EE;2030;PS Turbine;;;not reported
EE;2035;PS Turbine;;;not reported
EE;2040;PS Turbine;;;not reported
EE;2050;PS Turbine;;;not reported
EE;2030;Biofuel;0.236451857278;;unresolved LCI mapping
EE;2035;Biofuel;;;not reported
EE;2040;Biofuel;;;not reported
EE;2050;Biofuel;;;not reported
EE;2030;Other RES;0.702946732889;;unresolved LCI mapping
EE;2035;Other RES;0.515341971229;;unresolved LCI mapping
EE;2040;Other RES;0.143457996242;;unresolved LCI mapping
EE;2050;Other RES;0.14532705;;unresolved LCI mapping
EE;2030;Nuclear;;Nuclear;not reported
EE;2035;Nuclear;;Nuclear;not reported
EE;2040;Nuclear;;Nuclear;not reported
EE;2050;Nuclear;;Nuclear;not reported
EE;2030;Natural Gas;0.0326938629911;;unresolved LCI mapping
EE;2035;Natural Gas;0.152111696995;;unresolved LCI mapping
EE;2040;Natural Gas;;;not reported
EE;2050;Natural Gas;;;not reported
EE;2030;Crude Oil;;Oil;not reported
EE;2035;Crude Oil;;Oil;not reported
EE;2040;Crude Oil;;Oil;not reported
EE;2050;Crude Oil;;Oil;not reported
EE;2030;Coal;;;not reported
EE;2035;Coal;;;not reported
EE;2040;Coal;;;not reported
EE;2050;Coal;;;not reported
EE;2030;Hydrogen GT;;;not reported
EE;2035;Hydrogen GT;;;not reported
EE;2040;Hydrogen GT;0;;unresolved LCI mapping
EE;2050;Hydrogen GT;0.00015860559;;unresolved LCI mapping
EE;2030;Fuel Cell;;;not reported
EE;2035;Fuel Cell;;;not reported
EE;2040;Fuel Cell;;;not reported
EE;2050;Fuel Cell;;;not reported
EE;2030;Other Non RES;0.0414197840894;;unresolved LCI mapping
EE;2035;Other Non RES;0.0330394794897;;unresolved LCI mapping
EE;2040;Other Non RES;0.053486305288;;unresolved LCI mapping
EE;2050;Other Non RES;0.11653230657;;unresolved LCI mapping
EE;2030;Adequacy Units;0.0003098429117;;unresolved LCI mapping
EE;2035;Adequacy Units;;;not reported
EE;2040;Adequacy Units;;;not reported
EE;2050;Adequacy Units;;;not reported
EE;2030;ENS;0;;unserved demand
EE;2035;ENS;0;;unserved demand
EE;2040;ENS;0;;unserved demand
EE;2050;ENS;0;;unserved demand
EE;2030;RES Curtailment;0.341180827639;;curtailment
EE;2035;RES Curtailment;1.88633159436;;curtailment
EE;2040;RES Curtailment;0.368862939392;;curtailment
EE;2050;RES Curtailment;0.260253821257;;curtailment
ES;2030;Wind Onshore;98.4990744572;Wind;candidate mapping
ES;2035;Wind Onshore;183.965007631;Wind;candidate mapping
ES;2040;Wind Onshore;224.452012353;Wind;candidate mapping
ES;2050;Wind Onshore;328.55259412;Wind;candidate mapping
ES;2030;Wind Offshore Radial;8.68553634391;Wind, offshore;candidate mapping
ES;2035;Wind Offshore Radial;8.47873436495;Wind, offshore;candidate mapping
ES;2040;Wind Offshore Radial;8.160589888;Wind, offshore;candidate mapping
ES;2050;Wind Offshore Radial;8.24391192936;Wind, offshore;candidate mapping
ES;2030;Wind Offshore Hub;1.87102449138;Wind, offshore;candidate mapping
ES;2035;Wind Offshore Hub;1.8202064914;Wind, offshore;candidate mapping
ES;2040;Wind Offshore Hub;1.76045874871;Wind, offshore;candidate mapping
ES;2050;Wind Offshore Hub;1.78580668352;Wind, offshore;candidate mapping
ES;2030;Solar PV;86.42678255;Solar;candidate mapping
ES;2035;Solar PV;122.97385854;Solar;candidate mapping
ES;2040;Solar PV;161.540505375;Solar;candidate mapping
ES;2050;Solar PV;200.750705204;Solar;candidate mapping
ES;2030;Solar CSP;7.14704483246;Solar, thermal;candidate mapping
ES;2035;Solar CSP;6.3831762054;Solar, thermal;candidate mapping
ES;2040;Solar CSP;5.96936555329;Solar, thermal;candidate mapping
ES;2050;Solar CSP;6.92024150984;Solar, thermal;candidate mapping
ES;2030;SRES Electricity;4.79820220468;;unresolved LCI mapping
ES;2035;SRES Electricity;2.50258822476;;unresolved LCI mapping
ES;2040;SRES Electricity;1.42052974315;;unresolved LCI mapping
ES;2050;SRES Electricity;3.46248790013;;unresolved LCI mapping
ES;2030;Run of River;5.83468278514;Hydro;candidate mapping
ES;2035;Run of River;5.14780525568;Hydro;candidate mapping
ES;2040;Run of River;5.45695602377;Hydro;candidate mapping
ES;2050;Run of River;5.67732520652;Hydro;candidate mapping
ES;2030;Pondage;;Hydro, reservoir;not reported
ES;2035;Pondage;;Hydro, reservoir;not reported
ES;2040;Pondage;;Hydro, reservoir;not reported
ES;2050;Pondage;;Hydro, reservoir;not reported
ES;2030;Reservoir;20.7341181624;Hydro, reservoir;candidate mapping
ES;2035;Reservoir;19.3331701659;Hydro, reservoir;candidate mapping
ES;2040;Reservoir;22.1253523314;Hydro, reservoir;candidate mapping
ES;2050;Reservoir;22.2193639414;Hydro, reservoir;candidate mapping
ES;2030;PS Turbine;18.6602739824;;storage output
ES;2035;PS Turbine;26.4183676155;;storage output
ES;2040;PS Turbine;34.0360675338;;storage output
ES;2050;PS Turbine;42.4356101173;;storage output
ES;2030;Biofuel;;;not reported
ES;2035;Biofuel;;;not reported
ES;2040;Biofuel;;;not reported
ES;2050;Biofuel;;;not reported
ES;2030;Other RES;7.67221988139;;unresolved LCI mapping
ES;2035;Other RES;7.25380066649;;unresolved LCI mapping
ES;2040;Other RES;9.23338544506;;unresolved LCI mapping
ES;2050;Other RES;9.3122700191;;unresolved LCI mapping
ES;2030;Nuclear;35.6190051516;Nuclear;candidate mapping
ES;2035;Nuclear;;Nuclear;not reported
ES;2040;Nuclear;;Nuclear;not reported
ES;2050;Nuclear;;Nuclear;not reported
ES;2030;Natural Gas;15.0651581111;;unresolved LCI mapping
ES;2035;Natural Gas;11.7165761282;;unresolved LCI mapping
ES;2040;Natural Gas;8.91096811607;;unresolved LCI mapping
ES;2050;Natural Gas;2.81277369567;;unresolved LCI mapping
ES;2030;Crude Oil;;Oil;not reported
ES;2035;Crude Oil;;Oil;not reported
ES;2040;Crude Oil;;Oil;not reported
ES;2050;Crude Oil;;Oil;not reported
ES;2030;Coal;;;not reported
ES;2035;Coal;;;not reported
ES;2040;Coal;;;not reported
ES;2050;Coal;;;not reported
ES;2030;Hydrogen GT;;;not reported
ES;2035;Hydrogen GT;;;not reported
ES;2040;Hydrogen GT;;;not reported
ES;2050;Hydrogen GT;;;not reported
ES;2030;Fuel Cell;;;not reported
ES;2035;Fuel Cell;;;not reported
ES;2040;Fuel Cell;;;not reported
ES;2050;Fuel Cell;;;not reported
ES;2030;Other Non RES;14.0907277302;;unresolved LCI mapping
ES;2035;Other Non RES;5.20581519821;;unresolved LCI mapping
ES;2040;Other Non RES;1.73952965086;;unresolved LCI mapping
ES;2050;Other Non RES;4.69196396738;;unresolved LCI mapping
ES;2030;Adequacy Units;;;not reported
ES;2035;Adequacy Units;;;not reported
ES;2040;Adequacy Units;;;not reported
ES;2050;Adequacy Units;;;not reported
ES;2030;ENS;0;;unserved demand
ES;2035;ENS;0;;unserved demand
ES;2040;ENS;0;;unserved demand
ES;2050;ENS;0;;unserved demand
ES;2030;RES Curtailment;5.62273324789;;curtailment
ES;2035;RES Curtailment;23.8904249711;;curtailment
ES;2040;RES Curtailment;24.45474996;;curtailment
ES;2050;RES Curtailment;30.6397481239;;curtailment
FI;2030;Wind Onshore;65.8650119123;Wind;candidate mapping
FI;2035;Wind Onshore;104.798955132;Wind;candidate mapping
FI;2040;Wind Onshore;168.035726669;Wind;candidate mapping
FI;2050;Wind Onshore;183.620404177;Wind;candidate mapping
FI;2030;Wind Offshore Radial;;Wind, offshore;not reported
FI;2035;Wind Offshore Radial;10.0027577307;Wind, offshore;candidate mapping
FI;2040;Wind Offshore Radial;17.6762956956;Wind, offshore;candidate mapping
FI;2050;Wind Offshore Radial;46.839017303;Wind, offshore;candidate mapping
FI;2030;Wind Offshore Hub;;Wind, offshore;not reported
FI;2035;Wind Offshore Hub;;Wind, offshore;not reported
FI;2040;Wind Offshore Hub;;Wind, offshore;not reported
FI;2050;Wind Offshore Hub;;Wind, offshore;not reported
FI;2030;Solar PV;7.35390660258;Solar;candidate mapping
FI;2035;Solar PV;12.3859844914;Solar;candidate mapping
FI;2040;Solar PV;15.3023317565;Solar;candidate mapping
FI;2050;Solar PV;21.7853801145;Solar;candidate mapping
FI;2030;Solar CSP;;Solar, thermal;not reported
FI;2035;Solar CSP;;Solar, thermal;not reported
FI;2040;Solar CSP;;Solar, thermal;not reported
FI;2050;Solar CSP;;Solar, thermal;not reported
FI;2030;SRES Electricity;;;not reported
FI;2035;SRES Electricity;;;not reported
FI;2040;SRES Electricity;;;not reported
FI;2050;SRES Electricity;;;not reported
FI;2030;Run of River;;Hydro;not reported
FI;2035;Run of River;;Hydro;not reported
FI;2040;Run of River;;Hydro;not reported
FI;2050;Run of River;;Hydro;not reported
FI;2030;Pondage;;Hydro, reservoir;not reported
FI;2035;Pondage;;Hydro, reservoir;not reported
FI;2040;Pondage;;Hydro, reservoir;not reported
FI;2050;Pondage;;Hydro, reservoir;not reported
FI;2030;Reservoir;14.0260451029;Hydro, reservoir;candidate mapping
FI;2035;Reservoir;13.0404584477;Hydro, reservoir;candidate mapping
FI;2040;Reservoir;13.5406912973;Hydro, reservoir;candidate mapping
FI;2050;Reservoir;14.2987388112;Hydro, reservoir;candidate mapping
FI;2030;PS Turbine;;;not reported
FI;2035;PS Turbine;;;not reported
FI;2040;PS Turbine;;;not reported
FI;2050;PS Turbine;;;not reported
FI;2030;Biofuel;9.02960256432;;unresolved LCI mapping
FI;2035;Biofuel;7.26130466794;;unresolved LCI mapping
FI;2040;Biofuel;6.43111475323;;unresolved LCI mapping
FI;2050;Biofuel;6.03372428762;;unresolved LCI mapping
FI;2030;Other RES;7.19561973092;;unresolved LCI mapping
FI;2035;Other RES;6.00884172922;;unresolved LCI mapping
FI;2040;Other RES;6.40158025578;;unresolved LCI mapping
FI;2050;Other RES;6.55258774647;;unresolved LCI mapping
FI;2030;Nuclear;36.3564990667;Nuclear;candidate mapping
FI;2035;Nuclear;36.1236496484;Nuclear;candidate mapping
FI;2040;Nuclear;36.2833544283;Nuclear;candidate mapping
FI;2050;Nuclear;29.8931642476;Nuclear;candidate mapping
FI;2030;Natural Gas;2.72398913544;;unresolved LCI mapping
FI;2035;Natural Gas;1.64197241532;;unresolved LCI mapping
FI;2040;Natural Gas;0.0409076963;;unresolved LCI mapping
FI;2050;Natural Gas;0.0981009060894;;unresolved LCI mapping
FI;2030;Crude Oil;;Oil;not reported
FI;2035;Crude Oil;;Oil;not reported
FI;2040;Crude Oil;;Oil;not reported
FI;2050;Crude Oil;;Oil;not reported
FI;2030;Coal;;;not reported
FI;2035;Coal;;;not reported
FI;2040;Coal;;;not reported
FI;2050;Coal;;;not reported
FI;2030;Hydrogen GT;;;not reported
FI;2035;Hydrogen GT;;;not reported
FI;2040;Hydrogen GT;;;not reported
FI;2050;Hydrogen GT;;;not reported
FI;2030;Fuel Cell;;;not reported
FI;2035;Fuel Cell;;;not reported
FI;2040;Fuel Cell;;;not reported
FI;2050;Fuel Cell;;;not reported
FI;2030;Other Non RES;;;not reported
FI;2035;Other Non RES;;;not reported
FI;2040;Other Non RES;;;not reported
FI;2050;Other Non RES;;;not reported
FI;2030;Adequacy Units;0.0122212109681;;unresolved LCI mapping
FI;2035;Adequacy Units;0.093656086301;;unresolved LCI mapping
FI;2040;Adequacy Units;0.014796577628;;unresolved LCI mapping
FI;2050;Adequacy Units;0.026830763984;;unresolved LCI mapping
FI;2030;ENS;0;;unserved demand
FI;2035;ENS;0;;unserved demand
FI;2040;ENS;0;;unserved demand
FI;2050;ENS;0;;unserved demand
FI;2030;RES Curtailment;2.20959367315;;curtailment
FI;2035;RES Curtailment;10.7078556501;;curtailment
FI;2040;RES Curtailment;6.69729450177;;curtailment
FI;2050;RES Curtailment;5.66434955769;;curtailment
FR;2030;Wind Onshore;76.50361909;Wind;candidate mapping
FR;2035;Wind Onshore;96.3913435176;Wind;candidate mapping
FR;2040;Wind Onshore;100.909302881;Wind;candidate mapping
FR;2050;Wind Onshore;132.493437815;Wind;candidate mapping
FR;2030;Wind Offshore Radial;12.5423280922;Wind, offshore;candidate mapping
FR;2035;Wind Offshore Radial;44.9549928458;Wind, offshore;candidate mapping
FR;2040;Wind Offshore Radial;90.9569893923;Wind, offshore;candidate mapping
FR;2050;Wind Offshore Radial;168.414371527;Wind, offshore;candidate mapping
FR;2030;Wind Offshore Hub;;Wind, offshore;not reported
FR;2035;Wind Offshore Hub;;Wind, offshore;not reported
FR;2040;Wind Offshore Hub;;Wind, offshore;not reported
FR;2050;Wind Offshore Hub;;Wind, offshore;not reported
FR;2030;Solar PV;55.3135107429;Solar;candidate mapping
FR;2035;Solar PV;84.2506743347;Solar;candidate mapping
FR;2040;Solar PV;114.03418644;Solar;candidate mapping
FR;2050;Solar PV;174.115083351;Solar;candidate mapping
FR;2030;Solar CSP;;Solar, thermal;not reported
FR;2035;Solar CSP;;Solar, thermal;not reported
FR;2040;Solar CSP;;Solar, thermal;not reported
FR;2050;Solar CSP;;Solar, thermal;not reported
FR;2030;SRES Electricity;;;not reported
FR;2035;SRES Electricity;;;not reported
FR;2040;SRES Electricity;;;not reported
FR;2050;SRES Electricity;;;not reported
FR;2030;Run of River;39.3714874752;Hydro;candidate mapping
FR;2035;Run of River;41.1504956799;Hydro;candidate mapping
FR;2040;Run of River;40.3707299918;Hydro;candidate mapping
FR;2050;Run of River;38.0993754586;Hydro;candidate mapping
FR;2030;Pondage;;Hydro, reservoir;not reported
FR;2035;Pondage;;Hydro, reservoir;not reported
FR;2040;Pondage;;Hydro, reservoir;not reported
FR;2050;Pondage;;Hydro, reservoir;not reported
FR;2030;Reservoir;14.99077542;Hydro, reservoir;candidate mapping
FR;2035;Reservoir;16.4844109982;Hydro, reservoir;candidate mapping
FR;2040;Reservoir;15.2354275237;Hydro, reservoir;candidate mapping
FR;2050;Reservoir;14.7119464289;Hydro, reservoir;candidate mapping
FR;2030;PS Turbine;8.76866143401;;storage output
FR;2035;PS Turbine;10.3521318202;;storage output
FR;2040;PS Turbine;11.7214979514;;storage output
FR;2050;PS Turbine;15.4896796061;;storage output
FR;2030;Biofuel;;;not reported
FR;2035;Biofuel;;;not reported
FR;2040;Biofuel;;;not reported
FR;2050;Biofuel;;;not reported
FR;2030;Other RES;9.2495088;;unresolved LCI mapping
FR;2035;Other RES;9.81194669229;;unresolved LCI mapping
FR;2040;Other RES;9.75184569195;;unresolved LCI mapping
FR;2050;Other RES;9.70905891241;;unresolved LCI mapping
FR;2030;Nuclear;342.701968926;Nuclear;candidate mapping
FR;2035;Nuclear;321.153485716;Nuclear;candidate mapping
FR;2040;Nuclear;338.405563282;Nuclear;candidate mapping
FR;2050;Nuclear;289.175668079;Nuclear;candidate mapping
FR;2030;Natural Gas;5.18840626739;;unresolved LCI mapping
FR;2035;Natural Gas;2.33147311326;;unresolved LCI mapping
FR;2040;Natural Gas;0.233670434408;;unresolved LCI mapping
FR;2050;Natural Gas;;;not reported
FR;2030;Crude Oil;0.00083853;Oil;candidate mapping
FR;2035;Crude Oil;0.005691356;Oil;candidate mapping
FR;2040;Crude Oil;;Oil;not reported
FR;2050;Crude Oil;;Oil;not reported
FR;2030;Coal;;;not reported
FR;2035;Coal;;;not reported
FR;2040;Coal;;;not reported
FR;2050;Coal;;;not reported
FR;2030;Hydrogen GT;;;not reported
FR;2035;Hydrogen GT;;;not reported
FR;2040;Hydrogen GT;;;not reported
FR;2050;Hydrogen GT;0;;unresolved LCI mapping
FR;2030;Fuel Cell;;;not reported
FR;2035;Fuel Cell;;;not reported
FR;2040;Fuel Cell;;;not reported
FR;2050;Fuel Cell;;;not reported
FR;2030;Other Non RES;10.6091081002;;unresolved LCI mapping
FR;2035;Other Non RES;2.13012831599;;unresolved LCI mapping
FR;2040;Other Non RES;0.796130103524;;unresolved LCI mapping
FR;2050;Other Non RES;0.431809100796;;unresolved LCI mapping
FR;2030;Adequacy Units;;;not reported
FR;2035;Adequacy Units;;;not reported
FR;2040;Adequacy Units;0.0024;;unresolved LCI mapping
FR;2050;Adequacy Units;;;not reported
FR;2030;ENS;0;;unserved demand
FR;2035;ENS;0;;unserved demand
FR;2040;ENS;0.001080728588;;unserved demand
FR;2050;ENS;0;;unserved demand
FR;2030;RES Curtailment;0.0184751896547;;curtailment
FR;2035;RES Curtailment;0.611615638558;;curtailment
FR;2040;RES Curtailment;1.65256656912;;curtailment
FR;2050;RES Curtailment;4.21023089729;;curtailment
GR;2030;Wind Onshore;17.4025145025;Wind;candidate mapping
GR;2035;Wind Onshore;19.1088240676;Wind;candidate mapping
GR;2040;Wind Onshore;19.4782918067;Wind;candidate mapping
GR;2050;Wind Onshore;20.7326304744;Wind;candidate mapping
GR;2030;Wind Offshore Radial;4.51718523652;Wind, offshore;candidate mapping
GR;2035;Wind Offshore Radial;11.3700666633;Wind, offshore;candidate mapping
GR;2040;Wind Offshore Radial;17.0177181188;Wind, offshore;candidate mapping
GR;2050;Wind Offshore Radial;34.6180260318;Wind, offshore;candidate mapping
GR;2030;Wind Offshore Hub;;Wind, offshore;not reported
GR;2035;Wind Offshore Hub;;Wind, offshore;not reported
GR;2040;Wind Offshore Hub;;Wind, offshore;not reported
GR;2050;Wind Offshore Hub;;Wind, offshore;not reported
GR;2030;Solar PV;18.6228495713;Solar;candidate mapping
GR;2035;Solar PV;26.6455784244;Solar;candidate mapping
GR;2040;Solar PV;35.6210845689;Solar;candidate mapping
GR;2050;Solar PV;49.8844869217;Solar;candidate mapping
GR;2030;Solar CSP;;Solar, thermal;not reported
GR;2035;Solar CSP;;Solar, thermal;not reported
GR;2040;Solar CSP;;Solar, thermal;not reported
GR;2050;Solar CSP;;Solar, thermal;not reported
GR;2030;SRES Electricity;;;not reported
GR;2035;SRES Electricity;;;not reported
GR;2040;SRES Electricity;;;not reported
GR;2050;SRES Electricity;;;not reported
GR;2030;Run of River;0.32831869091;Hydro;candidate mapping
GR;2035;Run of River;0.357085308116;Hydro;candidate mapping
GR;2040;Run of River;0.425522366612;Hydro;candidate mapping
GR;2050;Run of River;0.45458137898;Hydro;candidate mapping
GR;2030;Pondage;0.0636886392;Hydro, reservoir;candidate mapping
GR;2035;Pondage;0.0569404176;Hydro, reservoir;candidate mapping
GR;2040;Pondage;0.061405610774;Hydro, reservoir;candidate mapping
GR;2050;Pondage;0.051064272;Hydro, reservoir;candidate mapping
GR;2030;Reservoir;4.851020292;Hydro, reservoir;candidate mapping
GR;2035;Reservoir;4.11693178175;Hydro, reservoir;candidate mapping
GR;2040;Reservoir;5.15713983337;Hydro, reservoir;candidate mapping
GR;2050;Reservoir;4.3749501192;Hydro, reservoir;candidate mapping
GR;2030;PS Turbine;3.5869569138;;storage output
GR;2035;PS Turbine;4.81762314116;;storage output
GR;2040;PS Turbine;5.74408127815;;storage output
GR;2050;PS Turbine;5.88731752593;;storage output
GR;2030;Biofuel;;;not reported
GR;2035;Biofuel;;;not reported
GR;2040;Biofuel;;;not reported
GR;2050;Biofuel;;;not reported
GR;2030;Other RES;0.466457537924;;unresolved LCI mapping
GR;2035;Other RES;0.465100442445;;unresolved LCI mapping
GR;2040;Other RES;0.46040163218;;unresolved LCI mapping
GR;2050;Other RES;0.268878860758;;unresolved LCI mapping
GR;2030;Nuclear;;Nuclear;not reported
GR;2035;Nuclear;;Nuclear;not reported
GR;2040;Nuclear;;Nuclear;not reported
GR;2050;Nuclear;;Nuclear;not reported
GR;2030;Natural Gas;7.66170808141;;unresolved LCI mapping
GR;2035;Natural Gas;3.45048986224;;unresolved LCI mapping
GR;2040;Natural Gas;1.71715820047;;unresolved LCI mapping
GR;2050;Natural Gas;3.62380098855;;unresolved LCI mapping
GR;2030;Crude Oil;0;Oil;candidate mapping
GR;2035;Crude Oil;0;Oil;candidate mapping
GR;2040;Crude Oil;;Oil;not reported
GR;2050;Crude Oil;;Oil;not reported
GR;2030;Coal;;;not reported
GR;2035;Coal;;;not reported
GR;2040;Coal;;;not reported
GR;2050;Coal;;;not reported
GR;2030;Hydrogen GT;;;not reported
GR;2035;Hydrogen GT;;;not reported
GR;2040;Hydrogen GT;;;not reported
GR;2050;Hydrogen GT;;;not reported
GR;2030;Fuel Cell;;;not reported
GR;2035;Fuel Cell;;;not reported
GR;2040;Fuel Cell;;;not reported
GR;2050;Fuel Cell;;;not reported
GR;2030;Other Non RES;0.915453865954;;unresolved LCI mapping
GR;2035;Other Non RES;0.416556148194;;unresolved LCI mapping
GR;2040;Other Non RES;0.39210355112;;unresolved LCI mapping
GR;2050;Other Non RES;0.830504708156;;unresolved LCI mapping
GR;2030;Adequacy Units;;;not reported
GR;2035;Adequacy Units;;;not reported
GR;2040;Adequacy Units;0.000208850684;;unresolved LCI mapping
GR;2050;Adequacy Units;;;not reported
GR;2030;ENS;0;;unserved demand
GR;2035;ENS;0;;unserved demand
GR;2040;ENS;0;;unserved demand
GR;2050;ENS;0;;unserved demand
GR;2030;RES Curtailment;1.2468356253;;curtailment
GR;2035;RES Curtailment;1.82771089288;;curtailment
GR;2040;RES Curtailment;3.2087313351;;curtailment
GR;2050;RES Curtailment;5.86398751211;;curtailment
HR;2030;Wind Onshore;2.0679643316;Wind;candidate mapping
HR;2035;Wind Onshore;2.21957889824;Wind;candidate mapping
HR;2040;Wind Onshore;2.1863429064;Wind;candidate mapping
HR;2050;Wind Onshore;2.24856318428;Wind;candidate mapping
HR;2030;Wind Offshore Radial;;Wind, offshore;not reported
HR;2035;Wind Offshore Radial;1.23614810328;Wind, offshore;candidate mapping
HR;2040;Wind Offshore Radial;1.149708198;Wind, offshore;candidate mapping
HR;2050;Wind Offshore Radial;1.10834431855;Wind, offshore;candidate mapping
HR;2030;Wind Offshore Hub;;Wind, offshore;not reported
HR;2035;Wind Offshore Hub;;Wind, offshore;not reported
HR;2040;Wind Offshore Hub;;Wind, offshore;not reported
HR;2050;Wind Offshore Hub;;Wind, offshore;not reported
HR;2030;Solar PV;0.850848872459;Solar;candidate mapping
HR;2035;Solar PV;1.25688023662;Solar;candidate mapping
HR;2040;Solar PV;1.23897615885;Solar;candidate mapping
HR;2050;Solar PV;2.68346447264;Solar;candidate mapping
HR;2030;Solar CSP;;Solar, thermal;not reported
HR;2035;Solar CSP;;Solar, thermal;not reported
HR;2040;Solar CSP;;Solar, thermal;not reported
HR;2050;Solar CSP;;Solar, thermal;not reported
HR;2030;SRES Electricity;2.80195451307;;unresolved LCI mapping
HR;2035;SRES Electricity;3.02205421991;;unresolved LCI mapping
HR;2040;SRES Electricity;7.4033425591;;unresolved LCI mapping
HR;2050;SRES Electricity;18.0628694928;;unresolved LCI mapping
HR;2030;Run of River;0.256294317;Hydro;candidate mapping
HR;2035;Run of River;0.284436367008;Hydro;candidate mapping
HR;2040;Run of River;0.268716688;Hydro;candidate mapping
HR;2050;Run of River;0.245761148282;Hydro;candidate mapping
HR;2030;Pondage;1.5951645336;Hydro, reservoir;candidate mapping
HR;2035;Pondage;1.70967386793;Hydro, reservoir;candidate mapping
HR;2040;Pondage;1.64625952257;Hydro, reservoir;candidate mapping
HR;2050;Pondage;1.5460689984;Hydro, reservoir;candidate mapping
HR;2030;Reservoir;3.5277734136;Hydro, reservoir;candidate mapping
HR;2035;Reservoir;4.4928333672;Hydro, reservoir;candidate mapping
HR;2040;Reservoir;5.72479251079;Hydro, reservoir;candidate mapping
HR;2050;Reservoir;4.56141133343;Hydro, reservoir;candidate mapping
HR;2030;PS Turbine;1.08542162658;;storage output
HR;2035;PS Turbine;1.14061578796;;storage output
HR;2040;PS Turbine;1.0598572895;;storage output
HR;2050;PS Turbine;1.00124077731;;storage output
HR;2030;Biofuel;;;not reported
HR;2035;Biofuel;;;not reported
HR;2040;Biofuel;;;not reported
HR;2050;Biofuel;;;not reported
HR;2030;Other RES;1.84218107317;;unresolved LCI mapping
HR;2035;Other RES;3.54031243525;;unresolved LCI mapping
HR;2040;Other RES;3.5416671566;;unresolved LCI mapping
HR;2050;Other RES;4.14109157373;;unresolved LCI mapping
HR;2030;Nuclear;;Nuclear;not reported
HR;2035;Nuclear;;Nuclear;not reported
HR;2040;Nuclear;;Nuclear;not reported
HR;2050;Nuclear;;Nuclear;not reported
HR;2030;Natural Gas;0.265511911995;;unresolved LCI mapping
HR;2035;Natural Gas;0.100628249131;;unresolved LCI mapping
HR;2040;Natural Gas;0.051967128;;unresolved LCI mapping
HR;2050;Natural Gas;;;not reported
HR;2030;Crude Oil;0;Oil;candidate mapping
HR;2035;Crude Oil;;Oil;not reported
HR;2040;Crude Oil;;Oil;not reported
HR;2050;Crude Oil;;Oil;not reported
HR;2030;Coal;0.0093815609281;;unresolved LCI mapping
HR;2035;Coal;;;not reported
HR;2040;Coal;;;not reported
HR;2050;Coal;;;not reported
HR;2030;Hydrogen GT;;;not reported
HR;2035;Hydrogen GT;;;not reported
HR;2040;Hydrogen GT;;;not reported
HR;2050;Hydrogen GT;;;not reported
HR;2030;Fuel Cell;;;not reported
HR;2035;Fuel Cell;;;not reported
HR;2040;Fuel Cell;;;not reported
HR;2050;Fuel Cell;;;not reported
HR;2030;Other Non RES;1.23939922938;;unresolved LCI mapping
HR;2035;Other Non RES;;;not reported
HR;2040;Other Non RES;;;not reported
HR;2050;Other Non RES;;;not reported
HR;2030;Adequacy Units;;;not reported
HR;2035;Adequacy Units;;;not reported
HR;2040;Adequacy Units;;;not reported
HR;2050;Adequacy Units;;;not reported
HR;2030;ENS;0;;unserved demand
HR;2035;ENS;0;;unserved demand
HR;2040;ENS;0;;unserved demand
HR;2050;ENS;0;;unserved demand
HR;2030;RES Curtailment;0.001999575943;;curtailment
HR;2035;RES Curtailment;0.0163326974201;;curtailment
HR;2040;RES Curtailment;0.002278564414;;curtailment
HR;2050;RES Curtailment;0.0738950359477;;curtailment
HU;2030;Wind Onshore;3.72537553908;Wind;candidate mapping
HU;2035;Wind Onshore;5.81205960685;Wind;candidate mapping
HU;2040;Wind Onshore;6.74202870936;Wind;candidate mapping
HU;2050;Wind Onshore;10.4019616141;Wind;candidate mapping
HU;2030;Wind Offshore Radial;;Wind, offshore;not reported
HU;2035;Wind Offshore Radial;;Wind, offshore;not reported
HU;2040;Wind Offshore Radial;;Wind, offshore;not reported
HU;2050;Wind Offshore Radial;;Wind, offshore;not reported
HU;2030;Wind Offshore Hub;;Wind, offshore;not reported
HU;2035;Wind Offshore Hub;;Wind, offshore;not reported
HU;2040;Wind Offshore Hub;;Wind, offshore;not reported
HU;2050;Wind Offshore Hub;;Wind, offshore;not reported
HU;2030;Solar PV;16.2250286637;Solar;candidate mapping
HU;2035;Solar PV;17.2490520688;Solar;candidate mapping
HU;2040;Solar PV;18.107529616;Solar;candidate mapping
HU;2050;Solar PV;20.6221134844;Solar;candidate mapping
HU;2030;Solar CSP;;Solar, thermal;not reported
HU;2035;Solar CSP;;Solar, thermal;not reported
HU;2040;Solar CSP;;Solar, thermal;not reported
HU;2050;Solar CSP;;Solar, thermal;not reported
HU;2030;SRES Electricity;;;not reported
HU;2035;SRES Electricity;;;not reported
HU;2040;SRES Electricity;;;not reported
HU;2050;SRES Electricity;;;not reported
HU;2030;Run of River;0.235068048705;Hydro;candidate mapping
HU;2035;Run of River;0.2394189741;Hydro;candidate mapping
HU;2040;Run of River;0.235065748164;Hydro;candidate mapping
HU;2050;Run of River;0.230469832355;Hydro;candidate mapping
HU;2030;Pondage;;Hydro, reservoir;not reported
HU;2035;Pondage;;Hydro, reservoir;not reported
HU;2040;Pondage;;Hydro, reservoir;not reported
HU;2050;Pondage;;Hydro, reservoir;not reported
HU;2030;Reservoir;;Hydro, reservoir;not reported
HU;2035;Reservoir;;Hydro, reservoir;not reported
HU;2040;Reservoir;;Hydro, reservoir;not reported
HU;2050;Reservoir;;Hydro, reservoir;not reported
HU;2030;PS Turbine;;;not reported
HU;2035;PS Turbine;;;not reported
HU;2040;PS Turbine;;;not reported
HU;2050;PS Turbine;;;not reported
HU;2030;Biofuel;1.45248961879;;unresolved LCI mapping
HU;2035;Biofuel;0.600482947032;;unresolved LCI mapping
HU;2040;Biofuel;0.576863818452;;unresolved LCI mapping
HU;2050;Biofuel;;;not reported
HU;2030;Other RES;0.875137827935;;unresolved LCI mapping
HU;2035;Other RES;1.08811854517;;unresolved LCI mapping
HU;2040;Other RES;1.31104868272;;unresolved LCI mapping
HU;2050;Other RES;1.76279812262;;unresolved LCI mapping
HU;2030;Nuclear;15.8425202353;Nuclear;candidate mapping
HU;2035;Nuclear;31.9509054615;Nuclear;candidate mapping
HU;2040;Nuclear;31.8751638676;Nuclear;candidate mapping
HU;2050;Nuclear;31.7358529181;Nuclear;candidate mapping
HU;2030;Natural Gas;4.86757914804;;unresolved LCI mapping
HU;2035;Natural Gas;2.05496083531;;unresolved LCI mapping
HU;2040;Natural Gas;1.56993607352;;unresolved LCI mapping
HU;2050;Natural Gas;1.81765905696;;unresolved LCI mapping
HU;2030;Crude Oil;0;Oil;candidate mapping
HU;2035;Crude Oil;0;Oil;candidate mapping
HU;2040;Crude Oil;0;Oil;candidate mapping
HU;2050;Crude Oil;;Oil;not reported
HU;2030;Coal;;;not reported
HU;2035;Coal;;;not reported
HU;2040;Coal;;;not reported
HU;2050;Coal;;;not reported
HU;2030;Hydrogen GT;;;not reported
HU;2035;Hydrogen GT;;;not reported
HU;2040;Hydrogen GT;;;not reported
HU;2050;Hydrogen GT;;;not reported
HU;2030;Fuel Cell;;;not reported
HU;2035;Fuel Cell;;;not reported
HU;2040;Fuel Cell;;;not reported
HU;2050;Fuel Cell;;;not reported
HU;2030;Other Non RES;6.11596713021;;unresolved LCI mapping
HU;2035;Other Non RES;2.05537291716;;unresolved LCI mapping
HU;2040;Other Non RES;1.43888799974;;unresolved LCI mapping
HU;2050;Other Non RES;3.64866364481;;unresolved LCI mapping
HU;2030;Adequacy Units;;;not reported
HU;2035;Adequacy Units;;;not reported
HU;2040;Adequacy Units;;;not reported
HU;2050;Adequacy Units;;;not reported
HU;2030;ENS;0;;unserved demand
HU;2035;ENS;0;;unserved demand
HU;2040;ENS;0;;unserved demand
HU;2050;ENS;0;;unserved demand
HU;2030;RES Curtailment;0.531816807183;;curtailment
HU;2035;RES Curtailment;1.02240388144;;curtailment
HU;2040;RES Curtailment;1.05479429812;;curtailment
HU;2050;RES Curtailment;1.16568705797;;curtailment
IE;2030;Wind Onshore;25.273456573;Wind;candidate mapping
IE;2035;Wind Onshore;27.4579836113;Wind;candidate mapping
IE;2040;Wind Onshore;14.0089268679;Wind;candidate mapping
IE;2050;Wind Onshore;9.36932093773;Wind;candidate mapping
IE;2030;Wind Offshore Radial;;Wind, offshore;not reported
IE;2035;Wind Offshore Radial;;Wind, offshore;not reported
IE;2040;Wind Offshore Radial;;Wind, offshore;not reported
IE;2050;Wind Offshore Radial;;Wind, offshore;not reported
IE;2030;Wind Offshore Hub;12.1351643023;Wind, offshore;candidate mapping
IE;2035;Wind Offshore Hub;27.2232326698;Wind, offshore;candidate mapping
IE;2040;Wind Offshore Hub;50.2374355396;Wind, offshore;candidate mapping
IE;2050;Wind Offshore Hub;78.4401375194;Wind, offshore;candidate mapping
IE;2030;Solar PV;4.83394376214;Solar;candidate mapping
IE;2035;Solar PV;6.04197257426;Solar;candidate mapping
IE;2040;Solar PV;6.82891083877;Solar;candidate mapping
IE;2050;Solar PV;8.17053310138;Solar;candidate mapping
IE;2030;Solar CSP;;Solar, thermal;not reported
IE;2035;Solar CSP;;Solar, thermal;not reported
IE;2040;Solar CSP;;Solar, thermal;not reported
IE;2050;Solar CSP;;Solar, thermal;not reported
IE;2030;SRES Electricity;;;not reported
IE;2035;SRES Electricity;;;not reported
IE;2040;SRES Electricity;;;not reported
IE;2050;SRES Electricity;;;not reported
IE;2030;Run of River;0.182507653459;Hydro;candidate mapping
IE;2035;Run of River;0.243114703127;Hydro;candidate mapping
IE;2040;Run of River;0.156160870414;Hydro;candidate mapping
IE;2050;Run of River;0.114867102925;Hydro;candidate mapping
IE;2030;Pondage;;Hydro, reservoir;not reported
IE;2035;Pondage;;Hydro, reservoir;not reported
IE;2040;Pondage;;Hydro, reservoir;not reported
IE;2050;Pondage;;Hydro, reservoir;not reported
IE;2030;Reservoir;;Hydro, reservoir;not reported
IE;2035;Reservoir;;Hydro, reservoir;not reported
IE;2040;Reservoir;;Hydro, reservoir;not reported
IE;2050;Reservoir;;Hydro, reservoir;not reported
IE;2030;PS Turbine;2.09381996931;;storage output
IE;2035;PS Turbine;2.10092213629;;storage output
IE;2040;PS Turbine;2.53610532731;;storage output
IE;2050;PS Turbine;2.98162238812;;storage output
IE;2030;Biofuel;;;not reported
IE;2035;Biofuel;;;not reported
IE;2040;Biofuel;;;not reported
IE;2050;Biofuel;;;not reported
IE;2030;Other RES;;;not reported
IE;2035;Other RES;;;not reported
IE;2040;Other RES;0.947268465058;;unresolved LCI mapping
IE;2050;Other RES;0.678541003076;;unresolved LCI mapping
IE;2030;Nuclear;;Nuclear;not reported
IE;2035;Nuclear;;Nuclear;not reported
IE;2040;Nuclear;;Nuclear;not reported
IE;2050;Nuclear;;Nuclear;not reported
IE;2030;Natural Gas;2.58452484464;;unresolved LCI mapping
IE;2035;Natural Gas;0.673914428642;;unresolved LCI mapping
IE;2040;Natural Gas;0.899641664768;;unresolved LCI mapping
IE;2050;Natural Gas;0.207219028164;;unresolved LCI mapping
IE;2030;Crude Oil;0;Oil;candidate mapping
IE;2035;Crude Oil;0;Oil;candidate mapping
IE;2040;Crude Oil;0;Oil;candidate mapping
IE;2050;Crude Oil;0;Oil;candidate mapping
IE;2030;Coal;;;not reported
IE;2035;Coal;;;not reported
IE;2040;Coal;;;not reported
IE;2050;Coal;;;not reported
IE;2030;Hydrogen GT;0;;unresolved LCI mapping
IE;2035;Hydrogen GT;0.397382478688;;unresolved LCI mapping
IE;2040;Hydrogen GT;0.112090897808;;unresolved LCI mapping
IE;2050;Hydrogen GT;0.13546965784;;unresolved LCI mapping
IE;2030;Fuel Cell;;;not reported
IE;2035;Fuel Cell;;;not reported
IE;2040;Fuel Cell;;;not reported
IE;2050;Fuel Cell;;;not reported
IE;2030;Other Non RES;;;not reported
IE;2035;Other Non RES;;;not reported
IE;2040;Other Non RES;;;not reported
IE;2050;Other Non RES;;;not reported
IE;2030;Adequacy Units;;;not reported
IE;2035;Adequacy Units;;;not reported
IE;2040;Adequacy Units;;;not reported
IE;2050;Adequacy Units;;;not reported
IE;2030;ENS;0;;unserved demand
IE;2035;ENS;0;;unserved demand
IE;2040;ENS;0;;unserved demand
IE;2050;ENS;0;;unserved demand
IE;2030;RES Curtailment;28.2227757525;;curtailment
IE;2035;RES Curtailment;29.3899063132;;curtailment
IE;2040;RES Curtailment;73.7377866887;;curtailment
IE;2050;RES Curtailment;144.906518878;;curtailment
IT;2030;Wind Onshore;51.4452414659;Wind;candidate mapping
IT;2035;Wind Onshore;65.467464302;Wind;candidate mapping
IT;2040;Wind Onshore;66.7384556101;Wind;candidate mapping
IT;2050;Wind Onshore;66.9094787181;Wind;candidate mapping
IT;2030;Wind Offshore Radial;5.21046765007;Wind, offshore;candidate mapping
IT;2035;Wind Offshore Radial;16.4424177327;Wind, offshore;candidate mapping
IT;2040;Wind Offshore Radial;33.4112869733;Wind, offshore;candidate mapping
IT;2050;Wind Offshore Radial;31.1947359937;Wind, offshore;candidate mapping
IT;2030;Wind Offshore Hub;;Wind, offshore;not reported
IT;2035;Wind Offshore Hub;;Wind, offshore;not reported
IT;2040;Wind Offshore Hub;;Wind, offshore;not reported
IT;2050;Wind Offshore Hub;;Wind, offshore;not reported
IT;2030;Solar PV;101.502532463;Solar;candidate mapping
IT;2035;Solar PV;132.222613001;Solar;candidate mapping
IT;2040;Solar PV;155.72667932;Solar;candidate mapping
IT;2050;Solar PV;314.237778379;Solar;candidate mapping
IT;2030;Solar CSP;0.0891506519672;Solar, thermal;candidate mapping
IT;2035;Solar CSP;0.095919328616;Solar, thermal;candidate mapping
IT;2040;Solar CSP;0.096618712544;Solar, thermal;candidate mapping
IT;2050;Solar CSP;0.0263716463838;Solar, thermal;candidate mapping
IT;2030;SRES Electricity;;;not reported
IT;2035;SRES Electricity;;;not reported
IT;2040;SRES Electricity;;;not reported
IT;2050;SRES Electricity;;;not reported
IT;2030;Run of River;20.2013024772;Hydro;candidate mapping
IT;2035;Run of River;19.3647019794;Hydro;candidate mapping
IT;2040;Run of River;20.9289108575;Hydro;candidate mapping
IT;2050;Run of River;19.2686041085;Hydro;candidate mapping
IT;2030;Pondage;;Hydro, reservoir;not reported
IT;2035;Pondage;;Hydro, reservoir;not reported
IT;2040;Pondage;;Hydro, reservoir;not reported
IT;2050;Pondage;;Hydro, reservoir;not reported
IT;2030;Reservoir;18.4427096742;Hydro, reservoir;candidate mapping
IT;2035;Reservoir;17.1458784033;Hydro, reservoir;candidate mapping
IT;2040;Reservoir;18.6011743118;Hydro, reservoir;candidate mapping
IT;2050;Reservoir;17.1522611891;Hydro, reservoir;candidate mapping
IT;2030;PS Turbine;12.0418946269;;storage output
IT;2035;PS Turbine;12.8838170964;;storage output
IT;2040;PS Turbine;12.652546744;;storage output
IT;2050;PS Turbine;15.3975963945;;storage output
IT;2030;Biofuel;;;not reported
IT;2035;Biofuel;;;not reported
IT;2040;Biofuel;;;not reported
IT;2050;Biofuel;;;not reported
IT;2030;Other RES;19.5680828171;;unresolved LCI mapping
IT;2035;Other RES;19.6070476346;;unresolved LCI mapping
IT;2040;Other RES;19.6658868342;;unresolved LCI mapping
IT;2050;Other RES;18.2713263461;;unresolved LCI mapping
IT;2030;Nuclear;;Nuclear;not reported
IT;2035;Nuclear;;Nuclear;not reported
IT;2040;Nuclear;;Nuclear;not reported
IT;2050;Nuclear;56.6528690043;Nuclear;candidate mapping
IT;2030;Natural Gas;64.8663862836;;unresolved LCI mapping
IT;2035;Natural Gas;40.772584563;;unresolved LCI mapping
IT;2040;Natural Gas;35.5496491147;;unresolved LCI mapping
IT;2050;Natural Gas;28.9148580415;;unresolved LCI mapping
IT;2030;Crude Oil;0;Oil;candidate mapping
IT;2035;Crude Oil;0;Oil;candidate mapping
IT;2040;Crude Oil;0;Oil;candidate mapping
IT;2050;Crude Oil;;Oil;not reported
IT;2030;Coal;;;not reported
IT;2035;Coal;;;not reported
IT;2040;Coal;;;not reported
IT;2050;Coal;;;not reported
IT;2030;Hydrogen GT;;;not reported
IT;2035;Hydrogen GT;;;not reported
IT;2040;Hydrogen GT;;;not reported
IT;2050;Hydrogen GT;0;;unresolved LCI mapping
IT;2030;Fuel Cell;;;not reported
IT;2035;Fuel Cell;;;not reported
IT;2040;Fuel Cell;;;not reported
IT;2050;Fuel Cell;0.106747664767;;unresolved LCI mapping
IT;2030;Other Non RES;9.26288799828;;unresolved LCI mapping
IT;2035;Other Non RES;4.25491967964;;unresolved LCI mapping
IT;2040;Other Non RES;4.0203648923;;unresolved LCI mapping
IT;2050;Other Non RES;8.87542207909;;unresolved LCI mapping
IT;2030;Adequacy Units;;;not reported
IT;2035;Adequacy Units;;;not reported
IT;2040;Adequacy Units;;;not reported
IT;2050;Adequacy Units;;;not reported
IT;2030;ENS;0;;unserved demand
IT;2035;ENS;0;;unserved demand
IT;2040;ENS;0;;unserved demand
IT;2050;ENS;0;;unserved demand
IT;2030;RES Curtailment;6.69067362223;;curtailment
IT;2035;RES Curtailment;7.35364780812;;curtailment
IT;2040;RES Curtailment;7.99013755248;;curtailment
IT;2050;RES Curtailment;62.0091337983;;curtailment
LT;2030;Wind Onshore;13.4772476949;Wind;candidate mapping
LT;2035;Wind Onshore;15.5984574381;Wind;candidate mapping
LT;2040;Wind Onshore;17.238001358;Wind;candidate mapping
LT;2050;Wind Onshore;29.7442846413;Wind;candidate mapping
LT;2030;Wind Offshore Radial;;Wind, offshore;not reported
LT;2035;Wind Offshore Radial;5.93167380206;Wind, offshore;candidate mapping
LT;2040;Wind Offshore Radial;5.99397395469;Wind, offshore;candidate mapping
LT;2050;Wind Offshore Radial;6.51534791678;Wind, offshore;candidate mapping
LT;2030;Wind Offshore Hub;;Wind, offshore;not reported
LT;2035;Wind Offshore Hub;;Wind, offshore;not reported
LT;2040;Wind Offshore Hub;5.85675606822;Wind, offshore;candidate mapping
LT;2050;Wind Offshore Hub;14.0474433551;Wind, offshore;candidate mapping
LT;2030;Solar PV;3.60461727591;Solar;candidate mapping
LT;2035;Solar PV;4.45152440437;Solar;candidate mapping
LT;2040;Solar PV;6.42827542;Solar;candidate mapping
LT;2050;Solar PV;8.62501145297;Solar;candidate mapping
LT;2030;Solar CSP;;Solar, thermal;not reported
LT;2035;Solar CSP;;Solar, thermal;not reported
LT;2040;Solar CSP;;Solar, thermal;not reported
LT;2050;Solar CSP;;Solar, thermal;not reported
LT;2030;SRES Electricity;;;not reported
LT;2035;SRES Electricity;;;not reported
LT;2040;SRES Electricity;;;not reported
LT;2050;SRES Electricity;;;not reported
LT;2030;Run of River;0.439637494614;Hydro;candidate mapping
LT;2035;Run of River;0.426421486195;Hydro;candidate mapping
LT;2040;Run of River;0.465926616;Hydro;candidate mapping
LT;2050;Run of River;0.385103760181;Hydro;candidate mapping
LT;2030;Pondage;;Hydro, reservoir;not reported
LT;2035;Pondage;;Hydro, reservoir;not reported
LT;2040;Pondage;;Hydro, reservoir;not reported
LT;2050;Pondage;;Hydro, reservoir;not reported
LT;2030;Reservoir;;Hydro, reservoir;not reported
LT;2035;Reservoir;;Hydro, reservoir;not reported
LT;2040;Reservoir;;Hydro, reservoir;not reported
LT;2050;Reservoir;;Hydro, reservoir;not reported
LT;2030;PS Turbine;0.518970785129;;storage output
LT;2035;PS Turbine;1.13497278209;;storage output
LT;2040;PS Turbine;0.741776412392;;storage output
LT;2050;PS Turbine;0.952878625933;;storage output
LT;2030;Biofuel;;;not reported
LT;2035;Biofuel;;;not reported
LT;2040;Biofuel;;;not reported
LT;2050;Biofuel;;;not reported
LT;2030;Other RES;1.83818478835;;unresolved LCI mapping
LT;2035;Other RES;1.73753294583;;unresolved LCI mapping
LT;2040;Other RES;1.8390206535;;unresolved LCI mapping
LT;2050;Other RES;1.83399626421;;unresolved LCI mapping
LT;2030;Nuclear;;Nuclear;not reported
LT;2035;Nuclear;;Nuclear;not reported
LT;2040;Nuclear;7.18461786373;Nuclear;candidate mapping
LT;2050;Nuclear;10.7500700986;Nuclear;candidate mapping
LT;2030;Natural Gas;0.0876652023202;;unresolved LCI mapping
LT;2035;Natural Gas;0.135583318902;;unresolved LCI mapping
LT;2040;Natural Gas;0.2469114661;;unresolved LCI mapping
LT;2050;Natural Gas;0.43525699869;;unresolved LCI mapping
LT;2030;Crude Oil;;Oil;not reported
LT;2035;Crude Oil;;Oil;not reported
LT;2040;Crude Oil;;Oil;not reported
LT;2050;Crude Oil;;Oil;not reported
LT;2030;Coal;;;not reported
LT;2035;Coal;;;not reported
LT;2040;Coal;;;not reported
LT;2050;Coal;;;not reported
LT;2030;Hydrogen GT;;;not reported
LT;2035;Hydrogen GT;;;not reported
LT;2040;Hydrogen GT;;;not reported
LT;2050;Hydrogen GT;;;not reported
LT;2030;Fuel Cell;;;not reported
LT;2035;Fuel Cell;;;not reported
LT;2040;Fuel Cell;;;not reported
LT;2050;Fuel Cell;;;not reported
LT;2030;Other Non RES;0.271664349418;;unresolved LCI mapping
LT;2035;Other Non RES;0.203809151435;;unresolved LCI mapping
LT;2040;Other Non RES;0.235221984766;;unresolved LCI mapping
LT;2050;Other Non RES;0.502348382939;;unresolved LCI mapping
LT;2030;Adequacy Units;;;not reported
LT;2035;Adequacy Units;0.0017708894973;;unresolved LCI mapping
LT;2040;Adequacy Units;;;not reported
LT;2050;Adequacy Units;;;not reported
LT;2030;ENS;0;;unserved demand
LT;2035;ENS;0;;unserved demand
LT;2040;ENS;0;;unserved demand
LT;2050;ENS;0;;unserved demand
LT;2030;RES Curtailment;0.0076464342507;;curtailment
LT;2035;RES Curtailment;0.967329949318;;curtailment
LT;2040;RES Curtailment;0.143705177542;;curtailment
LT;2050;RES Curtailment;0.482736159963;;curtailment
LU;2030;Wind Onshore;0.863854091231;Wind;candidate mapping
LU;2035;Wind Onshore;1.14719746386;Wind;candidate mapping
LU;2040;Wind Onshore;1.09852572111;Wind;candidate mapping
LU;2050;Wind Onshore;1.46305892222;Wind;candidate mapping
LU;2030;Wind Offshore Radial;;Wind, offshore;not reported
LU;2035;Wind Offshore Radial;;Wind, offshore;not reported
LU;2040;Wind Offshore Radial;;Wind, offshore;not reported
LU;2050;Wind Offshore Radial;;Wind, offshore;not reported
LU;2030;Wind Offshore Hub;;Wind, offshore;not reported
LU;2035;Wind Offshore Hub;;Wind, offshore;not reported
LU;2040;Wind Offshore Hub;;Wind, offshore;not reported
LU;2050;Wind Offshore Hub;;Wind, offshore;not reported
LU;2030;Solar PV;0.870024675543;Solar;candidate mapping
LU;2035;Solar PV;1.04057846828;Solar;candidate mapping
LU;2040;Solar PV;1.19952824844;Solar;candidate mapping
LU;2050;Solar PV;1.53918082569;Solar;candidate mapping
LU;2030;Solar CSP;;Solar, thermal;not reported
LU;2035;Solar CSP;;Solar, thermal;not reported
LU;2040;Solar CSP;;Solar, thermal;not reported
LU;2050;Solar CSP;;Solar, thermal;not reported
LU;2030;SRES Electricity;;;not reported
LU;2035;SRES Electricity;;;not reported
LU;2040;SRES Electricity;;;not reported
LU;2050;SRES Electricity;;;not reported
LU;2030;Run of River;0.0894910306;Hydro;candidate mapping
LU;2035;Run of River;0.0976409041338;Hydro;candidate mapping
LU;2040;Run of River;0.067821744;Hydro;candidate mapping
LU;2050;Run of River;0.079571656;Hydro;candidate mapping
LU;2030;Pondage;;Hydro, reservoir;not reported
LU;2035;Pondage;;Hydro, reservoir;not reported
LU;2040;Pondage;;Hydro, reservoir;not reported
LU;2050;Pondage;;Hydro, reservoir;not reported
LU;2030;Reservoir;;Hydro, reservoir;not reported
LU;2035;Reservoir;;Hydro, reservoir;not reported
LU;2040;Reservoir;;Hydro, reservoir;not reported
LU;2050;Reservoir;;Hydro, reservoir;not reported
LU;2030;PS Turbine;1.22164879967;;storage output
LU;2035;PS Turbine;1.20087956181;;storage output
LU;2040;PS Turbine;1.17483859029;;storage output
LU;2050;PS Turbine;1.05267529254;;storage output
LU;2030;Biofuel;;;not reported
LU;2035;Biofuel;;;not reported
LU;2040;Biofuel;;;not reported
LU;2050;Biofuel;;;not reported
LU;2030;Other RES;0.923768111946;;unresolved LCI mapping
LU;2035;Other RES;0.974447727124;;unresolved LCI mapping
LU;2040;Other RES;0.88479287354;;unresolved LCI mapping
LU;2050;Other RES;0.407065345239;;unresolved LCI mapping
LU;2030;Nuclear;;Nuclear;not reported
LU;2035;Nuclear;;Nuclear;not reported
LU;2040;Nuclear;;Nuclear;not reported
LU;2050;Nuclear;;Nuclear;not reported
LU;2030;Natural Gas;;;not reported
LU;2035;Natural Gas;;;not reported
LU;2040;Natural Gas;;;not reported
LU;2050;Natural Gas;;;not reported
LU;2030;Crude Oil;;Oil;not reported
LU;2035;Crude Oil;;Oil;not reported
LU;2040;Crude Oil;;Oil;not reported
LU;2050;Crude Oil;;Oil;not reported
LU;2030;Coal;;;not reported
LU;2035;Coal;;;not reported
LU;2040;Coal;;;not reported
LU;2050;Coal;;;not reported
LU;2030;Hydrogen GT;;;not reported
LU;2035;Hydrogen GT;;;not reported
LU;2040;Hydrogen GT;;;not reported
LU;2050;Hydrogen GT;;;not reported
LU;2030;Fuel Cell;;;not reported
LU;2035;Fuel Cell;;;not reported
LU;2040;Fuel Cell;0.001626;;unresolved LCI mapping
LU;2050;Fuel Cell;0.004395;;unresolved LCI mapping
LU;2030;Other Non RES;0.0270682142262;;unresolved LCI mapping
LU;2035;Other Non RES;;;not reported
LU;2040;Other Non RES;;;not reported
LU;2050;Other Non RES;;;not reported
LU;2030;Adequacy Units;;;not reported
LU;2035;Adequacy Units;;;not reported
LU;2040;Adequacy Units;;;not reported
LU;2050;Adequacy Units;;;not reported
LU;2030;ENS;1.36774575e-05;;unserved demand
LU;2035;ENS;0;;unserved demand
LU;2040;ENS;0;;unserved demand
LU;2050;ENS;0;;unserved demand
LU;2030;RES Curtailment;1.9008073e-06;;curtailment
LU;2035;RES Curtailment;3.46117626e-05;;curtailment
LU;2040;RES Curtailment;3.5588112e-05;;curtailment
LU;2050;RES Curtailment;8.40928087e-05;;curtailment
LV;2030;Wind Onshore;1.622153599;Wind;candidate mapping
LV;2035;Wind Onshore;1.73061139832;Wind;candidate mapping
LV;2040;Wind Onshore;3.2966921212;Wind;candidate mapping
LV;2050;Wind Onshore;3.59748933446;Wind;candidate mapping
LV;2030;Wind Offshore Radial;;Wind, offshore;not reported
LV;2035;Wind Offshore Radial;;Wind, offshore;not reported
LV;2040;Wind Offshore Radial;;Wind, offshore;not reported
LV;2050;Wind Offshore Radial;;Wind, offshore;not reported
LV;2030;Wind Offshore Hub;;Wind, offshore;not reported
LV;2035;Wind Offshore Hub;;Wind, offshore;not reported
LV;2040;Wind Offshore Hub;;Wind, offshore;not reported
LV;2050;Wind Offshore Hub;;Wind, offshore;not reported
LV;2030;Solar PV;1.0637028207;Solar;candidate mapping
LV;2035;Solar PV;1.1045207427;Solar;candidate mapping
LV;2040;Solar PV;1.314115509;Solar;candidate mapping
LV;2050;Solar PV;1.3521544287;Solar;candidate mapping
LV;2030;Solar CSP;0.0465255294;Solar, thermal;candidate mapping
LV;2035;Solar CSP;0.0504197862;Solar, thermal;candidate mapping
LV;2040;Solar CSP;0.03445814;Solar, thermal;candidate mapping
LV;2050;Solar CSP;0.0369238145;Solar, thermal;candidate mapping
LV;2030;SRES Electricity;;;not reported
LV;2035;SRES Electricity;;;not reported
LV;2040;SRES Electricity;;;not reported
LV;2050;SRES Electricity;;;not reported
LV;2030;Run of River;;Hydro;not reported
LV;2035;Run of River;;Hydro;not reported
LV;2040;Run of River;;Hydro;not reported
LV;2050;Run of River;;Hydro;not reported
LV;2030;Pondage;2.78060253814;Hydro, reservoir;candidate mapping
LV;2035;Pondage;3.0951056688;Hydro, reservoir;candidate mapping
LV;2040;Pondage;3.09663459803;Hydro, reservoir;candidate mapping
LV;2050;Pondage;0.2628;Hydro, reservoir;candidate mapping
LV;2030;Reservoir;;Hydro, reservoir;not reported
LV;2035;Reservoir;;Hydro, reservoir;not reported
LV;2040;Reservoir;;Hydro, reservoir;not reported
LV;2050;Reservoir;;Hydro, reservoir;not reported
LV;2030;PS Turbine;;;not reported
LV;2035;PS Turbine;;;not reported
LV;2040;PS Turbine;;;not reported
LV;2050;PS Turbine;;;not reported
LV;2030;Biofuel;;;not reported
LV;2035;Biofuel;;;not reported
LV;2040;Biofuel;;;not reported
LV;2050;Biofuel;;;not reported
LV;2030;Other RES;1.45416;;unresolved LCI mapping
LV;2035;Other RES;1.45416;;unresolved LCI mapping
LV;2040;Other RES;1.49796;;unresolved LCI mapping
LV;2050;Other RES;1.49796;;unresolved LCI mapping
LV;2030;Nuclear;;Nuclear;not reported
LV;2035;Nuclear;;Nuclear;not reported
LV;2040;Nuclear;;Nuclear;not reported
LV;2050;Nuclear;;Nuclear;not reported
LV;2030;Natural Gas;0.417179333642;;unresolved LCI mapping
LV;2035;Natural Gas;0.575951476709;;unresolved LCI mapping
LV;2040;Natural Gas;0.680375769828;;unresolved LCI mapping
LV;2050;Natural Gas;;;not reported
LV;2030;Crude Oil;;Oil;not reported
LV;2035;Crude Oil;;Oil;not reported
LV;2040;Crude Oil;;Oil;not reported
LV;2050;Crude Oil;;Oil;not reported
LV;2030;Coal;;;not reported
LV;2035;Coal;;;not reported
LV;2040;Coal;;;not reported
LV;2050;Coal;;;not reported
LV;2030;Hydrogen GT;;;not reported
LV;2035;Hydrogen GT;;;not reported
LV;2040;Hydrogen GT;;;not reported
LV;2050;Hydrogen GT;;;not reported
LV;2030;Fuel Cell;;;not reported
LV;2035;Fuel Cell;;;not reported
LV;2040;Fuel Cell;;;not reported
LV;2050;Fuel Cell;;;not reported
LV;2030;Other Non RES;;;not reported
LV;2035;Other Non RES;;;not reported
LV;2040;Other Non RES;;;not reported
LV;2050;Other Non RES;;;not reported
LV;2030;Adequacy Units;;;not reported
LV;2035;Adequacy Units;;;not reported
LV;2040;Adequacy Units;;;not reported
LV;2050;Adequacy Units;;;not reported
LV;2030;ENS;0;;unserved demand
LV;2035;ENS;0;;unserved demand
LV;2040;ENS;0;;unserved demand
LV;2050;ENS;0;;unserved demand
LV;2030;RES Curtailment;0;;curtailment
LV;2035;RES Curtailment;0;;curtailment
LV;2040;RES Curtailment;0;;curtailment
LV;2050;RES Curtailment;0;;curtailment
MD;2030;Wind Onshore;1.95350823721;Wind;candidate mapping
MD;2035;Wind Onshore;2.92241595719;Wind;candidate mapping
MD;2040;Wind Onshore;2.7313962768;Wind;candidate mapping
MD;2050;Wind Onshore;2.6872223665;Wind;candidate mapping
MD;2030;Wind Offshore Radial;;Wind, offshore;not reported
MD;2035;Wind Offshore Radial;;Wind, offshore;not reported
MD;2040;Wind Offshore Radial;;Wind, offshore;not reported
MD;2050;Wind Offshore Radial;;Wind, offshore;not reported
MD;2030;Wind Offshore Hub;;Wind, offshore;not reported
MD;2035;Wind Offshore Hub;;Wind, offshore;not reported
MD;2040;Wind Offshore Hub;;Wind, offshore;not reported
MD;2050;Wind Offshore Hub;;Wind, offshore;not reported
MD;2030;Solar PV;;Solar;not reported
MD;2035;Solar PV;;Solar;not reported
MD;2040;Solar PV;;Solar;not reported
MD;2050;Solar PV;;Solar;not reported
MD;2030;Solar CSP;;Solar, thermal;not reported
MD;2035;Solar CSP;;Solar, thermal;not reported
MD;2040;Solar CSP;;Solar, thermal;not reported
MD;2050;Solar CSP;;Solar, thermal;not reported
MD;2030;SRES Electricity;;;not reported
MD;2035;SRES Electricity;;;not reported
MD;2040;SRES Electricity;;;not reported
MD;2050;SRES Electricity;;;not reported
MD;2030;Run of River;0.2705088;Hydro;candidate mapping
MD;2035;Run of River;0.270504421415;Hydro;candidate mapping
MD;2040;Run of River;0.2704569119;Hydro;candidate mapping
MD;2050;Run of River;0.2705088;Hydro;candidate mapping
MD;2030;Pondage;;Hydro, reservoir;not reported
MD;2035;Pondage;;Hydro, reservoir;not reported
MD;2040;Pondage;;Hydro, reservoir;not reported
MD;2050;Pondage;;Hydro, reservoir;not reported
MD;2030;Reservoir;;Hydro, reservoir;not reported
MD;2035;Reservoir;;Hydro, reservoir;not reported
MD;2040;Reservoir;;Hydro, reservoir;not reported
MD;2050;Reservoir;;Hydro, reservoir;not reported
MD;2030;PS Turbine;;;not reported
MD;2035;PS Turbine;;;not reported
MD;2040;PS Turbine;;;not reported
MD;2050;PS Turbine;;;not reported
MD;2030;Biofuel;;;not reported
MD;2035;Biofuel;;;not reported
MD;2040;Biofuel;;;not reported
MD;2050;Biofuel;;;not reported
MD;2030;Other RES;0.0299592;;unresolved LCI mapping
MD;2035;Other RES;0.02995488171;;unresolved LCI mapping
MD;2040;Other RES;0.029948256;;unresolved LCI mapping
MD;2050;Other RES;0.0299592;;unresolved LCI mapping
MD;2030;Nuclear;;Nuclear;not reported
MD;2035;Nuclear;;Nuclear;not reported
MD;2040;Nuclear;;Nuclear;not reported
MD;2050;Nuclear;;Nuclear;not reported
MD;2030;Natural Gas;1.05752057693;;unresolved LCI mapping
MD;2035;Natural Gas;0.439121933584;;unresolved LCI mapping
MD;2040;Natural Gas;0.16135924993;;unresolved LCI mapping
MD;2050;Natural Gas;0.575390458487;;unresolved LCI mapping
MD;2030;Crude Oil;;Oil;not reported
MD;2035;Crude Oil;;Oil;not reported
MD;2040;Crude Oil;;Oil;not reported
MD;2050;Crude Oil;;Oil;not reported
MD;2030;Coal;1.74421991079;;unresolved LCI mapping
MD;2035;Coal;0.0020414591352;;unresolved LCI mapping
MD;2040;Coal;0;;unresolved LCI mapping
MD;2050;Coal;0.00018211985;;unresolved LCI mapping
MD;2030;Hydrogen GT;;;not reported
MD;2035;Hydrogen GT;;;not reported
MD;2040;Hydrogen GT;;;not reported
MD;2050;Hydrogen GT;;;not reported
MD;2030;Fuel Cell;;;not reported
MD;2035;Fuel Cell;;;not reported
MD;2040;Fuel Cell;;;not reported
MD;2050;Fuel Cell;;;not reported
MD;2030;Other Non RES;;;not reported
MD;2035;Other Non RES;;;not reported
MD;2040;Other Non RES;;;not reported
MD;2050;Other Non RES;;;not reported
MD;2030;Adequacy Units;;;not reported
MD;2035;Adequacy Units;;;not reported
MD;2040;Adequacy Units;;;not reported
MD;2050;Adequacy Units;;;not reported
MD;2030;ENS;0;;unserved demand
MD;2035;ENS;0;;unserved demand
MD;2040;ENS;0;;unserved demand
MD;2050;ENS;0;;unserved demand
MD;2030;RES Curtailment;0;;curtailment
MD;2035;RES Curtailment;9.860425e-06;;curtailment
MD;2040;RES Curtailment;5.65101e-05;;curtailment
MD;2050;RES Curtailment;0;;curtailment
ME;2030;Wind Onshore;0.817157173199;Wind;candidate mapping
ME;2035;Wind Onshore;0.940988679183;Wind;candidate mapping
ME;2040;Wind Onshore;0.81847265996;Wind;candidate mapping
ME;2050;Wind Onshore;0.834624879367;Wind;candidate mapping
ME;2030;Wind Offshore Radial;;Wind, offshore;not reported
ME;2035;Wind Offshore Radial;;Wind, offshore;not reported
ME;2040;Wind Offshore Radial;;Wind, offshore;not reported
ME;2050;Wind Offshore Radial;;Wind, offshore;not reported
ME;2030;Wind Offshore Hub;;Wind, offshore;not reported
ME;2035;Wind Offshore Hub;;Wind, offshore;not reported
ME;2040;Wind Offshore Hub;;Wind, offshore;not reported
ME;2050;Wind Offshore Hub;;Wind, offshore;not reported
ME;2030;Solar PV;;Solar;not reported
ME;2035;Solar PV;;Solar;not reported
ME;2040;Solar PV;;Solar;not reported
ME;2050;Solar PV;;Solar;not reported
ME;2030;Solar CSP;;Solar, thermal;not reported
ME;2035;Solar CSP;;Solar, thermal;not reported
ME;2040;Solar CSP;;Solar, thermal;not reported
ME;2050;Solar CSP;;Solar, thermal;not reported
ME;2030;SRES Electricity;;;not reported
ME;2035;SRES Electricity;;;not reported
ME;2040;SRES Electricity;;;not reported
ME;2050;SRES Electricity;;;not reported
ME;2030;Run of River;1.45230472023;Hydro;candidate mapping
ME;2035;Run of River;1.83567831928;Hydro;candidate mapping
ME;2040;Run of River;1.41975810702;Hydro;candidate mapping
ME;2050;Run of River;1.33945292442;Hydro;candidate mapping
ME;2030;Pondage;;Hydro, reservoir;not reported
ME;2035;Pondage;;Hydro, reservoir;not reported
ME;2040;Pondage;;Hydro, reservoir;not reported
ME;2050;Pondage;;Hydro, reservoir;not reported
ME;2030;Reservoir;2.154850992;Hydro, reservoir;candidate mapping
ME;2035;Reservoir;2.9728615296;Hydro, reservoir;candidate mapping
ME;2040;Reservoir;2.25384885556;Hydro, reservoir;candidate mapping
ME;2050;Reservoir;1.87524688176;Hydro, reservoir;candidate mapping
ME;2030;PS Turbine;;;not reported
ME;2035;PS Turbine;;;not reported
ME;2040;PS Turbine;;;not reported
ME;2050;PS Turbine;;;not reported
ME;2030;Biofuel;;;not reported
ME;2035;Biofuel;;;not reported
ME;2040;Biofuel;;;not reported
ME;2050;Biofuel;;;not reported
ME;2030;Other RES;;;not reported
ME;2035;Other RES;;;not reported
ME;2040;Other RES;;;not reported
ME;2050;Other RES;;;not reported
ME;2030;Nuclear;;Nuclear;not reported
ME;2035;Nuclear;;Nuclear;not reported
ME;2040;Nuclear;;Nuclear;not reported
ME;2050;Nuclear;;Nuclear;not reported
ME;2030;Natural Gas;;;not reported
ME;2035;Natural Gas;;;not reported
ME;2040;Natural Gas;;;not reported
ME;2050;Natural Gas;;;not reported
ME;2030;Crude Oil;;Oil;not reported
ME;2035;Crude Oil;;Oil;not reported
ME;2040;Crude Oil;;Oil;not reported
ME;2050;Crude Oil;;Oil;not reported
ME;2030;Coal;0.00060518802;;unresolved LCI mapping
ME;2035;Coal;0;;unresolved LCI mapping
ME;2040;Coal;;;not reported
ME;2050;Coal;;;not reported
ME;2030;Hydrogen GT;;;not reported
ME;2035;Hydrogen GT;;;not reported
ME;2040;Hydrogen GT;;;not reported
ME;2050;Hydrogen GT;;;not reported
ME;2030;Fuel Cell;;;not reported
ME;2035;Fuel Cell;;;not reported
ME;2040;Fuel Cell;;;not reported
ME;2050;Fuel Cell;;;not reported
ME;2030;Other Non RES;;;not reported
ME;2035;Other Non RES;;;not reported
ME;2040;Other Non RES;;;not reported
ME;2050;Other Non RES;;;not reported
ME;2030;Adequacy Units;;;not reported
ME;2035;Adequacy Units;;;not reported
ME;2040;Adequacy Units;;;not reported
ME;2050;Adequacy Units;;;not reported
ME;2030;ENS;0;;unserved demand
ME;2035;ENS;0;;unserved demand
ME;2040;ENS;0;;unserved demand
ME;2050;ENS;0;;unserved demand
ME;2030;RES Curtailment;0.0020191639632;;curtailment
ME;2035;RES Curtailment;0.0039709172154;;curtailment
ME;2040;RES Curtailment;0.00101242948;;curtailment
ME;2050;RES Curtailment;0.000747668931;;curtailment
MK;2030;Wind Onshore;0.267548188735;Wind;candidate mapping
MK;2035;Wind Onshore;0.469159090754;Wind;candidate mapping
MK;2040;Wind Onshore;0.637317988458;Wind;candidate mapping
MK;2050;Wind Onshore;0.6443754401;Wind;candidate mapping
MK;2030;Wind Offshore Radial;;Wind, offshore;not reported
MK;2035;Wind Offshore Radial;;Wind, offshore;not reported
MK;2040;Wind Offshore Radial;;Wind, offshore;not reported
MK;2050;Wind Offshore Radial;;Wind, offshore;not reported
MK;2030;Wind Offshore Hub;;Wind, offshore;not reported
MK;2035;Wind Offshore Hub;;Wind, offshore;not reported
MK;2040;Wind Offshore Hub;;Wind, offshore;not reported
MK;2050;Wind Offshore Hub;;Wind, offshore;not reported
MK;2030;Solar PV;2.33357772055;Solar;candidate mapping
MK;2035;Solar PV;2.98609471443;Solar;candidate mapping
MK;2040;Solar PV;2.90476637939;Solar;candidate mapping
MK;2050;Solar PV;3.05346473933;Solar;candidate mapping
MK;2030;Solar CSP;;Solar, thermal;not reported
MK;2035;Solar CSP;;Solar, thermal;not reported
MK;2040;Solar CSP;;Solar, thermal;not reported
MK;2050;Solar CSP;;Solar, thermal;not reported
MK;2030;SRES Electricity;;;not reported
MK;2035;SRES Electricity;;;not reported
MK;2040;SRES Electricity;;;not reported
MK;2050;SRES Electricity;;;not reported
MK;2030;Run of River;0.0565721156828;Hydro;candidate mapping
MK;2035;Run of River;0.056741109338;Hydro;candidate mapping
MK;2040;Run of River;0.05721797808;Hydro;candidate mapping
MK;2050;Run of River;0.104343655806;Hydro;candidate mapping
MK;2030;Pondage;;Hydro, reservoir;not reported
MK;2035;Pondage;;Hydro, reservoir;not reported
MK;2040;Pondage;;Hydro, reservoir;not reported
MK;2050;Pondage;;Hydro, reservoir;not reported
MK;2030;Reservoir;1.0857715512;Hydro, reservoir;candidate mapping
MK;2035;Reservoir;0.95390075094;Hydro, reservoir;candidate mapping
MK;2040;Reservoir;1.26374021993;Hydro, reservoir;candidate mapping
MK;2050;Reservoir;1.1047906008;Hydro, reservoir;candidate mapping
MK;2030;PS Turbine;;;not reported
MK;2035;PS Turbine;1.24428161682;;storage output
MK;2040;PS Turbine;1.2495478124;;storage output
MK;2050;PS Turbine;1.22777283019;;storage output
MK;2030;Biofuel;;;not reported
MK;2035;Biofuel;;;not reported
MK;2040;Biofuel;;;not reported
MK;2050;Biofuel;;;not reported
MK;2030;Other RES;0.266792316009;;unresolved LCI mapping
MK;2035;Other RES;0.267536481115;;unresolved LCI mapping
MK;2040;Other RES;0.26963431461;;unresolved LCI mapping
MK;2050;Other RES;0.270575489976;;unresolved LCI mapping
MK;2030;Nuclear;;Nuclear;not reported
MK;2035;Nuclear;;Nuclear;not reported
MK;2040;Nuclear;;Nuclear;not reported
MK;2050;Nuclear;;Nuclear;not reported
MK;2030;Natural Gas;1.99946531699;;unresolved LCI mapping
MK;2035;Natural Gas;0.558065196688;;unresolved LCI mapping
MK;2040;Natural Gas;0.219593625978;;unresolved LCI mapping
MK;2050;Natural Gas;0.571704236775;;unresolved LCI mapping
MK;2030;Crude Oil;;Oil;not reported
MK;2035;Crude Oil;;Oil;not reported
MK;2040;Crude Oil;;Oil;not reported
MK;2050;Crude Oil;;Oil;not reported
MK;2030;Coal;0;;unresolved LCI mapping
MK;2035;Coal;;;not reported
MK;2040;Coal;;;not reported
MK;2050;Coal;;;not reported
MK;2030;Hydrogen GT;;;not reported
MK;2035;Hydrogen GT;;;not reported
MK;2040;Hydrogen GT;;;not reported
MK;2050;Hydrogen GT;;;not reported
MK;2030;Fuel Cell;;;not reported
MK;2035;Fuel Cell;;;not reported
MK;2040;Fuel Cell;;;not reported
MK;2050;Fuel Cell;;;not reported
MK;2030;Other Non RES;;;not reported
MK;2035;Other Non RES;;;not reported
MK;2040;Other Non RES;;;not reported
MK;2050;Other Non RES;;;not reported
MK;2030;Adequacy Units;;;not reported
MK;2035;Adequacy Units;;;not reported
MK;2040;Adequacy Units;;;not reported
MK;2050;Adequacy Units;;;not reported
MK;2030;ENS;0;;unserved demand
MK;2035;ENS;0;;unserved demand
MK;2040;ENS;0;;unserved demand
MK;2050;ENS;0;;unserved demand
MK;2030;RES Curtailment;0.0531577025917;;curtailment
MK;2035;RES Curtailment;0.0472429167917;;curtailment
MK;2040;RES Curtailment;0.016908595938;;curtailment
MK;2050;RES Curtailment;0.0060069830406;;curtailment
NI;2030;Wind Onshore;5.70689961762;Wind;candidate mapping
NI;2035;Wind Onshore;6.33535530335;Wind;candidate mapping
NI;2040;Wind Onshore;8.44132643106;Wind;candidate mapping
NI;2050;Wind Onshore;8.611083017;Wind;candidate mapping
NI;2030;Wind Offshore Radial;1.62215448126;Wind, offshore;candidate mapping
NI;2035;Wind Offshore Radial;4.29941023421;Wind, offshore;candidate mapping
NI;2040;Wind Offshore Radial;9.91751276816;Wind, offshore;candidate mapping
NI;2050;Wind Offshore Radial;13.9788276711;Wind, offshore;candidate mapping
NI;2030;Wind Offshore Hub;;Wind, offshore;not reported
NI;2035;Wind Offshore Hub;;Wind, offshore;not reported
NI;2040;Wind Offshore Hub;;Wind, offshore;not reported
NI;2050;Wind Offshore Hub;;Wind, offshore;not reported
NI;2030;Solar PV;0.510369457154;Solar;candidate mapping
NI;2035;Solar PV;0.66995912878;Solar;candidate mapping
NI;2040;Solar PV;1.21810200734;Solar;candidate mapping
NI;2050;Solar PV;1.87837266777;Solar;candidate mapping
NI;2030;Solar CSP;;Solar, thermal;not reported
NI;2035;Solar CSP;;Solar, thermal;not reported
NI;2040;Solar CSP;;Solar, thermal;not reported
NI;2050;Solar CSP;;Solar, thermal;not reported
NI;2030;SRES Electricity;;;not reported
NI;2035;SRES Electricity;;;not reported
NI;2040;SRES Electricity;;;not reported
NI;2050;SRES Electricity;;;not reported
NI;2030;Run of River;;Hydro;not reported
NI;2035;Run of River;;Hydro;not reported
NI;2040;Run of River;;Hydro;not reported
NI;2050;Run of River;;Hydro;not reported
NI;2030;Pondage;;Hydro, reservoir;not reported
NI;2035;Pondage;;Hydro, reservoir;not reported
NI;2040;Pondage;;Hydro, reservoir;not reported
NI;2050;Pondage;;Hydro, reservoir;not reported
NI;2030;Reservoir;;Hydro, reservoir;not reported
NI;2035;Reservoir;;Hydro, reservoir;not reported
NI;2040;Reservoir;;Hydro, reservoir;not reported
NI;2050;Reservoir;;Hydro, reservoir;not reported
NI;2030;PS Turbine;;;not reported
NI;2035;PS Turbine;;;not reported
NI;2040;PS Turbine;;;not reported
NI;2050;PS Turbine;;;not reported
NI;2030;Biofuel;;;not reported
NI;2035;Biofuel;;;not reported
NI;2040;Biofuel;;;not reported
NI;2050;Biofuel;;;not reported
NI;2030;Other RES;;;not reported
NI;2035;Other RES;;;not reported
NI;2040;Other RES;;;not reported
NI;2050;Other RES;;;not reported
NI;2030;Nuclear;;Nuclear;not reported
NI;2035;Nuclear;;Nuclear;not reported
NI;2040;Nuclear;;Nuclear;not reported
NI;2050;Nuclear;;Nuclear;not reported
NI;2030;Natural Gas;2.48913396909;;unresolved LCI mapping
NI;2035;Natural Gas;0.724428110512;;unresolved LCI mapping
NI;2040;Natural Gas;1.01939226625;;unresolved LCI mapping
NI;2050;Natural Gas;0.472909123271;;unresolved LCI mapping
NI;2030;Crude Oil;;Oil;not reported
NI;2035;Crude Oil;;Oil;not reported
NI;2040;Crude Oil;;Oil;not reported
NI;2050;Crude Oil;;Oil;not reported
NI;2030;Coal;;;not reported
NI;2035;Coal;;;not reported
NI;2040;Coal;;;not reported
NI;2050;Coal;;;not reported
NI;2030;Hydrogen GT;0;;unresolved LCI mapping
NI;2035;Hydrogen GT;0;;unresolved LCI mapping
NI;2040;Hydrogen GT;0;;unresolved LCI mapping
NI;2050;Hydrogen GT;0;;unresolved LCI mapping
NI;2030;Fuel Cell;;;not reported
NI;2035;Fuel Cell;;;not reported
NI;2040;Fuel Cell;;;not reported
NI;2050;Fuel Cell;;;not reported
NI;2030;Other Non RES;;;not reported
NI;2035;Other Non RES;;;not reported
NI;2040;Other Non RES;;;not reported
NI;2050;Other Non RES;;;not reported
NI;2030;Adequacy Units;;;not reported
NI;2035;Adequacy Units;;;not reported
NI;2040;Adequacy Units;;;not reported
NI;2050;Adequacy Units;;;not reported
NI;2030;ENS;;;not reported
NI;2035;ENS;;;not reported
NI;2040;ENS;;;not reported
NI;2050;ENS;;;not reported
NI;2030;RES Curtailment;8.24919006008;;curtailment
NI;2035;RES Curtailment;11.0581714608;;curtailment
NI;2040;RES Curtailment;7.54216508723;;curtailment
NI;2050;RES Curtailment;9.1484515096;;curtailment
NL;2030;Wind Onshore;19.9981940865;Wind;candidate mapping
NL;2035;Wind Onshore;22.3594972224;Wind;candidate mapping
NL;2040;Wind Onshore;22.08670352;Wind;candidate mapping
NL;2050;Wind Onshore;34.03142548;Wind;candidate mapping
NL;2030;Wind Offshore Radial;55.3245399159;Wind, offshore;candidate mapping
NL;2035;Wind Offshore Radial;84.5236463736;Wind, offshore;candidate mapping
NL;2040;Wind Offshore Radial;79.4094966006;Wind, offshore;candidate mapping
NL;2050;Wind Offshore Radial;86.0945431164;Wind, offshore;candidate mapping
NL;2030;Wind Offshore Hub;;Wind, offshore;not reported
NL;2035;Wind Offshore Hub;32.4638042492;Wind, offshore;candidate mapping
NL;2040;Wind Offshore Hub;104.61199046;Wind, offshore;candidate mapping
NL;2050;Wind Offshore Hub;200.169107696;Wind, offshore;candidate mapping
NL;2030;Solar PV;48.755537637;Solar;candidate mapping
NL;2035;Solar PV;65.6238042147;Solar;candidate mapping
NL;2040;Solar PV;81.1431377065;Solar;candidate mapping
NL;2050;Solar PV;115.141017574;Solar;candidate mapping
NL;2030;Solar CSP;;Solar, thermal;not reported
NL;2035;Solar CSP;;Solar, thermal;not reported
NL;2040;Solar CSP;;Solar, thermal;not reported
NL;2050;Solar CSP;;Solar, thermal;not reported
NL;2030;SRES Electricity;;;not reported
NL;2035;SRES Electricity;;;not reported
NL;2040;SRES Electricity;;;not reported
NL;2050;SRES Electricity;;;not reported
NL;2030;Run of River;0.1071255386;Hydro;candidate mapping
NL;2035;Run of River;0.1107022728;Hydro;candidate mapping
NL;2040;Run of River;0.09573336;Hydro;candidate mapping
NL;2050;Run of River;0.104146992;Hydro;candidate mapping
NL;2030;Pondage;;Hydro, reservoir;not reported
NL;2035;Pondage;;Hydro, reservoir;not reported
NL;2040;Pondage;;Hydro, reservoir;not reported
NL;2050;Pondage;;Hydro, reservoir;not reported
NL;2030;Reservoir;;Hydro, reservoir;not reported
NL;2035;Reservoir;;Hydro, reservoir;not reported
NL;2040;Reservoir;;Hydro, reservoir;not reported
NL;2050;Reservoir;;Hydro, reservoir;not reported
NL;2030;PS Turbine;;;not reported
NL;2035;PS Turbine;;;not reported
NL;2040;PS Turbine;;;not reported
NL;2050;PS Turbine;;;not reported
NL;2030;Biofuel;13.6981133843;;unresolved LCI mapping
NL;2035;Biofuel;12.7695669478;;unresolved LCI mapping
NL;2040;Biofuel;13.4933075572;;unresolved LCI mapping
NL;2050;Biofuel;10.1000352656;;unresolved LCI mapping
NL;2030;Other RES;9.0048821445;;unresolved LCI mapping
NL;2035;Other RES;8.73195894546;;unresolved LCI mapping
NL;2040;Other RES;6.5836218;;unresolved LCI mapping
NL;2050;Other RES;1.5768;;unresolved LCI mapping
NL;2030;Nuclear;3.21057876794;Nuclear;candidate mapping
NL;2035;Nuclear;3.05291019763;Nuclear;candidate mapping
NL;2040;Nuclear;23.8878577446;Nuclear;candidate mapping
NL;2050;Nuclear;50.0469887527;Nuclear;candidate mapping
NL;2030;Natural Gas;16.8932362168;;unresolved LCI mapping
NL;2035;Natural Gas;9.54762426063;;unresolved LCI mapping
NL;2040;Natural Gas;1.03662717467;;unresolved LCI mapping
NL;2050;Natural Gas;0.051925513638;;unresolved LCI mapping
NL;2030;Crude Oil;;Oil;not reported
NL;2035;Crude Oil;;Oil;not reported
NL;2040;Crude Oil;;Oil;not reported
NL;2050;Crude Oil;;Oil;not reported
NL;2030;Coal;;;not reported
NL;2035;Coal;;;not reported
NL;2040;Coal;;;not reported
NL;2050;Coal;;;not reported
NL;2030;Hydrogen GT;0.243460687703;;unresolved LCI mapping
NL;2035;Hydrogen GT;0.498513044581;;unresolved LCI mapping
NL;2040;Hydrogen GT;5.46879182939;;unresolved LCI mapping
NL;2050;Hydrogen GT;2.86625904244;;unresolved LCI mapping
NL;2030;Fuel Cell;;;not reported
NL;2035;Fuel Cell;;;not reported
NL;2040;Fuel Cell;;;not reported
NL;2050;Fuel Cell;;;not reported
NL;2030;Other Non RES;3.72807691622;;unresolved LCI mapping
NL;2035;Other Non RES;1.43558624922;;unresolved LCI mapping
NL;2040;Other Non RES;1.51868035367;;unresolved LCI mapping
NL;2050;Other Non RES;0.430730123992;;unresolved LCI mapping
NL;2030;Adequacy Units;;;not reported
NL;2035;Adequacy Units;;;not reported
NL;2040;Adequacy Units;0.03863311188;;unresolved LCI mapping
NL;2050;Adequacy Units;;;not reported
NL;2030;ENS;0;;unserved demand
NL;2035;ENS;0;;unserved demand
NL;2040;ENS;0;;unserved demand
NL;2050;ENS;0;;unserved demand
NL;2030;RES Curtailment;1.66135377291;;curtailment
NL;2035;RES Curtailment;8.28082488733;;curtailment
NL;2040;RES Curtailment;8.89358006431;;curtailment
NL;2050;RES Curtailment;6.08394073127;;curtailment
NO;2030;Wind Onshore;15.856711723;Wind;candidate mapping
NO;2035;Wind Onshore;18.1385959618;Wind;candidate mapping
NO;2040;Wind Onshore;19.2056343986;Wind;candidate mapping
NO;2050;Wind Onshore;25.0095224578;Wind;candidate mapping
NO;2030;Wind Offshore Radial;;Wind, offshore;not reported
NO;2035;Wind Offshore Radial;8.01648084634;Wind, offshore;candidate mapping
NO;2040;Wind Offshore Radial;9.76705484871;Wind, offshore;candidate mapping
NO;2050;Wind Offshore Radial;18.8624299966;Wind, offshore;candidate mapping
NO;2030;Wind Offshore Hub;;Wind, offshore;not reported
NO;2035;Wind Offshore Hub;6.35802567393;Wind, offshore;candidate mapping
NO;2040;Wind Offshore Hub;6.16668338031;Wind, offshore;candidate mapping
NO;2050;Wind Offshore Hub;6.79515094885;Wind, offshore;candidate mapping
NO;2030;Solar PV;;Solar;not reported
NO;2035;Solar PV;;Solar;not reported
NO;2040;Solar PV;;Solar;not reported
NO;2050;Solar PV;;Solar;not reported
NO;2030;Solar CSP;;Solar, thermal;not reported
NO;2035;Solar CSP;;Solar, thermal;not reported
NO;2040;Solar CSP;;Solar, thermal;not reported
NO;2050;Solar CSP;;Solar, thermal;not reported
NO;2030;SRES Electricity;;;not reported
NO;2035;SRES Electricity;;;not reported
NO;2040;SRES Electricity;;;not reported
NO;2050;SRES Electricity;;;not reported
NO;2030;Run of River;29.5694735141;Hydro;candidate mapping
NO;2035;Run of River;66.4072462409;Hydro;candidate mapping
NO;2040;Run of River;65.6850136236;Hydro;candidate mapping
NO;2050;Run of River;69.4205665962;Hydro;candidate mapping
NO;2030;Pondage;;Hydro, reservoir;not reported
NO;2035;Pondage;;Hydro, reservoir;not reported
NO;2040;Pondage;;Hydro, reservoir;not reported
NO;2050;Pondage;;Hydro, reservoir;not reported
NO;2030;Reservoir;120.017613278;Hydro, reservoir;candidate mapping
NO;2035;Reservoir;111.758009303;Hydro, reservoir;candidate mapping
NO;2040;Reservoir;118.839329883;Hydro, reservoir;candidate mapping
NO;2050;Reservoir;124.325707167;Hydro, reservoir;candidate mapping
NO;2030;PS Turbine;3.72043024682;;storage output
NO;2035;PS Turbine;3.7646132839;;storage output
NO;2040;PS Turbine;4.08075152076;;storage output
NO;2050;PS Turbine;4.17321649202;;storage output
NO;2030;Biofuel;;;not reported
NO;2035;Biofuel;;;not reported
NO;2040;Biofuel;;;not reported
NO;2050;Biofuel;;;not reported
NO;2030;Other RES;;;not reported
NO;2035;Other RES;;;not reported
NO;2040;Other RES;;;not reported
NO;2050;Other RES;;;not reported
NO;2030;Nuclear;;Nuclear;not reported
NO;2035;Nuclear;;Nuclear;not reported
NO;2040;Nuclear;;Nuclear;not reported
NO;2050;Nuclear;;Nuclear;not reported
NO;2030;Natural Gas;0;;unresolved LCI mapping
NO;2035;Natural Gas;0.0025069584;;unresolved LCI mapping
NO;2040;Natural Gas;0.00481991482;;unresolved LCI mapping
NO;2050;Natural Gas;0.0008596744;;unresolved LCI mapping
NO;2030;Crude Oil;;Oil;not reported
NO;2035;Crude Oil;;Oil;not reported
NO;2040;Crude Oil;;Oil;not reported
NO;2050;Crude Oil;;Oil;not reported
NO;2030;Coal;;;not reported
NO;2035;Coal;;;not reported
NO;2040;Coal;;;not reported
NO;2050;Coal;;;not reported
NO;2030;Hydrogen GT;;;not reported
NO;2035;Hydrogen GT;;;not reported
NO;2040;Hydrogen GT;;;not reported
NO;2050;Hydrogen GT;;;not reported
NO;2030;Fuel Cell;;;not reported
NO;2035;Fuel Cell;;;not reported
NO;2040;Fuel Cell;;;not reported
NO;2050;Fuel Cell;;;not reported
NO;2030;Other Non RES;;;not reported
NO;2035;Other Non RES;;;not reported
NO;2040;Other Non RES;;;not reported
NO;2050;Other Non RES;;;not reported
NO;2030;Adequacy Units;;;not reported
NO;2035;Adequacy Units;;;not reported
NO;2040;Adequacy Units;;;not reported
NO;2050;Adequacy Units;;;not reported
NO;2030;ENS;0;;unserved demand
NO;2035;ENS;0;;unserved demand
NO;2040;ENS;0;;unserved demand
NO;2050;ENS;0;;unserved demand
NO;2030;RES Curtailment;0.009752901189;;curtailment
NO;2035;RES Curtailment;2.3232313849;;curtailment
NO;2040;RES Curtailment;2.73796108349;;curtailment
NO;2050;RES Curtailment;2.70585317204;;curtailment
PL;2030;Wind Onshore;62.3998479342;Wind;candidate mapping
PL;2035;Wind Onshore;70.0937295495;Wind;candidate mapping
PL;2040;Wind Onshore;69.7599866946;Wind;candidate mapping
PL;2050;Wind Onshore;97.0640933469;Wind;candidate mapping
PL;2030;Wind Offshore Radial;26.7603167884;Wind, offshore;candidate mapping
PL;2035;Wind Offshore Radial;46.6063604556;Wind, offshore;candidate mapping
PL;2040;Wind Offshore Radial;61.4617687569;Wind, offshore;candidate mapping
PL;2050;Wind Offshore Radial;86.6797952557;Wind, offshore;candidate mapping
PL;2030;Wind Offshore Hub;;Wind, offshore;not reported
PL;2035;Wind Offshore Hub;;Wind, offshore;not reported
PL;2040;Wind Offshore Hub;;Wind, offshore;not reported
PL;2050;Wind Offshore Hub;;Wind, offshore;not reported
PL;2030;Solar PV;26.8879259377;Solar;candidate mapping
PL;2035;Solar PV;35.4833000085;Solar;candidate mapping
PL;2040;Solar PV;41.2686438968;Solar;candidate mapping
PL;2050;Solar PV;50.3793256121;Solar;candidate mapping
PL;2030;Solar CSP;;Solar, thermal;not reported
PL;2035;Solar CSP;;Solar, thermal;not reported
PL;2040;Solar CSP;;Solar, thermal;not reported
PL;2050;Solar CSP;;Solar, thermal;not reported
PL;2030;SRES Electricity;;;not reported
PL;2035;SRES Electricity;;;not reported
PL;2040;SRES Electricity;;;not reported
PL;2050;SRES Electricity;;;not reported
PL;2030;Run of River;1.63442000392;Hydro;candidate mapping
PL;2035;Run of River;1.52565389116;Hydro;candidate mapping
PL;2040;Run of River;1.1913702208;Hydro;candidate mapping
PL;2050;Run of River;0.95206172769;Hydro;candidate mapping
PL;2030;Pondage;;Hydro, reservoir;not reported
PL;2035;Pondage;;Hydro, reservoir;not reported
PL;2040;Pondage;;Hydro, reservoir;not reported
PL;2050;Pondage;;Hydro, reservoir;not reported
PL;2030;Reservoir;0.163150937964;Hydro, reservoir;candidate mapping
PL;2035;Reservoir;0.170132643;Hydro, reservoir;candidate mapping
PL;2040;Reservoir;0.135450653856;Hydro, reservoir;candidate mapping
PL;2050;Reservoir;0.1267781553;Hydro, reservoir;candidate mapping
PL;2030;PS Turbine;1.23120593942;;storage output
PL;2035;PS Turbine;3.17223466638;;storage output
PL;2040;PS Turbine;9.29232617532;;storage output
PL;2050;PS Turbine;14.175375485;;storage output
PL;2030;Biofuel;0.225449404297;;unresolved LCI mapping
PL;2035;Biofuel;0.128299376555;;unresolved LCI mapping
PL;2040;Biofuel;;;not reported
PL;2050;Biofuel;;;not reported
PL;2030;Other RES;5.3283426207;;unresolved LCI mapping
PL;2035;Other RES;5.2079494432;;unresolved LCI mapping
PL;2040;Other RES;5.07385229039;;unresolved LCI mapping
PL;2050;Other RES;5.49186081945;;unresolved LCI mapping
PL;2030;Nuclear;;Nuclear;not reported
PL;2035;Nuclear;3.1686866394;Nuclear;candidate mapping
PL;2040;Nuclear;49.5449029035;Nuclear;candidate mapping
PL;2050;Nuclear;76.0170042967;Nuclear;candidate mapping
PL;2030;Natural Gas;23.0224719671;;unresolved LCI mapping
PL;2035;Natural Gas;10.9713522588;;unresolved LCI mapping
PL;2040;Natural Gas;6.39565055855;;unresolved LCI mapping
PL;2050;Natural Gas;1.8220636499;;unresolved LCI mapping
PL;2030;Crude Oil;;Oil;not reported
PL;2035;Crude Oil;;Oil;not reported
PL;2040;Crude Oil;;Oil;not reported
PL;2050;Crude Oil;;Oil;not reported
PL;2030;Coal;0.46151154286;;unresolved LCI mapping
PL;2035;Coal;0.76193099231;;unresolved LCI mapping
PL;2040;Coal;0.313872106486;;unresolved LCI mapping
PL;2050;Coal;;;not reported
PL;2030;Hydrogen GT;;;not reported
PL;2035;Hydrogen GT;;;not reported
PL;2040;Hydrogen GT;;;not reported
PL;2050;Hydrogen GT;;;not reported
PL;2030;Fuel Cell;;;not reported
PL;2035;Fuel Cell;;;not reported
PL;2040;Fuel Cell;;;not reported
PL;2050;Fuel Cell;;;not reported
PL;2030;Other Non RES;6.53997460209;;unresolved LCI mapping
PL;2035;Other Non RES;3.13583251644;;unresolved LCI mapping
PL;2040;Other Non RES;2.01649296069;;unresolved LCI mapping
PL;2050;Other Non RES;2.63400105544;;unresolved LCI mapping
PL;2030;Adequacy Units;;;not reported
PL;2035;Adequacy Units;0.0162608601342;;unresolved LCI mapping
PL;2040;Adequacy Units;;;not reported
PL;2050;Adequacy Units;;;not reported
PL;2030;ENS;0;;unserved demand
PL;2035;ENS;0;;unserved demand
PL;2040;ENS;0;;unserved demand
PL;2050;ENS;0;;unserved demand
PL;2030;RES Curtailment;1.81674797483;;curtailment
PL;2035;RES Curtailment;9.3839585542;;curtailment
PL;2040;RES Curtailment;18.3993468162;;curtailment
PL;2050;RES Curtailment;39.269632421;;curtailment
PT;2030;Wind Onshore;25.865286325;Wind;candidate mapping
PT;2035;Wind Onshore;29.6297335635;Wind;candidate mapping
PT;2040;Wind Onshore;33.9321386733;Wind;candidate mapping
PT;2050;Wind Onshore;28.1991726272;Wind;candidate mapping
PT;2030;Wind Offshore Radial;2.03637349852;Wind, offshore;candidate mapping
PT;2035;Wind Offshore Radial;2.44100448862;Wind, offshore;candidate mapping
PT;2040;Wind Offshore Radial;2.14694509541;Wind, offshore;candidate mapping
PT;2050;Wind Offshore Radial;2.37373112328;Wind, offshore;candidate mapping
PT;2030;Wind Offshore Hub;;Wind, offshore;not reported
PT;2035;Wind Offshore Hub;;Wind, offshore;not reported
PT;2040;Wind Offshore Hub;;Wind, offshore;not reported
PT;2050;Wind Offshore Hub;;Wind, offshore;not reported
PT;2030;Solar PV;20.3109797029;Solar;candidate mapping
PT;2035;Solar PV;29.3762809794;Solar;candidate mapping
PT;2040;Solar PV;33.1802014841;Solar;candidate mapping
PT;2050;Solar PV;37.7264074964;Solar;candidate mapping
PT;2030;Solar CSP;;Solar, thermal;not reported
PT;2035;Solar CSP;;Solar, thermal;not reported
PT;2040;Solar CSP;;Solar, thermal;not reported
PT;2050;Solar CSP;;Solar, thermal;not reported
PT;2030;SRES Electricity;0.053989727239;;unresolved LCI mapping
PT;2035;SRES Electricity;0.0884814218293;;unresolved LCI mapping
PT;2040;SRES Electricity;0.207013142258;;unresolved LCI mapping
PT;2050;SRES Electricity;0.37476223327;;unresolved LCI mapping
PT;2030;Run of River;1.18171375307;Hydro;candidate mapping
PT;2035;Run of River;1.11939686312;Hydro;candidate mapping
PT;2040;Run of River;0.980434889862;Hydro;candidate mapping
PT;2050;Run of River;0.899271554724;Hydro;candidate mapping
PT;2030;Pondage;0.436778544;Hydro, reservoir;candidate mapping
PT;2035;Pondage;0.49384502281;Hydro, reservoir;candidate mapping
PT;2040;Pondage;0.549213863164;Hydro, reservoir;candidate mapping
PT;2050;Pondage;0.476022518718;Hydro, reservoir;candidate mapping
PT;2030;Reservoir;6.3436047936;Hydro, reservoir;candidate mapping
PT;2035;Reservoir;5.90880025716;Hydro, reservoir;candidate mapping
PT;2040;Reservoir;7.53474204717;Hydro, reservoir;candidate mapping
PT;2050;Reservoir;5.89507333017;Hydro, reservoir;candidate mapping
PT;2030;PS Turbine;8.21946434265;;storage output
PT;2035;PS Turbine;11.2244409924;;storage output
PT;2040;PS Turbine;12.0597426814;;storage output
PT;2050;PS Turbine;9.93943441854;;storage output
PT;2030;Biofuel;;;not reported
PT;2035;Biofuel;;;not reported
PT;2040;Biofuel;;;not reported
PT;2050;Biofuel;;;not reported
PT;2030;Other RES;7.30778275701;;unresolved LCI mapping
PT;2035;Other RES;7.60628439631;;unresolved LCI mapping
PT;2040;Other RES;7.70244943786;;unresolved LCI mapping
PT;2050;Other RES;7.98160959607;;unresolved LCI mapping
PT;2030;Nuclear;;Nuclear;not reported
PT;2035;Nuclear;;Nuclear;not reported
PT;2040;Nuclear;;Nuclear;not reported
PT;2050;Nuclear;;Nuclear;not reported
PT;2030;Natural Gas;1.24581429321;;unresolved LCI mapping
PT;2035;Natural Gas;0.448815942151;;unresolved LCI mapping
PT;2040;Natural Gas;0.331808783014;;unresolved LCI mapping
PT;2050;Natural Gas;;;not reported
PT;2030;Crude Oil;;Oil;not reported
PT;2035;Crude Oil;;Oil;not reported
PT;2040;Crude Oil;;Oil;not reported
PT;2050;Crude Oil;;Oil;not reported
PT;2030;Coal;;;not reported
PT;2035;Coal;;;not reported
PT;2040;Coal;;;not reported
PT;2050;Coal;;;not reported
PT;2030;Hydrogen GT;;;not reported
PT;2035;Hydrogen GT;;;not reported
PT;2040;Hydrogen GT;;;not reported
PT;2050;Hydrogen GT;;;not reported
PT;2030;Fuel Cell;;;not reported
PT;2035;Fuel Cell;;;not reported
PT;2040;Fuel Cell;;;not reported
PT;2050;Fuel Cell;;;not reported
PT;2030;Other Non RES;1.60256797899;;unresolved LCI mapping
PT;2035;Other Non RES;0.315170580826;;unresolved LCI mapping
PT;2040;Other Non RES;0.14477590026;;unresolved LCI mapping
PT;2050;Other Non RES;;;not reported
PT;2030;Adequacy Units;;;not reported
PT;2035;Adequacy Units;;;not reported
PT;2040;Adequacy Units;;;not reported
PT;2050;Adequacy Units;;;not reported
PT;2030;ENS;0;;unserved demand
PT;2035;ENS;0;;unserved demand
PT;2040;ENS;0;;unserved demand
PT;2050;ENS;0;;unserved demand
PT;2030;RES Curtailment;0.115889733089;;curtailment
PT;2035;RES Curtailment;0.798509814221;;curtailment
PT;2040;RES Curtailment;1.9223748936;;curtailment
PT;2050;RES Curtailment;0.194696709206;;curtailment
RO;2030;Wind Onshore;21.6595624946;Wind;candidate mapping
RO;2035;Wind Onshore;24.7539152139;Wind;candidate mapping
RO;2040;Wind Onshore;30.5044613318;Wind;candidate mapping
RO;2050;Wind Onshore;56.0049786214;Wind;candidate mapping
RO;2030;Wind Offshore Radial;;Wind, offshore;not reported
RO;2035;Wind Offshore Radial;4.45195263596;Wind, offshore;candidate mapping
RO;2040;Wind Offshore Radial;8.09765363556;Wind, offshore;candidate mapping
RO;2050;Wind Offshore Radial;7.25734465006;Wind, offshore;candidate mapping
RO;2030;Wind Offshore Hub;;Wind, offshore;not reported
RO;2035;Wind Offshore Hub;;Wind, offshore;not reported
RO;2040;Wind Offshore Hub;;Wind, offshore;not reported
RO;2050;Wind Offshore Hub;;Wind, offshore;not reported
RO;2030;Solar PV;14.5939837683;Solar;candidate mapping
RO;2035;Solar PV;17.1958776255;Solar;candidate mapping
RO;2040;Solar PV;24.6352859349;Solar;candidate mapping
RO;2050;Solar PV;36.723091412;Solar;candidate mapping
RO;2030;Solar CSP;;Solar, thermal;not reported
RO;2035;Solar CSP;;Solar, thermal;not reported
RO;2040;Solar CSP;;Solar, thermal;not reported
RO;2050;Solar CSP;;Solar, thermal;not reported
RO;2030;SRES Electricity;;;not reported
RO;2035;SRES Electricity;;;not reported
RO;2040;SRES Electricity;;;not reported
RO;2050;SRES Electricity;;;not reported
RO;2030;Run of River;12.4279682182;Hydro;candidate mapping
RO;2035;Run of River;13.6170265084;Hydro;candidate mapping
RO;2040;Run of River;12.4213100144;Hydro;candidate mapping
RO;2050;Run of River;10.130253256;Hydro;candidate mapping
RO;2030;Pondage;;Hydro, reservoir;not reported
RO;2035;Pondage;;Hydro, reservoir;not reported
RO;2040;Pondage;;Hydro, reservoir;not reported
RO;2050;Pondage;;Hydro, reservoir;not reported
RO;2030;Reservoir;4.2123231072;Hydro, reservoir;candidate mapping
RO;2035;Reservoir;5.3816241336;Hydro, reservoir;candidate mapping
RO;2040;Reservoir;4.66513413551;Hydro, reservoir;candidate mapping
RO;2050;Reservoir;4.10036868765;Hydro, reservoir;candidate mapping
RO;2030;PS Turbine;;;not reported
RO;2035;PS Turbine;1.44314551895;;storage output
RO;2040;PS Turbine;1.62796093922;;storage output
RO;2050;PS Turbine;1.81144489528;;storage output
RO;2030;Biofuel;;;not reported
RO;2035;Biofuel;;;not reported
RO;2040;Biofuel;;;not reported
RO;2050;Biofuel;;;not reported
RO;2030;Other RES;0.804620846679;;unresolved LCI mapping
RO;2035;Other RES;1.07292018404;;unresolved LCI mapping
RO;2040;Other RES;1.59778031025;;unresolved LCI mapping
RO;2050;Other RES;2.49458987499;;unresolved LCI mapping
RO;2030;Nuclear;9.7949476415;Nuclear;candidate mapping
RO;2035;Nuclear;21.8297362754;Nuclear;candidate mapping
RO;2040;Nuclear;20.8810542611;Nuclear;candidate mapping
RO;2050;Nuclear;18.4246595118;Nuclear;candidate mapping
RO;2030;Natural Gas;7.67943546782;;unresolved LCI mapping
RO;2035;Natural Gas;2.61534195709;;unresolved LCI mapping
RO;2040;Natural Gas;1.55937564564;;unresolved LCI mapping
RO;2050;Natural Gas;2.02810038523;;unresolved LCI mapping
RO;2030;Crude Oil;;Oil;not reported
RO;2035;Crude Oil;;Oil;not reported
RO;2040;Crude Oil;;Oil;not reported
RO;2050;Crude Oil;;Oil;not reported
RO;2030;Coal;0;;unresolved LCI mapping
RO;2035;Coal;;;not reported
RO;2040;Coal;;;not reported
RO;2050;Coal;;;not reported
RO;2030;Hydrogen GT;;;not reported
RO;2035;Hydrogen GT;;;not reported
RO;2040;Hydrogen GT;;;not reported
RO;2050;Hydrogen GT;;;not reported
RO;2030;Fuel Cell;;;not reported
RO;2035;Fuel Cell;;;not reported
RO;2040;Fuel Cell;;;not reported
RO;2050;Fuel Cell;;;not reported
RO;2030;Other Non RES;;;not reported
RO;2035;Other Non RES;;;not reported
RO;2040;Other Non RES;;;not reported
RO;2050;Other Non RES;;;not reported
RO;2030;Adequacy Units;;;not reported
RO;2035;Adequacy Units;;;not reported
RO;2040;Adequacy Units;;;not reported
RO;2050;Adequacy Units;;;not reported
RO;2030;ENS;0;;unserved demand
RO;2035;ENS;0;;unserved demand
RO;2040;ENS;0;;unserved demand
RO;2050;ENS;0;;unserved demand
RO;2030;RES Curtailment;0.904673670693;;curtailment
RO;2035;RES Curtailment;1.11742323159;;curtailment
RO;2040;RES Curtailment;1.98980373349;;curtailment
RO;2050;RES Curtailment;8.90051537852;;curtailment
RS;2030;Wind Onshore;14.5461828451;Wind;candidate mapping
RS;2035;Wind Onshore;16.0138203515;Wind;candidate mapping
RS;2040;Wind Onshore;14.6803495794;Wind;candidate mapping
RS;2050;Wind Onshore;14.7414522221;Wind;candidate mapping
RS;2030;Wind Offshore Radial;;Wind, offshore;not reported
RS;2035;Wind Offshore Radial;;Wind, offshore;not reported
RS;2040;Wind Offshore Radial;;Wind, offshore;not reported
RS;2050;Wind Offshore Radial;;Wind, offshore;not reported
RS;2030;Wind Offshore Hub;;Wind, offshore;not reported
RS;2035;Wind Offshore Hub;;Wind, offshore;not reported
RS;2040;Wind Offshore Hub;;Wind, offshore;not reported
RS;2050;Wind Offshore Hub;;Wind, offshore;not reported
RS;2030;Solar PV;6.06576573288;Solar;candidate mapping
RS;2035;Solar PV;6.13901118674;Solar;candidate mapping
RS;2040;Solar PV;6.07390401551;Solar;candidate mapping
RS;2050;Solar PV;6.30286006291;Solar;candidate mapping
RS;2030;Solar CSP;;Solar, thermal;not reported
RS;2035;Solar CSP;;Solar, thermal;not reported
RS;2040;Solar CSP;;Solar, thermal;not reported
RS;2050;Solar CSP;;Solar, thermal;not reported
RS;2030;SRES Electricity;;;not reported
RS;2035;SRES Electricity;;;not reported
RS;2040;SRES Electricity;;;not reported
RS;2050;SRES Electricity;;;not reported
RS;2030;Run of River;8.14400307558;Hydro;candidate mapping
RS;2035;Run of River;8.60930956173;Hydro;candidate mapping
RS;2040;Run of River;7.84084490415;Hydro;candidate mapping
RS;2050;Run of River;7.81384934606;Hydro;candidate mapping
RS;2030;Pondage;;Hydro, reservoir;not reported
RS;2035;Pondage;;Hydro, reservoir;not reported
RS;2040;Pondage;;Hydro, reservoir;not reported
RS;2050;Pondage;;Hydro, reservoir;not reported
RS;2030;Reservoir;1.2316329648;Hydro, reservoir;candidate mapping
RS;2035;Reservoir;1.2187913112;Hydro, reservoir;candidate mapping
RS;2040;Reservoir;0.992801633496;Hydro, reservoir;candidate mapping
RS;2050;Reservoir;1.04167666979;Hydro, reservoir;candidate mapping
RS;2030;PS Turbine;1.22963353471;;storage output
RS;2035;PS Turbine;2.82136062778;;storage output
RS;2040;PS Turbine;2.72064512446;;storage output
RS;2050;PS Turbine;2.68831079862;;storage output
RS;2030;Biofuel;;;not reported
RS;2035;Biofuel;;;not reported
RS;2040;Biofuel;;;not reported
RS;2050;Biofuel;;;not reported
RS;2030;Other RES;0.1910339595;;unresolved LCI mapping
RS;2035;Other RES;0.191029658673;;unresolved LCI mapping
RS;2040;Other RES;0.19230857;;unresolved LCI mapping
RS;2050;Other RES;0.192216766076;;unresolved LCI mapping
RS;2030;Nuclear;;Nuclear;not reported
RS;2035;Nuclear;;Nuclear;not reported
RS;2040;Nuclear;;Nuclear;not reported
RS;2050;Nuclear;;Nuclear;not reported
RS;2030;Natural Gas;1.71810192101;;unresolved LCI mapping
RS;2035;Natural Gas;0.739199657446;;unresolved LCI mapping
RS;2040;Natural Gas;0.428343510454;;unresolved LCI mapping
RS;2050;Natural Gas;0.570464397763;;unresolved LCI mapping
RS;2030;Crude Oil;;Oil;not reported
RS;2035;Crude Oil;;Oil;not reported
RS;2040;Crude Oil;;Oil;not reported
RS;2050;Crude Oil;;Oil;not reported
RS;2030;Coal;15.5876219498;;unresolved LCI mapping
RS;2035;Coal;0.317880429435;;unresolved LCI mapping
RS;2040;Coal;0.0012078;;unresolved LCI mapping
RS;2050;Coal;0;;unresolved LCI mapping
RS;2030;Hydrogen GT;;;not reported
RS;2035;Hydrogen GT;;;not reported
RS;2040;Hydrogen GT;;;not reported
RS;2050;Hydrogen GT;;;not reported
RS;2030;Fuel Cell;;;not reported
RS;2035;Fuel Cell;;;not reported
RS;2040;Fuel Cell;;;not reported
RS;2050;Fuel Cell;;;not reported
RS;2030;Other Non RES;;;not reported
RS;2035;Other Non RES;;;not reported
RS;2040;Other Non RES;;;not reported
RS;2050;Other Non RES;;;not reported
RS;2030;Adequacy Units;;;not reported
RS;2035;Adequacy Units;;;not reported
RS;2040;Adequacy Units;;;not reported
RS;2050;Adequacy Units;;;not reported
RS;2030;ENS;0;;unserved demand
RS;2035;ENS;0;;unserved demand
RS;2040;ENS;0;;unserved demand
RS;2050;ENS;0;;unserved demand
RS;2030;RES Curtailment;0.0882739646561;;curtailment
RS;2035;RES Curtailment;0.0883238881482;;curtailment
RS;2040;RES Curtailment;0.032145843528;;curtailment
RS;2050;RES Curtailment;0.0276502684176;;curtailment
SE;2030;Wind Onshore;57.8822874446;Wind;candidate mapping
SE;2035;Wind Onshore;66.1131797994;Wind;candidate mapping
SE;2040;Wind Onshore;66.6130660255;Wind;candidate mapping
SE;2050;Wind Onshore;84.5988066357;Wind;candidate mapping
SE;2030;Wind Offshore Radial;2.18169011219;Wind, offshore;candidate mapping
SE;2035;Wind Offshore Radial;10.1848220709;Wind, offshore;candidate mapping
SE;2040;Wind Offshore Radial;15.5977537253;Wind, offshore;candidate mapping
SE;2050;Wind Offshore Radial;24.6346004179;Wind, offshore;candidate mapping
SE;2030;Wind Offshore Hub;;Wind, offshore;not reported
SE;2035;Wind Offshore Hub;;Wind, offshore;not reported
SE;2040;Wind Offshore Hub;;Wind, offshore;not reported
SE;2050;Wind Offshore Hub;;Wind, offshore;not reported
SE;2030;Solar PV;5.95898921099;Solar;candidate mapping
SE;2035;Solar PV;9.13867529001;Solar;candidate mapping
SE;2040;Solar PV;12.0209855522;Solar;candidate mapping
SE;2050;Solar PV;19.063213089;Solar;candidate mapping
SE;2030;Solar CSP;;Solar, thermal;not reported
SE;2035;Solar CSP;;Solar, thermal;not reported
SE;2040;Solar CSP;;Solar, thermal;not reported
SE;2050;Solar CSP;;Solar, thermal;not reported
SE;2030;SRES Electricity;;;not reported
SE;2035;SRES Electricity;;;not reported
SE;2040;SRES Electricity;;;not reported
SE;2050;SRES Electricity;;;not reported
SE;2030;Run of River;;Hydro;not reported
SE;2035;Run of River;;Hydro;not reported
SE;2040;Run of River;;Hydro;not reported
SE;2050;Run of River;;Hydro;not reported
SE;2030;Pondage;;Hydro, reservoir;not reported
SE;2035;Pondage;;Hydro, reservoir;not reported
SE;2040;Pondage;;Hydro, reservoir;not reported
SE;2050;Pondage;;Hydro, reservoir;not reported
SE;2030;Reservoir;80.4591648187;Hydro, reservoir;candidate mapping
SE;2035;Reservoir;77.1010971157;Hydro, reservoir;candidate mapping
SE;2040;Reservoir;79.3169933612;Hydro, reservoir;candidate mapping
SE;2050;Reservoir;77.2457367123;Hydro, reservoir;candidate mapping
SE;2030;PS Turbine;;;not reported
SE;2035;PS Turbine;;;not reported
SE;2040;PS Turbine;;;not reported
SE;2050;PS Turbine;;;not reported
SE;2030;Biofuel;;;not reported
SE;2035;Biofuel;;;not reported
SE;2040;Biofuel;;;not reported
SE;2050;Biofuel;;;not reported
SE;2030;Other RES;36.2444163763;;unresolved LCI mapping
SE;2035;Other RES;34.4614566758;;unresolved LCI mapping
SE;2040;Other RES;34.4399771443;;unresolved LCI mapping
SE;2050;Other RES;34.3914100732;;unresolved LCI mapping
SE;2030;Nuclear;49.2225005213;Nuclear;candidate mapping
SE;2035;Nuclear;40.7346046215;Nuclear;candidate mapping
SE;2040;Nuclear;51.7827462279;Nuclear;candidate mapping
SE;2050;Nuclear;67.1923054918;Nuclear;candidate mapping
SE;2030;Natural Gas;0.009947891232;;unresolved LCI mapping
SE;2035;Natural Gas;0.0503665893971;;unresolved LCI mapping
SE;2040;Natural Gas;0.087070486706;;unresolved LCI mapping
SE;2050;Natural Gas;0.0767304448295;;unresolved LCI mapping
SE;2030;Crude Oil;;Oil;not reported
SE;2035;Crude Oil;;Oil;not reported
SE;2040;Crude Oil;;Oil;not reported
SE;2050;Crude Oil;;Oil;not reported
SE;2030;Coal;;;not reported
SE;2035;Coal;;;not reported
SE;2040;Coal;;;not reported
SE;2050;Coal;;;not reported
SE;2030;Hydrogen GT;;;not reported
SE;2035;Hydrogen GT;;;not reported
SE;2040;Hydrogen GT;;;not reported
SE;2050;Hydrogen GT;;;not reported
SE;2030;Fuel Cell;;;not reported
SE;2035;Fuel Cell;;;not reported
SE;2040;Fuel Cell;;;not reported
SE;2050;Fuel Cell;;;not reported
SE;2030;Other Non RES;;;not reported
SE;2035;Other Non RES;;;not reported
SE;2040;Other Non RES;;;not reported
SE;2050;Other Non RES;;;not reported
SE;2030;Adequacy Units;;;not reported
SE;2035;Adequacy Units;0.0009951921896;;unresolved LCI mapping
SE;2040;Adequacy Units;;;not reported
SE;2050;Adequacy Units;;;not reported
SE;2030;ENS;0;;unserved demand
SE;2035;ENS;0.0002360461323;;unserved demand
SE;2040;ENS;0;;unserved demand
SE;2050;ENS;0;;unserved demand
SE;2030;RES Curtailment;0.0007581962345;;curtailment
SE;2035;RES Curtailment;0.0773979294154;;curtailment
SE;2040;RES Curtailment;0.187511692422;;curtailment
SE;2050;RES Curtailment;0.359061638489;;curtailment
SI;2030;Wind Onshore;0.214179132963;Wind;candidate mapping
SI;2035;Wind Onshore;0.33430883642;Wind;candidate mapping
SI;2040;Wind Onshore;0.41783059548;Wind;candidate mapping
SI;2050;Wind Onshore;1.02121922272;Wind;candidate mapping
SI;2030;Wind Offshore Radial;;Wind, offshore;not reported
SI;2035;Wind Offshore Radial;;Wind, offshore;not reported
SI;2040;Wind Offshore Radial;;Wind, offshore;not reported
SI;2050;Wind Offshore Radial;;Wind, offshore;not reported
SI;2030;Wind Offshore Hub;;Wind, offshore;not reported
SI;2035;Wind Offshore Hub;;Wind, offshore;not reported
SI;2040;Wind Offshore Hub;;Wind, offshore;not reported
SI;2050;Wind Offshore Hub;;Wind, offshore;not reported
SI;2030;Solar PV;6.21464711168;Solar;candidate mapping
SI;2035;Solar PV;8.18124668273;Solar;candidate mapping
SI;2040;Solar PV;8.67714248449;Solar;candidate mapping
SI;2050;Solar PV;9.14767775404;Solar;candidate mapping
SI;2030;Solar CSP;;Solar, thermal;not reported
SI;2035;Solar CSP;;Solar, thermal;not reported
SI;2040;Solar CSP;;Solar, thermal;not reported
SI;2050;Solar CSP;;Solar, thermal;not reported
SI;2030;SRES Electricity;;;not reported
SI;2035;SRES Electricity;;;not reported
SI;2040;SRES Electricity;;;not reported
SI;2050;SRES Electricity;;;not reported
SI;2030;Run of River;0.40576307757;Hydro;candidate mapping
SI;2035;Run of River;0.452710222254;Hydro;candidate mapping
SI;2040;Run of River;0.469240884;Hydro;candidate mapping
SI;2050;Run of River;0.4737196759;Hydro;candidate mapping
SI;2030;Pondage;2.819732844;Hydro, reservoir;candidate mapping
SI;2035;Pondage;3.0314951952;Hydro, reservoir;candidate mapping
SI;2040;Pondage;3.297074544;Hydro, reservoir;candidate mapping
SI;2050;Pondage;3.1254650816;Hydro, reservoir;candidate mapping
SI;2030;Reservoir;;Hydro, reservoir;not reported
SI;2035;Reservoir;;Hydro, reservoir;not reported
SI;2040;Reservoir;;Hydro, reservoir;not reported
SI;2050;Reservoir;;Hydro, reservoir;not reported
SI;2030;PS Turbine;;;not reported
SI;2035;PS Turbine;2.76219446506;;storage output
SI;2040;PS Turbine;2.92599157248;;storage output
SI;2050;PS Turbine;3.83451901309;;storage output
SI;2030;Biofuel;;;not reported
SI;2035;Biofuel;;;not reported
SI;2040;Biofuel;;;not reported
SI;2050;Biofuel;;;not reported
SI;2030;Other RES;0.565089860482;;unresolved LCI mapping
SI;2035;Other RES;0.65489175173;;unresolved LCI mapping
SI;2040;Other RES;0.7619199576;;unresolved LCI mapping
SI;2050;Other RES;1.00696766349;;unresolved LCI mapping
SI;2030;Nuclear;6.0144;Nuclear;candidate mapping
SI;2035;Nuclear;6.0144;Nuclear;candidate mapping
SI;2040;Nuclear;6.0144;Nuclear;candidate mapping
SI;2050;Nuclear;9.62099363852;Nuclear;candidate mapping
SI;2030;Natural Gas;0.857970695429;;unresolved LCI mapping
SI;2035;Natural Gas;0.599056918719;;unresolved LCI mapping
SI;2040;Natural Gas;0.56468509621;;unresolved LCI mapping
SI;2050;Natural Gas;0.581268644077;;unresolved LCI mapping
SI;2030;Crude Oil;;Oil;not reported
SI;2035;Crude Oil;;Oil;not reported
SI;2040;Crude Oil;;Oil;not reported
SI;2050;Crude Oil;;Oil;not reported
SI;2030;Coal;0.351656627185;;unresolved LCI mapping
SI;2035;Coal;;;not reported
SI;2040;Coal;;;not reported
SI;2050;Coal;;;not reported
SI;2030;Hydrogen GT;;;not reported
SI;2035;Hydrogen GT;;;not reported
SI;2040;Hydrogen GT;;;not reported
SI;2050;Hydrogen GT;;;not reported
SI;2030;Fuel Cell;;;not reported
SI;2035;Fuel Cell;;;not reported
SI;2040;Fuel Cell;;;not reported
SI;2050;Fuel Cell;;;not reported
SI;2030;Other Non RES;1.72764879533;;unresolved LCI mapping
SI;2035;Other Non RES;1.94329809222;;unresolved LCI mapping
SI;2040;Other Non RES;2.1822598049;;unresolved LCI mapping
SI;2050;Other Non RES;2.45654921016;;unresolved LCI mapping
SI;2030;Adequacy Units;;;not reported
SI;2035;Adequacy Units;;;not reported
SI;2040;Adequacy Units;;;not reported
SI;2050;Adequacy Units;;;not reported
SI;2030;ENS;0;;unserved demand
SI;2035;ENS;0;;unserved demand
SI;2040;ENS;0;;unserved demand
SI;2050;ENS;0;;unserved demand
SI;2030;RES Curtailment;0.403738394061;;curtailment
SI;2035;RES Curtailment;0.358218025918;;curtailment
SI;2040;RES Curtailment;0.07840558179;;curtailment
SI;2050;RES Curtailment;0.0590608100318;;curtailment
SK;2030;Wind Onshore;1.424768535;Wind;candidate mapping
SK;2035;Wind Onshore;1.518642885;Wind;candidate mapping
SK;2040;Wind Onshore;1.87094247873;Wind;candidate mapping
SK;2050;Wind Onshore;2.376179845;Wind;candidate mapping
SK;2030;Wind Offshore Radial;;Wind, offshore;not reported
SK;2035;Wind Offshore Radial;;Wind, offshore;not reported
SK;2040;Wind Offshore Radial;;Wind, offshore;not reported
SK;2050;Wind Offshore Radial;;Wind, offshore;not reported
SK;2030;Wind Offshore Hub;;Wind, offshore;not reported
SK;2035;Wind Offshore Hub;;Wind, offshore;not reported
SK;2040;Wind Offshore Hub;;Wind, offshore;not reported
SK;2050;Wind Offshore Hub;;Wind, offshore;not reported
SK;2030;Solar PV;1.39111704256;Solar;candidate mapping
SK;2035;Solar PV;2.02339156737;Solar;candidate mapping
SK;2040;Solar PV;2.24016494321;Solar;candidate mapping
SK;2050;Solar PV;3.3951386176;Solar;candidate mapping
SK;2030;Solar CSP;;Solar, thermal;not reported
SK;2035;Solar CSP;;Solar, thermal;not reported
SK;2040;Solar CSP;;Solar, thermal;not reported
SK;2050;Solar CSP;;Solar, thermal;not reported
SK;2030;SRES Electricity;;;not reported
SK;2035;SRES Electricity;;;not reported
SK;2040;SRES Electricity;;;not reported
SK;2050;SRES Electricity;;;not reported
SK;2030;Run of River;3.79010092896;Hydro;candidate mapping
SK;2035;Run of River;3.92409010344;Hydro;candidate mapping
SK;2040;Run of River;3.77453639491;Hydro;candidate mapping
SK;2050;Run of River;3.67346014776;Hydro;candidate mapping
SK;2030;Pondage;0.537317832;Hydro, reservoir;candidate mapping
SK;2035;Pondage;0.5655578184;Hydro, reservoir;candidate mapping
SK;2040;Pondage;0.495048273974;Hydro, reservoir;candidate mapping
SK;2050;Pondage;0.4993775016;Hydro, reservoir;candidate mapping
SK;2030;Reservoir;0.0650235264;Hydro, reservoir;candidate mapping
SK;2035;Reservoir;0.0692084112;Hydro, reservoir;candidate mapping
SK;2040;Reservoir;0.064102577818;Hydro, reservoir;candidate mapping
SK;2050;Reservoir;0.063406582494;Hydro, reservoir;candidate mapping
SK;2030;PS Turbine;1.29423644727;;storage output
SK;2035;PS Turbine;1.43242985778;;storage output
SK;2040;PS Turbine;1.39705643793;;storage output
SK;2050;PS Turbine;1.41336062568;;storage output
SK;2030;Biofuel;0.347105623133;;unresolved LCI mapping
SK;2035;Biofuel;0.214652046031;;unresolved LCI mapping
SK;2040;Biofuel;0.194545784254;;unresolved LCI mapping
SK;2050;Biofuel;0.193916687885;;unresolved LCI mapping
SK;2030;Other RES;1.910774936;;unresolved LCI mapping
SK;2035;Other RES;2.081660871;;unresolved LCI mapping
SK;2040;Other RES;2.25142484524;;unresolved LCI mapping
SK;2050;Other RES;2.594318594;;unresolved LCI mapping
SK;2030;Nuclear;24.2205977368;Nuclear;candidate mapping
SK;2035;Nuclear;24.3053177414;Nuclear;candidate mapping
SK;2040;Nuclear;33.8949997892;Nuclear;candidate mapping
SK;2050;Nuclear;26.6128387561;Nuclear;candidate mapping
SK;2030;Natural Gas;0.201397298427;;unresolved LCI mapping
SK;2035;Natural Gas;0.123923088249;;unresolved LCI mapping
SK;2040;Natural Gas;0.166647117936;;unresolved LCI mapping
SK;2050;Natural Gas;0.447999204241;;unresolved LCI mapping
SK;2030;Crude Oil;0;Oil;candidate mapping
SK;2035;Crude Oil;0;Oil;candidate mapping
SK;2040;Crude Oil;0.00163532066;Oil;candidate mapping
SK;2050;Crude Oil;0.013303947125;Oil;candidate mapping
SK;2030;Coal;0.0224480316813;;unresolved LCI mapping
SK;2035;Coal;4.7284182e-05;;unresolved LCI mapping
SK;2040;Coal;0.006019491928;;unresolved LCI mapping
SK;2050;Coal;0.0419343962919;;unresolved LCI mapping
SK;2030;Hydrogen GT;;;not reported
SK;2035;Hydrogen GT;;;not reported
SK;2040;Hydrogen GT;;;not reported
SK;2050;Hydrogen GT;;;not reported
SK;2030;Fuel Cell;;;not reported
SK;2035;Fuel Cell;;;not reported
SK;2040;Fuel Cell;;;not reported
SK;2050;Fuel Cell;;;not reported
SK;2030;Other Non RES;0.660117966845;;unresolved LCI mapping
SK;2035;Other Non RES;0.327819515533;;unresolved LCI mapping
SK;2040;Other Non RES;0.296204409596;;unresolved LCI mapping
SK;2050;Other Non RES;;;not reported
SK;2030;Adequacy Units;;;not reported
SK;2035;Adequacy Units;;;not reported
SK;2040;Adequacy Units;;;not reported
SK;2050;Adequacy Units;;;not reported
SK;2030;ENS;0;;unserved demand
SK;2035;ENS;0;;unserved demand
SK;2040;ENS;0;;unserved demand
SK;2050;ENS;0;;unserved demand
SK;2030;RES Curtailment;0;;curtailment
SK;2035;RES Curtailment;0;;curtailment
SK;2040;RES Curtailment;0.015177618758;;curtailment
SK;2050;RES Curtailment;0;;curtailment
TR;2030;Wind Onshore;62.8201581328;Wind;candidate mapping
TR;2035;Wind Onshore;102.044674571;Wind;candidate mapping
TR;2040;Wind Onshore;105.716199412;Wind;candidate mapping
TR;2050;Wind Onshore;104.817696461;Wind;candidate mapping
TR;2030;Wind Offshore Radial;;Wind, offshore;not reported
TR;2035;Wind Offshore Radial;;Wind, offshore;not reported
TR;2040;Wind Offshore Radial;;Wind, offshore;not reported
TR;2050;Wind Offshore Radial;;Wind, offshore;not reported
TR;2030;Wind Offshore Hub;;Wind, offshore;not reported
TR;2035;Wind Offshore Hub;;Wind, offshore;not reported
TR;2040;Wind Offshore Hub;;Wind, offshore;not reported
TR;2050;Wind Offshore Hub;;Wind, offshore;not reported
TR;2030;Solar PV;70.1487920709;Solar;candidate mapping
TR;2035;Solar PV;113.293471549;Solar;candidate mapping
TR;2040;Solar PV;145.928590627;Solar;candidate mapping
TR;2050;Solar PV;156.609606244;Solar;candidate mapping
TR;2030;Solar CSP;;Solar, thermal;not reported
TR;2035;Solar CSP;;Solar, thermal;not reported
TR;2040;Solar CSP;;Solar, thermal;not reported
TR;2050;Solar CSP;;Solar, thermal;not reported
TR;2030;SRES Electricity;;;not reported
TR;2035;SRES Electricity;;;not reported
TR;2040;SRES Electricity;;;not reported
TR;2050;SRES Electricity;;;not reported
TR;2030;Run of River;33.6976609736;Hydro;candidate mapping
TR;2035;Run of River;30.4644817819;Hydro;candidate mapping
TR;2040;Run of River;35.2450076767;Hydro;candidate mapping
TR;2050;Run of River;30.1199839444;Hydro;candidate mapping
TR;2030;Pondage;;Hydro, reservoir;not reported
TR;2035;Pondage;;Hydro, reservoir;not reported
TR;2040;Pondage;;Hydro, reservoir;not reported
TR;2050;Pondage;;Hydro, reservoir;not reported
TR;2030;Reservoir;57.6708304193;Hydro, reservoir;candidate mapping
TR;2035;Reservoir;57.259882428;Hydro, reservoir;candidate mapping
TR;2040;Reservoir;64.078727472;Hydro, reservoir;candidate mapping
TR;2050;Reservoir;55.1234572968;Hydro, reservoir;candidate mapping
TR;2030;PS Turbine;;;not reported
TR;2035;PS Turbine;;;not reported
TR;2040;PS Turbine;;;not reported
TR;2050;PS Turbine;;;not reported
TR;2030;Biofuel;;;not reported
TR;2035;Biofuel;;;not reported
TR;2040;Biofuel;;;not reported
TR;2050;Biofuel;;;not reported
TR;2030;Other RES;;;not reported
TR;2035;Other RES;;;not reported
TR;2040;Other RES;;;not reported
TR;2050;Other RES;;;not reported
TR;2030;Nuclear;33.4438045202;Nuclear;candidate mapping
TR;2035;Nuclear;30.7584444306;Nuclear;candidate mapping
TR;2040;Nuclear;30.6035242175;Nuclear;candidate mapping
TR;2050;Nuclear;34.2235016341;Nuclear;candidate mapping
TR;2030;Natural Gas;107.227721805;;unresolved LCI mapping
TR;2035;Natural Gas;110.97880191;;unresolved LCI mapping
TR;2040;Natural Gas;109.321214289;;unresolved LCI mapping
TR;2050;Natural Gas;65.0381576237;;unresolved LCI mapping
TR;2030;Crude Oil;0;Oil;candidate mapping
TR;2035;Crude Oil;0.00149549001;Oil;candidate mapping
TR;2040;Crude Oil;0.051831033316;Oil;candidate mapping
TR;2050;Crude Oil;0.420526113363;Oil;candidate mapping
TR;2030;Coal;25.4147866091;;unresolved LCI mapping
TR;2035;Coal;36.7940609125;;unresolved LCI mapping
TR;2040;Coal;85.6485976514;;unresolved LCI mapping
TR;2050;Coal;142.684850557;;unresolved LCI mapping
TR;2030;Hydrogen GT;;;not reported
TR;2035;Hydrogen GT;;;not reported
TR;2040;Hydrogen GT;;;not reported
TR;2050;Hydrogen GT;;;not reported
TR;2030;Fuel Cell;;;not reported
TR;2035;Fuel Cell;;;not reported
TR;2040;Fuel Cell;;;not reported
TR;2050;Fuel Cell;;;not reported
TR;2030;Other Non RES;17.1519006008;;unresolved LCI mapping
TR;2035;Other Non RES;;;not reported
TR;2040;Other Non RES;;;not reported
TR;2050;Other Non RES;;;not reported
TR;2030;Adequacy Units;;;not reported
TR;2035;Adequacy Units;0.028733330656;;unresolved LCI mapping
TR;2040;Adequacy Units;;;not reported
TR;2050;Adequacy Units;;;not reported
TR;2030;ENS;0;;unserved demand
TR;2035;ENS;0;;unserved demand
TR;2040;ENS;0.000559841;;unserved demand
TR;2050;ENS;0;;unserved demand
TR;2030;RES Curtailment;0.549062249647;;curtailment
TR;2035;RES Curtailment;7.93330912654;;curtailment
TR;2040;RES Curtailment;8.90934705595;;curtailment
TR;2050;RES Curtailment;0.548806704644;;curtailment
UA;2030;Wind Onshore;10.209694896;Wind;candidate mapping
UA;2035;Wind Onshore;19.5253332709;Wind;candidate mapping
UA;2040;Wind Onshore;22.5559838872;Wind;candidate mapping
UA;2050;Wind Onshore;32.3748791578;Wind;candidate mapping
UA;2030;Wind Offshore Radial;;Wind, offshore;not reported
UA;2035;Wind Offshore Radial;;Wind, offshore;not reported
UA;2040;Wind Offshore Radial;;Wind, offshore;not reported
UA;2050;Wind Offshore Radial;;Wind, offshore;not reported
UA;2030;Wind Offshore Hub;;Wind, offshore;not reported
UA;2035;Wind Offshore Hub;;Wind, offshore;not reported
UA;2040;Wind Offshore Hub;;Wind, offshore;not reported
UA;2050;Wind Offshore Hub;;Wind, offshore;not reported
UA;2030;Solar PV;10.753306074;Solar;candidate mapping
UA;2035;Solar PV;20.1198813408;Solar;candidate mapping
UA;2040;Solar PV;21.837275604;Solar;candidate mapping
UA;2050;Solar PV;26.3036659289;Solar;candidate mapping
UA;2030;Solar CSP;;Solar, thermal;not reported
UA;2035;Solar CSP;;Solar, thermal;not reported
UA;2040;Solar CSP;;Solar, thermal;not reported
UA;2050;Solar CSP;;Solar, thermal;not reported
UA;2030;SRES Electricity;;;not reported
UA;2035;SRES Electricity;;;not reported
UA;2040;SRES Electricity;;;not reported
UA;2050;SRES Electricity;;;not reported
UA;2030;Run of River;0.4669056;Hydro;candidate mapping
UA;2035;Run of River;0.464158120541;Hydro;candidate mapping
UA;2040;Run of River;0.4644574208;Hydro;candidate mapping
UA;2050;Run of River;0.4604555654;Hydro;candidate mapping
UA;2030;Pondage;;Hydro, reservoir;not reported
UA;2035;Pondage;;Hydro, reservoir;not reported
UA;2040;Pondage;;Hydro, reservoir;not reported
UA;2050;Pondage;;Hydro, reservoir;not reported
UA;2030;Reservoir;6.25038539471;Hydro, reservoir;candidate mapping
UA;2035;Reservoir;6.25049953894;Hydro, reservoir;candidate mapping
UA;2040;Reservoir;6.25131434209;Hydro, reservoir;candidate mapping
UA;2050;Reservoir;6.2503632;Hydro, reservoir;candidate mapping
UA;2030;PS Turbine;5.67794220931;;storage output
UA;2035;PS Turbine;5.70810903064;;storage output
UA;2040;PS Turbine;5.48854391974;;storage output
UA;2050;PS Turbine;5.72432772562;;storage output
UA;2030;Biofuel;;;not reported
UA;2035;Biofuel;;;not reported
UA;2040;Biofuel;;;not reported
UA;2050;Biofuel;;;not reported
UA;2030;Other RES;5.694;;unresolved LCI mapping
UA;2035;Other RES;7.86706625218;;unresolved LCI mapping
UA;2040;Other RES;9.6187777975;;unresolved LCI mapping
UA;2050;Other RES;13.9402892649;;unresolved LCI mapping
UA;2030;Nuclear;77.2985311013;Nuclear;candidate mapping
UA;2035;Nuclear;79.0656868968;Nuclear;candidate mapping
UA;2040;Nuclear;82.9390986233;Nuclear;candidate mapping
UA;2050;Nuclear;97.9526626834;Nuclear;candidate mapping
UA;2030;Natural Gas;0.008020348403;;unresolved LCI mapping
UA;2035;Natural Gas;0.00234693228;;unresolved LCI mapping
UA;2040;Natural Gas;0;;unresolved LCI mapping
UA;2050;Natural Gas;;;not reported
UA;2030;Crude Oil;;Oil;not reported
UA;2035;Crude Oil;;Oil;not reported
UA;2040;Crude Oil;;Oil;not reported
UA;2050;Crude Oil;;Oil;not reported
UA;2030;Coal;0.000699285934;;unresolved LCI mapping
UA;2035;Coal;0;;unresolved LCI mapping
UA;2040;Coal;;;not reported
UA;2050;Coal;;;not reported
UA;2030;Hydrogen GT;;;not reported
UA;2035;Hydrogen GT;;;not reported
UA;2040;Hydrogen GT;;;not reported
UA;2050;Hydrogen GT;;;not reported
UA;2030;Fuel Cell;;;not reported
UA;2035;Fuel Cell;;;not reported
UA;2040;Fuel Cell;;;not reported
UA;2050;Fuel Cell;;;not reported
UA;2030;Other Non RES;7.86475681136;;unresolved LCI mapping
UA;2035;Other Non RES;0.883249430073;;unresolved LCI mapping
UA;2040;Other Non RES;0.486925943552;;unresolved LCI mapping
UA;2050;Other Non RES;0.47396938297;;unresolved LCI mapping
UA;2030;Adequacy Units;;;not reported
UA;2035;Adequacy Units;;;not reported
UA;2040;Adequacy Units;;;not reported
UA;2050;Adequacy Units;;;not reported
UA;2030;ENS;0;;unserved demand
UA;2035;ENS;0;;unserved demand
UA;2040;ENS;0;;unserved demand
UA;2050;ENS;0;;unserved demand
UA;2030;RES Curtailment;0;;curtailment
UA;2035;RES Curtailment;0.0343952201376;;curtailment
UA;2040;RES Curtailment;0.039798991358;;curtailment
UA;2050;RES Curtailment;0.152706814452;;curtailment
UK;2030;Wind Onshore;61.9003738141;Wind;candidate mapping
UK;2035;Wind Onshore;51.5385910969;Wind;candidate mapping
UK;2040;Wind Onshore;69.272420546;Wind;candidate mapping
UK;2050;Wind Onshore;133.629429398;Wind;candidate mapping
UK;2030;Wind Offshore Radial;;Wind, offshore;not reported
UK;2035;Wind Offshore Radial;;Wind, offshore;not reported
UK;2040;Wind Offshore Radial;;Wind, offshore;not reported
UK;2050;Wind Offshore Radial;;Wind, offshore;not reported
UK;2030;Wind Offshore Hub;245.462920579;Wind, offshore;candidate mapping
UK;2035;Wind Offshore Hub;370.406819111;Wind, offshore;candidate mapping
UK;2040;Wind Offshore Hub;413.101585595;Wind, offshore;candidate mapping
UK;2050;Wind Offshore Hub;472.715632935;Wind, offshore;candidate mapping
UK;2030;Solar PV;28.5720752961;Solar;candidate mapping
UK;2035;Solar PV;44.5142833171;Solar;candidate mapping
UK;2040;Solar PV;62.2041842571;Solar;candidate mapping
UK;2050;Solar PV;98.2719114364;Solar;candidate mapping
UK;2030;Solar CSP;;Solar, thermal;not reported
UK;2035;Solar CSP;;Solar, thermal;not reported
UK;2040;Solar CSP;;Solar, thermal;not reported
UK;2050;Solar CSP;;Solar, thermal;not reported
UK;2030;SRES Electricity;;;not reported
UK;2035;SRES Electricity;;;not reported
UK;2040;SRES Electricity;;;not reported
UK;2050;SRES Electricity;;;not reported
UK;2030;Run of River;2.07924325187;Hydro;candidate mapping
UK;2035;Run of River;2.19889329288;Hydro;candidate mapping
UK;2040;Run of River;2.4908100453;Hydro;candidate mapping
UK;2050;Run of River;3.65274844862;Hydro;candidate mapping
UK;2030;Pondage;;Hydro, reservoir;not reported
UK;2035;Pondage;;Hydro, reservoir;not reported
UK;2040;Pondage;;Hydro, reservoir;not reported
UK;2050;Pondage;;Hydro, reservoir;not reported
UK;2030;Reservoir;;Hydro, reservoir;not reported
UK;2035;Reservoir;;Hydro, reservoir;not reported
UK;2040;Reservoir;;Hydro, reservoir;not reported
UK;2050;Reservoir;;Hydro, reservoir;not reported
UK;2030;PS Turbine;10.4487521461;;storage output
UK;2035;PS Turbine;10.9158424372;;storage output
UK;2040;PS Turbine;12.5988343653;;storage output
UK;2050;PS Turbine;5.62335360561;;storage output
UK;2030;Biofuel;;;not reported
UK;2035;Biofuel;;;not reported
UK;2040;Biofuel;;;not reported
UK;2050;Biofuel;;;not reported
UK;2030;Other RES;50.4828994647;;unresolved LCI mapping
UK;2035;Other RES;46.1975749149;;unresolved LCI mapping
UK;2040;Other RES;59.6395030207;;unresolved LCI mapping
UK;2050;Other RES;66.8259200734;;unresolved LCI mapping
UK;2030;Nuclear;13.4348810805;Nuclear;candidate mapping
UK;2035;Nuclear;11.8390135154;Nuclear;candidate mapping
UK;2040;Nuclear;27.2145087119;Nuclear;candidate mapping
UK;2050;Nuclear;63.5767746814;Nuclear;candidate mapping
UK;2030;Natural Gas;5.61676528739;;unresolved LCI mapping
UK;2035;Natural Gas;1.43113418316;;unresolved LCI mapping
UK;2040;Natural Gas;2.2085098247;;unresolved LCI mapping
UK;2050;Natural Gas;1.07780890648;;unresolved LCI mapping
UK;2030;Crude Oil;;Oil;not reported
UK;2035;Crude Oil;;Oil;not reported
UK;2040;Crude Oil;;Oil;not reported
UK;2050;Crude Oil;;Oil;not reported
UK;2030;Coal;;;not reported
UK;2035;Coal;;;not reported
UK;2040;Coal;;;not reported
UK;2050;Coal;;;not reported
UK;2030;Hydrogen GT;0.0327471484032;;unresolved LCI mapping
UK;2035;Hydrogen GT;1.85051224958;;unresolved LCI mapping
UK;2040;Hydrogen GT;3.58817727901;;unresolved LCI mapping
UK;2050;Hydrogen GT;2.23811377846;;unresolved LCI mapping
UK;2030;Fuel Cell;;;not reported
UK;2035;Fuel Cell;;;not reported
UK;2040;Fuel Cell;;;not reported
UK;2050;Fuel Cell;;;not reported
UK;2030;Other Non RES;;;not reported
UK;2035;Other Non RES;;;not reported
UK;2040;Other Non RES;;;not reported
UK;2050;Other Non RES;;;not reported
UK;2030;Adequacy Units;;;not reported
UK;2035;Adequacy Units;;;not reported
UK;2040;Adequacy Units;;;not reported
UK;2050;Adequacy Units;;;not reported
UK;2030;ENS;0;;unserved demand
UK;2035;ENS;0;;unserved demand
UK;2040;ENS;0;;unserved demand
UK;2050;ENS;0;;unserved demand
UK;2030;RES Curtailment;92.0047965051;;curtailment
UK;2035;RES Curtailment;158.685819899;;curtailment
UK;2040;RES Curtailment;118.158576215;;curtailment
UK;2050;RES Curtailment;31.7508909403;;curtailment
MT;2030;Wind Onshore;;Wind;not reported
MT;2035;Wind Onshore;;Wind;not reported
MT;2040;Wind Onshore;;Wind;not reported
MT;2050;Wind Onshore;;Wind;not reported
MT;2030;Wind Offshore Radial;;Wind, offshore;not reported
MT;2035;Wind Offshore Radial;0.793947174742;Wind, offshore;candidate mapping
MT;2040;Wind Offshore Radial;0.70187448;Wind, offshore;candidate mapping
MT;2050;Wind Offshore Radial;0.729644217;Wind, offshore;candidate mapping
MT;2030;Wind Offshore Hub;;Wind, offshore;not reported
MT;2035;Wind Offshore Hub;;Wind, offshore;not reported
MT;2040;Wind Offshore Hub;;Wind, offshore;not reported
MT;2050;Wind Offshore Hub;;Wind, offshore;not reported
MT;2030;Solar PV;0.584034912064;Solar;candidate mapping
MT;2035;Solar PV;0.511698063005;Solar;candidate mapping
MT;2040;Solar PV;0.36249619424;Solar;candidate mapping
MT;2050;Solar PV;0.101985793124;Solar;candidate mapping
MT;2030;Solar CSP;;Solar, thermal;not reported
MT;2035;Solar CSP;;Solar, thermal;not reported
MT;2040;Solar CSP;;Solar, thermal;not reported
MT;2050;Solar CSP;;Solar, thermal;not reported
MT;2030;SRES Electricity;;;not reported
MT;2035;SRES Electricity;;;not reported
MT;2040;SRES Electricity;;;not reported
MT;2050;SRES Electricity;;;not reported
MT;2030;Run of River;;Hydro;not reported
MT;2035;Run of River;;Hydro;not reported
MT;2040;Run of River;;Hydro;not reported
MT;2050;Run of River;;Hydro;not reported
MT;2030;Pondage;;Hydro, reservoir;not reported
MT;2035;Pondage;;Hydro, reservoir;not reported
MT;2040;Pondage;;Hydro, reservoir;not reported
MT;2050;Pondage;;Hydro, reservoir;not reported
MT;2030;Reservoir;;Hydro, reservoir;not reported
MT;2035;Reservoir;;Hydro, reservoir;not reported
MT;2040;Reservoir;;Hydro, reservoir;not reported
MT;2050;Reservoir;;Hydro, reservoir;not reported
MT;2030;PS Turbine;;;not reported
MT;2035;PS Turbine;;;not reported
MT;2040;PS Turbine;;;not reported
MT;2050;PS Turbine;;;not reported
MT;2030;Biofuel;;;not reported
MT;2035;Biofuel;;;not reported
MT;2040;Biofuel;;;not reported
MT;2050;Biofuel;;;not reported
MT;2030;Other RES;;;not reported
MT;2035;Other RES;;;not reported
MT;2040;Other RES;;;not reported
MT;2050;Other RES;;;not reported
MT;2030;Nuclear;;Nuclear;not reported
MT;2035;Nuclear;;Nuclear;not reported
MT;2040;Nuclear;;Nuclear;not reported
MT;2050;Nuclear;;Nuclear;not reported
MT;2030;Natural Gas;0.856654307893;;unresolved LCI mapping
MT;2035;Natural Gas;0.766329991771;;unresolved LCI mapping
MT;2040;Natural Gas;1.44930756334;;unresolved LCI mapping
MT;2050;Natural Gas;0.179947214312;;unresolved LCI mapping
MT;2030;Crude Oil;;Oil;not reported
MT;2035;Crude Oil;;Oil;not reported
MT;2040;Crude Oil;;Oil;not reported
MT;2050;Crude Oil;;Oil;not reported
MT;2030;Coal;;;not reported
MT;2035;Coal;;;not reported
MT;2040;Coal;;;not reported
MT;2050;Coal;;;not reported
MT;2030;Hydrogen GT;;;not reported
MT;2035;Hydrogen GT;;;not reported
MT;2040;Hydrogen GT;;;not reported
MT;2050;Hydrogen GT;;;not reported
MT;2030;Fuel Cell;;;not reported
MT;2035;Fuel Cell;;;not reported
MT;2040;Fuel Cell;;;not reported
MT;2050;Fuel Cell;;;not reported
MT;2030;Other Non RES;;;not reported
MT;2035;Other Non RES;;;not reported
MT;2040;Other Non RES;;;not reported
MT;2050;Other Non RES;;;not reported
MT;2030;Adequacy Units;;;not reported
MT;2035;Adequacy Units;0.0011903830421;;unresolved LCI mapping
MT;2040;Adequacy Units;0.008362201806;;unresolved LCI mapping
MT;2050;Adequacy Units;;;not reported
MT;2030;ENS;0.0001998091371;;unserved demand
MT;2035;ENS;0;;unserved demand
MT;2040;ENS;0;;unserved demand
MT;2050;ENS;0;;unserved demand
MT;2030;RES Curtailment;0;;curtailment
MT;2035;RES Curtailment;0.0037343910481;;curtailment
MT;2040;RES Curtailment;0;;curtailment
MT;2050;RES Curtailment;0;;curtailment
