Time;Urban delivery, 3.5t;Regional delivery, 3.5t;Long haul, 3.5t;Urban delivery, 7.5t;Regional delivery, 7.5t;Long haul, 7.5t;Urban delivery, 18t;Regional delivery, 18t;Long haul, 18t;Urban delivery, 26t;Regional delivery, 26t;Long haul, 26t;Urban delivery, 32t;Regional delivery, 32t;Long haul, 32t;Urban delivery, 40t;Regional delivery, 40t;Long haul, 40t;Urban delivery, 60t;Regional delivery, 60t;Long haul, 60t
1;0;0;0;0;0;0;0;0;0;0;0;0;0;0;0;0;0;0;0;0;0
2;0;0;0;0;0;0;0;0;0;0;0;0;0;0;0;0;0;0;0;0;0
3;1.8;1.8;1.8;1.8;1.8;1.8;1.8;1.8;1.7042;1.4369;1.4349;0.8828;1.8;1.8;1.8;1.8;1.8;1.8;1.8;1.8;1.6198
4;5.4;5.4;5.4;5.4;5.4;5.4;5.2791;5.2788;4.9733;4.361;4.3558;2.9703;5.4;5.4;5.4;5.4;5.4;5.3543;5.4;5.4;4.9808
5;9;9;9;9;9;9;8.4892;8.4883;8.3382;7.6267;7.6201;5.3532;7.8197;7.8185;7.5112;7.8303;7.8292;7.436;7.8214;7.8203;7.1437
6;11.4;12.6;12.6;11.4;12.6;12.6;9.8308;9.8278;10.3089;10.0575;10.9655;8.2137;9.3608;9.3572;8.4338;9.2425;9.2388;8.1354;9.1428;9.1393;8.1243
7;12;15.5864;15.4769;12;15.6293;15.5147;9.6904;9.6834;9.7827;10.5578;12.3577;11.5499;11.1411;12.0773;10.8452;11.0122;11.8192;10.0607;9.8726;9.8624;8.9618
8;12.7787;16.315;15.685;12.7787;16.5334;15.8733;10.8304;11.4961;9.7284;11.0348;12.1466;12.5406;11.9845;15.1477;13.8458;11.9886;14.8985;12.8581;10.9512;11.4617;9.622
9;15.311;15.9438;14.5191;15.3144;16.4033;14.9205;13.6619;15.0618;11.7628;13.1668;13.6923;11.1894;11.9396;16.5542;14.7806;11.9153;16.3081;13.7367;12.4993;13.3589;11.4203
10;16.67;17.8304;16.022;16.8232;18.3983;16.4445;17.2026;18.6618;14.9322;16.3192;16.8027;11.7263;13.5772;18.2276;16.1509;13.3339;18.0336;14.5907;13.3428;14.4361;12.8251
11;15.9201;21.4304;19.622;16.3581;21.9983;19.9652;20.6058;21.5104;18.4568;19.4932;19.6928;14.1066;17.0442;21.5545;19.5751;16.6145;20.6507;17.3288;15.1627;16.5276;13.1463
12;17.3594;25.0255;23.222;17.9413;25.5882;23.5652;22.0127;22.1515;21.0384;21.5876;21.8098;16.4834;19.2276;24.2867;21.0908;18.853;21.679;18.6116;17.3445;17.8835;14.5918
13;20.954;27.605;26.7938;21.5413;29.0942;27.1295;21.7697;21.9519;21.1751;21.9689;22.1481;18.821;20.543;25.181;21.5932;19.983;22.8636;18.7797;18.3744;18.4497;16.3654
14;24.5511;27.6965;27.9962;25.1364;30.3672;30.5715;23.2003;23.3971;20.3868;22.1696;21.5738;20.9141;23.2599;26.1764;23.8104;22.1739;25.2634;20.2577;19.8868;20.0023;16.6152
15;27.7557;27.2125;26.6217;28.3356;29.236;31.6733;26.1648;25.8535;21.3765;23.5009;22.1025;22.5367;26.214;28.4218;25.8565;24.7187;26.1262;22.4961;21.5128;21.4532;16.9312
16;28.7293;29.1365;27.2391;29.4076;29.9381;30.3595;29.0848;28.2144;23.5399;25.4356;23.46;22.5013;27.4702;30.7312;26.2276;25.7619;26.1104;24.7532;22.186;21.6655;18.5305
17;28.1628;32.4797;30.3453;29.038;32.9357;31.0314;31.8308;30.3637;25.7348;27.402;24.7608;21.283;28.8215;32.8026;26.9125;26.7168;27.1928;25.3947;23.3452;21.9978;19.0884
18;29.7293;35.6535;33.6272;30.6751;36.0779;34.0256;34.3548;32.2359;27.9328;29.3031;25.9788;21.3525;31.5001;33.0659;28.9399;28.8312;28.6713;25.2169;25.1189;23.1838;18.8233
19;33.0414;38.6662;36.7427;33.9393;39.069;37.1175;36.6603;33.8294;30.0371;31.1046;27.0877;22.535;32.8813;32.5715;31.1259;31.1232;30.0625;26.2257;25.7509;24.3587;19.4129
20;36.1858;41.526;39.7002;37.0382;41.9084;40.0559;37.7877;35.267;31.996;32.792;28.048;23.7087;33.4217;33.4176;32.4842;32.8752;31.3518;27.7653;26.0362;25.3756;20.5701
21;39.1707;43.9594;42.5075;39.9799;44.1456;42.8452;37.5388;36.6738;33.8057;34.379;28.9359;24.9106;35.0744;34.8027;32.4845;33.441;32.6303;29.3757;27.2361;25.7674;21.8168
22;42.0044;45;45.1404;42.7725;45;45.4924;37.8777;38.0281;35.4773;35.9223;29.8481;26.1224;37.3309;36.3456;32.812;34.1287;33.3349;30.9481;28.6555;25.1467;23.0627
23;44.6943;45;45.624;45.4235;45;48.0049;39.4621;38.0567;37.0193;37.4334;30.7938;27.3263;39.682;37.9675;34.1951;35.794;33.0729;32.4336;30.1044;24.7147;24.2541
24;46.0301;45;44.0867;46.8045;45;50.39;41.433;36.8018;37.8136;38.3014;31.7676;28.4924;42.0036;39.5966;35.7692;37.6881;33.1755;33.2601;31.5591;25.1164;25.3647
25;45.7258;45;44.639;46.6528;45;52.5633;43.4235;36.7222;37.1987;38.2608;32.7607;29.613;43.0951;41.1667;37.384;39.6209;34.1748;33.0416;33.0127;25.7357;25.4318
26;46.2871;45;47.1912;47.3109;45;52.8847;45.3568;37.8523;36.4245;38.4252;33.7594;30.6948;43.6106;42.6564;38.9869;41.515;35.3346;33.1257;33.9028;26.4401;24.9176
27;48.3923;45;49.6176;49.3984;45;51.599;47.2045;39.0314;36.8519;39.4;34.7326;31.731;45.0876;42.7568;40.5381;42.9243;36.5152;34.0685;34.2623;27.2097;25.1795
28;50.7581;45;51.9209;51.7132;45;52.1202;48.9487;40.1982;37.9602;40.7041;35.6558;32.7277;46.921;42.3114;42.0344;43.4569;37.6853;35.1667;35.049;28.0432;25.8546
29;53.0039;45;54.1074;53.9105;45;54.2966;50.6075;41.3086;39.1384;41.9971;36.5248;33.6869;48.7613;42.9049;42.8243;44.1128;38.7948;36.3049;36.2876;28.9127;26.5973
30;55.1357;45;56.183;55.9963;45;56.3626;52.2011;42.3448;40.3451;43.2416;37.3081;34.611;50.5604;43.7477;42.649;45.4184;39.8088;37.4623;37.5797;29.7743;27.3676
31;57.1593;45;58.1532;57.9762;45;58.3196;53.7339;43.2999;41.5655;44.4516;37.9767;35.5036;52.3048;44.5845;42.8675;46.8369;40.7276;38.6152;38.8379;30.6062;28.1607
32;59.0803;45;59.5564;59.8572;45;59.6352;55.2084;44.1782;42.79;45.6334;38.5364;36.3648;53.9918;44.9963;43.9102;48.2678;41.5595;39.7465;40.0289;31.3993;28.9642
33;60.9182;45;60;61.6739;45;60;56.6232;44.7991;44.0318;46.7866;38.1712;37.1855;55.6224;45;45.1597;49.6821;42.3123;40.8532;41.1695;32.134;29.7754
34;62.7207;44.9863;60;63.4739;44.7146;60;57.9663;45;45.3238;47.9099;36.8245;37.9552;56.2246;45;46.5259;51.0627;42.9885;41.957;42.2766;32.7905;30.5711
35;64.5207;43.1726;60;65.2739;42.6291;60;58.9564;45;46.6779;49.0029;36.0611;38.4454;56.4444;45;48.0025;52.4065;43.588;43.0994;43.2145;33.3699;31.3497
36;66.3207;39.5726;60;66.2997;39.0437;60;59.1025;45;48.0922;50.0664;36.0939;38.0151;57.5423;44.0863;49.5737;53.714;43.079;43.2546;43.499;33.8791;32.1121
37;67.6104;37.3363;60;66.1072;37.0792;60;59.0547;44.086;49.5567;51.1071;36.234;37.1628;58.9779;41.3725;51.2109;55.0037;42.1705;43.1237;43.7036;34.326;32.8551
38;67.6919;36.9;60;65.4244;36.9;60;59.938;41.372;51.0789;52.164;36.366;37.2017;60.5592;38.2337;52.9114;55.9538;42.1317;43.9819;44.4385;34.7162;33.5838
39;66.7014;36.9;60;64.6695;36.9;60;61.4468;38.1882;52.6558;53.2805;36.4802;37.9761;62.2392;36.8975;54.6613;56.379;41.3816;45.1899;45.2978;35.0521;33.9387
40;65.1454;36.9;60;63.8283;36.9;60;62.9599;36.8448;54.2714;54.4718;36.5709;38.8887;63.4961;36.9;55.8863;57.1161;38.9849;46.5389;46.1771;35.3362;33.6369
41;63.6358;36.9;60;63.1889;36.9;60;63.6545;36.8926;55.9203;55.7241;36.6446;39.9023;63.8058;36.9;56.1055;58.4324;37.1106;47.9886;47.092;35.571;33.5767
42;63;36.9;60;63;36.9;60;63.3032;36.9;57.5909;56.9806;36.7273;41.0094;63.4985;36.6059;55.8555;59.8392;36.8513;49.5161;48.0794;35.7697;34.1804
43;63;36.9;60;63;36.9;60;63;36.9;58.7815;58.1812;36.8368;42.2003;63.1414;36.0137;55.6507;61.1962;36.9;51.1001;49.155;35.9386;34.9658
44;63;36.9;60;63;36.9;60;63;36.9;59.1525;59.0954;36.9;43.4599;63;35.8686;55.5464;62.4266;36.9;52.7314;50.3116;35.2546;35.8478
45;63;36.9;60;63;36.9;60;63;36.9;59.2283;59.2534;36.9;44.7742;63;36.2811;55.5354;62.8475;36.9;54.4138;51.5131;34.2732;36.8174
46;63;36.9;60;63;36.9;60;63;36.9;59.2792;58.9945;36.9;46.1359;63;36.7203;55.5706;62.7999;36.7653;55.6933;52.713;34.0436;37.8675
47;63;36.9;60;63;36.8195;60;63;36.9;59.2667;59.239;36.9;47.5453;63;36.7383;55.6103;62.9561;36.3096;56.1766;53.865;34.083;38.9851
48;63;35.5098;60;63;34.9391;60;63;36.9;59.2543;59.9354;36.9;49.0042;63;36.4655;55.6499;63;36.0835;56.2908;54.9091;34.209;40.1588
49;63;32.3196;60;63;31.3391;60;63;36.9;59.242;60.6979;36.9;50.5104;63;36.496;55.6893;63;36.3952;56.4059;55.8191;34.4041;41.3779
50;63;28.7196;60;63;27.7391;60;63;36.3178;59.2298;61.5118;36.9;52.0653;63;34.8377;55.7286;63;36.6797;56.5256;56.4446;34.6846;42.6354
51;63;25.1196;60;63;24.1391;60;63;33.9357;59.2177;62.3641;36.9;53.6718;63;31.2377;55.7677;63;36.5921;56.6448;56.5723;35.0648;43.6079
52;63;21.5196;60;63;20.5391;59.9378;63;30.3357;59.2056;62.8983;36.9;55.3062;63;27.6377;55.8066;63;35.0155;56.7637;56.7378;35.552;44.1194
53;63;17.9245;60;63;16.9632;59.5781;63;26.7357;59.1847;63;36.9;56.9173;63;24.0377;55.8333;63;31.7938;56.8821;57.3048;36.1485;44.8892
54;63;14.9992;60;63;14.5699;58.9649;63;23.1357;59.1353;63;36.5811;58.4688;63;20.4377;55.83;63;28.1938;57.0002;57.9968;36.3651;46.1725
55;63;14.0568;60;63;14.1263;58.3169;63;19.5357;59.0432;63;34.4621;59.4502;63;16.9066;55.7866;63;24.5938;57.1177;58.7447;36.1139;47.6057
56;63;14.2723;60;63;14.3;57.6356;63;16.0155;58.9055;63;30.8621;59.8105;63;14.7238;55.6991;63;20.9938;57.219;59.5283;36.1923;49.1288
57;63;14.3;60;63;14.3;56.922;63;14.1979;58.7253;63;27.2621;59.9675;63;14.286;55.5707;63;17.4321;57.2852;60.3196;36.6301;50.3458
58;63;14.3;60;63;14.3;56.1861;63;14.2002;58.505;63;23.6621;59.9865;63;14.3;55.4045;63;14.9651;57.312;61.0596;36.6465;50.9819
59;63;14.3;60;63;14.3;55.4481;63;14.3;58.2453;63;20.0621;59.9865;63;14.3;55.201;63;14.2799;57.2946;61.7114;35.1183;51.3295
60;63;14.3;59.948;63;14.3;54.7184;63;14.3;57.9462;63;16.4956;59.9912;63;14.3;54.9544;63;14.3;57.2318;62.2687;31.9908;51.6249
61;63;13.1794;58.9293;63;12.6461;53.9971;63;14.3;57.6036;63;14.4524;59.9968;63;14.3;54.6656;62.7878;14.3;57.1276;62.7338;28.3908;51.9202
62;63;10.2587;56.7233;63;9.1922;53.2841;62.989;14.3;57.2192;63;14.2378;59.9743;62.4636;14.3;54.3409;62.3824;14.3;56.9834;62.972;24.7908;52.2153
63;62.2741;6.7042;53.9895;62.1022;5.6696;52.5793;62.3956;13.9195;56.7976;63;14.3;59.9054;61.402;12.6424;53.9813;62.2861;14.3;56.8003;63;21.1908;52.5102
64;60.6316;3.2576;50.8073;60.2771;2.255;50.8339;61.2616;11.739;56.3456;63;14.3;59.793;60.3777;9.1848;53.5805;62.152;14.3;56.5732;63;17.5983;52.8049
65;58.6555;0.7827;47.4152;58.2527;0.2814;47.6694;60.097;8.1401;55.8835;62.765;14.3;59.6384;59.4064;5.6624;53.1561;61.4145;13.0368;56.3017;63;15.0407;53.0907
66;56.319;0;44.0062;55.8329;0;44.1306;58.4014;4.6491;55.4246;61.9927;14.3;59.4406;58.4635;2.248;52.7333;60.4275;9.9737;55.9911;63;14.2878;53.3505
67;53.5018;0;40.5972;52.914;0;40.5919;56.0139;1.4785;54.9691;60.9459;14.1766;59.2006;57.5207;0.2779;52.3118;59.487;6.4277;55.6491;63;14.3;53.5672
68;50.33;0;37.1882;49.7736;0;37.0531;53.135;0;54.5168;59.9473;12.2532;58.9163;55.7354;0;51.8915;58.5678;2.9896;55.2957;63;14.3;53.7396
69;48.2992;0;33.7792;48.0645;0;33.5144;49.9077;0;53.3452;58.9713;8.6532;58.5876;52.8172;0;51.4722;57.2515;0.6487;54.9434;62.5191;14.3;53.876
70;47.9;0;30.3702;47.9;0;29.9756;48.0771;0;50.6743;57.3485;5.1467;58.2303;49.8237;0;51.054;54.9946;0;54.5923;61.5494;14.3;53.9751
71;47.9;0;26.9612;47.9;0;26.4369;47.9;0;47.22;54.7924;1.7482;57.8658;47.8677;0;49.8;51.9058;0;54.2422;60.5982;14.3;54.0295
72;47.9;0;23.5522;47.9;0;22.8982;47.9;0;43.7608;51.6706;0.0281;57.5032;47.3071;0;46.9884;49.083;0;53.5572;59.7039;12.9864;54.04
73;47.9;0;20.1432;47.9;0;19.3594;47.9;0;40.3015;48.8997;0;57.1424;47.607;0;43.4559;47.8747;0;51.3337;58.8426;9.8727;54.0141
74;47.9;0;16.7342;47.9;0;15.8207;47.9;0;36.8422;47.8652;0;55.7904;47.9;0;39.9233;47.4133;0;47.8419;57.9767;6.3298;53.9509
75;47.9;0;13.3252;47.9;0;12.2819;47.9;0;33.3829;47.9;0;53.0341;47.9;0;36.3907;47.1273;0;44.2847;56.2582;2.8947;53.8431
76;47.9;0;9.9162;47.9;0;8.7432;47.9;0;29.9236;47.9;0;49.702;47.9;0;32.8581;47.515;0;40.7275;53.4282;0.6013;53.6917
77;47.9;0;6.5627;47.9;0;5.2885;47.9;0;26.4643;47.9;0;46.1982;47.9;0;29.3255;47.851;0;37.1703;50.0907;0;53.5125
78;47.9;0;3.2828;47.9;0;1.9546;47.9;0;23.0051;47.9;0;42.6862;47.9;0;25.793;47.9;0;33.6131;48.0378;0;53.3235
79;47.9;0;0.8259;47.9;0;0.153;47.9;0;19.5458;47.9;0;39.1743;47.9;0;22.2604;47.9;0;30.0558;47.7982;0;53.1347
80;47.9;0;0;47.9;0;0;47.9;0;16.0865;47.8963;0;35.6624;47.9;0;18.7278;47.9;0;26.4986;47.861;0;52.946
81;47.9;0;0;47.9;0;0;47.9;0;12.6272;47.332;0;32.1505;47.9;0;15.1952;47.9;0;22.9414;47.9;0;52.7574
82;47.9;0;0;47.9;0;0;47.9;0;9.1712;46.1956;0;28.6385;47.8071;0;11.6626;47.9;0;19.3842;47.9;0;52.569
83;47.9;0;0;47.9;0;0;47.9;0;5.7868;45.8621;0;25.1266;47.3274;0;8.1323;47.9;0;15.827;47.9;0;51.3022
84;47.9;0;0;47.9;0;0;47.9;0;2.4706;46.3475;0;21.6147;46.9949;0;4.704;47.9;0;12.2697;47.8989;0;48.3412
85;47.9;0;0;47.9;0;0;47.9;0;0.4063;46.8721;0;18.1028;47.2149;0;1.5198;47.9;0;8.7125;47.881;0;44.7647
86;47.9;0;0;47.9;0;0;47.9;0;0;47.4669;0;14.5908;47.5772;0;0;47.9;0;5.241;47.8195;0;41.1881
87;47.5847;0;0;47.2409;0;0;47.9;0;0;47.8401;0;11.0789;47.8368;0;0;47.9;0;1.8953;47.7285;0;37.6116
88;45.4693;0;0;44.7819;0;0;47.8362;0;0;47.9;0;7.5958;47.9;0;0;47.9;0;0.1213;47.6379;0;34.035
89;41.8693;0;0;41.1819;0;0;45.9725;0;0;47.9;0;4.1994;47.9;0;0;47.5258;0;0;47.5907;0;30.4585
90;38.2693;0.9674;0;37.5819;1.5006;0;42.3725;0;0;47.9;0;1.265;46.3161;0;0;47.0625;0;0;47.6312;0;26.8819
91;34.6693;3.7347;0;33.9819;4.8013;0;38.7725;0;0;47.9;0;0;42.9322;0;0;47.0099;0;0;47.7551;0;23.3054
92;31.0693;7.3347;0;30.3819;8.4013;0;35.1725;0.2272;0;47.6868;0;0;39.3322;1.5044;0;45.3627;0;0;47.8679;0;19.7288
93;27.5847;10.9347;0;27.2409;12.0013;0;31.5725;2.2464;0;45.6737;0;0;35.7322;4.8087;0;41.879;0;0;47.9;0;16.1523
94;25.9;14.5347;0;25.9;15.3908;0;28.0315;5.7217;0;42.0737;0;0;32.1322;7.543;0;38.279;1.1099;0;47.9;0;12.5757
95;25.9;16.3153;0;25.9;16.6681;0;26.0953;8.6768;0;38.4737;0;0;28.5442;9.0538;0;34.679;4.0198;0;47.9;0;9.0122
96;25.9;15.8609;0;25.9;16.206;0;25.9;9.7166;0;34.8737;0;0;26.3281;11.4244;0;31.079;7.1975;0;47.9;0;5.5202
97;25.9;16.7206;0;25.9;17.8562;0;25.9;9.7212;0;31.2737;1.3834;0;25.9;14.8306;0;27.6341;8.6966;0;46.4681;0;2.0868
98;25.9;19.8153;0;25.9;21.4562;0;25.9;11.7128;0;27.6976;4.2449;0;25.9;16.3344;0;25.9024;10.4929;0;43.2362;0;0.185
99;25.9;23.4153;0;25.9;25.0503;0;25.9;15.268;0;25.9108;7.4889;0;25.9;17.7267;0;25.8578;13.9678;0;39.6362;0;0
100;25.9;26.9836;0;25.9;28.0999;0;25.9;18.868;0;25.9;10.8597;0;25.9;21.0271;0;25.9;15.7998;0;36.0362;0;0
101;25.9;28.4682;0;25.9;29.0466;0;25.9;21.5101;0;25.9;12.2331;0;25.9;24.2107;0;25.9;17.0709;0;32.4362;1.1604;0
102;25.9;27.7937;0;25.9;28.9021;0;25.9;22.0952;0;25.9;11.9346;0;25.9;25.5721;0;25.9;20.0757;0;28.8441;4.1207;0
103;25.9;28.9555;0;25.9;30.7394;0;25.9;22.4502;0;25.9;13.4551;0;25.9;26.7625;0;25.9;21.7058;0;26.476;7.239;0
104;25.9;32.1449;0;25.9;34.0007;0;25.9;24.4875;0;25.9;16.6001;0;25.9;29.4725;0;25.9;22.6672;0;25.9;8.7978;0
105;25.9;35.3357;0;25.9;36.2945;0;25.9;27.4029;0;25.9;19.5959;0;25.9;31.9972;0;25.9;25.206;0;25.9;9.2573;0
106;25.9;36.9448;0;25.9;37;0;25.9;30.3201;0;25.9;21.9348;0;25.9;33.06;0;25.9;27.2036;0;25.9;10.5499;0
107;25.9;37;0;25.9;37;0;25.9;33.0803;0;25.9;22.5982;0;25.9;34.1097;0;25.9;28.0229;0;25.9;12.6696;0
108;25.9;37;0;25.9;37;0;25.9;35.548;0;25.9;22.4207;0;25.9;36.0381;0;25.9;29.4267;0;25.9;13.9454;0
109;25.9;37;0;25.9;37;0;25.9;36.5032;0;25.9;23.4248;0;25.9;36.9065;0;25.9;31.7623;0;25.9;15.5466;0
110;25.6849;37;0;25.3411;37;0;25.9;36.269;0;25.9;25.3792;0;25.9;36.9303;0;25.9;33.3924;0;25.9;17.5984;0
111;23.6697;37;0;22.9823;37;0;25.9;36.607;0;25.9;27.4164;0;25.9;37;0;25.9;34.1126;0;25.9;18.5034;0
112;20.4802;37;0;20.0911;37;0;24.1364;37;0;25.9;29.4441;0;25.4403;37;0;25.9;35.3548;0;25.9;19.8588;0
113;19.0454;37;0;19;37;0;20.8806;37;0;25.9;31.4111;0;23.1806;37;0;25.9;36.6558;0;25.9;21.4776;0
114;19;37;0;19;37;0;19.1942;37;0;25.9;33.3167;0;20.1903;37;0;25.3639;37;0;25.9;22.1436;0
115;19;37;0;19;37;0;19;37;0;25.0111;35.1747;0;19;37;0;23.0277;37;0;25.9;23.2532;0
116;19;37;0;19;37;0;19;37;0;22.3221;36.1594;0;19;37;0;20.1139;37;0;25.9;25.144;0
117;19;37;0;19;37;0;19;37;0;19.7611;36.2055;0;19;37;0;19;37;0;25.9;25.9324;0
118;19;37;0;19;37;0;19;37;0;19;36.574;0;19;37;0;19;37;0;25.9;26.3377;0
119;19;37;0;19;37;0;19;37;0;19;36.9809;0;19;37;0;19;37;0;25.5923;27.7302;0
120;19;37;0;19;37;0;19;37;0;19;37;0;19;37;0;19;37;0;23.4847;29.4156;0
121;19;37;0;19;37;0;19;37;0;19;37;0;19;37;0;19;37;0;20.3423;31.1542;0
122;19;37;0;19;37;0;19;37;0;19;37;0;19;37;0;19;37;0;19;32.8216;0
123;19;37;0;19;37;0;19;37;0;19;37;0;19;37;0;19;37;0;19;33.6562;0
124;19;37.4688;0;19;38.2892;0;19;37;0;19;37;0;19;37;0;19;37;0;19;34.3469;0
125;19;39.357;0;19;40.9851;0;19;37;0;19;37;0;19;37;0;19;37;0;19;35.8325;0
126;19;42.1528;0;19;43.1932;0;19;37;0;19;37;0;19;37.2775;0;19;37;0;19;36.8321;0
127;19;43.7646;0;19;43.9973;0;19;37.1022;0;19;37;0;19;37.9832;0;19;37;0;19;37;0
128;19;44;0;19;44;0;19;38.5188;0;19;37;0;19;39.5009;0;19;37;0;19;37;0
129;19;44;0;19;44;0;19;41.2331;0;19;37;0;19;41.961;0;19;37.3465;0;19;37;0
130;19;44;0;19;44;0;19;43.3165;0;19;37;0;19;43.6658;0;19;38.1037;0;19;37;0
131;19;44;0;19;44;0;19;44;0;19;37;0;19;44;0;19;39.5616;0;19;37;0
132;19;44;0;19;44;0;19;44;0;19;37.0081;0;19;44;0;19;41.8205;0;19;37;0
133;19;44;0;19;44;0;19;44;0;19;37.9772;0;19;44;0;19;43.5162;0;19;37;0
134;19;44;0;19;44;0;19;44;0;19;40.1158;0;19;44;0;19;44;0;19;37;0
135;19;44;0;19;44;0;19;44;0;19;42.4252;0;19;44;0;19;44;0;19;37;0
136;19;44;0;19;44;0;19;44;0;19;43.7784;0;19;44;0;19;44;0;19;37;0
137;19;44;0;19;44;0;19;44;0;19;44;0;19;44;0;19;44;0;19;37;0
138;19;44;0;19;43.2487;0;19;44;0;19;44;0;19;44;0;19;44;0;19;37;0
139;19;42.3112;0.8885;19;40.6974;1.6329;19;44;0;19;44;0;19;44;0;19;44;0;19;37.4272;0
140;19;38.8224;3.577;19;37.0974;5.0659;19;44;0;19;44;0;19;44;0;19;44;0;19;38.3793;0
141;19;35.2224;7.177;18.7046;33.4974;8.6659;19;44;0;19;44;0;19;42.848;0;19;44;0;19;39.8003;0
142;17.2484;31.8134;10.777;16.6093;30.8487;12.2659;19;42.8613;0;19;44;0;19;39.8959;0;19;44;0;19;41.6614;0
143;13.6967;30.1022;14.377;13.0093;30;15.5226;17.4999;39.9226;0;19;44;0;18.8038;36.2959;0;19;44;0;19;43.3023;0
144;10.0967;30;16.3554;9.4093;30;16.8104;14.1999;36.3226;0;19;44;0;16.8076;32.6991;0;19;42.6625;0;19;43.9892;0
145;6.5575;30;16.2472;5.8858;30.6382;16.8025;10.5999;32.7226;1.359;19;44;0;13.2076;30.4512;0.1563;18.3416;39.5249;0;19;44;0
146;3.1006;31.5595;17.2183;2.4447;32.884;18.7636;7.0491;30.4613;4.4092;18.3746;44;0;9.6076;30;2.1125;15.8833;35.9249;0;19;44;0
147;0.6916;34.6896;20.2759;0.3636;36.0274;22.3636;3.5807;30;7.9004;15.9492;43.0041;0;6.0795;30;5.7125;12.2833;32.3352;0;19;44;0
148;0;37.751;23.8759;0;39.0205;25.9509;0.9316;30;9.7927;12.3492;40.2082;0;2.6339;30.3179;8.0249;8.6939;30.2728;1.6679;19;44;0
149;0;40.6563;27.4333;0;41.8612;28.869;0;30.4811;9.7822;8.7583;36.6082;0;0.4582;31.0463;9.4681;5.187;30;5.1359;19;44;0
150;0;43.4141;29.1257;0;44.558;29.8526;0;31.9034;11.2476;5.2499;33.0082;0.3475;0;32.6986;12.1812;1.752;30;7.7491;18.9558;44;0
151;0;45.0475;28.8128;0;47.118;30.1277;0;32.8172;14.6159;1.8148;30.6041;2.2673;0;35.2603;15.1199;0.0172;30.3065;9.2623;17.1117;44;0
152;0;44.7979;30.0365;0;49.4213;32.1856;0;32.9231;18.2159;0.0486;30;5.3804;0;37.827;16.6344;0;31.0377;11.7622;13.5117;44;0
153;0;44.7156;33.1198;0;50.0013;35.3739;0;34.3894;21.6292;0;30;8.7212;0;40.1848;18.6832;0;32.5047;15.0157;9.9117;44;0
154;0;46.4377;36.261;0;49.1941;38.4005;0;36.8607;23.1445;0;30.2446;11.6021;0;42.2619;22.174;0;34.6103;16.6546;6.3767;42.2291;0
155;0;48.9023;39.2429;0;50.0146;41.2736;0;38.0441;23.1328;0;30.9232;12.6002;0;44.1042;24.0101;0;36.6697;18.521;2.9241;38.6581;0
156;0;51.0013;42.0735;0;51.5328;44.0009;0;37.6722;24.8744;0;31.3787;13.1353;0;45.815;25.165;0;38.5566;21.5038;0.6033;35.0581;0
157;0;51.9;44.7495;0;51.9;45.9932;0;37.6682;28.1467;0;31.8808;15.3998;0;47.4582;27.912;0;40.216;23.0446;0;31.6291;0
158;0;51.9;45.7857;0;51.9;46.4774;0;38.8452;31.2863;0;33.3245;18.6826;0;48.4946;31.1489;0;41.6823;24.7155;0;30;1.606
159;0;51.9;45.2486;0;51.9;46.7115;0;40.4267;34.2159;0;35.1207;21.7102;0;48.744;32.6941;0;43.0474;27.6404;0;30;5.0119
160;0;51.9;46.2425;0;51.9;48.3407;0;42.075;36.9064;0;36.6566;23.0297;0;49.4783;33.6127;0;44.3762;29.3158;0;30.0782;7.6828
161;0;51.9;48.717;0;51.9;50.7094;0;43.7306;38.441;0;37.9234;22.9197;0;50.974;35.9059;0;45.6952;30.3152;0;30.3751;9.3019
162;0;51.9;51.066;0;51.9;52.9578;0;45.3626;38.5913;0;38.4976;23.9918;0;51.4448;38.5436;0;46.9293;32.3834;0;31.0648;10.0032
163;0;51.9;53.2958;0;51.9;55.0921;0;46.967;39.2577;0;38.1052;26.2567;0;51.4091;41.1419;0;47.2375;34.3824;0;32.2684;11.4195
164;0;51.9;55.4126;0;51.9;57.1181;0;48.5273;41.1045;0;37.7444;28.5498;0;51.793;42.8752;0;47.4003;35.3357;0;33.7021;12.9187
165;0;51.9;57.4219;0;51.9;59.0401;0;49.9958;43.2391;0;38.2349;30.7716;0;51.9;43.6739;0;48.4336;36.496;0;35.0305;14.3509
166;0;51.9;59.2002;0;51.9;59.9878;0;51.0539;45.288;0;39.1898;32.8799;0;51.9;44.926;0;49.6112;38.515;0;36.203;17.0221
167;0;51.9;60;0;51.9;60;0;50.9325;47.2101;0;40.2171;34.8736;0;51.9;46.812;0;50.7063;40.6166;0;37.2073;18.4134
168;0;51.9;60;0;51.9;60;0;50.0889;48.9986;0;41.2723;36.7513;0;51.9;48.721;0;51.5629;42.6301;0;38.0809;19.7154
169;0;51.9;60;0;51.9;60;0;49.8576;50.6531;0;42.3406;37.9083;0;51.9;50.539;0;51.9;43.5649;0;38.8955;21.8654
170;0;51.9;60;0;51.9;60;0;50.1731;52.1785;0;43.3949;38.0837;0;51.9;52.2368;0;51.9;43.9888;0;39.7028;22.9629
171;0;51.9;60;0;51.9;60;0;50.492;53.574;0;44.39;38.4091;0;51.9;53.8079;0;51.9;45.1533;0;40.5278;24.0728
172;1.0752;51.9;60;1.419;51.9;60;0;50.7647;54.8194;0;45.2921;39.5052;0;51.9;55.2389;0;51.9;46.5561;0;41.3748;26.1258
173;3.9505;51.9;59.8884;4.6379;51.9;58.9845;0.8237;51.0265;55.8643;0;46.09;40.9013;0;51.9;56.479;0;51.4864;47.9312;0;42.2346;27.3956
174;7.5505;51.9;58.7247;8.2379;51.9;56.7298;3.3431;51.3233;56.6827;0;46.7659;42.2612;1.3198;51.3677;57.4934;0;50.6619;49.2317;0;43.0988;28.0961
175;11.1505;51.9;56.4605;11.8379;51.9;55.2453;6.8182;51.6688;57.2779;0;47.3011;43.5411;4.4396;50.7939;58.2847;0;50.2552;50.4302;0;43.4046;29.4915
176;13.9752;51.9;55.1242;14.319;51.9;55;9.1985;51.8742;57.6543;0;47.6938;44.7344;7.3794;50.8781;58.856;1.782;50.3784;51.4691;0;43.346;31.2811
177;15;51.9;55;15;51.9;55;9.5972;51.9;57.8334;1.3625;47.9637;45.839;8.9095;51.1666;59.2241;5.3639;50.6668;52.3154;0;43.6905;33.0482
178;15;51.9;55;15;51.9;55;10.325;51.9;57.8329;4.206;48.1429;46.8526;11.0801;51.5005;59.3996;7.7998;51.044;52.9617;0;44.2378;34.0187
179;15;51.9;55;15;51.9;55;12.8617;51.9;57.6928;7.4484;48.2845;47.7619;13.9232;51.7856;59.4153;9.1797;51.4755;53.4132;0;44.7391;34.5438
180;15;51.9;55;15;51.9;55;14.7343;51.9;57.4597;10.8425;48.4259;48.5233;14.7884;51.8998;59.3199;11.7238;51.7995;53.6799;0;45.1391;35.662
181;15;51.9;55;15;51.9;55;15;51.9;57.1474;12.2836;48.6186;49.1018;14.7954;51.9;58.7511;14.2156;51.9;53.7687;1.1678;45.4214;37.0691
182;15;51.9;55;15;51.9;55;15;51.9;56.3512;12.0084;48.9001;49.5028;15;51.9;57.0437;14.8404;51.9;53.6956;4.1355;45.5832;38.4541
183;15;51.9;55;15;51.9;55;15;51.9;55.1986;13.3636;49.2564;49.7291;15;51.9;55.1721;14.8867;51.9;53.4936;7.2454;45.6281;39.7605
184;15;51.9;55.0817;15;51.9;55.3476;15;51.9;54.4161;14.9011;49.6771;49.7841;15;51.9;54.2929;15;51.9;53.2007;8.8062;45.5831;40.9775
185;15;51.9;56.1745;15;51.9;56.3965;15;51.9;53.9117;15;50.133;49.6825;15;51.8324;53.8909;15;51.9;52.8276;9.3037;45.4988;42.1046
186;15;51.9;58.1452;15;51.9;57.8415;15;51.9;53.4144;15;50.6035;49.4318;15;51.3528;53.5299;15;51.8563;52.3776;10.6484;45.4101;43.1423
187;15;51.9;59.5524;15;51.9;59.2182;15;51.9;52.9379;15;51.0787;49.0569;15;50.607;53.1849;15;51.3728;51.8522;12.778;45.3556;44.0892
188;15;51.9;60;15;51.9;59.9256;15;51.9;52.4976;15;51.5376;48.5953;15;50.0047;52.8701;15;50.4581;51.2538;14.0643;45.3816;44.9439
189;15;51.9;60;15;51.7423;60;15;51.9;52.0906;15;51.5233;48.0634;15;49.5147;52.5836;15;49.5571;50.6035;14.6595;45.4933;45.6836
190;15;51.9;60;15;51.3364;60;15;51.6089;51.6995;15;50.8008;47.4672;15;49.1098;52.3075;15;48.7785;49.9463;15;45.6814;46.2673
191;15;51.9;60;15;50.8783;60;15;51.0414;51.3246;15;50.0864;46.8093;15;48.7588;52.0418;15;48.1441;49.3053;14.8084;45.9323;46.6729
192;15;51.9;60;15;50.4974;60;15;50.5334;50.9803;15;49.9249;46.0909;15;48.4523;51.8022;15;47.6363;48.6908;14.8084;46.2176;46.9081
193;15;51.9;60;15;50.2007;60;15;50.1017;50.6675;15;50.1254;45.3128;15;48.2024;51.5896;15;47.2325;48.1117;15;46.5257;46.9857
194;15;51.8726;60;15;49.9946;60;15;49.7199;50.3701;15;50.4298;44.489;15;48.0078;51.3869;15;46.9084;47.5528;15;46.8484;46.9036
195;15;51.5229;60;15;49.8722;60;15;49.389;50.0844;15;50.613;43.6588;15;47.8733;51.1911;15;46.6288;46.9965;15;47.1719;46.6711
196;15;50.9227;60;15;49.6946;60;15;49.1188;49.8097;15;50.2507;42.847;15;47.8102;51.0021;15;46.3931;46.4416;15;47.4953;46.3068
197;15;49.5032;60;15;47.7587;60;15;48.9073;49.5491;15;49.5819;42.0544;15;47.8269;50.8248;15;46.2137;45.9041;15;47.8311;45.8291
198;15;46.5614;60;15;44.1587;60;15;48.7647;49.3355;15;49.049;41.2964;15;47.9285;50.6974;15;46.0863;45.3858;15;48.1859;45.2694
199;15;42.9614;60;15;40.5699;60;15;48.7006;49.2228;15;48.6231;40.57;15;48.1173;50.6819;15;46.0159;44.8707;15;48.5442;44.6508
200;15;39.6035;60;15;38.3905;60;15;48.7199;49.2417;15;48.2792;39.8501;15;48.3875;50.7988;15;46.0135;44.3558;15;48.9122;43.9782
201;15;38.0228;60;15;38;60;15;48.829;49.3824;15;47.9824;39.1312;15;48.2718;51.0327;15;46.0892;43.841;15;49.3205;43.2522
202;15;38;60;15;38;60;15;49.0224;49.6296;15;47.7324;38.4132;15;46.2022;51.3824;15;46.2458;43.3262;15;49.796;42.4743
203;15;38;60;14.77;38;60;15;49.17;49.9864;15;47.5418;37.704;15;42.6022;51.8416;15;46.4861;42.8191;15;50.1743;41.6467
204;13.3137;38;60;12.74;38;60;15;47.4018;50.4446;15;47.4049;37.0155;15;39.4011;52.4069;15;46.8093;42.3564;15;50.0757;40.775
205;9.8274;38;60;9.14;38;60;15;43.8018;50.998;15;47.3298;35.6204;15;38;53.0715;15;47.2014;41.9859;15;49.6616;39.8825
206;6.293;38;60;5.6222;38;60;13.3175;40.2232;51.6402;15;47.3279;33.3392;14.0155;38;53.8259;15;46.3917;41.7284;15;49.3231;39.0016
207;2.8458;38;60;2.1917;38;60;9.835;38.2223;52.3662;15;47.405;32.0003;11.2311;38;54.6746;15;43.5712;41.5807;15;49.0706;38.1461
208;0.5665;38;60;0.2395;38;60;6.3004;38;53.1865;15;47.5674;31.8699;7.6626;38;55.6259;13.6062;40.0834;41.5352;15;48.8723;37.3148
209;0;38;60;0;38;60;2.853;38;54.103;13.9157;47.8169;31.8398;4.1814;38;56.1539;10.4124;38.1979;41.5891;15;48.7214;36.5118
210;0;38;60;0;38;60;0.5701;38;55.107;11.1075;48.145;31.8114;1.2343;38;56.0749;6.8638;38;41.7425;15;48.6254;35.7311
211;0;38;60;0;38;60;0;38;56.1895;7.6927;48.0393;31.7845;0;38;56.4432;3.4025;38;41.9953;15;48.586;34.9554
212;0;38;60;0;37.059;60;0;38;57.3156;4.3506;45.9512;31.7716;0;38;57.4712;0.8449;38;42.3451;15;48.6095;34.179
213;0;36.2309;60;0;34.318;60;0;38;58.4146;1.3497;42.3512;31.8025;0;38;58.5928;0;38;42.7906;15;48.7031;33.402
214;0;32.6619;60;0;30.718;60;0;38;59.4232;0;39.2756;31.901;0;38;59.2465;0;38;43.3295;13.343;48.8796;32.6242
215;0;29.0619;60;0;27.118;60;0;38;59.5143;0;38;32.0727;0;38;59.2322;0;38;43.9645;9.886;49.1461;31.8536
216;0;25.4619;60;0;23.518;60;0;38;58.7661;0;38;32.3131;0;37.6328;59.4262;0;38;44.7044;6.3502;49.4999;31.1025
217;0;22.0695;60;0;20.859;60;0;38;58.8224;0;38;32.6169;0;35.4657;59.8616;0;38;45.5572;2.9016;49.9397;30.3627
218;0;20.2386;60;0;20;60;0;38;59.621;0;38;32.9789;0;31.8657;60;0;38;46.5191;0.5944;48.7257;29.6218
219;0;20;60;0;20;60;0;36.4277;60;0;38;33.3957;0;28.2657;60;0;38;47.5801;0;45.4704;28.8797
220;0;20;60;0;20;60;0;33.0553;60;0;38;33.8655;0;24.6657;60;0;38;48.7312;0;41.8704;27.5827
221;0;20;60;0;20;60;0;29.4553;60;0;38;34.3869;0;21.4328;60;0;36.4221;49.9174;0;39.0352;26.0226
222;0;20;60;0;20;60;0;25.8553;60;0;38;34.9582;0;20;59.9961;0;33.0442;51.0812;0;38;25.1795
223;0;20;60;0;20;59.7082;0;22.3958;60;0;38;35.5752;0;20;59.9373;0;29.4442;52.2136;0;38;24.8154
224;0;20;59.4004;0;20;58.3267;0;20.3682;59.9881;0;38;36.2322;0;20;59.7471;0;25.8442;53.3153;0;38;24.5095
225;0;20;57.6483;0;20;55.9231;0;20;59.8992;0;38;36.9195;0;20;59.3976;0;22.3866;54.3869;0;38;24.2093
226;0;20;55.1061;0;20;53.0296;0;20;59.6663;0;37.5109;37.6261;0;20;58.8862;0;20.3645;55.4122;0;38;23.9223
227;0;20;52.0533;0;20;49.7372;0;20;59.267;0;35.2218;38.3525;0;20;58.1905;0;20;56.3459;0;38;23.667
228;1.2046;20;48.6605;1.5483;20;46.3112;0;20;58.7048;0;31.6218;38.3553;0;20;56.6269;0;20;57.1665;0;38;23.4625
229;4.2092;20;45.2012;4.8967;20;42.8851;0;20;58.0102;0;28.0218;37.5152;0;20;54.9722;0;20;57.871;0;38;23.325
230;7.8092;20;41.7419;8.4967;20;39.4591;1.2008;20;57.2245;0;24.4218;37.2561;0.5028;20;54.1207;0;20;58.4441;0;38;23.2469
231;11.4092;20;38.2827;12.0967;20;36.0331;4.0419;20;56.375;0;21.3109;37.9031;2.8056;20;53.3864;0;20;58.8753;0;38;23.2278
232;15.0092;20;34.8234;15.4086;20;32.6071;7.4821;20;55.4651;0;20;38.831;6.4056;20;52.6296;0.9121;20;59.147;0;38;23.2729
233;16.3473;20;31.3641;16.4436;20;29.1811;10.3213;20;53.6185;0.2078;20;39.8537;8.067;20;51.8412;3.6242;20;59.2527;0;37.5438;23.3676
234;15.3101;19.3979;27.9048;15.7217;18.426;25.7551;10.9342;20;50.8662;1.6691;20;40.909;9.302;20;51.034;6.9972;20;59.1943;0;35.2876;23.5186
235;16.2876;16.9959;24.4456;17.2769;15.0521;22.3291;10.7481;20;49.3628;4.2269;20;41.957;12.4755;20;50.2556;8.3043;20;58.972;0;31.6876;23.7331
236;19.6404;13.3959;20.9863;20.7307;11.4521;18.9031;12.6522;20;49.0858;7.2085;20;42.9856;14.912;20;49.5711;9.6153;20;58.5975;0;28.0876;23.9967
237;22.2202;9.7959;17.527;22.6922;7.8617;15.477;16.116;20;48.8569;10.6657;20;43.9909;15.9528;20;49.0196;12.9922;20;58.0717;0;24.4876;24.3191
238;23;6.2552;14.0678;23;4.3793;12.051;19.716;20;48.7632;12.5437;20;44.973;17.9363;18.9998;48.6101;14.9421;20;57.4085;1.1753;21.3438;24.7071
239;23;2.8225;10.6085;23;1.3436;8.625;22.044;20;48.8091;12.2457;20;45.932;21.0467;16.1997;48.3393;15.9529;20;56.6586;4.1506;20;25.1481
240;23;0.5652;7.1926;23;0;5.2793;22.1687;19.5947;47.6555;12.9092;20;46.8455;22.2887;12.5997;46.5184;18.4975;20;55.8568;7.1984;20;25.6497
241;23;0;3.8514;23;0;2.045;22.3795;17.3893;44.6445;15.3617;20;47.6737;22.4997;8.9997;43.0495;21.1157;20;55.0116;8.5061;20;26.216
242;23;0;1.0983;23;0;0.2217;22.9967;13.7893;41.0501;18.1536;20;48.4047;23;5.4829;39.5466;22.0413;19.5891;54.1448;9.6636;20;26.8381
243;23;0;0;23;0;0;23;10.1893;37.4557;20.7882;20;49.0426;22.7845;2.074;36.0437;22.5162;17.3782;53.2736;10.8636;20;27.5155
244;23;0;0;23;0;0;23;6.6369;33.8613;21.8118;20;49.5737;22.5842;0.191;32.5408;23;13.7782;52.4171;12.4941;20;28.2559
245;23;0;0;23;0;0;23;3.1923;30.2669;21.2387;20;49.9875;22.7998;0;29.0379;22.7063;10.1782;51.6296;13.8781;20;29.0603
246;23;0;0;23;0;0;23;0.7501;26.6725;21.5541;20;50.2774;23;0;25.535;22.6441;6.6261;50.9789;14.6396;20;29.917
247;23;0;0;23;0;0;23;0;23.0781;22.6151;20;50.4318;23;0;22.0321;22.9378;3.1819;49.5013;16.8224;20;30.8134
248;23;0;0;23;0;0;23;0;19.4837;23;18.8779;50.4487;23;0;18.5292;22.7431;0.7449;47.1437;17.8267;20;31.744
249;23;0;0;23;0;0;23;0;15.8893;23;15.9558;50.3244;23;0;15.0263;22.5915;0;44.8926;18.3249;20;32.7092
250;23;0;0;23;0;0;23;0;12.2949;23;12.3558;50.0657;23;0;11.5235;22.8484;0;42.7798;20.1662;20;33.5009
251;22.1412;0;0;21.7924;0;0;23;0;8.7177;23;8.7558;49.6792;23;0;8.0206;23;0;40.7906;21.5852;20;33.5467
252;19.5953;0;0;18.8597;0;0;23;0;5.2151;23;5.2463;49.1654;23;0;4.6234;23;0;38.4189;22.0006;20;33.6118
253;16.2213;0;0;15.4096;0;0;23;0;1.7698;23;1.8447;48.5344;23;0;1.4889;23;0;35.265;22.5326;20;34.4135
254;12.8472;0;0;11.9594;0;0;21.9145;0;0.0235;23;0.0763;47.7954;22.4044;0;0;23;0;31.7719;22.999;20;35.4004
255;9.4732;0;0;8.5093;0;0;19.029;0;0;23;0;46.9844;20.0088;0;0;23;0;28.2788;22.7038;18.9108;36.4131
256;6.1587;0;0;5.1467;0;0;15.429;0;0;23;0;46.137;16.4088;0;0;22.1915;0;24.7857;22.6236;16.0216;37.4261
257;2.9286;0;0;1.8837;0;0;11.829;0;0;23;0;45.2564;12.8088;0;0;19.5829;0;21.2926;22.9198;12.4216;38.4247
258;0.663;0;0;0.1291;0;0;8.2542;0;0;22.0897;0;44.3465;9.213;0;0;15.9829;0;17.7995;22.7441;8.8216;39.3981
259;0;0;0;0;0;0;4.7566;0;0;19.3795;0;43.4264;5.6944;0;0;12.3829;0;14.3064;22.5493;5.3101;40.3442
260;0;0;0;0;0;0;1.5169;0;0;15.7795;0;42.5056;2.2488;0;0;8.7963;0;10.8133;22.7412;1.9066;41.2632
261;0;0;0;0;0;0;0;0;0;12.1795;0;41.5929;0.263;0;0;5.2868;0;7.3334;22.936;0.1073;42.1409
262;0;0;0;0;0;0;0;0;0;8.5972;0;40.7113;0;0;0;1.8412;0;3.9685;23;0;42.9443
263;0;0;0;0;0;0;0;0;0;5.0921;0;39.9016;0;0;0;0.0592;0;1.1684;22.5753;0;43.6544
264;0;0;0;0;0;0;0;0;0;1.6846;0;39.1985;0;0;0;0;0;0;20.3506;0;44.2744
265;0;0;0;0;0;0;0;0;0;0;0;38.6054;0;0;0;0;0;0;16.7506;0;44.8051
266;0;0;0;0;0;0;0;0;0;0;0;38.1208;0;0;0;0;0;0;13.1506;0;45.2342
267;0;0;0;0;0;0;0;0;0;0;0;37.7436;0;0;0;0;0;0;9.5506;0;45.5495
268;0;0;0;0;0;0;0;0;0;0;0;37.4728;0;0;0;0;0;0;6.0247;0;45.7485
269;0;0;0;0;0.3706;0;0;0;0;0;0;37.3077;0;0;0;0;0;0;2.5759;0;45.8262
270;0;1.1987;0;0;2.5413;0;0;0;0;0;0;37.2479;0;0;0;0;0;0;0.4266;0;45.7771
271;0;4.1975;0;0;6.1413;0;0;0;0;0;0;37.2935;0;0;0;0;0;0;0;0;45.6003
272;0;7.7975;0;0;9.7413;0;0;0;0;0;0;35.897;0;0;0;0;0;0;0;0;45.3031
273;0;11.3975;0;0;13.3413;0;0;0;0;0;0;32.6659;0;0;0;0;0;0;0;0;44.8925
274;0;14.9975;0;0;16.0845;0;0;0;0;0;0;29.0948;0;1.5968;0;0;0;0;0;0;44.3706
275;0;16.7704;0;0;17.0428;0;0;0;0;0;0;25.5238;0;4.9937;0;0;0;0;0;0;43.7402
276;0;16.6211;0;0;17.9148;0;0;1.002;0;0;0;21.9528;0;7.7771;0;0;0;0;0;0;43.0092
277;0;18.15;0;0;20.5718;0;0;3.7269;0;0;0;18.3817;0;9.5012;0;0;0;0;0;0;42.1986
278;1.0553;21.6012;0;1.6571;24.1704;0;0;7.2499;0;0;0;14.8107;0;12.0418;0;0;1.0076;0;0;0;41.3404
279;3.9107;25.1978;0;5.1141;27.5351;0;0;9.6546;0;0;0;11.2397;0;15.3852;0;0;3.8151;0;0;0;40.4567
280;7.5107;28.5803;0;8.7141;29.0312;0;0.2151;10.3476;0;0;0;7.702;0;17.2155;0;0;7.152;0;0;0;39.551
281;11.1107;29.964;0;12.3141;29.0686;0;2.2239;11.7186;0;0;0;4.2454;1.5252;19.1564;0;0;9.0252;0;0;0;38.6248
282;14.7107;29.7;0;15.5191;30.8458;0;5.6929;14.8013;0;0;0;1.2704;4.8505;22.6104;0;0;11.0675;0;0;0;37.6957
283;16.3925;31.2963;0;16.6354;34.1013;0;8.6443;18.4013;0;0;0;0;7.5444;24.8969;0;1.7382;14.5735;0;0;0;36.7661
284;15.8831;34.5287;0;16.4284;37.1917;0;9.6723;21.3273;0;0.0289;1.5871;0;9.01;26.3251;0;5.2763;16.7654;0;0;0;35.825
285;16.9094;37.5974;0;18.3102;40.1256;0;9.6469;22.5047;0;1.4377;4.7792;0;11.3774;28.9226;0;7.7339;18.5304;0;0;0;34.8803
286;20.1269;40.5106;0;21.9102;42.9107;0;11.6207;23.2837;0;4.2607;8.1795;0;14.766;31.7046;0;9.1123;21.034;0;0;0;33.9498
287;23.7269;43.2761;0;25.5008;45.2705;0;15.1716;25.6844;0;7.4536;10.7649;0;16.3035;33.095;0;11.6333;22.6869;0;0;0;33.0736
288;27.289;45.6491;0;28.3953;46.2595;0;18.7716;29.0221;0;10.7523;11.6622;0;17.7905;34.557;0;14.7938;24.8035;0;0;0;32.2848
289;28.7629;46.5597;0;29.3061;46.5272;0;21.4537;32.2351;0;12.0747;12.7721;0;21.133;37.1453;0;16.2763;27.9563;0;0;0;31.587
290;28.1946;46.595;0;29.5341;48.0325;0;22.1386;35.2132;0;11.8409;15.5306;0;23.3511;39.9079;0;18.0549;29.5671;0;1.3543;0;30.9765
291;29.5677;47.9704;0;31.6062;50.4165;0;22.6141;37.2582;0;13.4318;19.0343;0;24.4502;42.1081;0;20.9037;30.6643;0;4.5086;1.6859;30.4506
292;32.8388;50.3575;0;34.8239;52.6796;0;24.807;37.8428;0;16.6308;21.9487;0;26.6403;43.2288;0;22.277;33.0265;0;7.3974;5.1376;30.0128
293;35.9929;52.6235;0;37.8785;54.8278;0;27.9113;38.3961;0;19.7084;23.1857;0;29.7688;44.5569;0;23.8562;34.971;0;8.9042;7.8177;29.6623
294;38.9872;54.7745;0;40.7781;56.867;0;31.0019;40.1298;0;22.0787;23.6175;0;32.4904;46.7824;0;26.7404;35.9758;0;9.3415;9.452;29.395
295;41.8297;56.8164;0;43.5305;58.8027;0;33.9222;42.4808;0;22.8188;25.1667;0;33.7647;49.1629;0;28.3307;37.4371;0;10.6402;11.8655;29.2114
296;44.5281;58.7546;0;45.6182;60.6496;0;36.6527;44.8754;0;22.8636;27.5687;0;35.0863;51.4865;0;29.277;39.6581;0;12.7741;15.0341;29.1085
297;46.3114;60.6034;0;46.4522;62.4539;0;38.4391;47.2348;0;24.1175;29.9525;0;37.6087;53.2871;0;31.3947;41.8659;0;14.0391;16.8208;29.0864
298;46.7875;62.4083;0;47.1584;64.2539;0;38.8909;49.5398;0;26.2984;32.2294;0;40.3577;54.3478;0;33.4147;43.051;0;15.8692;18.4971;29.1496
299;47.3973;64.2083;0;47.8889;66.0539;0;39.6122;51.7877;0;28.5444;34.3839;0;42.6516;55.7058;0;34.4281;43.9429;0;17.1313;20.9713;29.296
300;48;66.0083;0;47.7414;67.8539;0;41.5992;53.9651;0;30.7515;36.4169;0;43.9213;57.6433;0;35.7311;45.7148;0;18.0312;22.3797;29.5248
301;46.9019;67.8083;0;45.6828;68.9941;0;44.1357;55.947;0;32.887;37.9664;0;45.4098;59.0131;0;37.9492;47.7422;0;20.3504;23.7703;27.9857
302;44.0039;68.8269;0.6054;42.0828;69.2372;1.5509;46.5408;57.0508;0;34.9523;38.5462;0;47.2732;60.2617;0;40.3417;49.8145;0;22.0284;26.0218;24.519
303;40.4039;68.7733;3.0108;38.4828;69.2335;4.9017;47.8285;57.5917;0;36.9499;38.9003;0;48;62.0134;0;42.2823;51.8936;0;22.8466;27.3966;20.9352
304;36.8039;69.2557;6.6108;34.8856;69.227;8.5017;47.7419;58.8825;0;38.0734;40.1006;0;47.332;63.606;0;43.4759;53.8984;0;24.2902;28.2219;17.3514
305;33.5019;70.4552;10.2108;32.5442;68.9202;12.1017;45.6838;60.7269;0;38.323;41.8763;0;44.864;64.8431;0;45.0009;55.206;0;26.2361;29.788;13.7676
306;32;70.5158;13.8108;32;68.1875;15.4073;42.0838;62.5308;0;39.2553;43.6955;0;41.264;66.1274;0;47.0246;56.4483;0;27.1698;31.7026;10.1837
307;32;69.2261;15.9266;32;67.2264;16.4109;38.4838;64.3308;0;41.1024;45.5057;0;37.664;67.0848;0;46.8999;58.3035;0;27.9541;33.2522;6.6533
308;32;67.5206;15.6415;32;66.159;15.6438;34.9168;66.1308;0;43.1839;47.308;0;34.1094;67.3044;0;44.0153;59.9205;0;29.6587;34.0504;3.2159
309;32.1689;66.1103;15.7904;31.7254;65.6133;17.1786;32.5749;67.7782;0;45.307;49.0958;0;32.1774;67.475;0;40.4153;61.3101;0;31.5649;34.9826;0.7585
310;33.9276;65.6;18.3401;30.9383;65.6;20.7786;32;68.5256;0;46.1102;50.8967;0;32;67.5462;0;36.8153;62.9384;0;33.3009;36.5386;0
311;36.7588;65.6;21.9401;31.1481;65.6;24.3765;32;68.5256;0;44.0495;52.7486;0;32;67.2291;0;33.5077;64.7159;0;34.2567;38.2323;0
312;38;65.6;25.5315;33.472;65.6;27.3849;32;68.4738;0;40.4495;54.6777;0;32;66.6753;0;32;66.3812;0;35.197;39.9571;0
313;38;65.6;28.5137;36.4049;65.6;28.2333;31.9606;68.1772;0;36.8495;56.3782;0;31.9538;65.902;0.1678;32;67.425;0;36.9078;41.6684;0
314;38;65.6;29.2353;37.868;65.6;28.0283;31.7797;67.5853;1.7754;33.5248;57.555;0;31.7773;65.2576;2.1356;32;67.6951;0;38.8495;43.0564;0
315;38;65.6;28.8025;38;65.6;29.8807;31.1123;66.7771;5.1783;32;58.7165;0;32.345;64.7687;5.7356;32.0055;67.6466;0;40.8562;43.9047;0
316;38;65.6;30.5178;38;65.6;33.1856;29.9507;65.9579;8.6058;32;60.3208;0;33.8031;64.4177;7.7551;31.8074;67.4383;0;42.7062;44.9257;0
317;38;65.6;33.7903;38;65.6;36.323;29.5304;65.6;10.6807;32;62.1277;0;35.2729;64.6465;8.89;31.6207;67.0334;0;43.9487;46.4328;0
318;38;65.6;36.897;38;65.6;39.3014;30.1225;65.6;10.4644;32.0062;63.8628;0;36.6463;65.2545;11.6054;32.1367;66.3989;0;43.9699;48.0745;0
319;36.8316;65.6;39.8461;36.7547;65.6;42.1286;29.7264;65.6;10.8435;31.9479;65.4177;0;37.6549;65.5831;14.4456;33.1229;65.6658;0;41.7867;49.8171;0
320;33.8633;65.6;42.6457;33.7095;65.6;44.8124;28.0883;65.6;13.4009;31.3771;66.7645;0;38;65.6;15.6732;34.0426;65.2208;0;38.1867;51.6594;0
321;30.8816;65.6;45.3032;30.8047;65.6;47.3601;28.1094;65.6;16.8881;30.9248;67.6568;0;38;65.6;17.6121;34.8638;64.8024;0;34.5966;53.6119;0
322;29.7;65.6;46.4046;29.7;65.6;48.451;29.8669;65.6;20.4609;31.4671;67.8618;0;38;65.6;20.2537;35.6155;64.4454;0;32.4033;55.4015;0
323;29.7;65.6;45.8289;29.7;65.6;48.0428;31.5647;65.6;22.231;32.3542;67.5655;0;36.4076;65.5996;21.4235;36.3359;64.6328;0.5109;32;56.868;0
324;29.7;65.6;46.4606;29.7;65.6;48.8198;33.1807;65.6;21.8884;33.0838;66.978;0;33.0153;65.5769;23.3683;37.0663;65.1082;2.8184;32;58.4957;0
325;29.7;65.6;48.6814;29.7;65.6;51.0011;34.4557;65.6;22.7339;33.6982;66.1672;0;30.3769;65.498;26.7252;37.7198;65.4853;6.4106;32;60.3436;0
326;29.7;65.6;51.0326;29.7;65.6;53.2346;33.1616;65.6;25.3331;34.2382;65.6538;0;29.2548;65.4134;28.1386;36.4864;65.6;7.9997;32.094;62.0643;0
327;29.7;65.6;53.2646;29.7;65.6;55.3549;30.5408;65.5991;28.1702;34.7436;65.6;0;28.6246;65.4568;28.9263;33.1727;65.6;8.944;31.9015;63.5821;0
328;29.7;65.6;55.3833;29.7;65.6;57.3675;29.7;65.592;30.9268;35.2523;65.6;0;28.4297;65.4916;31.3813;30.3879;65.573;11.879;31.4977;64.8876;0
329;29.7;65.6;57.3944;29.7;65.6;59.1386;29.7;65.5929;33.4919;35.7752;65.6;0;28.8066;65.1535;33.2426;29.5515;65.4398;14.2994;31.4974;66.0295;0
330;29.7;65.6;59.1427;29.7;65.6;59.9648;29.7;65.6;35.861;34.6524;65.6;0;29.2798;64.9704;33.9056;29.7;65.1628;15.3146;31.7019;67.0244;0
331;29.7;65.6;59.9558;29.7;65.6;59.9589;29.7;65.6;37.4201;31.4878;65.6;0;29.6137;65.2983;35.1173;29.7;64.8153;17.3627;31.8293;67.3885;0
332;29.7;65.6;60;29.7;65.6;59.8394;29.7;65.6;37.5195;29.7046;65.6;0;29.7;65.5539;37.2646;29.7;64.5433;20.4752;31.8738;67.0362;0
333;29.7;65.6;60;29.7;65.6;59.7017;29.7;65.6;37.4151;29.7;65.6;0;29.7;65.6;39.488;29.7;64.4871;21.7155;31.8664;66.4043;0
334;29.7;65.7632;60;29.7;64.6994;59.676;29.7;65.6;38.4751;29.7;65.5935;0;29.7;65.6;41.6374;29.7;64.7091;22.6939;31.8405;65.7664;0
335;29.7;66.7728;60;29.7;62.7736;59.7959;29.7;65.6;40.2284;29.7;65.4994;0;29.7;65.5962;42.965;29.7;65.1761;25.2707;31.8302;65.5207;0
336;29.7;67.8096;60;29.7;62.4321;59.8882;29.7;65.6;42.0899;29.7;65.2342;0;29.7;65.1813;43.4717;29.7;65.5302;26.9134;31.8651;65.5699;0
337;29.7;68;60;29.7;64.0158;59.894;29.7;65.6;44.012;29.7;64.8343;0;29.7;64.4481;44.5864;29.7;65.6;27.5585;31.9592;65.6;0
338;29.7;68;60;29.7;65.8158;59.894;29.7;65.6;45.974;29.7;64.4176;0;29.7;64.0299;46.5008;29.7;65.6;29.0372;32.1162;65.6;0
339;29.7;68;60;29.7;67.3382;59.894;29.7;65.6;47.9879;29.7;64.1379;0;29.7;63.8039;48.6426;29.7;65.6;31.2307;30.8985;65.6;0
340;29.7;68;60;29.7;67.9803;59.894;29.7;65.5993;50.0829;29.7;64.1121;0;29.7;63.4932;50.8923;29.7;65.6;33.1059;29.3829;65.6;0
341;29.7;68;60;29.7;68;59.94;29.7;65.5596;52.2532;29.7;64.3637;0;29.7;63.1161;52.5447;29.7;65.5976;33.7403;29.2633;65.6;0
342;29.7;68;60;29.7;68;59.986;29.7;65.4116;54.3719;29.7;64.8195;0.2711;29.7;62.7504;53.6573;29.7;65.549;34.2804;29.4759;65.5792;0
343;29.7;68;60;29.7;68;59.986;29.7;65.1613;55.6289;29.7;65.3229;1.7385;29.7;62.4911;55.2825;29.7;65.3691;35.8064;29.6522;65.4448;0
344;29.7;68;60;29.7;68;59.986;29.7;64.8873;56.1906;29.7;65.5811;4.1828;29.7;62.4072;57.1826;29.7;65.0132;37.5403;29.7;65.1218;0
345;29.7;68;60;29.7;68;59.986;29.7;64.6874;57.4555;29.7;65.6;7.0433;29.7;62.5127;58.3197;29.7;64.4967;39.2853;29.7;64.6454;0
346;29.7;68;60;29.7;68;59.986;29.7;64.646;58.8592;29.7;65.6;10.4344;29.7;62.7849;58.7199;29.7;63.8785;41.0312;29.7;64.1189;0
347;29.7;68;60;29.7;68;59.986;29.7;64.8006;59.4092;29.7;65.6;12.1658;29.7;63.1778;59.0196;29.7;63.2409;42.5044;29.7;63.6937;0
348;29.7;68;60;29.7;68;59.986;29.7;65.1379;59.6494;29.7;65.5731;11.6912;29.7;63.6368;59.4395;29.7;62.6782;43.1384;29.7;63.5018;0
349;29.7;68;60;29.7;68;59.985;29.7;65.6043;59.8029;29.7;65.4334;12.3702;29.7;64.1382;59.7932;29.7;62.2751;43.8739;29.7;63.5903;0
350;29.7;68;60;29.7;68;59.9543;29.7;66.1388;59.8029;29.7;65.1122;14.857;29.7;64.6984;59.8894;29.7;62.0631;45.4886;29.7;63.9134;0
351;29.7;68;60;29.7;68;59.87;29.7;66.7122;59.8029;29.7;64.6159;17.6731;29.7;65.3319;59.8894;29.7;62.0287;47.4193;29.7;64.3489;0
352;29.7;68;60;29.7;68;59.7951;29.7;67.3359;59.8029;29.7;63.9828;20.3956;29.7;66.0476;59.8894;29.3774;62.1332;49.5101;29.7;64.7873;0
353;29.7;68;60;29.7;68;59.8131;29.7;67.8313;59.8029;29.7;63.2809;22.1805;29.7;66.85;59.8894;28.7014;62.3209;51.6995;29.7;65.1537;0
354;29.7;68;60;29.7;67.7761;59.8963;29.7;68;59.8029;29.7;62.5986;22.3757;29.7;67.631;59.8894;28.4238;62.5581;53.2737;29.7;65.4057;0
355;29.7;67.8309;60;29.7;67.0031;59.9412;29.7;68;59.8029;29.7;62.0297;22.3316;29.7;67.7476;59.8894;28.6326;62.846;54.4832;29.7;65.5371;0
356;29.7;66.7781;60;29.7;65.8873;59.9412;29.7;68;59.8029;29.7;61.6414;23.4763;29.7;67.6439;59.8894;28.9137;63.1995;56.2049;29.7;65.5264;0
357;29.7;65.4472;60;29.7;65.1603;59.9412;29.7;68;59.8029;29.7;61.4465;25.3145;29.7;67.8842;59.8894;29.2199;63.6314;57.8524;29.7;65.3479;0
358;29.7;65;60;29.7;65;59.9698;29.7;68;59.8029;29.7;61.4214;27.2217;29.7;67.677;59.8894;29.5391;64.1468;58.6906;29.7;64.9885;0
359;29.7;65;60;29.7;65;59.9161;29.7;68;59.8029;29.7;61.5196;29.0933;29.7;67.077;59.8894;29.7;64.7394;59.1136;29.7;64.4497;0
360;29.7;65;60;29.7;65;59.6249;29.7;68;59.8029;29.7;61.6843;30.8801;29.7;66.4975;59.8894;29.7;65.3886;59.5693;29.7;63.7559;0
361;29.7;65;60;29.7;65;59.0716;29.7;67.7992;59.8029;29.7;61.8894;32.5726;29.7;65.9102;59.8894;29.7;66.0695;59.767;29.7;62.9693;0
362;29.7;65;60;29.7;65;58.2561;29.7;67.2201;59.8154;29.7;62.1497;34.1726;29.7;65.2801;59.8894;29.7;66.7606;59.767;29.7;62.1699;0
363;29.7;65;60;29.7;65;57.1963;29.7;66.4549;59.9108;29.7;62.4773;35.6857;29.7;64.974;59.8894;29.7;67.3834;59.767;29.7;61.4516;0
364;29.7;65;60;29.7;65;55.8899;29.7;65.6488;59.9938;29.7;62.8767;37.1054;29.7;65;59.8894;29.7;67.4477;59.767;29.7;60.8921;0
365;29.7;65;59.5918;29.7;65;54.9744;29.7;65.1148;59.9938;29.7;63.354;38.3541;29.7;65;59.8894;29.7;66.9783;59.767;29.7;60.5168;0
366;29.5297;65;58.0698;30.1051;65;54.8883;29.7;65;59.9938;29.7;63.8982;38.6682;29.7;65;59.8894;29.7;66.4636;59.767;29.7;60.3204;0
367;28.6288;65;55.978;32.0968;65;55;29.7;65;59.9938;29.7;64.4897;38.2768;29.7;65;59.8894;29.7;65.9264;59.767;29.7;60.2694;0
368;27.6887;65;55;35.2396;65;55;29.7;65;59.9938;29.7;65.1021;38.7706;29.7;65;59.8894;29.7;65.3337;59.767;29.7;60.3067;0
369;29.1924;65;55.1903;38.2729;65;55.6273;29.7;65;59.9938;29.7;65.7124;40.1347;29.7;65;59.8894;29.7;64.9729;59.767;29.7;60.3946;0.9754
370;32.5321;65;56.3861;41.1524;65.3389;57.2379;29.7;65;59.9938;29.7;66.3362;41.6612;29.7897;65;59.8894;29.7;64.9624;59.767;29.7;60.5296;3.7447
371;35.7026;65.8523;58.3461;43.6883;66.5779;59.0301;29.7;65;59.9938;29.7;66.9801;43.3168;29.4533;65;59.8894;29.7;65;59.767;29.7;60.725;7.0089
372;38.7123;67.2473;59.6503;44.9109;67.6389;59.9195;30.0846;65;59.9938;29.7;67.1242;45.0898;29.2878;65;59.8894;29.7;65;59.767;29.7;60.9927;8.2371
373;41.5694;67.795;60;45;67.8;60;31.4952;65;59.9938;29.7;66.6305;46.9639;30.304;65;59.8983;29.7209;65;59.767;29.7;61.3412;9.3101
374;43.936;67.8;60;45;67.8;60;33.4648;65;59.971;29.7;65.9782;48.9217;31.9073;65;59.8952;29.3216;65;59.8481;29.7;61.7717;10.483
375;44.9556;67.8;60;45;67.8;60;35.2897;65;59.8035;29.7;65.3196;50.9593;33.6413;65;59.7323;28.9461;65;59.9597;29.7;62.2586;11.8458
376;45;67.8;60;45;67.8;60;36.9947;65;59.3657;29.7;65;53.0145;35.4487;65.034;59.2943;29.4876;65;59.9903;29.7;62.783;13.4043
377;45;67.8;60;45;67.8;60;38.0072;65;58.6493;30.2371;65;54.9837;37.3178;65.1223;58.5738;30.5661;65;59.9903;29.7;63.3232;14.1854
378;45;67.8;60;45;67.8;60;37.6594;65.1232;57.6692;31.3348;65;56.6898;39.2068;65.0896;57.5758;31.7667;65;59.9903;29.7;63.8654;16.2289
379;45;67.8;60;45;67.8;60;37.1562;65.7232;56.4271;32.4236;65;57.5411;41.0617;65.4102;56.3359;33.0337;65;59.9903;29.7;64.4237;17.4812
380;45;67.8;60;45;67.8;60;37.8872;66.7297;55.037;33.4705;65;57.8255;42.8441;66.3634;55.038;34.3608;65;59.9903;29.7;65.0023;18.096
381;45;67.8;60;45;67.8;60;39.3277;67.5297;54.3415;34.5038;65;58.2583;44.3295;67.3445;54.3493;35.7469;65;59.9903;29.7;65.5928;19.8906
382;45;67.8;60;45;67.8;60;40.8179;67.8;54.5405;35.5337;65;58.7904;44.7879;67.7444;53.8087;37.1838;64.9944;59.9903;29.7;65.9504;21.568
383;45;67.8;60;45.1349;67.8;60;42.297;67.8;54.9525;36.561;65;59.391;44.4378;67.7383;53.2864;38.6299;64.8204;59.9903;29.7;65.7297;22.1737
384;45.0161;67.8;60;46.5318;67.8;60;43.7372;67.8;55.4802;37.5679;65;59.8066;44.5636;67.7675;53.5957;40.0345;64.9141;59.9903;29.7002;65.1898;23.0623
385;45.3622;67.8;60;47.9791;67.8;60;44.7228;67.8;56.1777;38.1001;65;59.9065;44.7588;67.7675;54.4504;41.3819;65.569;59.981;29.8828;64.9547;24.8164
386;45.1838;67.8;60;47.7467;67.8;60;45;67.8;57.0656;37.6889;65;59.9065;44.3437;67.7675;55.5451;42.6726;66.33;59.8488;30.2698;64.9889;25.5503
387;45.0981;67.8;60;47.8728;67.8;60;45;67.8;58.1556;37.1524;65;59.9065;44.0957;67.7675;56.8508;43.0242;66.6351;59.4642;30.6862;65;25.7657
388;46.7718;67.8;60;48.7083;67.8;60;45;67.8;59.3389;37.4174;65;59.9065;44.2596;67.7675;58.3753;42.8615;66.5874;58.8067;31.1308;65;26.8405
389;48.5114;67.8;60;49;67.8;60;45;67.8;59.964;38.1654;65.1751;59.9065;44.5298;67.7675;59.5957;43.4094;66.7711;57.8693;31.6203;65;28.2481
390;49;67.8;60;49;67.8;60;45.0095;67.8;60;38.9604;65.6547;59.9065;44.8653;67.7675;60;44.3163;67.188;56.6731;32.1605;65;29.6924
391;49;67.8;60;49;67.8;60;45.7034;67.8;60;39.7604;66.2892;59.9065;45.2648;67.7642;60;44.492;67.4368;55.3347;32.7553;65;31.1045
392;49;67.8;60;49;67.8;60;47.1205;67.8;60;40.5608;66.9847;59.9065;45.6653;67.6629;60;44.1933;67.4368;54.4138;33.4051;65;32.4588
393;49;67.8;60;49;67.8;60;48.4131;67.8;60;41.3581;67.5751;59.9065;45.5702;67.3359;60;44.4634;67.4368;54.2551;34.1058;65;33.3228
394;49;67.8;60;48.7729;67.8;60;48.6076;67.8;60;42.1442;67.7102;59.9065;45.6385;66.7937;60;45.0803;67.4368;54.4855;34.8459;65;33.5151
395;49;67.8;60;46.7457;67.8;60;47.9022;67.8;60;42.9264;67.6287;59.9065;46.5126;66.1378;60;45.8062;67.6119;54.8787;35.6017;65;34.014
396;47.8252;67.8;60;43.1457;67.8;60;47.8699;67.8;60;43.7275;67.6516;59.9065;47.6012;65.4528;60;46.5725;67.7871;55.4555;36.3586;64.7519;35.1454
397;44.8503;67.8;60;39.5457;67.8;60;48.5888;67.8;60;44.5583;67.6661;59.9065;48.5825;64.7618;60;47.3618;67.7804;56.228;37.1156;64.4048;36.4452
398;41.2503;67.8;60;35.9457;67.5466;60;49;67.8;60;45.4215;67.6661;59.9065;49;64.189;60;48.1634;67.6755;57.206;37.8648;64.4231;37.8416
399;37.6503;67.4875;60;33.0729;66.7592;60;49;67.8;60;46.3036;67.6661;59.9065;49;63.9823;60;48.6991;67.358;58.4051;38.5966;64.7258;39.324
400;34.058;66.4841;60;32;65.677;60;49;67.8;60;47.1899;67.6661;59.9065;48.8317;64;60;48.6265;66.8484;59.3482;39.3081;64.7574;40.9011
401;32.1328;65.1287;60;32;64.5644;60;49;67.8;60;48.0695;67.6661;59.9065;46.8634;64;60;48.5943;66.2504;59.8166;39.9993;64.4298;42.5452
402;32;64.2321;60;32;64;60;47.6364;67.8;60;48.6489;67.6661;59.9065;43.2634;64;60;48.8579;65.6359;60;40.6707;64.1336;43.6073
403;32;64;60;32;64;60;44.4728;67.8;60;48.4686;67.6874;59.9065;39.6634;64;60;48.9386;65.0109;60;41.3236;64.0031;44.5682
404;32;64;60;32;64;60;40.8728;67.7929;60;47.9782;67.6895;59.9065;36.0634;64;60;48.3829;64.3545;60;41.9749;63.9975;46.2315
405;32;64;60;32;64;60;37.2728;67.3961;60;48.0909;67.501;59.9504;33.1317;64;60;46.0347;63.952;60;42.6462;64;48.1476
406;32;64;60;32;64;60;33.7364;66.6379;60;48.6773;67.0525;59.9491;32;64;60;42.4347;63.9439;60;43.3461;64;50.0706
407;32;64;60;32;64;60;32;65.9008;60;48.9924;66.4392;59.7282;32;64;60;38.8347;64;60;43.4282;64;51.9031
408;32;64;60;32;64;60;32;65.1437;60;47.4898;65.7636;59.231;32;63.9548;60;35.2347;64;60;43.2476;64;53.6415
409;32;64;60;32;64;60;32;64.3871;60;44.1796;65.0809;58.4575;32;63.7201;60;32.7174;64;60;43.6322;64;55.301
410;32;64.4605;60;32;64.8354;60;32;64.0095;60;40.5796;64.386;57.4219;32;63.6726;60;32;64;60;44.2397;64;56.4251
411;32;65.8209;60;32;66.5707;60;32;64;60;36.9796;64.0162;56.1331;32;63.9074;60;32;64;60;44.8788;64;57.0953
412;32;67.6105;60;32;68.2071;60;32;64;60;33.5898;64;55.214;32;64;60;32;64;60;45.5218;64;57.8489
413;32;68.75;60;32;68.9718;60;32;64;60;32;64;55;32;64;60;32;64;60;46.2009;64;58.6659
414;32;69;60;32;69;60;32;64;60;32;64;55;32;64;60;32;63.8907;60;46.9756;64;59.4578
415;32;69;60;31.0165;69;60;32;64;60;32;64;55.0657;32;64;60;32;63.662;60;47.8844;64;59.8279
416;31.2453;69;60;28.233;69;60;32;64;60;32;64;55.3056;32;64.0218;60;32;63.6637;60;48.6851;64;59.8279
417;28.6905;69;60;24.633;68.825;60;32;64;60;32;64;55.7394;32;64.3279;60;32;63.8922;60;48.1634;64;59.8279
418;25.0905;69;60;21.033;68.299;60;32;64.5109;60;32;64;56.3542;32;64.5517;60;32;63.9997;60;45.5326;64;59.8279
419;21.4905;69;60;18.1171;67.6217;60;32;65.6811;60;32;64;57.1494;32;64.9701;60;32;64;60;41.9326;64;59.8279
420;18.351;68.6627;60;17.0006;66.9735;60;32;67.0102;60;32;64;58.1274;32;66.0239;60;32;64;60;38.3326;64;59.8279
421;17.0058;67.8334;60;17;66.3197;60;32;67.7623;60;32;64;58.9335;30.7462;66.5096;60;32;64;60;34.7326;64;59.8279
422;17;66.8198;60;17;65.6116;60;31.0565;67.627;60;32;64;59.3351;27.6925;66.2696;60;32;64.081;60;32.4663;63.7484;59.8279
423;17;65.7408;60;17;64.815;60;28.3131;67.1931;60;32;64;59.7344;24.0925;65.9708;60;32;64.2945;60;32;63.5033;59.8279
424;17;64.6093;60;17;64.1974;60;24.7131;66.7634;60;32;64;60;20.4925;65.6933;60;31.8375;64.4925;60;32;63.6369;59.8279
425;17;64.0177;60;17;64;60;21.1131;66.3547;60;32;64;60;17.8462;65.4549;60;29.8749;65.0057;60;32;63.8798;59.8279
426;17;64;60;17;64;60;18.158;65.9848;60;32;64;60;17;65.2582;60;26.2749;65.4666;60;32;63.9978;59.8279
427;17;64;60;17;64;60;17.0015;65.6582;60;32;64;60;17;65.0875;60;22.6749;65.3681;60;32;64;59.8279
428;17;64;60;17;64;60;17;65.3611;60;30.9099;64;60;17;64.9164;60;19.0749;65.145;60;32;64;59.8279
429;17;64;60;17;64;60;17;65.0693;60;28.0198;64.2472;60;17;64.6955;60;17.1375;64.929;60;32;64;59.8279
430;17;64;60;17;64;60;17;64.7328;60;24.4198;64.9383;60;17;64.379;60;17;64.7379;60;32;64;59.8279
431;17;64;60;17;63.5788;60;17;64.3055;60;20.8198;65.8439;60;17;63.9638;60;17;64.5847;60;32;64;59.8279
432;17;64;60;17;62.6977;60;17;64.034;60;18.0099;66.4613;60;17;63.4538;60;17;64.4716;60;32;64;59.8279
433;17;63.8181;60;17;61.8871;60;17;64;60;17;66.4661;60;17;62.8113;60;17;64.3804;60;32;64;59.8279
434;17;63.2114;60;17;61.2916;60;17;64;60;17;66.1679;60;17;61.9963;60;17;64.2799;60;32;64;59.8279
435;17;62.4417;60;17;60.8999;60;17;63.7419;60;17;65.874;60;16.943;61.0292;60;17;64.1201;60;32;63.8322;59.904
436;17;61.1957;60;17;60.4034;60;17;62.9082;60;17;65.5939;60;16.5664;59.9837;60;17;64.0081;60;32;63.6842;59.9707
437;17;59.2945;60;17;59.0287;60;17;61.7468;60;17;65.3461;60;16.6234;58.9691;60;17;63.9995;60;31.6116;63.8374;59.8383
438;17;57.0901;60;17;56.7684;60;17;60.6216;60;17;65.1391;60;17;58.0746;60;17;63.736;60;29.4231;63.9326;59.4562
439;17;54.4319;60;17;54.0435;60;17;59.6305;60;17;64.9675;60;17;57.349;60;16.7816;63.1282;60;25.8231;63.7679;58.7928
440;17;51.2447;60;15.7247;50.8015;60;17;58.8188;60;17;64.8094;60;17;56.8075;60;16.5174;62.3509;60;22.2231;63.5324;57.8468
441;15.9535;47.8279;60;12.6495;47.5684;60;17;58.1979;60;17;64.6255;60;17;56.4636;60;16.7359;61.426;60;18.7256;63.3357;56.6574
442;13.1071;46.0723;60;9.0495;46.0438;60;17;57.7851;60;17;64.3642;60;17;56.3216;60;17;60.4408;60;17.014;63.1833;55.3989
443;9.5071;46;60;5.5341;46.0448;60;17;57.5792;60;17;64.0417;60;17;56.374;60;17;59.5089;60;17;63.0711;54.7167
444;5.9808;46.9454;60;2.1036;47.2349;60;17;57.5696;60;17;63.8294;60;17;56.602;60;17;58.7122;60;17;62.978;54.6193
445;2.5396;49.0864;60;0.1943;49.5632;60;17;57.7336;60;17;63.4575;60;17;56.9701;60;17;58.0943;60;17;62.8876;54.6269
446;0.4123;51.417;60;0;51.8694;60;17;57.9519;60;17;62.721;60;15.5442;56.7103;60;17;57.668;60;17;62.8078;54.7765
447;0;53.6294;60;0;54.0585;60;15.7648;56.8211;60;17;61.8195;60;12.2885;54.8172;60;17;57.4447;60;17;62.7559;55.1048
448;0;55.7295;60;0;56.1366;60;12.7296;54.109;60;17;60.8001;60;8.6966;51.6898;60;17;57.4305;60;17;62.7411;55.624
449;0;57.7231;60;0;58.1092;60;9.1296;50.8762;60;17;59.7669;60;5.1897;48.3569;60;16.6438;57.6083;60;17;62.7646;56.3405
450;0;59.6154;60;0;59.9838;60;5.6123;47.5972;60;17;58.8239;60;1.7596;46.3666;60;14.4876;57.9567;60;17;62.807;56.8002
451;0;61.4374;60;0;61.7977;60;2.1799;46.0342;60;17;58.0393;60;0.0223;46;60;10.8876;57.7608;60;17;62.8359;57.2363
452;0;63.2378;60;0;63.5977;60;0.2324;46.0483;60;17;57.4417;60;0;46.4105;60;7.3288;56.0485;60;16.7366;62.8027;58.2801
453;0;65.0378;60;0;65.3977;60;0;46.6749;60;15.6181;57.0375;60;0;47.2037;60;3.855;53.1741;60;16.3879;62.6702;59.4515
454;0;66.8378;60;0;67.1977;60;0;47.2347;60;12.4363;56.8404;60;0;47.7659;60;1.07;49.81;60;16.5547;62.442;59.9827
455;0;68.6378;60;0;68.8217;60;0;47.2423;60;8.8409;56.845;60;0;48.6389;60;0;47.0087;60;16.9034;62.1067;60
456;0;70.4378;60;0;69.2503;60;0;48.2486;60;5.3306;57.0358;60;0;50.1306;60;0;46;60;17;61.6296;60
457;0;71.6689;60;0;68.7888;60;0;50.1906;60;1.9005;57.3848;60;0;51.7432;60;0;46.066;60;17;60.9855;60
458;0;72;60;0;69.4381;60;0;52.077;60;0.0927;57.3176;60;0;53.3805;60;0;46.5888;60;17;60.1884;60
459;0;72;60;0;70.5095;60;0;53.9006;60;0;55.7087;60;0;55.0354;60;0;47.2178;60;17;59.3202;60
460;0;71.969;60;0;70.4047;60;0;55.6671;60;0;52.765;60;0;56.6838;60;0;47.6982;60;17;58.4909;60
461;0;71.362;60;0;69.7296;60;0;57.3423;60;0;49.3666;60;0;58.2893;60;0;48.6093;60;17;57.7919;60
462;0;70.2279;60;0;69.1105;60;0;58.883;60;0;46.7888;60;0;59.8427;60;0;49.8642;60;16.4686;57.2649;60
463;0;69.1087;60;0;68.4875;60;0;59.7214;60;0;46;60;0;61.3556;60;0;51.1752;60;14.1373;56.9239;60
464;0;68.2738;60;0;68.0846;60;0;59.6335;60;0;46.2125;60;0;62.8418;60;0;52.5051;60;10.5373;56.786;60
465;0;68;60;0;68;60;0;59.7826;60;0;46.7222;60;0;64.3016;60;0;53.8488;60;6.9867;56.8507;60
466;0;68;60;0;68;60;0;60.7703;60;0;46.9984;60;0;65.7198;60;0;55.1775;60;3.5212;57.1171;60
467;0;68;60;0;68;60;0;62.0566;60;0;47.2983;60;0;67.0873;60;0;56.4632;60;0.9031;57.5608;60
468;0;68;60;0;68;60;0;63.3193;60;0;48.3101;60;0;68.428;60;0;57.6975;60;0;58.0071;60
469;0;68;60;0;68;60;0;64.5607;60;0;49.6745;60;0;69.0254;60;0;58.8956;60;0;56.9796;60
470;0;68;60;0;68;60;0;65.8367;60;0;51.0034;60;0;68.8374;60;0;60.0826;60;0;54.2998;60
471;0;68;60;0;68;60;0;67.188;60;0;52.311;60;0;68.6055;60;0;61.2678;60;0;51.0949;60
472;0;68;60;0;68;60;0;68.1008;60;0;53.5912;60;0;68.3694;60;0;62.4363;60;0;47.8355;60
473;0;68;60;0;68;60;0;68.3184;60;0;54.8156;60;0;68.122;60;0;63.569;60;0;46.158;60
474;0;68;60.0179;0;68;60.3686;0;68.1135;60;0;55.9638;60;0;67.9974;60;0;64.6797;60;0;46;60
475;0;68;60.9359;0;68;61.6373;0;67.9543;60;0;57.024;60;0;68;60;0;65.8267;60;0;46.4379;60
476;0;68;62.7359;0;68;63.4373;0;68;60;0;58.015;60;0;68;60;0;67.0521;60;0;47.3892;60
477;0;68;64.5359;0;68;65.2373;0;68;60;0;58.9592;60;0;68;60;0;68.1174;60;0;48.3764;60
478;0;68;66.3359;0;68;67.0373;0;68;60;0;59.5168;60;0;68;60;0;68.4121;60;0;49.2973;60
479;0;68;68.0511;0;68;68.8373;0;68;60;0;59.4451;60;0;68;60;0;68.1089;60;0;50.192;60
480;0;68;68.2133;1.5961;68;70.6373;0;68;60;0;59.3944;60;0;68;60;0;67.8356;60;0;51.0873;60
481;1.3673;68;66.9811;4.9922;68;72.4373;0;68;60;0;59.9137;60;0;68;60;0;67.839;60;0;51.9909;60
482;4.5346;68.033;67.302;8.5922;68.0649;74.2373;0;68;60;0;60.7818;60;0;68;60;0;67.975;60;0;52.9101;60
483;8.1346;68.966;69.102;12.1922;69.0299;76.0373;0;68;60;0;61.7579;60;0;68;60;0;68;60;0;53.8191;60
484;11.7346;70.433;70.902;15.5044;70.4649;77.7319;0;68;60;0;62.8051;60;0;68;60;0;68;60;0;54.6856;60
485;15.2836;71;72.702;17.0201;71;77.9488;0;68;60;0;63.8753;60;0;68;60;0;68;60;0;55.5045;60
486;16.8572;71;74.502;17.3635;71;76.875;0;68;60;0;64.9196;60;1.7766;68;60;0;68;60;0;56.2839;60
487;16.649;71;76.302;19.2283;71;77.0645;1.556;68;60;0;65.8891;60;5.3532;68;60;0;67.7349;60;0;57.0465;60
488;18.3673;71;78.102;20.8766;71;78.6124;4.795;68;60.0319;0;66.7406;60;7.8299;68;60.0606;0;67.4787;60;0;57.8085;60
489;20.5592;71;79.902;21;71;80.3534;8.2779;68;60.5814;0;67.4412;60;9.5301;68;60.2647;0.677;67.7164;60;0;58.5689;60
490;21;71;81.702;21;71;82.1307;10.0617;68;61.7027;0;67.8745;60;12.3535;68;60.3373;3.154;67.9727;60;0;59.309;60
491;21;71;83.4905;21;71;83.8787;10.0411;68;62.8641;0;68;60;15.5296;68;60.6214;6.754;68;60;0;60.03;60
492;21;71;84.6895;21;71;84.8639;11.8321;68;63.9255;0;68;60;17.4543;68.5892;61.3903;8.5479;68;60;0;60.7737;60
493;21;71;85;21;71;85;15.4274;68.431;64.8773;1.3659;68;60;19.4079;69.9828;62.1921;10.1279;68;60;0;61.5923;60
494;21;71;85;21;71;85;18.7432;69.5001;65.7212;4.2488;68;60;20.9066;70.8936;62.9282;13.514;68;60;0;62.5034;60
495;21;71;85;21;71;85;20.49;70.5668;66.4885;7.5317;68;60;21;71;63.6079;16.0555;68;60;0;63.467;60
496;21;71;85;21;71;85;20.8604;70.9978;67.2236;10.9714;68;60;21;71;64.2699;17.7632;68;60;0;64.4349;60
497;21;71;85;21.0284;71;85;21;71;67.9441;12.6556;68;60;21;71;64.9309;19.8647;68;60;0;65.3547;60
498;21;71;85;22.6045;71;85;21;71;68.6498;12.8118;68;60;21;71;65.5906;21;68.3351;60;0;66.1769;60
499;22.4941;71;85;25.938;71;85;21;71;69.3404;14.7376;68;60;21;71;66.2491;21;69.5702;60.0346;0;66.8686;60
500;25.7763;71;85;28.4911;71;85;21;71;70.0158;18.2786;68;60;21;71;66.9062;21;70.7351;60.1771;0;67.3963;60
501;28.5707;71;85;29.3827;71;85;21;71;70.6761;20.5199;68;60;21;71;67.5619;21;71;60.1902;0;67.7412;60
502;29.5809;71;85;30.563;71;85;21;71;71.3218;21;68;60;21;71;68.2163;21;71;60.3434;0.8522;67.9289;60
503;30.2723;71;85;33.2271;71;85;21;71;71.953;21;68;60;21;71;68.8692;21;71;60.8865;3.5044;67.9951;60
504;32.5855;71;85;36.3619;71;85;21;71;72.57;21;68;60;21.7685;71;69.5207;21;71;61.4486;6.9697;67.6571;60
505;35.7539;71;85;38.4443;71;85;21.2991;71;73.1885;21;68;60;23.9409;71;70.175;21;71;61.9434;8.6931;67.2476;60
506;38.1458;71.2441;85;39;71.154;85;23.2257;71;73.8455;21;68.7519;60;26.8985;71;70.8632;21;71;62.3785;9.4653;67.3396;60
507;38.9974;72.3367;85;39;72.1315;85;26.6272;71;74.5609;21;70.1864;60;30.0401;71;71.6159;21.0099;71;62.7934;11.1323;67.6539;60
508;39;73.3426;85;39;73.2275;85;30.0914;71;75.3326;21;70.9345;60;33.2065;71;72.4369;21.9231;71;63.2079;12.7199;67.8897;60
509;39;73.5;85;39;73.5;85;33.3859;71;76.1603;21;71;60;36.3129;71;73.3263;24.037;71;63.6218;14.4029;67.9849;60
510;39;73.5;85;39;73.5;85;36.5031;71;77.0431;21;71;60;38.2261;71;74.2848;26.5653;71;64.035;16.812;68;60
511;39;73.5;85;38.6808;73.5;85;38.2954;71;77.9807;21.1954;71;60;38.8055;71;75.3129;29.2152;71;64.4477;18.696;68;60
512;39;73.5;85;36.5615;73.5;85;38.718;71;78.9726;22.1619;71;60;39;71;76.4114;31.8702;71;64.8596;20.1097;68;60
513;37.2274;73.5;85;32.9966;73.5;85;38.9305;71;80.0182;23.5622;71;60;39;71;77.5774;34.5191;71;65.271;21;68;60
514;33.6548;73.5;85;30.6158;73.5;85;39;71;81.1028;24.4274;71;60;39;71;78.8044;36.9889;71;65.6816;21;68;60
515;30.9274;73.5;85;30;73.5;85;39;71;82.1957;25.1943;71;60;39;71;80.064;38.3782;71;66.0916;21;68;60
516;30;73.5;85;30;73.5;85;39;71;83.1813;27.0397;71;60;39;71.1814;81.3312;38.8121;71;66.5009;21;68.3431;60
517;30;73.5;85;30;73.5;85;39;71.1394;83.5034;29.6946;71;60;38.9246;71.6729;82.6085;39;71;66.9275;21;69.5861;60
518;30;73.5;85;30;73.5;85;39;71.4457;83.3601;32.3061;71;60;37.0492;71.7641;83.8996;39;71;67.4057;21;70.7431;60
519;30;73.5;85;30;73.5;85;37.3833;71.2726;83.7981;34.7797;71;60;33.4492;71.7397;84.6355;39;71;67.9504;21;71;60
520;30;73.5;85;30;73.5;85;33.9666;70.7262;84.6301;37.1068;71;60.0466;30.8246;72.327;84.8611;39;71;68.5607;21;71;60
521;30;73.5;85;30;73.5;85;31.0833;70.9401;85;38.6158;71;60.4586;30;73.0812;85;38.6974;71;69.2371;21.2025;71;60
522;30;73.5;85;30;73.5;85;30;71.7775;85;39;71;61.2044;30;73.4714;85;36.5948;71.0776;69.9802;22.2399;71;60
523;30;73.5;85;30;73.5;85;30;72.6289;85;39;71;61.9222;30;73.5;85;33.0433;71.3752;70.7907;24.0076;71;60
524;30;73.5;85;30;73.5;85;30;73.2816;85;39;71;62.5482;30;73.5;85;30.6459;71.5249;71.6693;25.9203;71;60
525;30;73.5;85;30;73.5;85;30;73.5;85;39;71;63.0771;30;73.5;85;30;71.4266;72.6166;27.8881;71;60
526;30;73.5;85;30;73.5;85;30;73.5;85;37.9631;71;63.5121;30;73.5;85;30;71.6577;73.6326;29.8493;71;60
527;30;73.5;85;30;73.5;85;30;73.5;85;35.1262;71;63.8804;30;73.5;85;30;72.2128;74.6965;31.7981;71;60
528;30;73.5;85;30;73.5;85;30;73.5;85;31.6631;71;64.2252;30;73.5;85;30;72.835;75.7833;33.7523;71;60
529;30;73.5;85;30;73.5;85;30;73.5;85;30;71.0165;64.5652;30;73.5;85;30;73.3307;76.8942;35.7122;71;60
530;30;73.5;85;30;73.0907;85;30;73.5;85;30;71.1728;64.9006;30;73.5;85;30;73.5;78.0323;37.671;71;60
531;30;73.5;85;30;72.3834;85;30;73.5;85;30;71.1803;65.2313;30;73.5;85;30;73.5;79.193;38.823;71;60
532;30;73.3962;85;30;71.9432;85;30;73.5;85;30;70.7365;65.5575;30;73.5;85;30;73.5;80.3702;38.9987;71;60
533;30;72.9449;85;30;71.7352;85;30;73.5;85;30;70.4662;65.8791;30;73.5;85;30;73.5;81.5589;39;71;60
534;30;72.247;85;30;71.5957;85;30;73.5;85;30;70.7308;66.1962;30;73.5;85;30;73.5;82.7547;39;71;60
535;30;71.4821;85;30;71.3753;85;30;73.5;85;30;71.1886;66.5089;30;73.5;85;30;73.5;83.9534;39;71;60
536;30;70.9837;85;30;71.0642;85;30;73.5;85;30;71.682;66.8173;30;73.4802;85;30;73.5;84.7244;37.2795;71;60
537;30;70.9;85;30;70.9;85;30;73.4688;85;30;72.2107;67.1228;30;72.8213;85;30;73.5;84.9477;33.759;71;60
538;30;70.9;85;30;70.9;85;30;73.4019;85;30;72.7533;67.4492;30;71.6515;85;30;73.5;85;30.9795;71;60
539;30;70.9;85;30;70.9;85;30;72.9317;85;30;73.2629;67.8291;30;70.9429;85;30;73.5;85;30;71;60
540;30;70.9;85;30;70.9;85;30;72.032;85;30;73.4998;68.2714;30;70.8324;85;30;73.5;85;30;71.0441;60
541;30;70.9;85;30;70.9;85;30;71.2742;85;30;73.5;68.7749;30;70.9;85;30;73.4948;85;30;71.1655;60
542;30;70.9;85;30;70.9;85;30;70.9409;85;30;73.5;69.3388;30;70.9;85;30;73.3497;85;30;71.0515;60
543;30;70.9;85;28.8485;70.9;85;30;70.9;85;30;73.5;69.962;30;70.9;85;30;72.5815;85;30;70.9223;60
544;29.1061;70.9;85;26.3485;70.9;85;30;70.9;85;30;73.5;70.6441;30;70.9;85;30;71.4078;85;30;71.1091;60
545;26.6061;70.9;85;25;70.9;85;30;70.9;85;30;73.5;71.3847;30;70.9;85;30;70.6772;85;30;71.3691;60
546;25;70.9;85;25;70.9;85;30;70.9;85;30;73.5;72.1837;30;70.9;85;30;70.696;85;30;71.6666;60
547;25;70.9;85;25;70.9;85;30;70.9;85;30;73.5;73.0382;30;70.9;85;30;70.9;85;30;72.0159;60
548;25;70.9;85;25;70.9;85;30;70.9;85;30;73.4953;73.9216;30;70.9;85;30;70.9;85;30;72.3955;60
549;25;70.9;85;25;70.9;85;30;70.9;85;30;73.4048;74.8149;28.9644;70.9;85;30;70.9;85;30;72.7958;60
550;25;70.2783;85;25;70.3142;85;29.5121;70.9;85;30;73.1329;75.7228;26.4644;70.9;85;30;70.9;85;30;73.2246;60.0059
551;25;68.7878;85;25.3573;68.8526;85;27.2404;70.9;85;30;72.6355;76.6494;25;70.9;85;30;70.9;85;30;73.4045;60.0238
552;25.327;67.8595;85;27.3041;67.8622;85;25.2283;70.9;85;30;71.8107;77.598;25;70.9;85;30;70.9;85;30;73.3415;59.9442
553;27.4134;67.8;85;30.5713;67.7738;85;25;70.9;85;30;71.0517;78.5624;25;70.9;85;28.9612;70.9;85;30;73.4009;59.972
554;30.8432;67.8;85;33.8416;67.8;85;25;70.9;85;30;70.8532;79.536;25;70.9;85;26.4612;70.9;85;30;73.4821;60.2239
555;34.0991;67.8;85;36.9461;67.8;85;25;70.9;85;30;70.9;80.5163;25;70.9;85;25;70.9;85;30;73.4821;60.4564
556;37.1901;67.8;85;39.8932;67.8;85;25;70.9;85;30;70.9;81.5002;25;70.9;85;25;70.9;85;30;73.4821;60.6163
557;40.1243;67.8;85;42.6906;67.8;85;25;70.9;85;29.8029;70.9;82.4907;25.1519;70.8909;85;25;70.9;85;30;73.4357;60.7159
558;42.9098;67.8;85;45.3462;67.8;85;25;70.7265;85;27.811;70.9;83.1394;26.1211;70.2104;85;25;70.9;85;30;73.1786;60.7955
559;44.9545;68.0451;85;47.1071;67.9969;85;25.044;69.8406;85;25.5081;70.9;83.3136;27.945;69.2544;85;25;70.9;85;30;72.582;60.8751
560;45.1866;69.0543;85;47.3179;68.9767;85;24.7276;68.479;85;25;70.9;83.6092;29.9512;68.7436;85;25;70.9;85;30;71.6472;60.9546
561;44.8994;69.9093;85;47.5701;69.8799;85;24.6212;67.671;85;25;70.9;84.315;31.9229;68.0969;85;25.1182;70.9;85;30;70.6851;61.034
562;46.3356;70;85;49.0383;70;85;26.1302;67.3536;85;25;70.9;84.8744;33.8547;67.4241;85;25.854;70.9;85;30;70.1493;61.1134
563;48.6819;70;85;49.9986;70;85;28.6396;67.088;85;25;70.9;85;35.7812;67.1117;85;27.2298;70.8083;85;30;70.0836;61.1927
564;49.8804;70;85;50;70;85;31.0485;66.9507;85;25;70.9;85;37.7405;67.12;85;28.7311;70.1698;85;30;70.3694;61.2719
565;50;70;85;50;70;85;33.2701;66.994;85;25;70.9;85;39.748;67.3879;85;30.1871;69.3324;85;30;70.7491;61.351
566;50;70;85;50;70;85;35.3545;67.2667;85;25.5762;70.9;85;41.8106;67.6937;85;31.596;68.7131;85;30;70.9;61.4301
567;50;70;85;50;70;85;37.264;67.6327;85;27.0418;70.9;85;42.8034;67.8;85;32.9879;68.059;85;29.3057;70.9;61.509
568;50;70;85;50;70;85;37.821;67.8;85;28.7569;70.9;85;43.3844;67.8;85;34.4082;67.4563;85;26.8354;70.9;61.5907
569;50;70;85;48.7769;70;85;37.3136;67.8;85;30.3237;70.9;85;45.1038;67.6859;85;35.9105;66.9753;85;25.0298;70.9;61.7008
570;49.0851;70;85;45.7539;70;85;38.1642;67.872;85;31.7404;70.829;85;47.3946;67.5971;85;37.5324;66.6709;85;25;70.9;61.8688
571;46.3703;70;85;42.1539;70;85;40.3232;68.4647;85;33.0453;70.2001;85;49.2977;68.0305;85;39.2771;66.5965;85;25;70.8833;62.1002
572;42.7703;70;85;38.5539;70;85;42.6685;69.4574;85;34.2832;68.9838;85;49.9969;68.9428;85;41.1431;66.7733;85;25;70.8833;62.3926
573;39.1703;70;85;34.9539;70;85;45.1265;69.8119;85;35.5088;68.0111;85;50;69.7234;85;42.7122;67.1782;85;25;70.9;62.7453
574;35.5703;70;85;31.3539;70;85;47.6092;69.6823;85;36.7658;67.3105;85;50;69.9247;85;43.5914;67.6162;85;25;70.9;63.1606
575;31.9703;70;85;27.7539;70;85;49.4216;69.8351;85;38.0666;66.5649;85;50;69.8062;85;44.7949;67.6519;85;25.0192;70.9;63.6394
576;28.3703;70;85;24.1539;70;85;50;70;85;38.6294;65.9082;85;49.2287;69.7499;85;46.8373;67.5249;85;25.3557;70.9;64.1802
577;24.7703;70;85;20.5539;70;85;50;70;85;38.4445;65.4002;85;46.6788;69.7283;85;48.784;67.8623;85;26.0232;70.9;64.7831
578;21.1703;70;85;16.9539;70;85;50;70;85;39.0538;65.0913;85;43.1217;69.7115;85;49.8082;68.5522;85;26.0428;70.9;65.4496
579;17.5703;70;85;13.3539;70;85;48.8658;70;85;40.6488;65.0214;85;39.5645;69.7012;85;50;68.8863;85;26.1022;70.9;66.1772
580;13.9703;70;85;9.7539;70;85;45.9317;70;85;42.5229;65.1959;85;36.0074;69.7182;85;50;68.7947;85;27.0243;70.8999;66.9378
581;10.3703;70;85;6.2189;69.5888;85;42.3317;70;85;44.5337;65.5805;85;32.4503;69.7559;85;49.0574;68.7195;85;28.0996;70.682;67.7165
582;6.8189;70;85;2.7792;68.7669;85;38.7317;70;85;46.6656;66.114;85;28.8932;69.7907;85;46.3149;68.7054;85;29.1891;70.0353;68.5216
583;3.3629;69.5101;85;0.5373;68.0343;85;35.1317;70;85;48.8486;66.7558;85;25.3361;69.7875;85;42.7149;68.7415;85;30.2918;69.2468;69.3569
584;0.8291;68.5066;85;0;67.4443;85;31.5317;70;85;49.9675;67.5017;85;21.7789;69.6929;85;39.1149;68.7962;85;31.4266;68.4118;70.223
585;0;67.4894;85;0;66.9155;85;27.9317;70;85;50;68.3519;85;18.2218;69.4729;85;35.5149;68.8514;85;32.6197;67.4348;71.1158
586;0;66.5002;85;0;66.3587;85;24.3317;70;85;48.8078;69.2852;85;14.6647;69.0975;85;31.9149;68.9258;85;33.8945;66.4693;72.0365
587;0;66.0073;85;0;66.0312;85;20.7317;70;85;45.8156;69.8183;85;11.1076;68.5567;85;28.3149;69.027;85;35.2655;65.6079;72.9746
588;0;66;85;0;66;85;17.1317;70;85;42.2156;69.8502;85;7.5868;67.8857;85;24.7149;69.136;85;36.737;64.9069;73.9302
589;0;66;85;0;66;85;13.5317;70;85;38.6156;69.9156;85;4.1455;67.1509;85;21.1149;69.2307;85;37.7732;64.4182;74.904
590;0;66;85;0;66;85;9.9317;69.6899;85;35.0156;70;85;1.2233;66.4105;85;17.5149;69.2626;85;38.5134;64.1736;75.8956
591;0;65.565;85;0;65.6719;85;6.392;68.9506;85;31.4156;70;85;0;65.9048;85;13.9149;69.1828;85;39.8625;64.1699;76.9017
592;0;64.2301;85;0;64.4438;85;2.9476;68.1444;85;27.8156;70;85;0;65.8829;85;10.3149;68.9625;85;41.7181;64.3608;77.9053
593;0;62.4301;85;0;62.6438;85;0.6214;67.4777;85;24.2156;70;85;0;66;85;6.765;68.579;85;43.2252;64.6863;78.9011
594;0;60.6157;85;0;60.8331;85;0;66.9881;85;20.6156;70;85;0;66;85;3.3104;68.043;85;44.4769;65.1224;79.8883
595;0;58.6406;85;0;58.8841;85;0;66.647;85;17.0156;70;85;0;66;85;0.8029;67.4035;85;46.2947;65.6698;80.8697
596;0;56.3006;85;0;56.5942;85;0;66.376;85;13.4156;70;85;0;66;85;0;66.7238;85;48.481;66.3298;81.8618
597;0;54.0485;85;0;54.246;85;0;66.1216;85;9.8156;70;85;0;65.8744;85;0;66.0825;85;49.3483;67.077;82.8691
598;0;53.0378;85;0;53.0747;85;0;65.9984;85;6.2789;70;85;0;65.5081;85;0;65.8831;85;47.3532;67.8467;83.8867
599;0;53;85;0;53;85;0;66;85;2.8376;70;85;0;64.981;85;0;65.9918;85;43.7962;68.2576;84.6087
600;0;53;85;0;53;85;0;65.7551;85;0.5665;70;85;0;64.3978;85;0;66;85;40.2392;68.3242;84.9091
601;0;53;85;0;53;85;0;65.1624;85;0;69.9919;85;0;63.806;85;0;66;85;36.6822;68.4275;85
602;0;53;85;0;53;85;0;64.4698;85;0;69.6224;85;0;63.2304;85;0;66;85;33.1251;68.5689;85
603;0;53;85;1.2327;53;85;0;63.7978;85;0;68.883;85;0;62.6771;85;0;65.9865;85;29.5681;68.7186;85
604;0.9245;53;85;4.2654;53;85;0;62.9301;85;0;68.1348;85;0;61.6096;85;0;65.8009;85;26.0111;68.8703;85
605;3.649;53;85;7.8654;52.9043;85;0;61.4897;85;0;67.4457;85;0;59.8566;85;0;65.3964;85;22.4541;69.0495;85
606;7.249;52.9352;85;11.4654;52.447;85;0;59.6131;85;0;66.8939;85;0;57.7549;85;0;64.9005;85;18.897;69.254;85
607;10.849;51.9174;85;15.0654;51.7487;85;0;57.4665;85;0;66.5186;85;0;55.2333;85;0;64.3719;85;15.34;69.457;85
608;14.449;49.7822;85;17.2884;50.006;85;0;54.8852;85;0;66.2956;85;0;53.4274;85;0;63.8456;85;11.783;69.629;85
609;16.7826;48.6;85;18.0491;48.6;85;0;53.237;85;0;66.1435;85;0;53;85;0;63.3417;85;8.2472;69.7169;85
610;17.4994;48.6;85;20.1416;48.6;85;0;53;85;0;66.0361;85;0.504;53;85;0;62.4326;85;4.7909;69.6816;85
611;19.1412;48.6;85;23.696;48.6;85;0;53;85;0;65.8668;85;2.8081;53;85;0;60.8576;85;1.546;69.4925;85
612;22.3998;48.6;85;27.2586;48.6;85;0;53;85;0;65.4931;85;6.4081;53;85;0;58.914;85;0;69.136;85
613;25.9858;48.6;85;29.6509;48.6;85;1.1438;53;85;0;64.9676;85;8.9475;53;85;0;56.6315;85;0;68.6398;85
614;28.6785;48.6;85;30.1261;48.6;85;4.0876;53;85;0;64.3891;85;11.3029;52.8352;85;0;54.2675;85;0;68.0639;85
615;29.3511;48.6;85;30.8762;48.6;85;7.6823;52.9777;85;0;63.8039;85;14.7189;52.3955;85;0.9522;53.0755;85;0;67.4693;85
616;29.6399;48.6;85;33.3842;48.6;85;11.277;52.6613;85;0;63.237;85;17.5452;51.8684;85;3.7045;53;85;0;66.9217;85
617;31.8085;48.6;85;36.5109;48.6;85;14.877;52.094;85;0;62.6934;85;19.6985;51.3879;85;7.1553;53;85;0;66.503;85
618;35.0164;48.6;85;39.4792;48.6;85;17.8884;51.5741;85;0;61.5863;85;22.6256;50.1144;85;9.548;53;85;0;66.2599;85
619;38.0614;48.6;85;42.297;48.6;85;19.5259;50.1356;85;0;59.7853;85;25.9398;48.8347;85;11.9861;53;85;0;66.1704;85
620;40.9518;48.6;85;44.972;48.6;85;20.765;48.7718;85;1.2019;57.6721;85;27.7185;48.6;85;15.4822;52.876;85;0;66.1605;85
621;43.695;48.6;85;47.5112;48.6;85;23.3358;48.6;85;4.1538;55.133;85;29.3873;48.6;85;17.9821;52.4863;85;0;66.1378;85
622;45.3209;48.6;85;49.5513;48.6;85;26.8663;48.6;85;7.7038;53.3238;85;32.3201;48.6;85;20.0509;51.9884;85;0;65.9947;85
623;45.0326;48.6;85;49.8581;48.6;85;30.2693;48.6;85;10.3352;52.7655;85;34.0834;48.6;85;23.2195;51.5414;85;0;65.7183;85
624;44.8518;48.6;85;49.2488;48.6;85;33.3252;48.6;85;11.7728;52.3309;85;34.7595;48.6;85;26.1132;51.1331;85;0;65.3499;85
625;46.5121;48.6;85;50.2825;48.6;85;35.9791;48.6;85;13.8233;51.9512;85;36.2058;48.6;85;27.6438;49.7699;85;0;64.9184;85
626;48.973;48.6;85;51.7143;48.6;85;37.4425;48.6;85;17.0676;52.1162;85;38.2299;48.6;85;29.3368;48.6;85;0;64.4748;85
627;51.0857;48.6;85;52;48.6;85;37.3048;48.6;85;20.6598;52.6649;85;40.2013;48.5231;85;31.8404;48.6;85;0;64.0457;85
628;51.6133;48.6;85;52;48.6;85;37.2244;48.4706;85;22.7301;52.9513;85;42.0539;48.2604;85;32.9313;48.6;85;0;63.2459;85
629;50.5902;48.6;85;51.5775;48.6;85;38.2356;47.9841;85;23.192;52.6556;85;42.8068;48.3373;85;33.3026;48.6;85;0;61.7536;85
630;49.4005;48.6;85;49.3676;48.6;85;39.7102;47.4723;85;24.5706;52.12;85;42.8401;48.6;85;34.609;48.6;85;0;59.9068;85
631;48.3582;48.6;85;45.7857;48.6;85;41.2208;47.6985;85;26.9694;51.6333;85;43.6665;48.6;85;36.167;48.553;85;0.1621;57.824;85
632;47.2767;48.6;85;42.1967;48.6;85;42.7119;48.3398;85;29.2612;50.2909;85;45.0574;48.6;85;37.6933;48.3206;85;2.1242;55.3325;85
633;44.9109;48.6;85;38.6076;48.6;85;44.1714;48.6;85;31.3079;48.8901;85;46.5936;48.6;85;39.1571;48.3636;85;5.7181;53.4717;85
634;41.3641;48.6;85;35.0186;48.6;85;45.6283;48.6;85;33.1016;48.6;85;48.226;48.6;85;40.5616;48.5959;85;9.03;52.7519;85
635;37.8172;48.6;85;31.4296;48.6;85;47.1041;48.6;85;34.6651;48.6;85;49.9564;48.6;85;41.9081;48.6;85;11.3511;52.6201;85
636;34.2704;48.6;85;27.8405;48.6;85;48.6116;48.6;85;36.0356;48.6;85;51.3925;48.6;85;43.1778;48.6;85;13.8428;52.8456;85
637;30.7236;48.6;85;24.2515;48.6;85;50.1779;48.6;85;37.2379;48.6;85;51.9471;48.6;85;43.4213;48.6;85;17.3316;52.9941;85
638;27.1767;48.6;85;20.6624;48.6;85;51.1247;48.6;85;38.1698;48.6;85;50.4391;48.6;85;43.392;48.6;85;19.7269;53;85
639;23.6299;48.6;85;17.0734;48.6;85;51.1609;48.6;85;38.1007;48.6;85;47.1311;48.6;85;44.3171;48.6;85;21.4191;52.7503;85
640;20.0831;48.6;85;13.4844;48.6;85;50.355;48.6;85;37.3225;48.6;85;43.5467;48.6;85;45.58;48.6;85;23.9093;52.2694;85
641;16.5362;48.6;85;9.8953;48.6;85;47.8601;48.6;85;37.337;48.6;85;39.9622;48.6;85;47.0034;48.6;85;26.0509;51.8298;85
642;12.9894;48.6;85;6.37;48.6;85;44.2637;48.6;85;38.1108;48.6;85;36.3778;48.6;85;48.5634;48.6;85;27.0987;51.437;85
643;9.4425;48.6;85;2.9302;48.6;85;40.6674;48.6;85;38.9933;48.6;85;32.7934;48.6;85;50.0609;48.6;85;28.234;50.4538;85
644;5.9616;48.6;85;0.6106;48.6;85;37.071;48.6;85;39.9485;48.6;85;29.2089;48.6;85;48.9863;48.6;85;29.9022;49.1275;85
645;2.5876;48.6;85;0;48.6;85;33.4747;48.6;85;40.9788;48.6;85;25.6245;48.6;85;45.4673;48.6;85;31.469;48.6;85
646;0.4606;47.1093;85;0;47.3659;85;29.8783;48.6;85;42.0951;48.6;85;22.04;48.6;85;41.9482;48.6;85;32.8401;48.6;85
647;0;43.8187;85;0;44.3318;85;26.282;48.6;85;43.3075;48.6;85;18.4556;48.6;85;38.4291;48.6;85;33.5603;48.6;85
648;0;40.2187;85;0;40.7318;85;22.6856;48.6;85;44.6248;48.6;85;14.8711;48.5978;85;34.9101;48.6;85;33.5269;48.6;85
649;0;36.6187;85;0;37.1318;85;19.0892;48.6;85;46.0409;48.6;85;11.2867;48.3164;85;31.391;48.6;85;33.7238;48.6;85
650;0;33.0187;85;0;33.5318;85;15.4929;48.6;85;47.5413;48.6;85;7.7336;48.1343;85;27.872;48.6;85;34.4162;48.6;85
651;0;30.0093;85;0;30.2659;85;11.8965;48.6;85;46.7223;48.6;85;4.2644;48.4157;85;24.3529;48.6;85;35.1825;48.6;85
652;0;28.8;85;0;28.8;85;8.3002;48.6;85;43.3625;48.6;85;1.278;48.6;85;20.8339;48.6;85;35.9592;48.6;85
653;0;28.8;85;0;28.8;85;4.8075;48.6;85;39.8197;48.6;85;0;48.6;85;17.3148;48.4035;85;36.7392;48.6;85
654;0;28.8;85;0;28.8;85;1.5565;48.6;85;36.2769;48.6;85;0;48.6;85;13.7957;48.2303;85;37.5432;48.6;85
655;0;28.8;85;0;28.8;85;0;48.6;85;32.7341;48.6;85;0;48.6;85;10.2767;48.4268;85;38.3867;48.6;85
656;0;28.8;85;0;28.8;85;0;48.6;85;29.1913;48.6;85;0;48.0297;85;6.807;48.6;85;39.2682;48.4231;85
657;0;28.8;85;0;28.8;85;0;47.8539;85;25.6486;48.6;85;0;45.6595;85;3.4235;48.6;85;40.2037;48.194;85
658;0;28.8;85;0;28.8;85;0;45.3078;85;22.1058;48.6;85;0;42.0595;85;0.8751;48.6;85;41.211;48.3223;85
659;0;28.8;85;0;28.8;85;0;41.7078;85;18.563;48.6;85;0;38.4595;85;0;48.6;85;42.3043;48.5514;85
660;0;28.8;85;0;28.8;85;0;38.1078;85;15.0202;48.6;85;0;34.8595;85;0;48.6;85;43.4304;48.6;85
661;0;28.8;85;0;28.8;85;0;34.5078;85;11.4774;48.6;85;0;31.2705;85;0;48.6;85;43.9945;48.6;85
662;0;28.8;85;0;28.8;85;0;30.9243;85;7.9346;48.6;85;0;29.0294;85;0;48.6;85;44.5051;48.6;85
663;0;28.8;85;0;28.8;85;0;28.9704;85;4.5039;48.6;85;0;28.6887;85;0;47.2249;85;45.4326;48.6;85
664;0;28.8;85;0;28.8;85;0;28.8;85;1.4223;48.6;85;0;28.8;85;0;44.0499;85;44.0606;48.6;85
665;0;28.8;85;0;28.8;85;0;28.8;85;0;48.6;85;0;28.8;85;0;40.4499;85;40.4668;48.6;85
666;0;28.8;85;0;28.8;85;0;28.635;85;0;48.6;85;0;28.8;85;0;36.8499;85;36.8729;48.6;85
667;0;28.8;85;0;28.8;85;0;28.0223;85;0;48.6;85;0;28.8;85;0;33.2499;85;33.279;48.6;85
668;0;28.8;85;0;28.8;85;0;27.7619;85;0;48.6;85;0;28.8;85;0;30.0948;85;29.6851;48.6;85
669;0;28.8;85;1.1569;28.8;85;0;28.3746;85;0;48.6;85;0;28.8;85;0;28.7047;85;26.0912;48.6;85
670;0;28.8;85;4.1137;28.8;85;0;28.8;85;0;47.9574;85;0;28.8;85;0;28.7348;85;22.4974;48.5668;85
671;1.3025;28.8;85;7.7137;28.8;85;0;28.8;85;0;45.5148;85;0;28.8;85;0;28.8;85;18.9035;48.3712;85
672;4.4051;28.8;85;11.3137;28.8;85;0;28.8;85;0;41.9148;85;0;28.8;85;0;28.8;85;15.3096;48.3132;85
673;8.0051;28.8;85;14.9137;28.8;85;0;28.8;85;0;38.3148;85;0;28.5788;85;0;28.8;85;11.7157;48.5088;85
674;11.6051;28.8;85;16.7156;28.8;85;0;28.8;85;0;34.7148;85;0;27.8304;85;0;28.8;85;8.1339;48.6;85
675;15.2051;28.8;85;16.4869;28.8;85;0;28.8;85;0;31.1281;85;0;27.3675;85;0;28.8;85;4.6479;48.6;85
676;16.6959;28.8;85;17.8432;28.8;85;0;28.8;85;0;29.0707;85;0;27.6285;85;0;28.8;85;1.4734;48.6;85
677;16.0286;28.8;85;21.2301;28.8;85;0;28.8;85;0;28.8;85;0.4534;28.0739;85;0;28.8;85;0;48.6;85
678;17.4;28.8;85;24.8294;28.8;85;0;28.8;85;0;28.5528;85;2.7067;28.5462;85;0;28.8;85;0;48.6;85
679;20.9294;28.8;85;27.8143;28.8;85;0.1265;28.8;85;0;27.9552;85;6.3067;28.7849;85;0;28.8;85;0;48.6;85
680;24.527;30.1749;85;29;29.6635;85;2.0531;28.8;85;0;28.1222;85;8.3926;28.8;85;0;28.8;85;0;48.6;85
681;27.6623;33.1601;85;29;32.1536;85;5.5685;28.8;85;0;28.7197;85;9.946;28.8;85;0;28.8;85;0;48.1401;85
682;29;36.299;85;29;35.3337;85;8.6941;28.8;85;0;28.8;85;13.0126;28.8;85;0;28.8;85;0;45.8802;85
683;29;39.2788;85;29;38.362;85;10.0311;28.8;85;0;28.8;85;15.6263;28.8;85;0.8587;28.8;85;0;42.2802;85
684;29;42.1073;85;29;41.2367;85;10.2641;28.8;85;0;28.8;85;16.9623;28.8;85;3.5174;28.652;85;0;38.6802;85
685;29;44.6747;85;29;43.9656;85;12.3702;28.8;85;0;28.8;85;19.23;28.8;85;6.99;28.0361;85;0;35.0802;85
686;29;45.9323;85;29;45.6473;85;15.9702;28.8;85;0;28.8;85;22.5581;28.8;85;8.7656;27.5922;85;0;31.4878;85
687;29;46;85;29;46;85;19.5702;28.8;85;0;28.8;85;23.9106;28.8;85;10.5064;27.7372;85;0;29.165;85
688;29;46;85;29;46;85;22.255;28.8;85;0;28.8;85;24.6725;28.8;85;13.9442;28.0107;85;0;28.7173;85
689;29;45.2438;85;29;45.9388;85;22.819;28.8;85;0.2153;28.8;85;26.9232;28.8;85;16.1117;28.3395;85;0;28.8;85
690;29;42.741;85;29;44.0775;85;22.9585;28.8;85;2.0933;28.8;85;28.2475;28.806;85;17.5387;28.6565;85;0;28.8;85
691;29;39.2479;85;29;40.4775;85;24.715;29.0918;85;5.3361;28.8;85;28.162;28.3623;85;20.3506;28.7985;85;0;28.8;85
692;29;35.7548;85;29;36.8775;85;27.2793;30.3071;85;8.7162;28.8;85;28.2101;27.7699;85;22.1853;28.8;85;0;28.8;85
693;29;32.2617;85;29;33.2775;85;28.7737;32.054;85;11.7523;28.8;85;28.6125;28.1298;85;23.0428;28.8;85;0;28.8;85
694;29;28.7686;85;29;29.6775;85;29;33.5957;85;12.9425;28.8;85;28.9083;29.2016;85;25.0915;28.8;85;0;28.8;85
695;29;25.2755;85;28.0271;26.0775;85;29;34.9402;85;13.4054;28.8;85;29;30.3258;85;26.9361;28.8;85;0;28.8;85
696;29;21.7824;85;25.2542;22.4775;85;29;36.114;85;15.5315;28.8;85;29;31.4129;85;27.3314;28.8;85;0;28.8;85
697;27.8814;18.2894;85;21.6542;18.8775;85;29;37.1263;85;18.6993;28.8;85;28.8617;32.4555;85;27.8674;28.2578;85;0;28.8;85
698;24.9629;14.7963;85;18.1522;15.2775;85;29;37.9753;85;21.5374;28.8;85;27.9326;33.4575;85;28.7896;27.4364;85;0;28.8;85
699;21.3629;11.3032;85;16.2251;11.6775;85;29;38.1506;85;22.5947;28.8;85;27.3948;34.4214;85;28.3865;27.4353;85;0;28.8;85
700;18.0539;7.8101;85;16;8.0821;85;29;36.8841;85;22.0023;28.8;85;28.1392;35.3491;85;27.7366;28.0349;85;0;28.8;85
701;16.2725;4.4293;85;16;4.5928;85;29;35.2533;85;22.3332;28.8;85;28.8154;36.2427;85;27.9844;28.6615;85;0.2409;28.8;85
702;16;1.3976;85;16;1.4494;85;29;34.804;85;23.781;28.8;85;29;37.1029;85;28.5742;29.247;85;2.2817;28.8;85
703;16;0;85;16;0;85;29;35.0814;85;25.268;28.8;85;29;37.928;85;28.9399;29.786;85;5.8817;28.8;85
704;16;0;85;16;0;85;29;35.401;85;26.6754;28.929;85;28.6377;38.718;85;29;30.2829;85;8.1754;28.8;85
705;16;0;85;16;0;85;29;35.7632;85;27.9542;29.5221;85;26.4754;37.7234;85;29;30.7381;85;9.4355;28.8;85
706;16;0;85;16;0;85;29;34.3817;85;28.7789;30.3933;85;22.8754;34.5535;85;29;31.1537;85;10.5629;28.8;85
707;16;0;85;16;0;85;27.2572;31.0101;85;29;31.1447;85;19.2814;30.9758;85;29;31.5345;85;12.037;28.8;85
708;16;0;85;16;0;85;23.7144;27.4213;85;29;31.7749;85;16.3903;27.398;85;29;31.8838;85;13.434;28.8;85
709;16;0;85;16;0;85;20.1144;23.8325;85;29;32.3006;85;15.6466;23.8202;85;29;32.2024;85;15.1596;28.8;85
710;16;0;85;16;0;85;17.1572;20.2437;85;29;32.7428;85;16;20.2424;85;28.3151;32.4985;85;17.3451;28.8;85
711;16;0;85;16;0;85;16;16.6549;85;29;33.1137;85;16;16.6646;85;25.8302;32.7879;85;18.2775;28.8;85
712;16;0;85;16;0;85;16;13.0661;85;29;33.4217;85;16;13.0868;85;22.2302;33.0839;85;19.5293;28.8;85
713;16;0;85;16;0;85;16;9.4778;85;29;33.6738;85;16;9.509;85;18.6496;33.4182;85;21.6026;28.8;85
714;16;0;85;16;0;85;16;5.9643;85;29;33.8762;85;16;6.0042;85;16.2316;33.0805;85;22.228;28.8;85
715;16;0;85;16;0;85;16;2.5251;85;29;34.0344;85;16;2.581;85;15.7971;30.7595;85;22.3566;28.8083;85
716;16;0;85;16;0;85;16;0.4027;85;29;34.1559;85;16;0.4369;85;16;27.1595;85;23.5714;28.867;85
717;16;0;85;16;0;85;16;0;85;28.0437;34.2583;85;16;0;85;16;23.5595;85;24.9063;28.9437;85
718;16;0;85;14.5442;0;85;16;0;85;25.2873;34.3582;85;16;0;85;16;19.9595;85;25.5035;28.9581;85
719;16;0;85;11.388;0;85;16;0;85;21.6873;34.4832;85;15.5973;0;85;16;16.3595;85;25.1203;28.8963;85
720;14.6805;0;85;7.9996;0;85;16;0;85;18.1181;33.7662;85;15.3474;0;85;16;12.7595;85;24.9518;28.7668;85
721;11.6608;0;85;4.6974;0;85;16;0;85;15.7927;31.1807;85;15.7501;0;85;16;9.1595;85;25.3605;28.5815;85
722;8.2654;0;85;1.5417;0;85;16;0;85;14.4618;27.5929;85;15.6973;0;85;16;5.6414;85;25.7927;28.3474;85
723;4.9563;0;85;0;0;85;16;0;85;13.6617;24.0051;85;15.4071;0;85;16;2.209;85;26.143;27.8842;85
724;1.7282;0;85;0;0;85;16;0;85;14.7162;20.4174;85;15.7098;0;85;16;0.2474;85;26.4169;26.7395;85
725;0.0571;0;85;0;0;85;16;0;85;15.898;16.8296;85;16;0;85;15.4924;0;85;26.6548;25.8325;85
726;0;0;85;0;0;85;16;0;85;16;13.2418;85;16;0;85;15.2849;0;85;26.8795;25.7384;85
727;0;0;85;0;0;85;16;0;85;16;9.6541;85;15.5362;0;85;15.7926;0;85;27.1235;25.7493;85
728;0;0;85;0;0;85;16;0;85;16;6.1276;85;13.2724;0;85;15.6091;0;85;27.4118;25.7565;85
729;0;0;85;0;0;85;15.6103;0;85;16;2.7125;85;9.6724;0;85;15.3014;0;85;27.7556;25.7443;85
730;0;0;85;0;0;85;13.5202;0;85;16;0.5149;85;6.1325;0;85;15.6923;0;85;28.1632;25.7212;85
731;0;0;85;0;0;85;10.1196;0;85;16;0;85;2.7083;0;85;16;0;85;28.2754;25.6981;85
732;0;0.2507;85;0;0.2598;85;6.7633;0;85;16;0;85;0.512;0;85;16;0;85;26.3668;25.6794;85
733;0;2.3014;85;0;2.3196;85;3.4933;0;85;16;0;85;0;0;85;15.2519;0;85;22.7668;25.6852;85
734;0;5.9014;85;0;5.9196;85;0.9396;0;85;16;0;85;0;0;85;12.7039;0;85;19.1803;25.7717;85
735;0;9.5014;85;0;9.5196;85;0;0;85;16;0;85;0;0;85;9.1039;0;85;16.5249;25.9709;85
736;0;13.1014;85;0;13.1196;85;0;0;85;16;0;85;0;0;85;5.5823;0;85;14.9419;26.2846;85
737;0;15.69;85;0;15.7583;85;0;0;85;16;0;85;0;0;85;2.1764;0;85;14.8464;25.8131;85
738;0;15.8472;85;0;16.0846;85;0;0;85;16;0;85;0;0;85;0.2461;0;85;15.7326;23.3662;85
739;0;15.5189;85;0;15.9796;85;0;0;85;16;0;85;0;0;85;0;0;85;16;19.7916;85
740;0;17.622;85;0;18.187;85;0;0;85;15.2727;0;85;0;0;85;0;0;85;16;16.217;85
741;0;21.222;85;0;21.787;85;0;0;85;12.7455;0;85;0;0;85;0;0;85;16;12.6424;85
742;0;24.511;85;0;24.7935;85;0;0;84.9989;9.1455;0;85;0;0;85;0;0;85;16;9.0778;85
743;0;26;85;0;26;85;0;0;84.9625;5.6225;0;85;0;0;85;0;0;85;16;5.5863;85
744;0;26;85;0;26;85;0;0;84.8149;2.2153;0;85;0;0;84.9855;0;0;85;16;2.158;85
745;0;26;85;0;26;85;0;0;84.5073;0.2655;0;85;0;0;84.8915;0;0;85;16;0.2219;85
746;0;26;85;0;26;85;0;1.3754;84.0452;0;0;85;0;1.3394;84.6518;0;0;85;16;0;85
747;0;26;85;0;26;85;0;4.3673;83.4926;0;0;85;0;4.4788;84.2685;0;0;85;15.6632;0;85
748;0;26;85;0;26;85;0;7.782;82.9239;0;0;85;0;7.2786;83.8126;0;0;85;15.1535;0;85
749;0;26;85;0;26;85;0;10.3418;82.3601;0;0;85;0;8.3747;83.348;0;0;85;15.4782;0;85
750;0;25.9824;85;0;25.9733;85;0;10.5946;81.8;0;0;85;0;10.2347;82.885;0;0;85;15.9609;0;85
751;0;24.1648;85;0;24.1467;85;0;10.491;81.2436;0;0;85;0;13.7983;82.4235;0;0;85;15.4841;0;85
752;0;21.1824;85;0.0807;21.1733;85;0;12.5144;80.6909;0;0;85;0;15.1663;81.9637;0;0;85;15.1895;0;85
753;0;20;85;1.9615;20;85;0;15.9324;80.1417;0;0;85;0;16.327;81.5054;0;0;85;15.6209;0;85
754;0;20;85;5.5615;20;85;0;19.5278;79.5961;0;0;85;0;19.7198;81.0486;0;1.5403;85;15.8478;0;85
755;1.7364;20;85;9.1615;20;85;0;21.8397;79.054;0;0;85;0;22.102;80.5934;0;4.8615;84.9957;14.0182;0;85
756;5.2727;20;85;12.7615;20;85;0;22.0833;78.5153;0;0;85;0;23.3439;80.1397;0;7.3847;84.9414;10.4326;0;85
757;8.8727;20;85;15.7298;20;85;0;22.7254;77.9799;0;0;85;0;25.0018;79.6874;0;8.3498;84.765;6.8827;0;85
758;12.4727;20;85;16.7222;20;85;0;24.8202;77.4479;0;0;85;0;25.9902;79.2366;0;10.2155;84.4277;3.4461;0;85
759;15.5662;20;85;17.0244;20;85;0;26;76.9192;0;0;85;0;25.947;78.7873;0;13.4539;83.9273;0.8833;0;85
760;16.531;20;85;19.3026;20;85;0;26;76.3937;0;0.7011;85;0;25.9569;78.3394;0;14.7238;83.3119;0;0;85
761;16.4074;20;85;22.9026;20;85;0;26;75.8695;0;2.6749;85;0;26;77.8929;0;15.8222;82.6598;0;0;85
762;18.4125;19.7876;85;26.2688;19.5783;85;0;26;75.3294;0;5.1657;85;1.2528;26;77.4381;0;18.9952;82.0081;0;0;85
763;22.0125;17.7752;85;27.9175;17.3565;85;0;26;74.6718;0;8.1201;85;4.3056;26;76.9544;0;21.0918;81.3581;0;0;85
764;25.6021;14.1752;85;28;13.7565;85;0.7521;26;73.3493;0;11.1158;85;7.3024;26;76.4295;0;22.0979;80.7099;0;0;85
765;27.6959;10.5752;85;28;10.1565;85;3.2044;24.8554;71.5501;0;11.9088;85;8.7731;24.5197;75.8623;0;24.1219;80.0634;0;0;85
766;28;7.0112;85;28;6.605;85;6.6697;22.0011;70.5448;0;11.3994;85;10.8244;21.5197;75.2533;0;25.7266;79.4187;0;0;85
767;28;3.555;85;28;3.1615;85;9.0852;20.1458;70.2116;0;12.7743;85;14.4016;20;74.6024;0;25.9444;78.7755;0;0;85
768;28;0.9315;85;28;0.7347;85;9.5632;20;69.8264;0;15.6533;85;16.2024;20;73.4274;1.537;25.9613;78.1341;0;0;85
769;28;0;85;28;0;85;10.2755;20;69.4101;0;18.5255;85;17.7416;20;72.0914;4.8741;26;77.4942;0;0;85
770;28;0;85;28;0;85;12.9554;20;68.9638;0;21.233;85;21.08;20;71.3123;7.548;26;76.856;0;0;85
771;28;0;85;28;0;85;16.5507;20;68.4898;0;22.4858;85;23.7447;20;70.7583;8.9212;26;76.2193;0;0;85
772;28;0;85;28;0;85;20.1507;20;68.0062;0;22.2692;85;25.3946;20;70.2148;11.2114;26;75.5842;0;0;85
773;28;0;85;28;0;85;22.4499;20;67.5306;0;22.9859;85;27.0899;20;69.6723;14.5964;24.6928;74.9505;0;0;85
774;28;0;85;28;0;85;23.0625;20;67.0647;0;24.8578;85;28;20;69.131;16.265;21.7466;74.3184;0;0;85
775;28;0;85;28;0;85;24.5807;20;66.608;1.0822;25.9198;84.9955;28;20;68.5911;18.0085;20.0538;73.3108;0;1.4983;85
776;28;0;85;28;0;85;26.9926;20;66.1606;3.6483;26;84.9326;28;19.722;68.0525;21.1558;20;72.1511;0;4.7949;85
777;28;0;85;28;0;85;28;18.6122;65.7221;6.7882;26;84.7353;28;17.644;67.5151;22.9659;20;71.4065;0;7.3306;85
778;28;0;85;28;0;85;28;15.4245;65.2923;10.2442;26;84.3765;28;14.044;66.979;24.921;20;70.8594;0;8.4688;85
779;28;0;85;28;0;85;28;11.8245;64.8712;12.0295;26;83.8535;28;10.444;66.444;27.2721;20;70.3014;0;9.5073;85
780;28;0;85;28;0;85;28;8.2245;64.4584;11.8896;25.028;83.1701;28;6.8839;65.9103;28;20;69.7068;0;10.5532;85
781;28;0;85;26.319;0;85;28;4.7309;64.0537;13.2822;22.2799;82.3677;28;3.4317;65.3777;28;20;69.0733;0;12.3821;85
782;28;0;85;22.838;0;85;28;1.5187;63.6571;16.5528;20.2519;81.5232;28;0.8698;64.8462;28;20;68.4012;0;13.4672;85
783;27.0501;0;85;19.238;0;85;28;0;63.2683;19.9301;20;80.6801;28;0;64.3158;28;20;67.691;0;14.3389;85
784;24.3001;0;85;16.219;0;85;28;0;62.8871;22.2573;20;79.841;28;0;63.7865;28;20;66.9434;0;16.6639;85
785;20.7001;0;85;15;0;85;28;0;62.5134;23.1249;20;79.0056;28;0;63.2582;28;18.2889;66.1641;0;17.6525;85
786;17.1324;0;85;15;0;85;28;0;62.1471;24.182;20;78.174;28;0;62.731;28;14.7778;65.3724;0;18.5558;85
787;15.1823;0;85;15;0;85;28;0;61.788;26.38;20;77.346;28;0;62.2048;28;11.1778;64.5821;0;20.7996;85
788;15;0;85;15;0;85;28;0;61.4359;27.8427;20;76.5217;28;0;61.6795;28;7.5957;63.7931;0;22.2758;85
789;15;0;85;15;0;85;28;0;61.0907;28;20;75.7009;28;0;61.1552;28;4.1215;63.0054;0.8534;23.0946;85
790;15;0;85;15;0;85;28;0;60.752;28;20;74.8837;28;0;60.6319;28;1.2147;62.2188;3.5068;24.6527;85
791;15;0;85;13.9777;0;85;28;0;60.4173;28;20;73.9842;26.5772;0;60.1096;28;0;61.4335;6.9623;25.8284;85
792;15;0;85;11.1554;0;85;28;0;60.0847;28;18.4303;72.6597;23.3545;0;59.5881;28;0;60.6493;8.4677;26;85
793;13.9177;0.8091;85;7.5888;1.0184;85;27.4474;0;59.7537;28;15.0606;71.1076;19.7545;0;59.0676;28;0;59.8663;8.942;26;85
794;11.0354;3.4182;85;4.1094;3.8368;85;25.0947;0;59.4246;28;11.4606;70.127;16.4772;0;58.5479;28;0;59.0843;10.3772;26;85
795;7.4717;7.0182;85;1.1983;7.4368;85;21.4947;0;59.0974;28;7.87;69.6003;15;0;57.8386;28;0;58.1763;12.6161;25.5891;85
796;3.9952;10.6182;85;0;11.0368;85;17.922;0;58.7721;28;4.3874;69.0723;15;0;56.5685;28;0;56.7939;14.228;23.3781;85
797;1.1412;13.7091;85;0;13.9184;85;15.5747;0;58.4486;28;1.3477;68.537;15;0;55.544;26.4964;0;55.5758;15.8982;20.7891;85
798;0;15;85;0;15;85;15;0;58.1269;28;0;67.9766;15;0;55.2478;23.1929;0;54.9678;17.8169;20;85
799;0;15;85;0;15;85;15;0;57.807;28;0;67.3859;15;0;55.0799;19.5929;0;54.4719;19.2086;20;85
800;0;15;85;0;15;85;15;0;57.4889;28;0;66.7647;15;0;54.9301;16.3964;0;53.9913;21.2587;20;85
801;0;15;85;0;15;85;15;0;57.1725;28;0;66.1136;13.4449;0;54.7823;15;0;53.5119;22.8195;20;85
802;0;15;85;0;15;85;15;0;56.8578;28;0;65.4336;10.0897;0;54.6348;15;0;53.0329;24.6098;20;85
803;0;15;85;0;15;85;15;0;56.5448;28;0;64.7259;6.549;0;54.4874;15;0;52.5543;26.9276;20;85
804;0;15;85;0;15;85;13.2721;0;56.2335;27.526;0;63.9913;3.0954;0;54.3402;15;0;52.0761;27.9625;20;85
805;0;15;85;0;15;85;9.7443;0;55.9238;25.252;0;63.2309;0.6913;0;54.1932;15;0;51.5983;28;20;85
806;0;15;85;0;15;85;6.2119;0;55.6157;21.652;0;62.4435;0;0;54.0464;15;0;51.1208;28;20;85
807;0;15;85;0;15;85;2.7667;0.1844;55.3093;18.0628;0;61.6311;0;0.8747;53.8997;13.3641;0;50.6437;28;19.3156;85
808;0;15;85;0;15;85;0.527;2.1684;55.0044;15.6369;0;60.811;0;3.5494;53.7532;9.9282;0;50.1669;28;16.8313;84.9926
809;0;15;85;0;15;85;0;5.7127;54.701;15;0;59.9962;0;7.022;53.6069;6.3913;0;49.6904;28;13.2313;84.9233
810;0;15;85;0;15;85;0;8.875;53.9064;15;0;59.185;0;9.0559;53.4608;2.9417;0;49.2141;28;9.6313;84.7223
811;0;15;85;0;15;85;0;10.509;52.2207;15;0;58.3768;0;11.0863;53.3148;0.6145;0;48.738;28;6.0955;84.3601
812;0;15;85;0;15;85;0;11.3101;50.8177;15;0;57.5718;0;13.8778;53.1689;0;0;48.2622;28;2.6677;83.8296
813;0;15.6752;85;0;15.6982;85;0;13.3343;50.5306;15;0;56.7696;0;15;53.0233;0;0;47.7865;28;0.4878;83.1337
814;0;15.8883;85;0;16.0573;85;0;14.8869;50.6751;14.3936;0;55.9704;0;15;52.8778;0;0;47.311;28;0;82.2976
815;0;15.7271;85;0;16.3664;85;0;15;50.8139;11.9872;0;55.1739;0;15;52.7324;0;0.5078;46.8356;28;0;81.3965
816;0;17.828;85;0;18.8146;85;0;15;50.9473;8.4005;0;54.3052;0;15;52.5872;0;2.8155;46.2434;28;0;80.4903
817;0;21.428;85;0;22.4146;85;0;15;51.0755;4.9009;0;52.8248;0;15;52.4421;0;6.4155;45.0252;28;0;79.5858
818;0;25.0263;85;0;25.9994;85;0;15;51.1986;1.5941;0;50.9009;0;15;52.2972;0;8.6653;43.9817;28;0;78.6828
819;0;28.5172;85;0;29.2006;85;0;15;51.317;0;0;49.8057;0;15;52.1525;0;10.4811;43.7508;27.8435;0;77.7814
820;0;29.6629;85;0.5406;30.1775;85;0;15;51.4308;0;0;49.4058;0;15;52.0078;0;13.4235;43.6673;25.8871;0;76.8815
821;0;28.5938;85;2.8812;29.5724;85;0;15;51.5403;0;0;48.9729;0;15;51.8633;0;15;43.6047;22.2871;0;75.9831
822;0.6006;29.7654;85;6.4812;31.0709;85;0;15;51.6457;0;0.3566;48.5517;0;15;51.719;0;15;43.5447;18.6871;0;75.0862
823;3.0012;33.0713;85;10.0812;34.315;85;0;15;51.7471;0;2.457;48.142;0;15;51.5748;0;15;43.4847;15.9435;0;74.0875
824;6.6012;36.2136;85;13.6812;37.3947;85;0;15;51.8447;0;5.8911;47.7433;0;15;51.4307;0;15;43.4248;15;0;72.8623
825;10.2012;39.1968;85;16.4623;40.3183;85;0;15;51.9385;0;8.8683;47.3555;0;15;51.2868;0;15;43.3649;15;0;71.7717
826;13.8012;42.0287;85;17.7948;43.0937;85;0;15;52.0289;0;10.4079;46.9781;0;15;51.1429;0;15;43.305;15;0;70.9832
827;16.4232;44.7171;85;19.3353;45.4273;85;0;15;52.1158;0;11.2025;46.6108;0;15.4358;50.9992;0;15;43.2451;15;0;70.2442
828;17.4401;46.4332;85;22.3242;46.4243;85;0;16.594;52.1994;0;13.2682;46.2534;0;16.9452;50.8557;0;15;43.1852;15;0;69.5118
829;18.7995;46.7563;85;25.9105;46.7567;85;0;19.9845;52.2799;0;14.896;45.9052;0;19.276;50.7122;0;15;43.1253;14.7112;0;68.7806
830;21.764;47.4149;85;29.0973;48.2904;85;0;22.3481;52.3573;0;15;45.5655;1.0735;21.9326;50.5689;0;15;43.0655;12.6223;0;68.0416
831;25.3564;49.346;85;30.6933;50.6614;85;0;22.568;52.4318;0;15;45.2339;3.9469;24.7553;50.4256;0;15;43.0056;9.0223;0;67.2769
832;28.4862;51.6632;85;31.3753;52.912;85;0;22.9717;52.5035;0;15;44.9102;7.2985;27.597;50.2825;0;15;42.9457;5.5074;0;66.4758
833;29.8951;53.8629;85;33.4639;55.0485;85;1.2462;25.0545;52.5725;0;15;44.5942;9.5943;30.4047;50.1395;0;15;42.8859;2.0798;0;65.6369
834;30.4069;55.951;85;36.587;57.0765;85;4.2924;27.7551;52.6388;0;15;44.2858;12.083;32.7632;49.9966;0;15;42.826;0.1835;0;64.7604
835;32.4752;57.9331;85;39.5518;59.0016;85;7.8831;30.4116;52.7026;0;15;43.9846;15.6275;33.5688;49.8538;0;15.1921;42.7661;0;0;63.8471
836;35.6485;59.8166;85;42.3662;60.8422;85;11.4739;32.9194;52.7641;0;15;43.6906;18.0329;34.29;49.7111;1.1542;16.1732;42.7063;0;0;62.8982
837;38.661;61.6348;85;45.0378;62.6452;85;15.0739;35.3184;52.8231;0;15;43.4036;20.1919;36.3691;49.5685;4.1085;17.8587;42.6464;0;0;61.9136
838;41.5207;63.4348;85;46.4793;64.4452;85;18.0258;37.3883;52.88;0;15;43.1233;23.5454;38.8392;49.426;7.4064;19.7801;42.5866;0;1.281;60.8929
839;44.2353;65.2348;85;46.4814;66.2452;85;19.5963;38.1424;52.9347;0;15;42.8496;26.4346;41.4135;49.2836;9.6614;21.8923;42.5267;0;4.357;59.8378
840;45.5814;67.0348;85;47.3262;68.0452;85;21.0089;38.1732;52.9873;0;15;42.5824;28.3568;43.0501;49.1412;12.1353;24.0755;42.4669;0;7.4807;58.7502
841;45.383;68.5177;85;49.4943;68.7867;85;23.8022;39.5131;53.0379;0;15;42.3214;30.8582;44.0574;48.999;15.6522;26.2667;42.407;0;9.4037;57.3325
842;46.1917;68.6002;85;51.8043;68.2779;85;27.362;41.9199;53.0866;0;15;42.0665;34.0515;45.8767;48.8568;18.0145;28.4665;42.3471;0;11.6771;55.793
843;48.4355;67.9206;85;53.2646;68.497;85;30.7937;44.3788;53.1334;0.1247;16.3292;41.8176;35.8116;48.2306;48.7147;20.0884;30.6418;42.2873;0;14.1781;54.6287
844;50.7992;68.6415;85;53.6;69.9665;85;34.0517;46.7884;53.1785;2.0494;19.107;41.5745;37.2921;50.5899;48.5727;23.4;32.7542;42.2274;0;15;53.6715
845;52.7421;70.4415;85;53.6;71.7665;85;36.9375;49.0941;53.2219;5.5537;21.7112;41.3371;39.9702;52.8409;48.4307;26.241;33.5566;42.1676;0;15;52.7408
846;53.5669;72.2415;85;53.6;73.5665;85;38.3821;51.2632;53.2636;8.7942;22.5375;41.1051;42.0009;54.966;48.2888;28.0774;33.9759;42.1077;0;15;51.8124
847;53.6;74.0415;85;53.6;75.3665;85;38.8177;53.2908;53.3037;10.8279;21.9312;40.8766;43.0307;56.1491;48.147;30.4532;35.6519;42.0479;0;15;50.8845
848;53.6;75.8415;85;53.6;77.1665;85;40.3138;55.1938;53.3423;12.0193;22.4952;40.6492;44.458;56.7826;48.0053;33.4812;37.788;41.988;0;15;49.9571
849;53.6;77.6415;85;53.6;78.9665;85;42.701;56.9757;53.3794;14.4102;24.2056;40.4221;46.5002;58.0426;47.8636;35.2011;40.0548;41.9281;0;15;49.03
850;53.6;79.4415;85;53.6;80.7665;85;44.9881;58.6211;53.4151;17.9071;25.9696;40.1954;48.5643;59.6153;47.7219;36.539;42.3026;41.8682;0;15;48.1031
851;53.6;81.2415;85;53.6;82.5665;85;47.1246;59.4442;53.4495;20.9601;27.7493;39.9689;50.5352;61.1826;47.5804;38.8363;43.5362;41.8084;0;15;47.1766
852;53.6;83.0415;85;53.6;84.1858;85;49.11;59.3196;53.4826;22.6013;29.5266;39.7428;52.2181;62.6852;47.4388;41.2306;44.4579;41.7485;0;15;45.9026
853;53.6;84.4707;85;53.6;84.9526;85;50.9491;59.6068;53.5144;23.7438;31.3164;39.517;52.7909;64.1012;47.2974;42.8047;46.2242;41.6886;0;15;44.4781
854;53.6;85;85;53.6;85;85;52.4009;60.6709;53.545;25.9541;33.1285;39.2915;53.0223;65.4371;47.156;43.5812;48.1728;41.6287;0;15;43.507
855;53.6;85;85;53.6;85;85;52.7091;61.8888;53.5744;28.8697;34.9792;39.0662;53.5052;66.7149;47.0146;44.734;50.0687;41.5688;0;15;42.825
856;53.6;85;85;53.6;85;85;52.3181;63.068;53.6027;31.6899;36.8605;38.8413;53.4911;67.9659;46.8733;46.3398;51.875;41.5089;0;15;42.1778
857;53.6;85;85;53.6;85;85;52.6475;64.2128;53.6299;34.3009;38.1191;38.6166;53.48;69.2212;46.732;47.9506;53.59;41.4489;0;15;41.5333
858;53.6;85;85;53.6;85;85;53.3542;65.3549;53.6561;36.689;38.5106;38.3921;53.5889;70.5054;46.5907;49.4817;55.2174;41.389;0;15.1714;40.8888
859;53.6;85;85;53.6;85;85;53.6;66.5223;53.6813;38.3624;39.2031;38.1679;53.6;71.8328;46.4495;50.8986;56.271;41.3291;1.6071;15.3583;40.2441
860;53.6;85;85;53.6;85;85;53.6;67.7256;53.7056;38.9757;40.7296;37.9439;53.6;72.5222;46.3084;52.21;56.7346;41.2691;5.0143;16.4711;39.5993
861;53.6;85;85;53.6;85;85;53.6;68.9793;53.7289;39.4891;42.5567;37.7202;53.6;72.9845;45.9813;52.8739;57.4939;41.2092;7.9987;18.7805;38.9542
862;53.6;85;85;53.6;85;85;53.6;70.3007;53.7513;40.7215;44.3392;37.4967;53.6;74.1363;44.9149;53.0332;58.6205;41.1492;10.1646;21.072;38.3089
863;53.6;85;85;53.6;85;85;53.6;71.6915;53.7729;42.2939;46.0283;37.2733;53.6;75.591;44.1169;53.381;59.7429;41.0892;12.9461;22.0676;37.6632
864;53.6;85;85;53.6;85;85;53.6;73.1239;53.7936;43.797;47.6247;37.0502;53.6;77.1286;44.2878;53.5967;60.8271;41.0292;16.3241;22.4135;37.0172
865;53.6;85;85;53.6;85;85;53.6;74.5758;53.8136;45.2038;49.1388;36.8272;53.6;78.7088;44.6264;53.593;61.8828;40.9692;18.5204;23.6848;36.2786
866;53.6;85;85;53.6;85;85;53.6;76.053;53.8328;46.5141;50.5754;36.6044;53.6;80.256;44.9883;53.5963;62.9253;40.9092;20.4652;25.3569;34.9922
867;53.6;85;85;53.6;85;85;53.6;77.5387;53.8513;47.7186;51.9318;36.362;53.6;81.6561;45.3532;53.6;63.9777;40.8492;22.3641;26.9718;33.8561
868;53.6;85;85;53.6;85;85;53.6;78.9556;53.869;48.8123;53.2141;35.2397;53.6;82.8206;45.7184;53.6;65.0643;40.7891;24.3017;28.5115;33.4345
869;53.6;85;85;53.6;85;85;53.6;80.2011;53.8861;49.8256;54.4175;33.2573;53.6;83.719;46.0837;53.6;66.1919;40.729;27.0829;29.1599;33.1373
870;53.6;85;85;53.6;85;85;53.6;81.1988;53.9026;50.8076;55.5407;32.5717;53.6;84.3889;46.4489;53.6;67.3764;40.669;29.02;29.5433;32.8566
871;53.6;85;85;53.6;85;85;53.6;81.9279;53.9184;51.819;56.5748;33.0463;53.6;84.6617;46.814;53.6;68.6366;40.6089;30.3649;30.8667;32.5766
872;53.6;85;85;53.6;85;85;53.6;82.4494;53.9336;52.8353;57.5181;33.3751;53.6;84.457;47.179;53.6;69.9697;40.5488;32.3101;32.5932;32.2963
873;53.6;85;85;53.6;85;85;53.6;82.8881;53.9483;53.2725;58.3826;33.6861;53.6;84.5085;47.5439;53.6;71.3442;40.4887;34.2127;33.6039;32.0156
874;53.6;85;85;53.6;85;85;53.6;83.3802;53.9623;53.2435;59.1861;33.9804;53.6;84.875;47.9084;53.6;72.3174;40.4285;35.3132;34.3207;31.7346
875;53.6;85;85;53.6;85;85;53.6;83.731;53.9759;53.4353;59.4729;34.2589;53.6;85;48.2691;53.6;72.9672;40.3684;36.4239;35.7891;31.4533
876;53.6;85;85;53.6;85;85;53.6;83.5101;53.9889;53.6;59.1713;34.5223;53.6;85;48.6206;53.6;73.9873;40.3082;38.0525;37.5674;31.1716
877;53.6;85;85;53.6;85;85;53.6;83.1036;54.0014;53.6;59.2223;34.7716;53.6;85;48.9608;53.6;75.2795;40.248;39.6748;39.3689;30.8896
878;53.6;85;85;53.6;85;85;53.6;83.2207;54.0135;53.6;59.9067;35.0074;53.6;85;49.2896;53.6;76.4748;40.1878;41.1886;41.1178;30.6071
879;53.6;85;85;53.6;85;85;53.6;83.6259;54.0251;53.6;60.829;35.2304;53.6;85;49.6073;53.6;77.4582;40.1276;42.5915;42.7788;30.3243
880;53.6;85;85;53.6;85;85;53.6;83.9373;54.0362;53.6;61.8418;35.4415;53.6;85;49.9144;53.6;78.1941;40.0673;43.2655;43.6672;30.041
881;53.6;85;85;53.367;85;85;53.6;84.199;54.047;53.6;62.934;35.641;53.6;85;50.2111;53.6;78.7208;40.007;43.5498;44.2249;29.7573
882;53.6;85;85;52.4523;85;85;53.6;84.454;54.0573;53.6;64.0859;35.8298;53.6;85;50.4978;53.6;79.1428;39.9467;44.2779;45.3193;29.4731
883;53.6;85;85;50.3853;85;85;53.6;84.725;54.0672;53.6;65.2723;36.0084;53.6;85;50.7748;53.6;79.5901;39.8864;45.1545;46.5598;29.1885
884;52.9798;85;85;49;85;85;53.6;84.9347;54.0767;53.6;66.4914;36.1772;53.6;85;51.0424;53.6;80.1497;39.826;45.9932;47.782;28.9034
885;50.88;85;85;48.7575;85;85;53.6;85;54.0859;53.6;67.7489;36.3369;53.6;85;51.301;53.5415;80.8334;39.7657;46.8041;48.9671;28.6177
886;49.2002;85;85;46.7149;85;85;53.6;85;54.0948;53.6;69.0201;36.4875;53.5413;85;51.5507;53.2701;81.5853;39.7052;47.6309;50.0931;28.3316
887;49;85;85;43.1149;85;85;53.6;85;54.1033;53.6;70.2335;36.6272;53.4212;85;51.792;53.2985;82.3151;39.6448;48.5273;51.1578;27.9782
888;47.4229;85;85;39.5149;85;85;53.6;85;54.1114;53.6;71.3024;36.7546;53.3052;85;52.0251;53.5699;82.9188;39.5843;49.5352;52.1526;26.8666
889;44.0458;85;85;35.9149;85;85;53.6;85;54.1193;53.6;72.1628;36.8708;53.1753;85;52.2503;53.6;83.3646;39.5238;50.654;53.0666;25.8728
890;40.4458;85;85;32.3149;85;85;53.6;85;54.1269;53.6;72.7874;36.9766;52.9643;85;52.4679;53.6;83.7251;39.4632;51.8497;53.924;25.8303
891;36.8458;85;85;28.7149;85;85;53.5672;85;54.1341;53.6;73.1988;37.0729;52.6131;85;52.678;53.6;84.0647;39.4026;52.8077;54.7333;25.9528
892;33.2458;85;85;25.1149;85;85;53.3615;85;54.1411;53.6;73.4793;37.1607;51.9014;85;52.8811;53.6;84.4077;39.342;53.3054;55.5108;26.1011
893;29.6458;85;85;21.5149;85;85;52.9449;85;54.1479;53.6;73.7451;37.2407;50.1993;85;53.0771;53.6;84.6708;39.2813;53.5279;56.2557;26.2532
894;26.0458;85;85;17.9149;85;85;52.374;85;54.1543;53.6;74.0927;37.3136;48.7877;85;53.2666;53.5471;84.5367;39.2206;53.6;56.4845;26.4062
895;22.4458;85;85;14.3149;85;85;50.7467;85;54.1606;53.6;74.561;37.3799;48.3983;85;53.4495;53.4238;84.4536;39.1599;53.591;56.6012;26.5596
896;18.8458;85;85;10.7149;85;85;49.2234;85;54.1665;53.6;75.1285;37.4404;46.4322;85;53.6262;53.2334;84.7883;39.0991;53.591;57.2276;26.7135
897;15.2458;85;85;7.1652;85;85;49;85;54.1723;53.6;75.735;37.4955;42.8675;85;53.7969;52.9206;84.9917;39.0383;53.6;58.0404;26.8677
898;11.6458;85;85;3.6901;85;85;47.4043;85;54.1778;53.6;76.2909;37.5456;39.3027;85;53.9617;52.4514;85;38.9774;53.6;58.9494;27.0223
899;8.0768;85;85;0.9824;85;85;44.0086;85;54.1832;53.6;76.7089;37.5913;35.7379;85;54.1209;50.8597;85;38.9166;53.6;59.9475;27.1773
900;4.5824;85;85;0;85;85;40.4086;85;54.1883;53.6;76.9835;37.6329;32.1732;85;54.2746;49.0481;85;38.8556;53.6;61.0229;27.3327
901;1.4285;85;85;0;85;85;36.8086;85;54.1932;53.6;77.1869;37.6708;28.6084;85;54.4231;48.4865;85;38.7946;53.6;62.1437;27.4884
902;0;85;85;0;85;85;33.2086;85;54.198;53.5884;77.3747;37.7054;25.0437;85;54.5664;47.1105;85;38.7336;53.6;63.2989;27.6445
903;0;85;85;0;85;85;29.6086;85;54.2025;53.5179;77.5647;37.7368;21.4789;85;54.7049;44.0243;85;38.6726;53.6;64.4922;27.8009
904;0;85;85;0;85;85;26.0086;85;54.2069;53.3806;77.7798;37.7654;17.9141;85;54.8386;40.4736;85;38.6115;53.6;65.7126;27.9577
905;0;85;85;0;85;85;22.4086;85;54.2111;53.1691;78.0623;37.7915;14.3494;85;54.9677;36.923;85;38.5503;53.6;66.9079;28.1148
906;0;85;85;0;85;85;18.8086;85;54.2152;52.8199;78.4436;37.8153;10.7846;85;55.0924;33.3723;85;38.4892;53.6;67.9947;28.2722
907;0;85;85;0;85;85;15.2086;85;54.2191;52.0453;78.9039;37.8369;7.2668;85;55.2129;29.8217;85;38.4279;53.6;68.9035;28.43
908;0;85;85;0;85;85;11.6086;85;54.2229;50.2433;79.3556;37.8567;3.8229;85;55.3292;26.2711;85;38.3667;53.6;69.5929;28.5882
909;0;85;85;0;85;85;8.0404;85;54.2265;49;79.6942;37.8746;1.0573;85;55.4416;22.7204;85;38.3053;53.6;70.0587;28.7466
910;0;85;85;0;85;85;4.5468;85;54.23;48.8219;79.9611;37.891;0;85;55.5502;19.1698;85;38.244;53.6;70.3498;28.9054
911;0;85;85;0;85;85;1.4107;85;54.2333;46.8438;80.3685;37.9059;0;84.9552;55.6551;15.6191;85;38.1826;53.6;70.5647;29.0636
912;0;85;85;0;85;85;0;85;54.2365;43.2438;81.0596;37.9194;0;84.745;55.7564;12.0685;85;38.1211;53.6;70.8155;29.2181
913;0;85;85;0;85;85;0;84.9203;54.2396;39.6438;81.9756;37.9318;0;84.3131;55.8542;8.539;85;38.0596;53.6;71.1716;29.3661
914;0;85;85;0;85;85;0;84.6229;54.2426;36.0438;82.9684;37.943;0;83.6908;55.9487;5.0813;85;37.998;53.53;71.6458;29.5076
915;0;85;85;0;85;85;0;84.0845;54.2454;32.4438;83.5171;37.9533;0;82.9432;56.04;1.6889;85;37.9364;53.3271;72.203;29.6425
916;0;85;85;0;85;85;0;83.3573;54.2482;28.8438;83.5629;37.9626;0;82.2415;56.1282;0;85;37.8748;53.0981;72.781;29.7714
917;0;85;85;0;85;85;0;82.5086;54.2508;25.2438;83.9885;37.9711;0;81.7916;56.2134;0;85;37.813;52.9707;73.2916;29.8943
918;0;85;85;0;85;85;0;81.7029;54.2534;21.6438;84.7098;37.9789;0;81.6706;56.2956;0;85;37.7513;52.9497;73.6603;30.0117
919;0;85;85;0.7751;85;85;0;81.1441;54.2558;18.0438;85;37.9859;0;81.7825;56.3751;0;85;37.6895;52.9786;73.8969;30.1237
920;0;85;85;3.3503;85;85;0;80.9141;54.2582;14.4438;85;37.9924;0;81.9953;56.4519;0;85;37.6276;53.0015;74.072;30.2306
921;0.3097;85;85;6.9503;85;85;0;80.924;54.2605;10.8438;85;37.9982;0;82.2954;56.526;0;84.9996;37.5657;52.9451;74.2364;30.3326
922;2.4194;85;85;9.8751;85;85;0;81.0411;54.2626;7.2914;85;38.0035;0;82.7795;56.5976;0;84.9437;37.5037;52.7515;74.4023;30.43
923;6.0194;85;85;11;85;85;0;81.2401;54.2647;3.8136;85;38.0084;0;83.5372;56.6667;0;84.699;37.4417;52.383;74.3371;30.5229
924;9.2848;85;85;11;85;85;0;81.6104;54.2667;1.0441;85;38.0128;0;84.4692;56.7335;0;84.2003;37.3796;50.572;74.0806;30.6116
925;10.8751;85;85;11;85;85;0;82.247;54.2687;0;85;38.0168;0;84.9737;56.798;0;83.4805;37.3174;48.7783;74.1208;30.6962
926;11;85;85;11;85;85;0;83.1495;54.2705;0;85;38.0205;0;85;56.8603;0;82.5916;37.2552;48.3909;74.4767;30.777
927;11;85;85;11;85;85;0;84.2133;54.2723;0;85;38.0238;0;85;56.9205;0;81.6493;37.193;46.4609;74.8906;30.8541
928;11;85;85;11;85;85;0;84.8837;54.2741;0;85;38.0269;0;85;56.9786;0;80.8588;37.1307;42.9401;75.2237;30.9277
929;11;85;85;11;85;85;0;85;54.2757;0;85;38.0297;0.686;85;57.0347;0;80.3802;37.0683;39.4192;75.4509;30.9978
930;11;85;85;11;85;85;0;85;54.2773;0;85;38.0322;3.172;85;57.0889;0;80.1954;37.0058;35.8984;75.7313;31.0648
931;11;85;85;11;85;85;0.3283;85;54.2789;0;85;38.0345;6.772;85;57.1413;0;80.1763;36.9433;32.3775;76.2488;31.1287
932;11;85;85;11;85;85;2.4295;85;54.2803;0;85;38.0366;8.2972;85;57.1918;0;80.236;36.8808;28.8566;77.0436;31.1897
933;11;85;85;11;85;85;5.89;85;54.2818;0;84.9779;38.0385;9.5112;85;57.2407;0;80.4142;36.8181;25.3358;78.0015;31.2478
934;11;85;85;11;85;85;8.6881;85;54.2831;0;84.8035;38.0402;11;85;57.2878;0;80.8131;36.7555;21.8149;78.9902;31.3033
935;11;85;85;11;85;85;9.4374;85;54.2844;0;84.347;38.0418;10.8137;85;57.3334;0.0155;81.4881;36.6927;18.2941;79.9415;31.3563
936;11;85;85;11;85;85;9.3161;85;54.2857;0;83.6239;38.0432;10.8137;85;57.3773;1.831;82.395;36.6299;14.7732;80.8792;31.4068
937;11;85;85;11;85;85;10.2779;85;54.2869;0;82.6893;38.0446;11;85;57.4198;5.431;83.4274;36.567;11.2523;81.9748;31.455
938;11;85;85;11;85;85;11;85;54.2881;0;81.5939;38.0457;10.7864;85;57.4608;7.762;84.4394;36.5041;7.7315;83.3949;31.501
939;11;85;85;11;85;85;11;85;54.2892;0;80.4599;38.0468;10.7344;85;57.5004;9.0056;84.9587;36.441;4.3276;84.5975;31.5449
940;11;85;85;11;85;85;11;85;54.2903;0;79.4896;38.0478;10.948;85;57.5387;10.3591;85;36.3779;1.3421;85;31.5867
941;11;85;85;11;85;85;11;85;54.2913;0;78.8335;38.0487;11;85;57.5756;10.9458;85;36.3148;0;85;31.6267
942;11;85;85;10.8623;85;85;11;85;54.2923;0;78.4725;38.0496;11;85;57.6113;10.694;85;36.2516;0;85;31.6648
943;11;85;85;9.129;85;85;11;85;54.2933;0;78.2751;38.0503;11;85;57.6458;10.7482;85;36.1883;0;85;31.7011
944;11;85;85;5.9826;85;85;11;85;54.2942;0.4955;78.1533;38.051;11;85;57.6791;10.9365;85;36.1249;0;85;31.7358
945;9.6793;85;85;2.942;85;85;11;85;54.2951;2.4148;78.1405;38.0516;11;85;57.7112;10.6139;85;36.0615;0;85;31.7688
946;6.7804;85;85;0.7261;85;85;11;85;54.296;5.2814;78.3348;38.0522;11;85;57.7422;10.6774;85;35.9066;0;85;31.8004
947;3.7124;85;85;0;85;85;11;85;54.2968;8.505;78.8048;38.0527;11;84.9698;57.7722;11;85;34.8964;0;85;31.8305
948;1.1113;85;85;0;85;85;11;84.9899;54.2976;10.0654;79.5171;38.0532;11;84.868;57.8011;11;85;34.0473;0;85;31.8592
949;0;85;85;0;85;85;11;84.9103;54.2984;9.5159;80.3608;38.0536;11;84.7198;57.8291;11;85;34.2912;0;85;31.8866
950;0;85;85;0;85;85;11;84.7153;54.2991;10.0625;81.2778;38.054;11;84.6376;57.8561;11;85;34.7272;0;85;31.9127
951;0;85;85;0;85;85;11;84.4545;54.2998;10.969;82.2844;38.0543;11;84.7115;57.8822;11;85;35.1909;0;85;31.9376
952;0;85;85;0;85;85;11;84.2404;54.3005;11;83.3999;38.0546;11;84.8894;57.9073;11;85;35.6587;0;84.997;31.9614
953;0;85;85;0;85;85;11;84.176;54.3011;11;84.4665;38.0549;10.0944;84.9939;57.9316;11;85;36.1277;0;84.931;31.9841
954;0;85;85;0;85;85;11;84.2397;54.3018;11;84.9735;38.0552;7.5337;85;57.9551;11;85;36.5977;0;84.6643;32.0057
955;0;85;85;0;85;85;10.4362;84.3393;54.3024;11;85;38.0555;4.2654;85;57.9778;11;85;37.068;0;84.1068;32.0264
956;0;85;85;0;85;85;8.2221;84.4422;54.3029;11;85;38.0557;1.3261;85;57.9997;11;85;37.5322;0;83.2872;32.0461
957;0;85;85;0;85;85;4.9758;84.5714;54.3035;11;85;38.0559;0;85;58.0208;11;84.9934;37.9811;0;82.2615;32.0648
958;0;85;85;0;85;85;1.784;84.7586;54.304;11;85;38.0561;0;85;58.0412;11;84.9262;38.4117;0;81.0864;32.0827
959;0;85;85;0;85;85;0.0941;84.9347;54.3046;11;85;38.0562;0;85;58.0609;10.7254;84.7366;38.8243;0;79.9023;32.0998
960;0;85;85;0;85;85;0;85;54.305;11;85;38.0564;0;85;58.08;8.7836;84.4398;39.2196;0.3286;78.9149;32.1161
961;0;85;85;0;85;85;0;85;54.3055;11;85;38.0565;0;85;58.0984;5.5166;84.1116;39.5983;2.4572;78.2458;32.1317
962;0;85;85;0;85;85;0;85;54.306;11;85;38.0566;0;85;58.1161;2.317;83.876;39.961;6.0572;77.8517;32.1465
963;0;85;85;0;85;85;0;85;54.3064;11;85;38.0568;0;85;58.1333;0.3586;83.7994;40.3083;8.0103;77.6018;32.1606
964;0;85;85;0;85;85;0;85;54.3069;11;85;38.0569;0;85;58.1498;0;83.8131;40.6409;9.3254;77.4236;32.1741
965;0;85;85;0;85;85;0;85;54.3073;11;85;38.057;0;85;58.1658;0;83.8433;40.9593;10.7437;77.3669;32.187
966;0;85;85;0;85;85;0;85;54.3077;11;85;38.0571;0;85;58.1813;0;83.8828;41.2641;10.8935;77.53;32.1993
967;0;85;85;0;85;85;0;85;54.308;11;84.9926;38.0571;0;85;58.1962;0;83.9628;41.5558;10.7791;77.9658;32.211
968;0;85;85;0;85;85;0;85;54.3084;10.6755;84.9704;38.0572;0;85;58.2106;0;84.1094;41.8351;10.8857;78.633;32.2222
969;0;85;85;0;85;85;0;85;54.3087;8.557;84.8929;38.0573;0;85;58.2245;0;84.3285;42.1023;11;79.4259;32.2328
970;0;85;85;0;85;85;0;85;54.3091;5.0537;84.6944;38.0573;0;85;58.2379;0;84.6411;42.358;11;80.2921;32.243
971;0;85;85;0;85;85;0;85;54.3094;1.6722;84.3482;38.0574;0;85;58.2509;0;84.9128;42.6025;11;81.2505;32.2527
972;0;85;85;0;85;85;0;85;54.3097;0;83.8764;38.0574;0;85;58.2634;0;85;42.8364;11;82.3193;32.2619
973;0;85;85;0;85;85;0;85;54.31;0;83.3463;38.0575;0;84.9232;58.2755;0;85;43.0601;11;83.5126;32.2707
974;0;85;85;0;85;85;0;85;54.3103;0;82.8726;38.0575;0;84.6666;58.2871;0;85;43.2739;11;84.5714;32.2791
975;0;85;85;0;85;85;0;84.9048;54.3106;0;82.5522;38.0576;0;84.2898;58.2984;0;85;43.4784;11;85;32.2872
976;0;85;85;0;85;85;0;84.5884;54.3109;0;82.3561;38.0576;0;83.9486;58.3093;0;85;43.6739;11;85;32.2948
977;0;85;85;0;85;85;0;84.11;54.3111;0;82.1963;38.0576;0;83.6855;58.3198;0;85;43.8609;11;85;32.3021
978;0;85;85;0;85;85;0;83.6442;54.3114;0;82.041;38.0577;0;83.4488;58.33;0;85;44.0396;11;85;32.3091
979;0;85;85;0;85;85;0;83.2644;54.3116;0;81.9124;38.0577;0;83.2135;58.3398;0;85;44.2105;11;85;32.3157
980;0;85;85;0;85;85;0;82.9248;54.3118;0;81.8428;38.0577;0;82.9916;58.3492;0;85;44.3739;11;85;32.322
981;0;85;85;0.9227;85;85;0;82.5894;54.312;0;81.841;38.0577;0;82.8508;58.3584;0;85;44.53;11;85;32.3281
982;0;85;85;3.6454;85;85;0;82.2627;54.3123;0;81.9181;38.0577;0;82.8253;58.3672;0;85;44.6793;11;85;32.3338
983;0.4573;85;85;7.2454;85;85;0;82.0003;54.3125;0;82.1105;38.0578;0;82.8729;58.3757;0;85;44.822;11;85;32.3393
984;2.7146;85;85;10.8454;85;85;0;81.8515;54.3127;0;82.4661;38.0578;0;82.9752;58.384;0;84.9611;44.9585;10.4043;85;32.3446
985;6.3146;85;85;14.4454;85;85;0;81.7899;54.3128;0;83.0192;38.0578;0;83.165;58.3919;0;84.7422;45.0889;8.0664;85;32.3496
986;9.9146;85;85;16.2347;85;85;0;81.7827;54.313;0;83.7439;38.0578;0;83.4395;58.3996;0;84.2836;45.2135;4.6473;84.9916;32.3544
987;13.5146;85;85;15.7408;85;85;0;81.8516;54.3132;0;84.5314;38.0578;0;83.7402;58.407;0;83.718;45.3327;1.4852;84.9565;32.3589
988;15.8153;85;85;16.4777;85;85;0;82.0136;54.3134;0;84.9612;38.0578;0;84.0639;58.4141;0;83.1993;45.4466;0;84.8937;32.3632
989;15.7174;85;85;19.4979;85;85;0;82.2193;54.3135;0;85;38.0578;0;84.4972;58.4211;0;82.7561;45.5555;0;84.7738;32.3674
990;15.6708;85;85;21.649;85;85;0;82.4349;54.3137;0;85;38.0578;0;84.8786;58.4277;0;82.3336;45.6595;0;84.5287;32.3713
991;18.0229;85;85;22;85;85;0;82.7235;54.3138;0;85;38.0579;0.3204;85;58.4342;0;81.9123;45.759;0;84.1337;32.3751
992;20.9114;85;85;22;85;85;0;83.1821;54.314;0;85;38.0579;2.4407;85;58.4404;0;81.5105;45.854;0;83.6128;32.3787
993;22;85;85;22;85;85;0;83.8129;54.3141;0;85;38.0579;6.0407;85;58.4464;0;81.1926;45.9449;0;83.0326;32.3821
994;22;85;85;22;85;85;1.6594;84.5174;54.3142;0;85;38.0579;7.8398;85;58.4522;0;80.9852;46.0317;0;82.5051;32.3854
995;22;85;85;22;85;85;4.917;84.9364;54.3144;0;85;38.0579;8.9297;85;58.4578;0;80.8505;46.1147;0;82.1256;32.3885
996;22;85;85;22;85;85;8.3138;85;54.3145;0;84.9766;38.0579;11.8204;85;58.4632;0;80.7729;46.194;0;81.8725;32.3915
997;22;85;85;23.4456;85;85;10.4898;85;54.3146;0;84.7846;38.0579;14.4751;85;58.4685;0;80.78;46.2699;0;81.6565;32.3943
998;22;85;85;26.6653;85;85;10.3356;85;54.3147;0;84.292;38.0579;15.6781;85;58.4735;1.3965;80.872;46.3423;0;81.4431;32.397
999;22.8401;85;85;29.0031;85;85;10.5188;85;54.3148;0;83.5752;38.0579;17.8041;85;58.4784;4.5648;80.9944;46.4116;0;81.2539;32.3996
1000;25.4732;85;85;29.9989;85;85;12.8855;85;54.3149;0;82.8151;38.0579;20.7891;85;58.4831;7.2759;81.1348;46.4777;0;81.1243;32.402
1001;28.1961;85;85;31.9316;85;85;16.337;85;54.315;0;82.132;38.0579;21.7909;85;58.4876;8.3113;81.3683;46.541;0;81.0646;32.4044
1002;29.4194;85;85;34.995;85;85;19.4062;85;54.3151;0;81.5091;38.0579;21.7927;85;58.492;10.0214;81.7791;46.6014;0;81.0807;32.4066
1003;30.7579;85;85;38.041;85;85;20.3832;85;54.3152;0;80.8967;38.0579;22;85;58.4962;13.4085;82.3531;46.6592;0;81.2079;32.4087
1004;33.4061;85;85;39.7622;85;85;20.3159;85;54.3153;0;80.2871;38.0579;22;85;58.5003;14.7639;82.9962;46.7144;0;81.4989;32.4108
1005;36.5316;85;85;40;85;85;21.2704;85;54.3154;0;79.7139;38.0579;22;85;58.5043;15.6909;83.6839;46.7672;0;81.985;32.4127
1006;39.0269;85;85;40;85;85;22;85;54.3155;0.0211;79.2437;38.0579;22;85;58.5081;18.8138;84.4517;46.8176;0;82.6458;32.4146
1007;40;85;85;40;85;85;22;85;54.3156;1.0299;78.8778;38.0579;22;85;58.5118;21.1069;84.9284;46.8658;0;83.3919;32.4163
1008;40;85;85;40;85;85;22;85;54.3156;3.2669;78.5728;38.0579;23.1207;85;58.5153;21.8108;85;46.9118;0;84.0619;32.418
1009;40;85;85;40;85;85;22;85;54.3157;5.8568;78.327;38.0579;25.895;85;58.5188;22;85;46.9558;0;84.5125;32.4196
1010;40;85;85;39.1854;85;85;22.2924;85;54.3159;8.9808;78.1716;38.0579;29.2601;85;58.5257;22;85;46.9979;0;84.795;32.4212
1011;40;85;85;37.1854;85;85;24.3079;85;54.3279;11.3215;78.0943;38.0579;32.5968;85;58.5598;22;85;47.0381;0;84.9597;32.4226
1012;39.791;85;85;36;85;85;27.781;85;54.3786;11.3713;78.0406;38.0579;34.7811;85;58.6448;22;85;47.0764;0;85;32.424
1013;37.8964;85;85;36;85;85;31.1922;85;54.4799;11.4998;78.0055;38.0579;36.6004;85;58.7853;22;85;47.1131;0;85;32.4254
1014;36.1054;85;85;36;85;85;33.5885;85;54.63;13.4332;78.0657;38.0579;38.9303;85;58.9713;22.1187;85;47.1481;0;85;32.4266
1015;36;85;85;36.4342;85;85;34.8395;85;54.8161;16.1845;78.3012;38.0579;40;85;58.9353;22.7678;85;47.1816;0;85;32.4278
1016;36;85;85;38.2285;85;85;36.5759;85;55.0392;19.0657;78.6969;38.0579;40;85;58.1292;24.286;85;47.2135;0;84.9693;32.429
1017;36.2098;85;85;39.7943;85;85;38.8563;85;55.3069;20.7949;79.1623;38.0579;40;85;57.4231;26.3959;85;47.244;0;84.7712;32.4301
1018;37.7631;85;85;40;85;85;39.9582;85;55.6104;20.9511;79.6643;38.0579;40;85;57.5031;28.7404;85;47.2732;0;84.2727;32.4311
1019;39.5533;85;85;40;85;85;40;85;55.9473;21.3269;80.2819;38.0579;40;85;57.7752;31.2718;85;47.301;0;83.5247;32.4321
1020;40;85;85;40;85;85;40;85;56.3152;21.9242;81.085;38.0579;40;85;58.1067;33.9635;85;47.3276;0;82.7042;32.4331
1021;40;85;85;40;85;85;40;85;56.7066;22;82.0338;38.0579;38.9965;85;58.4811;36.7229;85;47.353;0;81.9508;32.434
1022;40;85;85;40;85;85;40;85;57.1129;22;83.0479;38.0579;36.9965;85;58.8939;39.0256;85;47.3772;0.1897;81.2637;32.4349
1023;40;85;85;40;85;85;40;85;57.5299;22;84.1329;38.0579;36;85;59.3369;39.9759;85;47.4004;2.0918;80.5893;32.4357
1024;40;85;85;40;85;85;38.3994;85;57.9529;22.7117;84.8509;38.0579;36;85;59.7943;40;85;47.4225;5.5871;79.9161;32.4365
1025;40;85;85;40;85;85;36.3994;85;58.3652;24.969;85;38.0579;35.9978;85;60.2689;40;85;47.4437;7.5721;79.2673;32.4372
1026;40;85;85;38.8537;85;85;36;85;58.7682;28.1663;85;38.0579;36.1669;85;60.7831;40;85;47.4639;8.7353;78.7104;32.438
1027;40;85;85;35.9074;85;85;36;85;59.1824;31.4328;85;38.0579;37.1666;85;61.3494;40;85;47.4832;9.7824;78.2633;32.4386
1028;39.5743;85;85;32.3074;85;85;36.0394;85;59.6158;34.5937;85;38.0579;38.8849;85;61.9773;39.2108;85;47.5016;10.7132;77.8832;32.4393
1029;37.3486;85;85;28.9834;85;85;36.7299;85;59.5784;37.4128;85;38.0579;39.8873;85;62.6697;37.2108;85;47.5192;12.5366;77.5564;32.4399
1030;33.7486;85;85;27.2297;85;85;38.3803;84.9899;58.7309;39.1792;85;38.0579;40;85;63.4294;36;85;47.536;13.5121;77.3126;32.4405
1031;30.2189;85;85;27;85;85;39.6898;84.9601;58.0731;39.8362;85;38.0579;40;85;64.264;36;85;47.552;14.7856;77.1562;32.4411
1032;27.7446;85;85;27;85;85;40;84.968;58.3363;40;85;38.0579;40;85;65.1769;36;85;47.5674;16.8259;77.0336;32.4416
1033;27;85;85;27;85;85;40;84.9978;59.0745;40;85;38.0579;40;84.987;66.169;36.0249;85;47.582;17.743;76.9205;32.4421
1034;27;85;85;27;85;85;40;85;59.9302;40;85;38.0579;40;84.8947;67.2404;36.6572;85;47.596;19.1001;76.8794;32.4426
1035;27;85;85;27;85;85;40;84.9843;60.8732;40;85;38.0579;40;84.6857;68.3815;37.9936;85;47.6093;21.1322;76.9988;32.4431
1036;27;85;85;27;85;85;40;84.8656;61.8994;40;85;38.0579;40;84.3952;69.5288;39.3475;85;47.6221;21.9804;77.2927;32.4436
1037;27;85;85;27;85;85;40;84.5912;62.988;39.4253;85;38.0579;38.4452;84.0436;70.6191;39.9862;85;47.6343;22;77.6836;32.444
1038;27;85;85;27;85;85;40;84.2156;64.0739;37.4253;85;38.0579;35.0903;83.6584;71.638;40;85;47.6459;22;78.1066;32.4444
1039;27;85;85;27;85;85;39.6385;83.7769;65.1065;36;85;38.0579;31.4903;83.2705;72.3096;40;84.9961;47.657;22;78.6111;32.4448
1040;27;85;85;27;85;85;37.4769;83.2962;66.0783;36;85;38.0579;28.3507;82.8741;72.2263;40;84.9487;47.6677;22.2863;79.2887;32.4451
1041;27;85;85;27;85;85;33.8769;82.8058;66.9675;36;85;38.0579;27.0056;82.4089;72.1421;40;84.8547;47.6778;23.5611;80.1391;32.4455
1042;27;85;85;27;85;85;30.2769;82.318;67.7516;36.1329;85;38.0579;27;81.7975;72.5972;40;84.8364;47.6875;25.7371;81.0836;32.4458
1043;27;85;85;27;85;85;27.7385;81.7943;68.4392;36.882;85;38.0579;27;81.0602;73.1582;40;84.9342;47.6968;28.2003;82.0824;32.4462
1044;27;85;85;27.6177;85;85;27;81.1583;69.0734;38.1691;85;38.0579;27;80.3326;73.7268;38.8424;84.9971;47.7056;30.7912;83.2065;32.4465
1045;27;85;85;29.9119;85;85;27;80.3767;69.6899;39.4099;85;38.0579;27;79.7748;74.2838;35.8848;84.9399;47.714;33.4382;84.4084;32.4468
1046;27.083;85;85;33.1981;85;85;27;79.53;70.2921;39.9899;85;38.0579;27;79.394;74.8653;32.2848;84.7412;47.7221;36.0946;85;32.447
1047;28.8867;85;85;36.3353;85;85;27;78.788;70.8687;40;85;38.0579;27;79.0461;75.5161;28.7636;84.3876;47.7295;38.6815;85;32.4473
1048;32.2411;85;85;38.9314;85;85;27;78.2451;71.4343;40;85;38.0579;27;78.6518;76.245;27.0212;83.9342;47.7363;39.9719;85;32.4476
1049;35.4257;85;85;40;85;85;27;77.8159;72.0367;40;85;38.0579;27;78.2433;77.0652;27;83.4132;47.7424;40;85;32.4478
1050;38.3152;85;85;40;85;85;27;77.3665;72.6981;40;85;38.0579;27;77.8722;77.9805;27;82.8482;47.7478;40;85;32.448
1051;39.8269;85;85;40;85;85;27;76.8758;73.4248;40;85;38.0579;27;77.5317;78.9472;27;82.2727;47.7528;40;85;32.4482
1052;40;85;85;40;85;85;27;76.4035;74.2307;40;84.9896;38.0579;27;77.1772;79.9188;27;81.6957;47.7573;40;85;32.4485
1053;40;85;85;40;85;85;27;75.9723;75.1126;38.8754;84.8769;38.0579;27;76.7976;80.9017;27;81.0784;47.7613;40;85;32.4487
1054;40;85;85;40;85;85;27;75.5564;76.0226;35.9508;84.6166;38.0579;27;76.4097;81.9129;27;80.344;47.7649;38.7287;85;32.4488
1055;40;85;85;40;85;85;27;75.1196;76.9271;32.3508;84.3542;38.0579;27.3986;76.0228;82.9533;27;79.4607;47.7682;36.7287;85;32.449
1056;40;85;85;40;85;85;27;74.4403;77.842;28.7976;84.2304;38.0579;28.8891;75.6097;84.0226;27;78.5179;47.7711;36;85;32.4492
1057;40;85;85;40;85;85;27;73.137;78.7799;27.0222;84.1991;38.0579;31.2265;75.1054;84.545;27;77.6806;47.7738;36;85;32.4494
1058;40;85;85;39.9608;85;85;27.8915;71.7249;79.741;27;84.0924;38.0579;33.8167;74.4986;84.7231;27;77.0363;47.7762;36;85;32.4495
1059;40;85;85;38.1377;85;85;29.1251;71.0886;80.7249;27;83.7924;38.0579;36.5694;73.3462;84.9603;27;76.5053;47.7784;36.2546;85;32.4497
1060;40;85;85;34.5698;85;85;29.7394;70.8718;81.7267;27;83.3029;38.0579;38.7704;72.2326;85;27;75.9524;47.7803;36.9701;85;32.4498
1061;38.8429;85;85;31.0019;85;85;31.5765;70.5615;82.7302;27;82.6934;38.0579;39.7815;72.0142;85;27;75.356;47.7821;37.8919;85;32.45
1062;35.8937;85;85;27.4339;85;85;34.7114;70.2437;83.6222;27;82.0083;38.0579;40;72.3392;85;27.176;74.7733;47.7837;38.789;85;32.4501
1063;32.3096;85;85;23.866;85;85;37.218;70.04;83.8412;27;81.2671;38.0579;40;73.0317;85;28.2257;74.2299;47.7851;39.6126;85;32.4502
1064;28.7254;85;85;20.2981;85;85;38.5614;70.0786;83.5831;27;80.5042;38.0579;40;74.0075;85;30.1418;73.3853;47.7864;40;85;32.4503
1065;25.1413;85;85;16.7302;85;85;39.4841;70.4295;83.8835;27;79.7429;38.0579;40;75.0246;85;32.3038;72.3457;47.7875;40;85;32.4504
1066;21.5572;85;85;13.1623;85;85;40;71.102;84.6298;27;78.9715;38.0579;40;75.9085;85;34.6111;71.6838;47.7886;39.9011;85;32.4506
1067;17.973;85;85;9.5943;85;85;40;72.0516;84.9957;27;78.1307;38.0579;40;76.747;85;37.0437;71.3057;47.7895;39.7696;85;32.4507
1068;14.3889;85;85;6.0882;85;85;40;73.0551;85;27;77.1505;38.0579;40;77.6809;85;39.1365;70.9623;47.7904;39.8685;85;32.4508
1069;10.8048;85;85;2.6926;85;85;40;73.9137;85;27;76.0476;38.0579;40;78.7638;85;39.9921;70.5991;47.7911;39.9584;85;32.4509
1070;7.2412;85;85;0.5096;85;85;40;74.6852;85;27;74.9404;38.0579;38.5549;79.9549;85;40;70.1547;47.7918;38.6699;85;32.4509
1071;3.7955;85;85;0;85;85;40;75.5159;85;27.1761;73.8258;38.0579;35.3097;81.1734;85;40;69.6074;47.7925;35.623;85;32.451
1072;1.0607;85;85;0;85;85;39.9831;76.483;85;28.0434;72.4719;38.0579;31.7097;82.3743;85;40;69.0169;47.793;32.023;84.9956;32.4511
1073;0;85;85;0;85;85;38.2119;77.5646;85;29.0406;71.1272;38.0579;28.1097;83.5556;85;40;68.4938;47.7935;28.6115;84.9168;32.4512
1074;0;85;85;0;85;85;34.7031;78.686;85;29.9305;70.3102;38.0579;24.5097;84.4288;85;40;68.1734;47.794;27;84.6744;32.4513
1075;0;85;85;0;85;85;31.1943;79.7922;85;31.8924;69.811;38.0579;20.9097;84.7837;85;40;68.1521;47.7944;27;84.3438;32.4513
1076;0;85;85;0;85;85;27.6855;80.8737;85;34.6363;69.329;38.0579;17.3097;84.9256;85;40;68.4543;47.7948;27;84.1046;32.4514
1077;0;85;85;0;85;85;24.1767;81.9308;85;37.321;68.8918;38.0579;13.7097;85;85;39.2262;69.072;47.7951;27;84.0002;32.4515
1078;0;85;85;0;85;85;20.6679;82.9711;85;39.1159;68.4811;38.0579;10.1097;85;85;36.6524;69.8702;47.7954;27;83.8994;32.4515
1079;0;85;85;0;85;85;17.1591;83.4199;85;39.7961;68.0627;38.0579;6.5505;85;85;33.0524;70.6136;47.7957;27;83.648;32.4516
1080;0;85;85;0;85;85;13.6504;83.2197;85;40;67.6241;38.0579;3.1169;85;85;29.4524;71.2342;47.7959;27;83.1903;32.4516
1081;0;85;85;0;85;85;10.1416;83.3831;85;40;67.1804;38.0579;0.7212;85;85;25.8524;71.8515;47.7962;27;82.5711;32.4517
1082;0;85;85;0;85;85;6.6835;84.0051;85;40;66.743;38.0579;0;85;85;22.2524;72.5863;47.7964;27;81.8592;32.4517
1083;0;85;85;0;85;85;3.3143;84.5118;85;40;66.3065;38.0579;0;85;85;18.6524;73.4736;47.7965;27;81.0833;32.4518
1084;0;85;85;0;85;85;0.8244;84.8304;85;40;65.8289;38.0579;0;85;85;15.0524;74.4725;47.8071;27;80.2658;32.4518
1085;0;85;85;0;85;85;0;84.9849;85;40;65.2605;38.0579;0;85;85;11.4524;75.5116;47.849;27;79.439;32.4519
1086;0;85;85;0;85;85;0;85;85;39.3767;64.6156;38.0579;0;85;85;7.8524;76.5515;47.9316;27;78.6117;32.4519
1087;0;85;85;0;85;85;0;85;85;37.0227;63.9616;38.0579;0;85;85;4.3719;77.5859;48.0525;27;77.7486;32.452
1088;0;85;85;0;85;85;0;85;85;33.5611;63.4017;38.0579;0;85;85;1.3457;78.61;47.5698;27.2428;76.778;32.452
1089;0;85;85;0;85;85;0;85;85;30.0995;63.0541;38.0579;0;85;85;0;79.629;46.6132;28.1637;75.6571;32.452
1090;0;85;85;0;85;85;0;85;85;26.6378;62.9878;38.0579;0;85;85;0;80.6698;46.2581;29.881;74.4185;32.4521
1091;0;85;85;0;85;85;0;85;85;23.1762;63.215;38.0579;0;85;85;0;81.7383;46.434;32.0179;72.9576;32.4521
1092;0;85;85;0;85;85;0;85;85;19.7146;63.7402;38.0579;0;85;85;0;82.7771;46.7096;34.2414;71.72;32.4521
1093;0;85;85;0;85;85;0;85;85;16.253;64.4745;38.0579;0;85;85;0;83.6556;47.0356;36.5351;70.9935;32.4522
1094;0;85;85;0;85;85;0;85;85;12.7914;65.1907;38.0579;0;85;85;0;84.2598;47.406;38.708;70.3599;32.4522
1095;0;85;85;1.2518;85;85;0;85;85;9.3298;65.7688;38.0579;0;85;85;0;84.5822;47.8051;39.8565;69.6856;32.4522
1096;0;85;85;4.3036;85;85;0;85;85;5.9392;66.2821;38.0579;0;85;85;0;84.5865;48.2345;40;68.9858;32.4523
1097;0.6597;85;85;7.9036;85;85;0;85;85;2.6242;66.8543;38.0579;0;85;85;0;84.7475;48.6928;40;68.3172;32.4523
1098;3.1193;85;85;11.5036;85;85;0;85;85;0.4845;67.5605;38.0579;0;85;84.9729;0;85;49.1686;40;67.6865;32.4523
1099;6.7193;85;85;15.1036;85;85;0;85;85;0;68.3953;38.0579;0;85;84.8594;0;85;49.6622;40;67.0637;32.4523
1100;10.3193;85;85;17.3417;85;85;0;85;84.9887;0;69.3012;38.0579;0;85;84.6539;0;85;50.1603;40;66.4195;32.4523
1101;13.9193;85;85;18.156;85;85;0;85;84.9069;0;70.2172;38.0579;0;85;84.4;0;85;50.6507;40;65.7509;32.4524
1102;16.5007;85;85;19.2661;85;85;0;85;84.6995;0;71.1197;38.0579;0;85;84.128;0;85;51.1496;40;65.0788;32.4524
1103;17.5177;85;85;20;85;85;0;85;84.3867;0;72.008;38.0579;0;85;83.8416;0;85;51.6723;38.6279;64.4074;32.4524
1104;18.7487;85;85;20.1497;85;85;0;85;84.0227;0;72.8824;38.0579;0;85;83.5366;0;85;52.2238;35.4919;63.7271;32.4524
1105;19.872;85;85;22.0994;85;85;0;85;83.6441;0;73.7484;38.0579;0;85;83.2071;0;85;52.8154;31.9642;62.9914;32.4524
1106;20;85;85;25.6892;85;85;0;85;83.2555;0;74.6302;38.0579;1.0247;85;82.8581;0;85;53.4571;28.4364;62.1574;32.4525
1107;21.2644;85;85;28.7395;85;85;0;85;82.8521;0;75.5407;38.0579;3.8493;85;82.5085;0;85;54.1471;24.9087;61.245;32.4525
1108;24.3275;85;85;30;85;85;0;85;82.4265;0;76.4472;38.0579;7.2507;85;82.1752;0;85;54.8909;21.3809;60.3205;32.4525
1109;27.7868;85;85;30;85;85;0.909;85;81.9822;0;77.2553;38.0579;9.6595;85;81.8595;0;85;55.6949;17.8532;59.4771;32.4525
1110;29.7236;85;85;30;85;85;3.618;85;81.5362;0;77.8328;38.0579;12.2276;85;81.5471;0;85;56.391;14.3254;58.8185;32.4525
1111;30;85;85;30;85;85;7.218;85;81.1055;0;78.156;38.0579;15.7884;85;81.2357;0;85;56.4424;10.7977;58.424;32.4525
1112;30;85;85;30;85;85;10.818;85;80.6945;0;78.4492;38.0579;18.2786;85;80.9253;0;85;56.5247;7.3014;58.3091;32.4525
1113;30;85;85;30;85;85;14.418;85;80.2911;0;78.9976;38.0579;19.4844;85;80.616;0.3533;85;57.3053;3.9003;58.4735;32.4526
1114;30;85;85;30;85;85;17.6284;85;79.8903;0;79.9051;38.0579;20;85;80.3077;2.5067;85;58.2786;1.1158;58.8967;32.4526
1115;30;85;85;30;85;85;19.4642;85;79.492;0;81.1458;38.0579;20;85;80.0004;6.1067;85;59.2666;0;59.4071;32.4526
1116;30;85;85;30;85;85;19.9448;85;79.0963;0;82.47;38.0579;20.3161;85;79.6941;8.7698;85;60.2202;0;59.813;32.4526
1117;30;85;85;30;85;85;20;85;78.703;0;83.1814;38.0579;21.6974;85;79.3889;11.073;85;61.1326;0;60.1046;32.4526
1118;30;85;85;30;85;85;20.031;85;78.3123;0;83.2595;38.0579;24.0407;85;79.0846;14.3131;85;61.9793;0;60.3814;32.4526
1119;30;85;85;30;85;85;21.269;85;77.9239;0;83.5816;38.0579;26.6864;85;78.7812;17.2943;85;62.7356;0;60.7474;32.4526
1120;30;85;85;30;85;85;24.2416;85;77.538;0;84.3995;38.0579;28.9761;85;78.4789;19.2377;85;63.4003;0;61.2503;32.4526
1121;30;85;85;30;85;85;27.6603;85;77.1545;0;84.9448;38.0579;29.9068;85;78.1774;20;85;64.0101;0;61.8761;32.4526
1122;30;85;85;30;85;85;29.6567;85;76.7733;0;85;38.0579;29.9576;85;77.877;20;85;64.6034;0;62.5837;32.4526
1123;30;85;85;30;85;85;30;85;76.3945;1.2731;85;38.0579;30;85;77.5775;20.0875;85;65.1861;0;63.3177;32.4526
1124;30;85;85;30;85;85;30;85;76.0181;4.2671;85;38.0579;30;85;77.2789;21.1413;85;65.7523;0;64.051;32.4526
1125;30;85;85;30;85;85;30;85;75.6439;7.788;85;38.0579;30;85;76.9812;23.5679;85;66.2955;0;64.7835;32.4527
1126;30;85;85;30;85;85;30;85;75.272;10.3827;85;38.0579;30;85;76.6844;26.5108;85;66.8531;0;65.5152;32.4527
1127;30;85;85;30;85;85;30;85;74.9024;11.7896;85;38.0579;30;85;76.3885;28.8261;85;67.4651;0;66.2462;32.4527
1128;30;85;85;30;85;85;30;85;74.4532;13.8396;85;38.0579;30;85;76.0936;29.798;85;68.1345;0;66.9876;32.4527
1129;30;85;85;30;85;85;30;85;73.3822;17.0773;85;38.0579;30;85;75.7995;29.9685;85;68.8713;0;67.7627;32.4527
1130;30;85;85;30;85;85;30;85;71.8756;19.4387;85;38.0579;30;85;75.5062;30;85;69.6881;0;68.5755;32.4527
1131;30;85;85;30;85;85;30;85;71.1899;20;85;38.0579;30;85;75.2139;30;84.9966;70.5744;0;69.393;32.4527
1132;30;85;85;30;85;85;30;85;71.2043;20;85;38.0579;30;85;74.9224;30;84.9703;71.4836;0;70.1324;32.4527
1133;30;85;85;30;85;85;30;85;71.2032;20.3492;85;38.0579;30;85;74.6317;30;84.9464;72.2143;0;70.6799;32.4527
1134;30;85;85;30;85;85;30;85;71.2022;21.3767;85;38.0579;30;85;74.3799;30;84.9726;72.4251;0;70.9832;32.4527
1135;30;85;85;30;85;85;30;85;71.2011;22.7744;85;38.0579;30;85;74.2283;30;85;72.6969;0;71.175;32.4527
1136;30;85;85;30;85;85;30;85;71.2001;24.2025;85;38.0579;30;85;74.1973;30;85;73.4806;0;71.531;32.4527
1137;30;85;85;29.4595;85;85;30;85;71.1991;25.5988;85;38.0579;30;85;74.2836;29.6987;85;74.4001;0;72.2148;32.4527
1138;30;85;85;27.9595;85;85;30;85;71.2259;26.9513;85;38.0579;30;85;74.4874;28.9465;85;75.37;0;73.2435;32.4527
1139;30;85;85;27;85;85;30;85;71.3405;28.252;85;38.0579;30;84.9478;74.8084;28.7156;85;76.3672;0.5964;74.5439;32.4527
1140;28.5;85;85;27;85;85;30;85;71.5687;29.3929;85;38.0579;30;84.7823;75.2452;29.2627;85;77.3811;2.9928;75.8484;32.4527
1141;27;85;85;27;85;85;30;85;71.9032;29.9488;85;38.0579;30;84.5865;75.797;29.7941;85;78.4054;6.5928;76.9548;32.4527
1142;27;85;85;27;85;85;30;84.9757;72.3421;30;85;38.0579;30;84.4445;76.4642;29.9992;85;79.4396;9.1105;77.9261;32.4527
1143;27;85;85;27;85;85;30;84.8068;72.8838;30;85;38.0579;30;84.3083;77.2253;30;85;80.4799;11.4114;78.8826;32.4527
1144;27;85;85;27;85;85;30;84.5025;73.526;30;85;38.0613;29.8753;84.0747;78.0281;30;85;81.5009;14.7944;79.9102;32.4527
1145;27;85;85;27;85;85;30;84.2201;74.2664;30;85;38.0851;29.5392;83.686;78.8473;30;85;82.5017;17.6086;81.0152;32.4527
1146;27;85;85;27;85;85;30;83.9819;75.1043;29.841;85;38.1418;29.5614;83.2006;79.677;30;85;83.5682;19.3114;82.1363;32.4527
1147;27;85;85;27;85;85;30;83.6995;76.0321;28.9568;85;38.2287;29.8975;82.7177;80.5139;30;85;84.5667;20;83.2098;32.4527
1148;27;85;85;27;85;85;30;83.2845;77;27.7279;84.9479;38.3432;30;82.3036;81.3667;30;85;84.9987;20;84.1979;32.4527
1149;27;85;85;27;85;85;30;82.7372;77.9684;27.7027;84.7796;38.4829;29.0873;81.9575;82.2315;29.4963;85;85;20.1358;84.8347;32.4527
1150;27;85;85;27;85;85;30;82.1397;78.9315;28.5924;84.565;38.6361;27.5873;81.6181;83.1101;29.005;85;85;20.9955;85;32.4527
1151;27;85;85;27;85;85;29.748;81.589;79.8795;29.396;84.459;38.8032;27;81.2136;84.0011;29.2906;85;85;22.4857;85;32.4528
1152;27;85;85;27;85;85;28.248;81.1166;80.8238;29.8942;84.5322;38.4825;27;80.7393;84.7238;29.7784;85;85;24.005;85;32.4528
1153;27;85;85;27;85;85;27;80.6907;81.7641;30;84.7125;37.2644;27;80.268;85;29.7237;84.9496;85;25.4961;85;32.4528
1154;27;85;85;27;85;85;27;80.2375;82.6976;30;84.893;36.096;27;79.9006;85;29.5726;84.7197;85;26.9598;85;32.4528
1155;27;85;85;27;85;85;27;79.7091;83.5151;30;84.987;35.7757;27;79.7172;85;29.8455;84.3438;85;28.3647;85;32.4528
1156;27;85;85;27;85;85;27;79.1387;83.6505;30;85;35.9074;27;79.7196;85;30;83.9871;85;29.522;85;32.4528
1157;27;85;85;25.2845;85;85;27;78.6065;83.3158;30;85;36.1132;27;79.8267;85;28.5;83.6723;85;30;85;32.4528
1158;27;85;85;21.7707;85;85;27;78.2143;83.5749;30;85;36.3491;27;79.9581;85;27;83.3163;85;30;85;32.4528
1159;25.9692;85;85;18.1739;85;85;27;78.0172;84.3833;30;85;36.6104;27;80.0958;85;27;82.8294;85;30;85;32.4528
1160;23.14;85;85;14.5771;85;85;27;77.9847;84.9061;30;85;36.8963;27;80.3091;85;27;82.2022;85;30;85;32.4528
1161;19.5432;85;85;10.9803;85;85;27;78.026;85;30;85;37.2079;27;80.6897;85;27;81.5169;85;30;85;32.4528
1162;15.9464;85;85;7.3926;85;85;27;78.0781;85;30;85;37.5444;27;81.2633;85;27;80.8713;85;30;85;32.4528
1163;12.3496;85;85;3.9317;85;85;27;78.1445;85;30;85;37.9046;27;82.0011;85;27;80.3005;85;30;85;32.4528
1164;8.7528;85;85;1.13;85;85;27;78.3076;85;30;85;38.2859;27;82.8562;85;27;79.7796;85;29.9981;85;32.4528
1165;5.2436;85;85;0;85;85;27;78.6506;85;30;85;38.6693;27;83.8125;85;27;79.2391;85;29.9883;85;32.4528
1166;1.8612;85;85;0;85;85;27;79.1785;85;30;85;39.0557;27;84.6559;85;27;78.6243;85;29.9637;85;32.4528
1167;0.0947;85;85;0;85;85;27;79.8551;85;28.5779;85;39.4618;27;84.9972;85;27;77.9572;85;29.9322;85;32.4528
1168;0;85;85;0;85;85;27;80.6385;85;27.0779;85;39.8942;26.711;85;85;27;77.3139;85;29.903;85;32.4528
1169;0;85;85;0;85;85;27;81.5234;85;27;84.9949;40.3551;24.6237;85;85;27;76.7926;85;29.8746;85;32.4528
1170;0;85;85;0;85;85;27;82.5392;85;27;84.8661;40.8524;21.0269;85;85;27;76.4583;85;29.878;85;32.4528
1171;0;85;85;0;85;85;25.5728;83.71;85;27;84.463;41.3912;17.4301;85;85;27;76.2987;85;29.9477;84.997;32.4528
1172;0;85;85;0;85;85;22.3472;84.6677;85;27;83.8881;41.972;13.8333;85;85;27;76.2311;85;30;84.9386;32.4528
1173;0;85;85;0;85;85;18.7504;85;85;27;83.335;42.5901;10.2365;85;85;27;76.1834;85;30;84.7517;32.4528
1174;0;85;85;0;85;85;15.1536;85;85;27;82.8281;43.2491;6.6751;85;85;27;76.1414;85;30;84.49;32.4528
1175;0;85;85;0;85;85;11.5568;85;85;27;82.2789;43.9528;3.2403;85;85;27;76.1673;85;30;84.3077;32.4528
1176;0;85;85;0;85;85;7.96;85;85;27;81.5973;44.7043;0.7843;85;85;25.8264;76.349;85;30;84.3011;32.4528
1177;0;85;85;0;85;85;4.4788;85;85;27;80.7795;45.5045;0;85;85;22.8544;76.718;85;29.7706;84.425;32.4528
1178;0;85;85;0;85;85;1.398;85;85;27;79.9034;46.357;0;85;85;19.2576;77.253;84.9926;29.3448;84.5691;32.4528
1179;0;85;85;0.5833;85;85;0;85;85;27;79.0666;47.2611;0;85;85;15.6608;77.9096;84.9348;29.2992;84.6713;32.4528
1180;0;85;85;2.9666;85;85;0;85;85;27;78.3084;48.2111;0;85;85;12.064;78.663;84.7655;29.7133;84.7482;32.4528
1181;0;85;85;6.5666;85;85;0;85;85;27;77.6044;49.2075;0;85;85;8.4672;79.5292;84.4628;29.875;84.8734;32.4528
1182;1.698;85;85;10.1666;85;85;0;85;85;27;76.8911;50.2324;0;85;85;4.968;80.5417;84.0643;29.7867;84.9791;32.4528
1183;5.196;85;85;13.7666;85;85;0;85;85;27;76.1091;51.2319;0;85;85;1.6337;81.7167;83.6211;28.4351;85;32.4528
1184;8.796;85;85;16.3623;85;85;0;85;85;27;75.267;52.175;0;84.9806;85;0;83.0492;83.1621;27.0351;85;32.4528
1185;12.396;85;85;17.2843;85;85;0;85;85;27;74.4318;53.065;0;84.7981;85;0;84.3661;82.688;27;85;32.4528
1186;15.6019;85;85;18.54;85;85;0;85;85;26.1818;73.5414;53.8894;0;84.3554;85;0;84.9894;82.1943;27;85;32.4528
1187;16.9671;85;85;21.4695;85;85;0;85;85;23.5652;72.3937;54.6311;0;83.8517;85;0;85;81.6777;27;85;32.4528
1188;17.2891;85;85;25.0637;85;85;0;84.9621;85;19.9684;71.3555;55.2807;0;83.498;85;0;85;81.1428;27;85;32.4528
1189;19.4517;85;85;27.4289;85;85;0;84.7048;85;16.3716;70.9962;55.842;0;83.3163;85;0;85;80.608;27;85;32.4528
1190;23.0517;85;85;28;85;85;0;84.1521;85;12.7748;71.0306;56.3499;0;83.2683;85;0;85;80.0893;27;85;32.4528
1191;26.3011;85;85;28;85;85;0;83.5424;85;9.178;71.0647;56.8348;0.9555;83.3644;85;0;85;79.5882;27;85;32.4528
1192;27.8753;85;85;28;85;85;0;83.0868;85;5.6538;71.1136;57.2999;3.711;83.6834;85;0;85;79.0911;27;85;32.4528
1193;28;85;85;28;85;85;0.2948;82.8052;85;2.2564;71.2532;57.7447;7.1054;84.2571;85;0;85;78.5953;27;84.9932;32.4528
1194;28;85;85;28;85;85;2.3794;82.6568;85;0.2923;71.5565;58.1583;9.0487;84.802;85;0;85;78.1007;27;84.8742;32.4528
1195;28;85;85;28;85;85;5.9132;82.6539;85;0;72.0301;58.5478;11.0694;85;85;0;85;77.6074;27;84.4842;32.4528
1196;28;85;85;28;85;85;8.9573;82.8721;85;0;72.646;58.9533;14.5411;85;85;0;85;77.1153;27;83.8795;32.4528
1197;28;85;85;28;85;85;10.4148;83.3417;85;0;73.3633;59.3988;16.8695;85;85;0;85;76.6244;27;83.2605;32.4528
1198;28;85;85;27.6265;85;85;11.25;83.9994;85;0;74.1606;59.4952;18.7198;85;85;0.041;85;76.1348;27;82.6911;32.4528
1199;28;85;85;25.5004;85;85;13.7279;84.6614;85;0;75.052;59.0467;21.8418;85;85;1.8819;84.9872;75.6463;27;82.1033;32.4528
1200;28;85;85;21.995;85;85;17.3279;84.9801;85;0;76.0687;58.8;24.8544;85;85;5.4819;84.8282;75.1589;27;81.4003;32.4528
1201;26.575;85;85;18.4897;85;85;20.1774;85;85;0;77.2248;59.2132;26.8548;85;85;8.0792;84.3593;74.6728;27;80.5478;32.4528
1202;23.4379;85;85;14.9843;85;85;21.4959;85;85;0;78.5134;59.9448;27.8213;85;85;9.95;83.6763;74.1877;26.1643;79.6141;32.4528
1203;20.0139;85;85;11.479;85;85;22.8118;85;85;0;79.9293;60.7109;28;85;85;12.8235;83.0379;73.3378;23.5303;78.6941;32.4528
1204;16.5899;85;85;8.0022;85;85;25.6022;85;85;0;81.4725;61.4813;28;85;85;15.9599;82.5714;72.3654;19.9335;77.8459;32.4528
1205;13.1659;85;85;4.5992;85;85;27.6729;85;85;0;82.9328;62.2682;28;85;85;17.9167;82.26;71.8476;16.3367;77.0619;32.4528
1206;9.7418;85;85;1.4602;85;85;28;85;85;0;83.9803;63.0797;28;85;85;20.3022;82.0776;71.5677;12.7399;76.2873;32.4528
1207;6.3653;85;85;0;85;85;28;85;85;0;84.6661;63.9172;28;85;85;22.5732;82.0675;71.3174;9.143;75.4531;32.4528
1208;3.093;85;85;0;85;85;28;85;85;0;84.9807;64.78;28;85;85;24.5075;82.2991;71.0709;5.6201;74.5138;32.4528
1209;0.7427;85;85;0;85;85;28;85;85;1.4038;85;65.667;28;85;85;26.968;82.7683;70.8251;2.2239;73.2679;32.4528
1210;0;85;85;0;85;85;28;85;85;4.4456;85;66.5762;28;85;85;28;83.3934;70.5799;0.2761;72.125;32.4528
1211;0;85;85;0;85;85;28;85;85;7.8756;85;67.4939;26.3326;85;85;28;84.0592;70.3351;0;71.4865;32.4528
1212;0;85;85;0;85;85;28;85;85;10.6886;85;68.4157;22.8651;85;85;28;84.6283;70.0909;0;71.1018;32.4528
1213;0;85;85;0;85;85;27.8173;85;85;11.9007;85;69.3436;19.2651;85;85;28;84.9348;69.8472;0;70.8787;32.4528
1214;0;85;85;0;85;85;25.8346;85;85;13.0088;85;70.2753;15.6651;85;85;28;85;69.604;0;70.7263;32.4528
1215;0;85;85;0;85;85;22.2346;85;85;15.7168;85;71.2121;12.0651;85;85;28;85;69.3612;0;70.5851;32.4528
1216;0;85;85;0;85;85;18.6346;85;85;19.3015;85;72.1405;8.4723;85;85;28;85;69.119;0;70.447;32.4528
1217;0;85;85;0;85;85;15.0346;85;85;21.8992;84.9856;73.0387;4.9713;85;85;28;85;68.8837;0;70.3676;32.4528
1218;0;85;85;0;85;85;11.4346;85;85;23.0441;84.8196;73.9358;1.6315;85;85;27.2708;85;68.7063;0;70.4302;32.4528
1219;0;85;85;0;85;85;7.8579;85;85;24.4527;84.3123;74.9193;0;85;85;24.7711;85;68.6359;0;70.6678;32.4528
1220;0;85;85;0;85;85;4.3729;85;85;26.7603;83.4852;76.0289;0;85;85;21.2301;85;68.6757;0;71.0685;32.4528
1221;0;85;85;0;85;85;1.3323;85;85;28;82.5973;77.2282;0;85;85;17.6892;85;68.824;0;71.596;32.4528
1222;0;85;85;0;85;85;0;85;85;28;81.8598;78.4441;0;85;85;14.1482;85;69.0808;0;72.2189;32.4528
1223;0;85;85;0;85;85;0;85;85;28;81.2959;79.6225;0;84.9243;85;10.6072;85;69.4461;0;72.9351;32.4528
1224;0;85;85;0;85;85;0;85;85;28;80.8668;80.7544;0;84.6012;85;7.1124;85;69.9197;0;73.7708;32.4528
1225;0;85;85;0;85;85;0;85;85;28;80.5755;81.8395;0;83.9532;85;3.6976;85;70.502;1.5027;74.7539;32.4528
1226;0;85;85;0;85;85;0;85;85;28;80.4965;82.8783;0;83.1291;85;1.0035;85;71.193;4.7861;75.8878;32.4528
1227;0;85;85;0;85;85;0;84.8954;85;28;80.6732;83.4848;0;82.3252;85;0;85;71.986;7.6789;77.1651;32.4528
1228;0;85;85;0;85;85;0;84.4979;85;28;81.052;83.4477;0;81.6136;85;0;85;72.8338;9.4443;78.5839;32.4528
1229;0;85;85;0;85;85;0;83.7556;85;26.4917;81.5318;83.33;0;80.955;85;0;85;73.7006;11.8094;80.1365;32.4528
1230;0;85;85;0;85;85;0;82.831;85;23.1834;81.995;83.4863;0;80.3013;85;0;85;74.5829;15.1703;81.7802;32.4528
1231;0;85;85;0;85;85;0;81.9216;85;19.5834;82.3079;83.7713;0;79.6737;85;0;85;75.4683;17.1506;83.4556;32.4528
1232;0;85;85;0;85;85;0;81.106;85;15.9834;82.4303;84.0633;0;79.1057;85;0;85;76.367;18.9341;84.6477;32.4528
1233;0;85;85;0;85;85;0;80.3505;85;12.3834;82.5579;84.353;0;78.6018;85;0;85;77.2798;21.7622;85;32.4528
1234;0;85;85;0;85;85;0;79.6045;85;8.7834;82.9678;84.6397;0;78.1909;85;0;85;78.1969;23.6292;85;32.4528
1235;0;85;85;0;85;85;0;78.8837;85;5.2742;83.7574;84.8908;0;77.9487;85;0;85;79.1198;25.4876;85;32.4528
1236;0;85;85;0.2345;85;85;0;78.2218;85;1.8567;84.6121;84.9996;0;77.9204;85;0;85;80.0439;27.4273;85;32.4528
1237;0;85;85;2.269;85;85;0;77.6255;85;0.0742;84.9903;85;0;78.0642;85;0;85;80.9755;28;85;32.4528
1238;0;85;85;5.869;85;85;0;77.1164;85;0;85;85;0;78.2982;85;0;84.9525;81.9324;28;85;32.4528
1239;0.9685;85;85;8.8345;85;85;0;76.7663;85;0;85;85;0;78.6185;85;0;84.7006;82.9214;28;85;32.4528
1240;3.7369;85;85;10;85;85;0;76.6276;85;0;85;85;0;79.0947;85;0;84.1041;83.94;28;85;32.4528
1241;7.29;85;85;10;85;85;0;76.6718;85;0;85;85;0;79.759;85;0;83.201;84.555;28;84.9988;32.4528
1242;9.5216;85;85;10;85;85;0;76.8162;85;0;85;85;0;80.5423;85;0;82.1769;84.8225;28;84.936;32.4528
1243;10;85;85;10;85;85;0;77.0349;85;0;85;85;0;81.3429;85;0;81.205;84.9958;28;84.635;32.453
1244;10;85;85;10;85;85;0;77.3897;85;0;85;85;0;82.1282;85;0;80.3223;85;27.6197;83.9629;32.4648
1245;10;85;85;8.8316;85;85;0;77.9333;85;0;85;85;0;82.9609;85;0;79.4762;85;25.5416;83.0359;32.5032
1246;10;85;85;6.1788;85;85;0;78.6196;85;0;85;85;0;83.8703;85;0;78.6354;85;22.1462;82.1233;32.5716
1247;9.7395;85;85;3.235;85;85;0;79.3448;85;0;85;85;0;84.659;85;0;77.8289;85;18.7507;81.3797;32.6683
1248;7.951;85;85;0.8878;85;85;0;80.0485;85;0;85;85;0.0809;84.9906;85;0;77.0841;85;15.3553;80.7979;32.7923
1249;4.9636;85;85;0;85;85;0;80.7722;85;0;85;84.9964;1.9619;85;85;0;76.3998;85;11.9598;80.3423;32.9425
1250;2.0448;85;85;0;85;85;0;81.5745;85;0;85;84.9575;5.5619;85;85;0;75.8159;85;8.5644;80.0405;33.1163
1251;0.2927;85;85;0;85;85;0.3962;82.4142;85;0;85;84.8433;8.046;85;85;0;75.4085;85;5.2513;79.9703;33.2996
1252;0;85;85;0;85;85;2.5681;83.2008;85;0;85;84.637;9.3563;85;85;0;75.2111;85;2.0346;80.1488;33.5038
1253;0;85;85;0;85;85;6.0827;83.8655;85;0;85;84.3197;9.9912;85;85;0;75.1787;85;0.2166;80.5049;33.73
1254;0;85;85;0;85;85;8.9108;84.4178;85;0;85;83.873;10;84.9952;85;0;75.2324;85;0;80.9354;33.975
1255;0;85;85;0;85;85;10;84.8352;85;0;85;83.3099;10;84.9129;85;0;75.3658;85;0;81.3168;34.2403
1256;0;85;85;0;85;85;10;84.9981;85;0;84.9843;82.6847;10;84.6603;85;0.7315;75.6454;85;0;81.5263;34.5233
1257;0;85;85;0;85;85;10;85;85;0;84.812;82.039;9.4457;84.2172;85;3.263;76.1101;85;0;81.5693;34.8251
1258;0;85;85;0;85;85;10;84.9994;85;0;84.3053;81.3821;7.1135;83.6033;85;6.8591;76.7068;85;0;81.6801;34.5746
1259;0;85;85;0;85;85;10;84.9233;85;0;83.4143;80.7102;3.6589;82.8585;85;8.7231;77.3384;85;0;82.1136;33.8124
1260;0;85;85;0;85;85;8.9426;84.6611;85;0;82.2581;80.0171;0.9912;82.0048;85;9.3955;77.9513;85;0;82.9174;33.4979
1261;0;85;85;0;85;85;6.1417;84.1906;85;0;81.0396;79.3045;0;81.0753;85;10;78.5871;85;0;83.9112;33.6541
1262;0;85;85;0;85;85;2.7216;83.5379;85;0;79.8969;78.5837;0;80.1475;85;9.9453;79.3028;85;0;84.7092;33.8946
1263;0;85;85;0;85;85;0.5225;82.7434;85;0;78.8404;77.8714;0;79.2993;85;9.9453;80.0603;85;0;85;34.1691
1264;0;85;85;0;85;85;0;81.84;85;0;77.8086;77.1798;0;78.5431;85;10;80.7744;85;0;85;34.4665
1265;0;85;85;0;85;85;0;80.8416;85;0;76.7861;76.5033;0;77.8558;85;8.8199;81.3766;85;0;85;34.7863
1266;0;85;85;0;85;85;0;79.805;85;0;75.8067;75.8297;0;77.2697;85;5.9048;81.87;85;0;85;35.1217
1267;0;85;85;0;85;85;0;78.8214;85;1.5505;74.8928;75.159;0;76.8002;85;2.4931;82.3189;85;0;85;35.4574
1268;0;85;85;0.705;85;85;0;77.9345;85;4.6865;74.0393;74.4912;0;76.4025;85;0.4083;82.7557;85;0;85;35.7977
1269;0;85;85;3.2099;85;85;0;77.127;85;7.9936;72.9225;73.7409;0;76.0613;85;0;83.1328;85;0;85;36.1585
1270;0;85;85;6.8099;85;85;0;76.4044;85;9.8575;71.5563;72.5654;0;75.8318;85;0;83.3605;85;0;85;36.5421
1271;1.4389;85;85;10.4099;85;85;0;75.7976;85;10;70.8152;71.1609;0;75.7973;85;0;83.3597;85;0;85;36.9552
1272;4.6779;85;85;14.0099;85;85;0;75.2888;85;10;70.7874;70.3238;0;75.9933;85;0;83.1039;85;0;85;37.3972
1273;8.2779;85;85;16.0245;85;85;0;74.8384;85;10;70.9156;69.9379;0;76.3589;85;0;82.6227;85;0;85;37.8684
1274;11.8779;85;85;15.6232;85;85;0;74.2408;85;10;71.1089;69.5514;0;76.8018;85;0;81.9507;85;0;85;38.3773
1275;15.3127;85;85;15.8741;85;85;0;73.1646;85;9.6441;71.4237;69.1709;0;77.2816;85;0;81.1196;85;0;85;38.9171
1276;16.2042;85;85;18.5212;85;85;0;72.186;85;7.4965;71.9092;68.7962;0;77.8372;85;0;80.1668;85;0;85;39.4891
1277;14.7808;85;85;22.1017;85;85;0;72.2161;85;4.0284;72.5398;68.4274;0;78.5372;85;0;79.1104;85;0;85;40.0963
1278;15.9006;85;85;25.6911;85;85;0;72.8766;85;1.1759;73.2262;68.0641;0;79.4164;85;0;77.9879;85;0;85;40.7436
1279;19.5006;85;85;29.1938;85;85;0;73.5731;85;0;73.8942;67.7059;0;80.4676;85;0;76.8755;85;0;85;41.4333
1280;23.1006;85;85;31.6667;85;85;0;74.2929;85;0;74.5432;67.3528;0.7358;81.674;85;0;75.8451;85;0;85;42.1661
1281;26.6736;85;85;31.5544;85;85;0;75.0798;85;0;75.2426;67.0047;3.2716;83.0375;85;0;74.9037;85;0;84.9531;42.9434
1282;28.3037;85;85;30.5636;85;85;0;75.9927;85;0;76.0059;66.6614;6.8612;84.3558;85;0;73.7082;85;0;84.6913;43.6275
1283;27.2358;85;85;31.6405;85;85;1.239;77.0603;85;0;76.7673;66.323;8.2066;84.9761;85;0;72.433;85;1.5565;84.0678;43.736
1284;27.1834;85;85;32.9181;85;85;4.1377;78.2733;85;0;77.4506;65.9893;9.4131;85;85;0;71.6711;85;4.913;83.0702;43.8403
1285;29.7546;85;85;33;85;85;7.5975;79.6113;85;0;78.0072;65.6603;12.8637;85;85;0;71.2714;85;7.7038;81.8326;44.5335
1286;32.2266;85;85;33;85;85;10.3763;81.0731;85;0;78.4669;65.3358;14.907;85;85;0;70.9542;85;9.3429;80.5573;45.3688
1287;33;85;85;33;85;85;10.8992;82.6495;85;0;78.8906;65.0159;15.91;85;85;0;70.7219;85;9.9955;79.3643;46.2006
1288;33;85;85;33;85;85;10.7051;83.6949;85;0;79.2963;64.7005;18.4696;85;85;1.3616;70.643;85;10;78.2464;47.0044
1289;33;85;85;33;85;85;12.5619;84.103;85;0;79.6319;64.3893;21.4096;85;85;4.5233;70.7759;85;9.9157;77.144;47.7809
1290;33;85;85;33;85;85;15.9541;84.6396;85;0;79.8105;64.0825;22.2147;85;85;7.3332;71.1129;85;9.9157;76.0508;48.5137
1291;33;85;85;33;85;85;19.4714;85;85;0;79.7642;63.7799;23.1018;85;85;8.4899;71.5706;85;9.7948;75.0027;49.1766
1292;33;85;85;33;85;85;21.548;85;85;0;79.4792;63.4815;25.6344;85;85;10.305;72.0756;85;7.7896;73.8258;49.7624
1293;33;85;85;33;85;85;21.1675;85;85;0;78.9821;63.2124;26.5595;85;85;13.7734;72.619;85;4.3111;72.566;50.2706
1294;33;85;85;33;85;85;20.7506;85;85;0;78.3035;63.0265;26.4383;85;85;15.0218;73.2476;85;1.3163;71.6581;50.7272
1295;33;85;85;33;85;85;21.9877;85;85;0;77.4791;62.9464;27.6242;85;85;15.6838;74.0215;85;0;71.1456;51.1666
1296;33;85;85;33;85;85;23.8951;85;85;0;76.5484;62.9673;29.5225;85;85;18.4283;74.9688;85;0;70.8605;51.598
1297;33;85;85;33;85;85;25.8827;85;85;0;75.5282;63.0895;31.423;85;85;20.1878;76.081;85;0;70.7344;52.0213
1298;33;85;85;33;85;85;27.851;85;85;0.3734;74.4442;63.3094;31.7999;85;85;20.4544;77.3371;85;0;70.6896;52.4341
1299;33;85;85;33;85;85;29.7153;85;85;2.1573;73.3576;63.6245;31.3204;85;85;21.4954;78.7318;85;0;70.7141;52.8232
1300;33;85;85;33;85;85;31.4329;85;85;4.9642;72.3438;64.035;31.9773;85;85;23.5428;80.2595;85;0;70.8673;53.2056
1301;33;85;85;33;85;85;32.0289;85;85;8.1134;71.4346;64.5415;32.5311;85;85;25.3122;81.8722;85;0;71.1981;53.6206
1302;33;85;85;33;85;85;30.9723;85;85;10.8083;70.6054;65.1416;31.9667;85;85;25.3489;83.5175;85;0;71.6799;54.0824
1303;33;85;85;33;85;85;29.9748;85;85;11.323;69.8581;65.832;31.5622;85;85;25.0448;84.6725;85;0;72.2227;54.5901
1304;33;85;85;33;85;85;30.1368;85;85;11.1592;69.2221;66.5845;31.9745;85;85;26.0552;85;85;0;72.7556;55.1498
1305;33;85;85;33;85;85;30.9049;85;85;12.6557;68.6918;67.3528;32.5817;85;85;27.3453;85;85;0;73.2798;55.7716
1306;33;85;85;33;85;85;31.7973;85;85;15.207;68.2275;68.1276;32.9505;85;84.9963;28.6796;85;85;0;73.8627;56.3196
1307;33;85;85;33;85;85;32.6262;85;85;17.7442;67.8169;68.905;33;85;84.9565;30.0042;85;85;0;74.5211;56.4577
1308;33;85;85;33;85;85;33;85;85;20.0255;67.5033;69.6731;33;85;84.8333;31.3;85;85;0;75.1919;56.616
1309;33;85;85;33;85;85;33;85;85;21.9517;67.3539;70.4467;33;85;84.6081;32.3081;85;85;0;75.8004;57.1768
1310;33;85;85;33;85;85;33;85;84.9826;22.7304;67.4148;71.2243;33;85;84.2888;32.0583;85;85;0;76.2948;57.8408
1311;33;85;85;33;85;85;33;85;84.897;21.8711;67.666;72.0001;33;85;83.952;31.6452;85;85;0;76.6934;58.5486
1312;33;85;85;31.2313;85;85;33;85;84.7071;21.0636;68.0222;72.7809;33;85;83.6787;32.2639;85;85;0;77.0558;59.2907
1313;33;85;85;27.6626;85;85;33;85;84.4144;21.4334;68.4147;73.5601;32.8404;85;83.468;32.7065;85;85;0;77.4087;60.0647
1314;33;85;85;24.9313;85;85;33;85;84.0239;22.3049;68.8376;74.3437;32.3856;85;83.2991;32.1114;85;85;0.3868;77.7073;60.8728
1315;31.2773;85;85;24;85;85;33;85;83.5741;23.2433;69.3322;75.1461;32.2691;85;83.1677;31.431;85;85;2.5736;77.8716;61.7142
1316;27.7546;85;85;24;85;85;33;85;83.1595;24.1743;69.9518;75.9748;32.699;85;83.0748;31.4573;85;85;6.1736;77.8273;62.5819
1317;24.9773;85;85;24;85;85;33;85;82.8205;25.0991;70.7248;76.8324;32.975;85;83.021;31.655;85;85;7.9533;77.5444;63.4585
1318;24;85;85;24;85;85;33;85;82.534;26.0297;71.6483;77.7161;33;85;83.0401;31.8917;85;85;9.2045;77.0439;64.34
1319;24;85;85;24.0676;85;85;33;85;82.2875;26.9621;72.701;78.6371;33;85;83.146;32.1837;85;85;10.3393;76.3529;65.2307
1320;24;85;85;24.2899;85;85;33;85;82.0757;27.9024;73.8755;79.6366;33;85;83.3129;32.5775;85;85;11.308;75.4963;66.1263
1321;24;85;85;23.9707;85;85;33;85;81.9027;28.8464;75.1798;80.7488;33;85;83.5314;32.9018;85;85;13.0061;74.5115;67.0307
1322;24.0765;85;85;24.2936;85;85;33;85;81.7854;29.7769;76.5869;81.9776;33;85;83.8003;33;85;85;13.6542;73.4248;67.9354
1323;25.9274;85;85;26.7566;85;85;33;85;81.7503;30.6816;78.0386;82.9774;33;85;84.1229;32.9322;85;85;14.8246;72.2448;68.816
1324;28.3508;85;85;28.7114;85;85;33;85;81.792;31.5494;79.5194;83.608;33;85;84.5299;32.587;85;85;16.9961;71.0168;69.6778
1325;29;85;85;29;85;85;33;85;81.8884;32.3764;81.1134;84.348;32.3901;85;84.8806;32.4679;85;85;17.3846;69.8119;70.5979
1326;29;85;85;29;85;85;33;85;82.0347;32.8894;82.4879;84.9068;29.9802;85;85;32.813;85;85;17.3016;68.6868;71.6381
1327;29;85;85;29;85;85;33;85;82.2302;33;83.5439;85;26.4361;85;85;33;85;85;18.6812;67.6423;72.4416
1328;29;85;85;29;85;85;32.7866;85;82.4848;33;84.5341;85;24.346;85;85;33;85;85;19.4296;66.6539;73.1106
1329;29;85;85;29;85;85;30.7732;85;82.8349;33;84.9998;85;24;85;85;33;85;85;19.0517;65.7461;74.0722
1330;29;85;85;29;85;85;27.1989;85;83.3017;33;85;85;24;85;85;33;85;85;19.1013;64.9426;75.1693
1331;29;85;85;29;85;85;24.7123;85;83.8535;32.5687;85;85;24;85;85;33;85;85;19.9708;64.2231;76.2609
1332;29;85;85;29;85;85;24;85;84.4586;31.4939;85;85;24;85;85;33;85;85;20.9644;63.5533;77.322
1333;29;85;85;29;85;85;24;85;84.8864;30.6547;85;85;24.1879;85;85;33;85;85;21.9605;62.9264;78.3469
1334;29;85;85;29;85;85;24;85;85;30.6954;85;85;25.1706;85;85;31.7641;85;85;22.9274;62.388;79.2872
1335;29;85;85;29;85;85;24;85;85;31.3036;85;85;26.9623;85;85;28.7283;85;85;23.8486;62;80.0512
1336;29;85;85;29;85;85;24.021;85;85;32.1368;85;85;28.4795;85;85;25.547;85;85;24.7069;61.8031;80.6093
1337;29;85;85;29;85;85;23.9629;85;85;32.7993;85;85;29;85;85;24.0828;85;85;25.5161;61.7964;81.0278
1338;29;85;85;29;85;85;23.492;85;85;33;85;85;28.7192;85;85;24;85;85;25.6206;61.9164;81.4008
1339;29;85;85;29;85;85;23.5405;85;85;33;85;85;28.6971;85;85;24;85;85;24.9744;62.0913;81.7697
1340;29;85;85;29;85;85;25.2995;85;85;33;85;85;28.978;85;85;24;85;85;24.8029;62.288;82.1353
1341;29;85;85;29;85;85;27.8091;85;85;33;85;85;28.8616;85;85;24;85;85;25.2577;62.5294;82.4976
1342;29;85;85;29;85;85;29;85;85;33;85;85;28.8616;85;85;24.1976;85;85;25.8133;62.8654;82.8567
1343;29;85;85;29;85;85;29;85;85;33;85;85;29;85;85;25.0208;85;85;26.3982;63.3298;83.2126
1344;29;85;85;29;85;85;29;85;85;33;85;85;29;85;85;26.3941;85;85;27.0076;63.9452;83.5653
1345;29;85;85;29;85;85;29;85;85;33;85;85;29;85;85;27.9011;85;85;27.6255;64.7119;83.9148
1346;29;85;85;29;85;85;29;85;85;32.5678;85;85;29;85;85;28.6421;85;85;28.2454;65.6098;84.2612
1347;29;85;85;29.7374;85;85;29;85;85;30.3356;85;85;29;85;85;28.6053;85;85;28.8666;66.6297;84.6044
1348;29;85;85;29.9299;85;85;29;85;85;26.7459;85;85;29;85;85;28.7933;85;85;29.481;67.7824;84.8865
1349;29.1816;85;85;29.1422;85;85;29;85;85;24.478;84.9981;85;29;85;85;28.8968;85;85;30.0752;69.0637;84.9989
1350;31.0285;85;85;30.5767;85;85;29;85;85;24;84.987;85;29;85;85;28.8337;85;85;30.6514;70.4285;85
1351;34.2747;85;85;33.8459;85;85;29;85;85;24;84.9724;85;29;85;85;28.9369;85;85;31.2555;71.8296;85
1352;37.3564;85;85;36.9495;85;85;29;85;85;24;84.9818;85;29;85;85;29;85;85;31.9245;73.2952;85
1353;39.8786;85;85;39.6161;85;85;29;85;85;24;84.9982;85;29;85;85;29;85;85;32.534;74.9163;85
1354;40.9;85;85;40.8356;85;85;29;85;85;23.8819;85;85;29;85;85;29;85;85;32.3906;76.6449;85
1355;40.9;85;85;40.9;85;85;29;85;85;23.3965;85;85;29;85;85;29;85;85;32.2184;78.1496;85
1356;40.9;85;85;40.9;85;85;29;85;85;22.9809;85;85;29;85;85;29;85;85;32.7243;79.6309;85
1357;40.9;85;85;40.9;85;85;29;85;85;23.7173;85;85;29;85;85;29;85;85;32.8656;81.3741;84.9945
1358;40.9;85;85;40.9;85;85;29;85;85;25.3921;85;85;29;85;85;29;85;85;32.7888;83.1741;84.9468
1359;40.9;85;85;40.9;85;85;29;85;85;27.1942;85;85;29;85;85;29;85;85;32.9232;84.5371;84.8168
1360;40.9;85;85;40.9;85;85;29;85;85;28.5531;85;85;28.8932;85;85;29;85;85;32.9881;85;84.5826
1361;40.9;85;85;41.867;85;85;29;85;85;29;85;85;28.6039;85;85;29;85;85;32.9881;85;84.219
1362;40.9;85;85;44.1579;85;85;29;85;85;29;85;85;29.1194;85;85;29;85;85;33;85;83.7282
1363;42.129;85;85;46.7385;85;85;29;85;85;29;85;85;30.6229;85;85;29;85;85;33;85;83.1645
1364;44.6689;85;85;48.716;85;85;29.6212;85;85;29;85;85;32.1739;85;85;29;85;85;33;85;82.5751
1365;45.2518;85;85;48.7516;85;85;31.4014;85;85;29;85;85;33.5867;85;85;29;85;85;33;85;81.9757
1366;43.7195;85;85;47.8721;85;85;33.5523;85;85;29;85;85;34.8453;85;85;29;85;85;31.5452;85;81.3645
1367;44.0426;85;85;48.703;85;85;35.3698;85;85;29;85;85;35.9622;85;85;29;85;85;28.2903;85;80.7365
1368;46.4349;85;85;49.8641;85;85;36.8542;85;85;29;85;85;36.96;85;85;29;85;85;25.2452;85;80.0902
1369;48.7968;85;85;50;85;85;38.0079;85;85;29;85;85;37.8553;85;85;28.7801;85;85;24;85;79.4342
1370;49.9469;85;85;50;85;85;38.0809;85;85;29;85;85;38.6706;85;85;28.472;85;85;24;85;78.7871
1371;50;85;85;50;85;85;36.6315;85;85;29;85;85;39.4351;85;85;28.8772;85;85;24;85;78.162
1372;50;85;85;50;85;85;35.3014;85;85;29;85;85;40.1626;85;85;29.9157;85;85;24;85;77.5564
1373;50;85;85;50;85;85;35.1138;85;85;29;85;85;40.3613;85;85;30.9447;85;85;23.8996;85;76.9571
1374;50;85;85;50;85;85;35.3939;85;85;29;85;85;39.4778;85;85;31.8322;85;85;23.7048;85;76.3614
1375;50;85;85;50;85;85;35.7295;85;85;29;85;85;38.7547;85;85;32.5654;85;85;24.1366;85;75.7673
1376;50;85;85;50;85;85;36.0864;85;85;29;85;85;39.0178;85;85;33.1602;85;85;25.296;84.9989;75.1741
1377;50;85;85;48.5082;85;85;36.4971;85;85;29;85;85;39.6202;85;85;33.6376;85;85;26.5854;84.9849;74.5819
1378;50;85;85;45.2163;85;85;36.9861;85;85;29;85;85;40.3766;85;85;34.0238;85;85;27.9185;84.942;73.9906
1379;48.301;85;85;41.6163;85;85;37.5634;85;85;29;85;85;41.2743;85;85;34.3511;85;85;28.7976;84.8851;73.4003
1380;44.8021;85;85;38.0239;85;85;38.2429;85;85;29;85;85;42.3153;85;85;34.6582;85;85;29;84.8598;72.8109
1381;41.2021;85;85;35.6158;85;85;39.0351;85;85;29;85;85;43.4911;85;85;34.966;85;85;29;84.912;72.2224
1382;37.6021;85;85;35;85;85;39.9505;85;85;29.3672;85;85;44.7769;85;85;35.2789;85;85;29;84.9813;71.6348
1383;35.401;85;85;35;85;85;40.9977;85;85;30.4383;85;85;46.1326;85;85;35.6345;85;85;29;85;71.0481
1384;35;85;85;35;85;85;42.1684;85;85;31.7371;85;85;47.5104;85;85;36.0664;85;85;29;85;70.4623
1385;35;85;85;35;85;85;43.439;85;85;32.8062;85;85;48.8771;85;85;36.5799;85;85;29;85;69.8773
1386;35;85;85;35;85;85;44.7718;85;85;33.6388;85;85;49.408;85;85;37.1917;85;85;29;85;69.293
1387;35;85;85;35;85;85;46.1144;85;85;34.2519;85;85;49.2637;85;85;37.9032;85;85;29;85;68.7096
1388;35;85;85;34.4896;85;85;47.4232;85;85;34.6771;85;85;49.6007;85;85;38.7067;85;85;29;85;68.1269
1389;35;85;85;32.1792;85;85;48.6823;85;85;34.9529;85;85;49.8821;84.9998;85;39.6068;85;84.9992;29;85;67.5449
1390;34.7716;85;85;28.5792;85;85;49.3336;85;85;35.1166;85;85;49.5552;84.9707;85;40.604;85;84.9734;29;85;66.9637
1391;32.7431;85;85;24.9792;85;85;48.9144;85;85;35.2075;85;85;49.416;84.8951;85;41.6907;85;84.8757;29;85;66.3832
1392;29.1431;85;85;21.3792;85;85;48.349;85;85;35.2686;85;85;48.2983;84.8024;85;42.8461;85;84.678;29;85;65.8033
1393;25.5431;85;85;17.7792;85;85;48.6035;85;85;35.3243;85;85;45.2455;84.7256;85;43.3765;85;84.373;29;85;65.2242
1394;21.9431;85;85;14.1792;85;85;49.4154;84.98;85;35.3817;85;85;41.6455;84.6685;85;43.2642;85;83.9625;29;85;64.6456
1395;18.3431;85;85;10.5792;85;85;49.9304;84.883;85;35.4726;85;85;38.1318;84.616;85;43.6186;85;83.458;29;85;64.0678
1396;14.7431;85;85;7.0172;85;85;48.6285;84.7013;85;35.6285;85;85;35.6135;84.5638;85;44.4967;85;82.9333;29;85;63.4906
1397;11.1431;85;85;3.5595;85;85;45.457;84.4929;85;35.8467;85;85;34.2249;84.5003;85;45.4526;85;82.4707;29;85;62.9139
1398;7.5647;85;85;0.932;85;85;41.857;84.2994;85;36.1426;85;85;34.075;84.3978;85;46.4485;85;82.0717;29;85;62.3379
1399;4.0907;85;85;0;85;85;38.2626;84.1281;85;36.5282;85;85;34.7546;84.2597;85;47.5002;85;81.7151;29;85;61.7625
1400;1.1976;85;85;0;85;85;35.6487;83.9658;85;36.9918;85;85;35;84.1598;85;48.5862;85;81.397;28.7185;85;61.2273
1401;0;85;85;0;85;85;34.8253;83.8058;85;37.5318;85;85;35;84.1874;85;49.508;85;81.1164;28.6409;85;60.7839
1402;0;85;85;0;85;85;34.7723;83.6397;85;38.1466;85;85;35;84.3598;85;49.585;85;80.8716;29.1743;85;60.4396
1403;0;85;85;0;85;85;34.006;83.4408;85;38.3752;85;85;35;84.6148;85;48.104;85;80.694;29.7873;85;60.1926
1404;0;85;85;0;85;85;32.6019;83.205;85;37.7715;85;85;33.2022;84.8369;85;45.1211;85;80.6047;30.2711;85;60.0443
1405;0;85;85;0;85;85;32.1996;82.9918;85;37.1826;85;85;29.6043;84.9569;85;41.5211;85;80.5813;30.5717;85;59.9909
1406;0;85;85;0;85;85;32.7917;82.8934;85;37.4552;85;85;26.0043;84.9959;85;37.957;84.9977;80.6089;30.6928;85;60.0333
1407;0;85;85;0;85;85;32.2724;82.9461;85;38.2048;85;85;22.4043;85;85;35.4644;84.9559;80.6859;30.6649;85;60.1729
1408;0;85;85;0;85;85;30.6983;83.0977;85;38.9988;85;85;18.8043;85;85;34.5905;84.8156;80.8145;30.5063;85;60.4055
1409;0;85;85;0;85;85;29.153;83.2402;85;39.7972;85;85;15.2043;85;85;33.8465;84.5774;81.0109;30.2376;85;60.7321
1410;0;85;85;0;85;85;26.5866;83.2865;85;40.5959;85;85;11.6043;85;85;33.5383;84.3011;81.3099;29.8817;85;61.1556
1411;0;85;85;0;85;85;23.0499;83.2782;85;41.4133;85;85;8.0125;85;85;34.2589;84.0334;81.7229;29.4608;85;61.6592
1412;0;85;85;0;85;85;19.5131;83.3874;85;42.2647;85;85;4.5252;85;85;34.8446;83.786;82.2165;29.0116;85;62.1972
1413;0;85;85;0;85;85;15.9764;83.7731;85;43.1431;85;85;1.4148;85;85;35;83.549;82.765;28.5611;85;62.7502
1414;0;85;85;0;85;85;12.4396;84.4479;85;44.03;85;85;0;85;85;34.8399;83.3127;83.3659;27.7336;85;63.3202
1415;0;85;85;0;85;85;8.9029;84.9243;85;44.9167;85;85;0;85;85;32.8799;83.0726;84.0201;26.4464;85;63.8944
1416;0;85;85;0;85;85;5.4481;85;85;45.7699;85;85;0;85;85;29.2799;82.8026;84.6541;25.7053;85;64.4742
1417;0;85;85;0;85;85;2.097;85;85;46.3474;85;85;0;85;85;25.6799;82.4896;84.9737;25.6912;85;65.0724
1418;0;85;85;0;85;85;0.2161;85;85;44.7162;85;85;0;85;85;22.0799;82.1804;85;25.8109;85;65.6827
1419;0;85;85;0;85;85;0;85;85;41.1162;85;85;0;85;85;18.4799;81.9667;85;26.0025;85;66.3023
1420;0;85;85;0;85;85;0;85;85;37.558;85;85;0;85;85;14.8799;81.905;85;26.2722;85;66.9385
1421;0;85;85;0;85;85;0;85;85;35.3999;85;85;0;85;85;11.2799;81.9575;85;26.618;85;67.5823
1422;0;85;85;0;85;85;0;85;85;35;85;85;0;85;85;7.6975;82.0315;85;27.0352;85;68.241
1423;0;85;85;0;85;85;0;85;85;35;85;85;0;85;85;4.2195;82.0267;85;27.5417;85;68.9245
1424;0;85;85;0;85;85;0;85;85;35;85;85;0;85;85;1.262;81.9402;85;28.1497;85;69.6414
1425;0;85;85;0;85;85;0;85;85;35;85;85;0;85;85;0;81.9147;85;28.8539;85;70.3986
1426;0;85;85;0;85;85;0;85;85;35;85;85;0;85;85;0;82.1242;85;29.6436;85;71.1911
1427;0;85;85;0;85;85;0;85;85;35;84.987;85;0;85;85;0;82.6391;85;30.5017;85;72.0192
1428;0;85;85;0;85;85;0;85;85;34.2816;84.8958;85;0;85;85;0;83.3909;85;31.4181;85;72.9063
1429;0;85;85;0;85;85;0;85;85;31.7632;84.6653;85;0;85;85;0;84.2709;85;32.3792;85;73.8955
1430;0;85;85;0;85;85;0;85;85;28.1632;84.2965;85;0;85;85;0;84.8655;85;33.3566;85;75.0074
1431;0;85;85;0;85;85;0;85;85;24.5632;83.8414;85;0;85;85;0;85;85;33.8683;85;76.2439
1432;0;85;85;0;85;85;0;85;85;20.9632;83.3662;85;0;85;85;0;85;85;33.7191;85;77.6005
1433;0;85;85;0.8106;85;85;0;85;85;17.3632;82.909;85;0;85;85;0;85;85;33.8471;85;79.0526
1434;0;85;85;3.4212;85;85;0;85;85;13.7632;82.474;85;0;85;85;0;85;85;34.5137;85;80.5652
1435;0.5286;85;85;7.0212;85;85;0;85;85;10.1632;82.0463;85;0;85;85;0;85;85;35.2565;85;82.1243
1436;2.8573;85;85;10.6212;85;85;0;85;85;6.6132;81.6206;85;0;85;85;0;85;85;36.0253;85;83.724
1437;6.4573;85;85;14.2212;85;85;0;85;85;3.1677;81.189;85;0;85;85;0;85;85;36.8367;85;84.7661
1438;10.0573;85;85;15.8514;85;85;0;85;85;0.7361;80.7253;85;0;85;85;0;85;85;37.6878;85;85
1439;13.6573;85;85;14.75;85;85;0;85;85;0;80.2231;85;0;85;85;0;85;85;38.5504;85;85
1440;15.642;85;85;14.5838;85;85;0;85;85;0;79.7343;85;0;85;85;0;85;85;39.412;85;85
1441;14.8012;85;85;17.0147;85;85;0;85;85;0;79.3453;85;0;85;85;0;85;85;40.2687;85;85
1442;14.1271;85;85;20.4799;85;85;0;85;85;0;79.1079;85;0;85;85;0;85;85;41.0771;85;85
1443;16.2785;85;85;24.0799;85;85;0;85;85;0;78.9834;85;0;85;85;0;85;85;41.7955;85;85
1444;19.8785;85;85;27.6329;85;85;0;85;85;0;78.8816;85;0;85;85;0;85;85;42.4007;85;85
1445;23.4785;85;85;31.0511;85;85;0;85;85;0;78.7068;85;0;85;85;0;85;85;41.246;85;85
1446;27.0452;85;85;34.2971;85;85;0;85;85;0;78.4432;85;0;85;85;0;85;85;38.0286;85;85
1447;28.5075;85;85;34.9853;85;85;0;85;85;0;78.2137;85;0;85;85;0;85;85;35.6079;85;85
1448;27.039;85;85;32.9653;85;85;0;85;85;0;78.1902;85;0.298;85;85;0;85;85;34.9898;85;85
1449;26.6433;85;85;32.984;85;85;0;85;85;0;78.4611;85;2.3961;85;85;0;85;85;35;85;85
1450;29.1266;85;85;35.644;85;85;0;85;85;0;78.9862;85;5.9961;85;85;0;85;85;35;85;85
1451;32.4694;85;85;37.579;85;85;0;85;85;0;79.6629;85;7.5651;85;85;0;85;85;35;85;85
1452;35.6429;85;85;36.2788;85;85;0;85;85;0;80.4439;85;8.1958;85;85;0;85;85;35;85;85
1453;37.5942;85;85;32.7788;85;85;1.3598;85;85;0;81.357;85;10.8122;85;85;0;85;85;35;85;85
1454;37.5338;85;85;31;85;85;4.2635;85;85;0;82.4167;85;13.3045;85;85;0;85;85;34.4927;84.999;85
1455;35.2676;85;85;31.6614;85;85;7.5747;85;85;0;83.5832;85;13.9087;85;85;0;85;85;32.1854;84.9688;85
1456;32.2338;85;85;33.8751;85;85;11.074;85;85;0;84.5846;85;15.3498;85;85;0;85;85;28.5854;84.8453;85
1457;31;85;85;36.9392;85;85;11.9192;85;85;0;84.9925;85;18.6548;85;85;0;85;85;24.9854;84.5835;85
1458;32.4062;85;85;39.8858;85;85;10.154;85;85;0;85;85;19.5143;85;85;0;85;85;21.3854;84.1798;85
1459;35.3654;85;85;42.1604;85;85;10.4558;85;85;0;85;85;19.4088;85;85;0.4603;85;85;17.7854;83.6792;85
1460;38.3926;85;85;43;85;85;13.1389;85;85;0;85;85;21.4123;85;85;2.7205;85;85;14.1854;83.151;85
1461;41.2662;85;85;43;85;85;16.3277;85;85;0;85;85;23.857;85;85;6.3205;85;85;10.5854;82.6365;85
1462;42.8328;85;85;43;85;85;19.5103;85;85;0;85;85;25.0047;85;85;7.6218;85;85;7.0232;82.1427;85
1463;43;85;85;43;85;85;21.8619;85;85;0;85;85;24.5438;85;85;8.3577;85;85;3.5654;81.6566;85
1464;43;85;85;43;85;85;21.718;85;85;0;85;85;24.7366;85;85;9.022;85;85;0.9349;81.1715;85
1465;43;85;85;43;85;85;19.9885;85;85;0;85;85;26.0749;85;85;9.8179;85;85;0;80.6817;85
1466;43;85;85;43;85;85;20.1896;85;85;0;85;84.9755;27.5992;85;85;11.7551;85;85;0;80.1614;85
1467;43;85;85;43;85;85;21.8557;85;85;0;85;84.8727;29.1808;85;85;12.3653;85;85;0;79.5987;85
1468;43;85;85;43;85;85;23.344;85;85;0;85;84.6661;30.7653;85;85;13.9959;85;85;0;79.0375;85
1469;43;85;85;43;85;85;24.8528;85;85;0;85;84.3582;32.3103;85;85;16.9884;85;85;0;78.5656;85
1470;43;85;85;43;85;85;26.3668;85;85;0;85;83.945;32.811;85;85;17.4771;85;85;0;78.243;85
1471;43;85;85;43;85;85;27.8716;85;85;0;85;83.4282;32.1294;85;85;17.5734;85;85;0;78.0398;85
1472;43;85;85;43;85;85;29.3362;85;85;0;85;82.813;31.3542;85;85;19.7485;85;85;0;77.8772;85
1473;43;85;85;43;85;85;30.7502;85;85;0.4203;85;82.1097;31.0588;85;85;20.753;85;85;0;77.6556;85
1474;43;85;85;43;85;85;32.121;85;85;1.7591;85;81.3952;31.5444;85;85;20.3577;85;85;0;77.337;85
1475;43;85;85;43;84.6477;85;33.4495;85;85;3.6894;85;80.7468;32.5094;85;85;20.8332;85;85;0;77.0178;85
1476;43;84.3024;85;43;83.3954;85;32.8739;85;85;5.9047;85;80.1618;33.587;85;85;22.356;85;85;0;76.8666;85
1477;43;82.7048;85;43;81.5954;85;31.3229;85;85;8.7646;85;79.6217;34.6696;85;85;23.9363;85;85;0;77.0002;85
1478;43;80.9048;85;43;79.7954;85;31.2937;85;85;10.972;85;79.1205;35.7584;85;85;25.1798;85;85;0;77.4048;85
1479;43;79.1048;85;43;77.9954;85;32.3043;85;85;10.6773;85;78.6559;36.8564;85;85;24.7134;85;85;0;77.9869;85
1480;43;77.3048;85;41.7604;76.1954;85;33.6764;85;85;9.8692;85;78.2268;37.9799;85;85;23.9318;85;85;0;78.6782;85
1481;43;75.5048;85;38.8936;74.3954;85;34.9275;85;85;10.8108;85;77.8614;39.1334;85;85;24.5397;85;85;0;79.4878;85
1482;43;73.7048;85;37.0832;72.5954;85;36.0738;85;85;12.6969;85;77.5841;40.3185;85;85;25.5025;85;85;0;80.4446;85
1483;41.2977;71.9048;85;36.9;70.7954;85;37.1167;85;85;14.704;85;77.3753;41.5458;85;85;26.5698;85;85;0;81.5297;85
1484;38.2477;70.1048;85;36.9;68.9954;85;38.0571;85;85;16.7504;85;77.2171;41.7951;85;85;27.7004;85;85;0;82.6904;85
1485;36.9;68.3048;85;36.9;67.1954;85;38.2986;85;85;18.6698;85;77.108;41.4075;85;85;28.8825;85;85;0;83.8964;85
1486;36.9;66.5048;85;36.9;65.3954;85;37.2381;85;85;20.3342;85;77.0476;41.872;85;85;30.0639;85;85;0;84.7549;85
1487;36.9;64.7048;85;36.9;63.5954;85;36.2004;85;85;21.7412;85;77.0423;42.5191;85;85;30.2081;85;85;0;85;85
1488;36.9;62.9048;85;36.9;61.7954;85;36.452;85;85;22.7605;85;77.1248;42.2689;85;85;29.519;85;85;0;85;85
1489;36.9;61.1004;85;36.9;59.9533;85;37.4128;85;85;22.075;85;77.3226;41.9523;85;85;29.4647;85;85;0;85;85
1490;36.9;59.1858;85;36.9;57.8806;85;38.5124;85;85;20.0033;85;77.613;42.2698;85;85;29.9213;85;85;0;85;85
1491;36.9;56.9587;85;36.9;55.3853;85;39.7006;85;85;19.3039;85;77.963;42.6959;85;85;30.4471;85;85;0;85;85
1492;36.9;54.2747;85;36.1383;52.3741;85;40.9489;85;85;19.8008;85;78.3632;42.9544;84.75;85;30.9867;85;85;0;85;85
1493;36.9;51.0662;85;33.5765;48.9295;85;42.2033;85;85;20.2092;85;78.8134;43;84.1048;85;31.5298;85;85;0;85;85
1494;36.9;47.6625;85;29.9765;46.5657;85;42.9117;85;85;20.6746;85;79.3142;43;83.3301;85;32.092;85;85;0;85;85
1495;35.5478;46;85;27.1383;46;85;43;85;85;21.1766;85;79.8661;43;82.5736;85;32.7034;85;85;0;85;85
1496;32.3956;46;85;26.1;46;85;43;85;85;21.7209;85;80.4663;43;81.8053;85;33.3813;85;85;0;85;85
1497;28.8054;46;85;26.1;46;85;43;85;85;22.3171;85;81.0923;43;81.0246;85;34.1389;85;85;0;85;85
1498;26.5576;46;85;26.1;46;85;43;85;85;22.9588;85;81.7203;43;80.238;85;34.9874;85;85;0;85;85
1499;26.1;46;85;26.1;46;85;43;85;85;23.6553;85;82.3513;43;79.4193;84.9974;35.9328;85;85;0.6399;85;85
1500;26.1;46;85;24.4608;46;85;43;85;85;24.3984;85;82.9975;41.3836;78.5351;84.9759;36.9735;85;85;2.8208;85;85
1501;26.1;46;85;21.0216;45.9357;85;43;85;85;25.1753;85;83.6649;38.2919;77.5643;84.9152;38.0871;85;85;5.0202;85;85
1502;25.6704;45.7768;85;17.4216;45.0332;85;43;84.9496;84.9842;25.9702;85;84.3499;36.5908;76.4026;84.8102;39.2371;85;85;5.6657;85;85
1503;23.4407;44.5431;85;13.8216;43.3633;85;43;83.9992;84.9272;26.7636;85;84.848;35.8358;74.8491;84.7113;40.3837;85;85;7.2403;85;85
1504;19.8407;42.9613;85;10.2216;43.863;85;42.9936;82.1992;84.8241;27.5396;85;85;35.5993;73.0491;84.738;41.4939;85;85;9.1575;85;85
1505;16.2407;43.7252;85;6.6754;46.4582;85;41.1873;80.3992;84.6794;28.2807;85;85;36.3415;71.2491;84.897;42.1649;85;85;9.6176;85;85
1506;12.6407;46.3277;85;3.2219;48.9219;85;38.1436;78.5992;84.4921;28.9673;85;85;36.8456;69.4491;84.9969;41.8756;85;85;11.0322;85;85
1507;9.0407;48.7983;85;0.7573;51.2606;85;36.9;76.7992;84.2664;29.6011;85;85;36.9;67.6491;85;41.5982;85;85;13.2815;85;85
1508;5.5249;51.1435;85;0;53.4806;85;36.9;74.9992;84.0752;30.2004;85;85;36.9;65.8491;85;41.978;84.9276;85;13.5017;85;85
1509;2.1018;53.3697;85;0;55.588;85;36.9;73.1992;84.0368;30.7678;85;85;36.9;64.0491;85;42.4557;84.5047;85;13.5635;85;85
1510;0.1973;55.4829;85;0;57.5885;85;36.9;71.3992;84.1963;31.3107;85;85;36.9;62.2491;85;42.8442;83.7958;85;15.2975;85;85
1511;0;57.4889;85;0;59.2776;85;36.9;69.5992;84.5146;31.8608;85;85;36.9;60.4264;85;42.9976;83.0803;85;15.9075;85;85
1512;0;58.8912;85;0;59.3841;85;36.9;67.7992;84.8525;32.4409;85;85;35.467;58.4227;85;43;82.3704;85;15.429;85;85
1513;0;58.6584;85;0;58.4746;85;36.9;65.9992;85;33.0565;85;85;32.234;56.0384;85;43;81.681;85;15.8227;85;85
1514;0;57.9059;85;0;59.108;85;36.9;64.1992;85;33.7174;85;85;28.6462;53.163;85;43;81.003;85;16.9905;85;85
1515;0;58.7556;85;0;60.9445;85;36.9;62.3992;85;34.429;85;85;26.4792;49.8102;85;42.9294;80.3096;85;18.1956;85;85
1516;0;60.6038;85;0;62.7054;85;36.9;60.582;85;35.192;85;85;26.1;46.9148;85;41.0592;79.6067;85;19.2947;85;85
1517;0;62.4081;85;0;63.7822;85;35.5999;58.6005;85;35.9982;85;85;26.1;45.759;85;38.0443;78.8933;85;19.9507;85;85
1518;0;63.6541;85;0;64;85;32.4998;56.2531;85;36.8301;85;85;26.1;45.859;85;36.8641;78.1403;85;19.201;85;85
1519;0;64;85;0;64;85;28.908;53.4225;85;37.6518;85;85;25.5896;46;85;36.8997;77.3183;85;18.3297;85;85
1520;0;64;85;0;64;85;26.6081;50.1021;85;38.4245;85;85;23.2791;46;85;36.9;76.4083;85;18.571;85;85
1521;0;64;85;0;64;85;26.1;47.1396;85;38.4388;85;85;19.6791;46;85;36.9;75.3996;85;19.0428;85;85
1522;0;63.9465;85;0;63.4116;85;26.1;45.569;85;37.485;85;85;16.0791;46;85;36.9;74.2861;85;19.5797;85;85
1523;0;62.993;85;0;61.9232;85;26.1;44.7455;85;36.8668;85;85;12.4791;46;85;36.5431;72.8302;85;20.1602;85;85
1524;0;61.1909;85;0;60.0803;85;25.7225;44.8515;85;37.0223;85;85;8.8791;46.0175;85;36.142;71.0574;85;20.7815;85;85
1525;0;59.2879;85;0;58.0194;85;23.5449;45.6999;85;37.3783;85;85;5.3674;46.0694;85;36.2878;69.2574;85;21.4531;85;85
1526;0;57.0819;85;0;55.5533;85;19.9449;46;85;37.7226;85;85;1.9485;46.0617;85;36.6749;67.4574;85;22.1739;85;85
1527;0;54.4236;85;0;52.5832;85;16.3449;46;85;38.032;85;85;0.1207;45.0507;85;36.6802;65.6574;85;22.9253;85;85
1528;0;51.2357;85;0;49.1612;85;12.7449;46;85;38.3034;85;85;0;43.8045;85;34.8495;63.8574;85;23.6807;85;85
1529;0;47.7008;85;0;45.5612;85;9.1449;46.0953;85;38.5362;85;85;0;43.5452;85;31.4106;62.0574;85;24.1057;85;85
1530;0;44.1008;85;0;41.9612;85;5.6264;46.4915;85;38.7362;85;85;0;43.669;85;27.9479;60.2273;85;23.3678;85;85
1531;0;40.5008;85;0;38.3612;85;2.2006;46.9799;85;38.9129;85;85;0;43.9519;85;26.132;58.1951;85;22.3596;85;85
1532;0;36.9008;85;1.0015;34.7612;85;0.2467;47.2405;85;39.0667;85;85;0;44.4095;85;26.0393;55.7636;85;22.2246;85;85
1533;0;33.6678;85;3.803;32.4806;85;0;47.3216;85;39.2077;85;85;0;45.0702;85;26.1;52.8308;85;22.4349;85;85
1534;0;32.1174;85;7.403;32.0527;85;0;47.3478;85;39.3391;85;85;0;45.9327;85;26.1;49.4374;85;22.6883;85;85
1535;1.592;32.6234;85;11.003;31.952;85;0;47.4411;85;38.1273;84.8456;85;0;47.0043;85;25.3219;46.6917;85;22.927;85;85
1536;4.9839;34.8134;85;14.603;31.2345;85;0;47.6658;85;36.8773;84.3001;85;0;48.2962;85;22.7453;45.6843;85;23.1532;85;85
1537;8.5839;37.8675;85;16.467;31.3811;85;0;48.0618;85;36.9;83.5043;85;0;49.788;85;19.1484;45.8053;85;23.3806;85;85
1538;12.1839;40.7668;85;16.2239;33.6878;85;0;48.6582;85;36.9;82.6952;85;0;51.4392;85;15.5515;45.9891;85;23.609;85;85
1539;15.4428;43.5191;85;17.3003;36.7992;85;0;49.4537;85;36.9;81.8822;85;0;53.0498;85;11.9547;46;85;23.8382;85;85
1540;16.4536;46.1319;85;20.4839;39.7529;85;0;50.4382;85;36.9;81.0426;85;0;54.4006;85;8.3671;46;85;24.0757;85;85
1541;15.8474;48.6122;85;24.0839;42.5568;85;0;51.6179;85;36.9;80.0998;85;0;55.4553;85;4.8718;46;85;24.3493;85;85
1542;17.4893;50.41;85;27.6371;45.2186;85;0;52.9866;85;36.9;78.6878;85;0;56.2174;85;1.5827;46;85;24.6749;85;85
1543;21.0893;51;85;29.1693;47.7453;85;0;54.3965;85;36.9;76.8878;85;0;56.698;85;0;45.9755;85;25.0481;85;85
1544;24.6855;51;85;28.6555;49.9333;85;0;55.6165;85;36.9;75.0878;85;0;56.8992;85;0;45.4799;85;25.4803;85;85
1545;27.619;51;85;29.9536;50.9454;85;0;56.5348;85;36.9;73.2878;85;0;56.8996;85;0;44.4003;85;25.9838;85;85
1546;28.3556;51;85;33.1552;51;85;0;57.1521;85;35.1369;71.4878;85;0;56.8852;85;0;43.6115;85;26.5581;85;85
1547;28.136;51;85;35.883;50.9146;85;0;57.4788;85;31.5738;69.6878;85;0;56.9586;85;0;43.2538;85;27.2019;85;85
1548;30.0092;51;85;37;50.4752;85;0;57.5247;85;27.996;67.8878;85;0;57.1188;85;0;42.9222;85;27.923;85;85
1549;33.3077;50.8274;85;37;49.9218;85;0;57.3552;85;26.1591;66.0878;85;0;57.3574;85;0;42.6639;85;28.7179;85;85
1550;35.9477;49.9402;85;37;49.4867;85;0;57.1414;85;26.1;64.2878;85;0;56.6757;85;0;42.5201;85;29.5659;85;85
1551;36.9907;47.6577;85;37;48.8033;85;0;57.0128;85;26.1;62.4878;85;0;54.9112;85;0;42.5311;85;30.4385;85;85
1552;37;44.3321;85;37;46.6655;85;0;56.9809;85;26.1;60.6729;85;1.6728;52.8042;85;0;42.7411;85;31.3034;85;85
1553;37;40.8165;85;37;43.1938;85;0;57.0349;85;25.2594;58.7031;85;5.1456;49.8645;85;0;43.1574;85;32.139;85;85
1554;37;37.3009;85;37;39.631;85;0;57.146;85;22.6189;56.3767;85;7.696;46.2851;85;0;43.7701;85;32.9324;85;85
1555;37;33.7853;85;37;36.0681;85;0;56.1398;85;19.0189;53.5718;85;9.1862;42.6851;85;0;44.5814;85;33.6579;84.9581;85
1556;37;30.2698;85;37;32.5052;85;0;53.5302;85;15.4189;50.2698;85;11.726;39.0851;85;0;45.5996;85;34.2999;84.6268;85
1557;37;26.7542;85;38.3931;28.9423;85;1.5399;50.2186;85;11.8189;47.2152;85;14.9478;35.4851;85;0;46.8401;85;34.8666;84.0523;85
1558;37;23.2386;85;41.1876;25.3795;85;4.7569;46.6448;85;8.2314;45.5612;85;16.4045;32.8232;85;0;48.2052;85;35.3623;83.4828;85
1559;37.1361;19.723;85;43.7888;21.8166;85;8.234;43.0448;85;4.7368;44.7806;85;17.9956;31.5858;85;0;49.4542;85;35.7955;82.9146;85
1560;38.7369;16.2075;85;44.9942;18.2537;85;9.8088;39.4448;85;1.5148;44.6476;85;21.3516;31.2001;85;0;50.4375;85;36.1728;82.3352;85
1561;41.5922;12.6919;85;45;14.6909;85;9.3529;35.8448;85;0;45.3224;85;23.3674;31.9549;85;0;51.1603;85;36.4967;81.7353;85
1562;43.9914;9.1763;85;45;11.128;85;10.8068;33.0418;85;0;45.8586;85;24.3123;33.6435;85;0;51.6276;85;36.7694;81.1271;85
1563;45;5.7377;85;45;7.5966;85;14.2914;32.0194;85;0;46;85;26.4776;35.515;85;0;51.8387;85;36.9946;80.5222;85
1564;45;2.3795;85;45;4.152;85;17.8914;32.246;85;0;46;85;29.4396;37.4087;85;0;51.8076;85;37.1869;79.9362;85
1565;45;0.3511;85;45;1.2288;85;21.0971;32.3723;85;0;46.0088;85;31.8381;39.2715;85;0;51.5867;85;36.7412;79.3647;85
1566;45;0;85;45;0;85;22.2518;31.7144;85;0;46.0012;85;32.8299;41.0831;85;0;51.3359;85;35.8685;78.7774;85
1567;45;0;85;45;0;85;22.1017;31.7391;85;0;45.8607;85;34.0072;42.8516;85;0.1304;51.1717;85;35.533;78.1767;85
1568;45;0;85;45;0;85;23.6929;33.3533;85;0;45.5098;85;35.9875;44.5833;85;2.0607;51.0958;85;35.5956;77.5686;85
1569;45;0;85;45;0;85;26.6793;35.377;85;0;44.9929;85;36.873;46.2855;85;5.6607;51.1011;85;35.7456;76.9285;85
1570;45;0;85;45;0;85;29.6167;37.243;85;0;44.4215;85;36.9181;47.59;85;7.933;51.1752;85;35.9558;76.2244;85
1571;45;0;85;45;0;85;32.4151;38.0903;85;0;43.9155;85;37;47.9641;85;9.2916;51.2832;85;36.2446;75.4345;85
1572;45;0;85;45;0;85;35.0453;37.5863;85;0;43.5377;85;37;48.5598;85;11.9778;50.8708;85;36.6281;74.5468;85
1573;45;0;85;45;0;85;36.401;37.5132;85;0;43.3288;85;37;50.0058;85;14.9178;49.4674;85;36.6222;73.5535;85
1574;45;0;85;45;0;85;36.335;38.6779;85;0;43.3161;85;37;50.6654;85;16.3045;47.6401;85;36.0935;72.4608;84.9983
1575;45;0;85;45;0;85;36.5933;40.3014;85;0;43.5015;85;37;50.6804;85;18.238;45.6825;85;35.896;71.3227;84.9585
1576;45;0;85;45;0;85;37;42.0049;85;0;43.8857;85;37;50.3143;85;20.8809;42.8183;85;36.2297;69.8783;84.8289
1577;45;0;85;44.6807;0;85;37;43.7192;85;0;44.4673;85;37.4548;48.0607;85;22.0991;39.2183;85;36.6736;68.1028;84.5953
1578;45;0;85;42.5614;0;85;37;45.4099;85;0;45.2432;85;38.4807;44.5247;85;23.7457;35.6183;85;36.6188;66.3028;84.2569
1579;45;0;85;38.9614;0;85;37;47.0704;85;0;46.2073;85;40.3803;40.9887;85;26.5418;32.8573;85;36.3816;64.5028;83.8117
1580;44.4184;0;85;35.3614;0;85;37;48.6914;85;0;47.272;85;43.0423;37.4527;85;27.7889;31.9469;85;34.672;62.7028;83.2601
1581;42.0369;0;85;31.7822;0;85;37;50.0064;85;0;48.215;85;44.6879;33.9166;85;28.4778;32.2246;85;31.1261;60.8949;82.6034
1582;38.4369;0;85;30.0015;0;85;37.2153;49.7063;85;0;48.9108;85;45;30.3806;85;30.5273;32.0016;84.9925;27.7852;58.9557;81.8508
1583;34.8369;0;85;30;0;85;38.8147;47.1047;85;0;49.3642;85;45;26.8446;85;32.8905;31.9264;84.9335;26.1678;56.6817;81.0703
1584;31.5184;0;85;30;0;85;41.5895;43.5381;85;0;49.5703;85;45;23.3086;85;33.9207;32.9441;84.8044;26.0957;53.9404;80.3478
1585;30;0;85;30;0;85;43.9901;39.9714;85;0.1524;49.5437;85;45;19.7726;85;34.5425;34.2683;84.6281;26.1;50.6861;79.6921
1586;30;0;85;30.912;0;85;45;36.4048;85;1.7734;49.2894;85;45;16.2366;85;36.1505;35.6415;84.409;26.1;47.4433;79.0802
1587;30;0;85;33.427;0;85;45;32.8382;85;4.7047;48.8363;85;45;12.7006;85;36.9979;37.0462;84.1462;25.3131;45.7261;78.5059
1588;30;0;85;36.5518;0;85;45;29.2716;85;7.9672;48.323;85;45;9.1646;85;36.9979;38.477;83.8472;22.7263;45.5256;77.9664
1589;31.3645;0;85;39.5183;0;85;45;25.7049;85;11.1045;47.8782;85;45;5.7067;85;37;39.9101;83.5978;19.1268;45.6517;77.4597
1590;34.3094;0;85;42.3343;0;85;45;22.1383;85;12.2266;47.5233;85;45;2.332;85;37;41.3394;83.5131;15.5272;45.8523;77.0097
1591;37.39;0;85;45.0076;0;85;45;18.5717;85;12.2246;47.2532;85;45;0.3236;85;37;42.7692;83.6255;11.9277;45.9781;76.6438
1592;40.3144;0;85;47.5451;0;85;45;15.005;85;13.9947;47.0606;85;45;0;85;37;44.1985;83.8914;8.3379;45.9913;76.3499
1593;43.0904;0;85;48.644;0;85;45;11.4384;85;17.1128;46.9272;85;45;0;85;37.2167;45.0805;84.2499;4.8408;45.6225;76.1081
1594;44.9445;0;85;48.0565;0;85;45;7.8955;85;20.0904;46.8217;85;45;0;85;38.083;45.2875;84.6774;1.5669;44.8559;75.915
1595;44.9179;0;85;48.4784;0;85;45;4.4401;85;22.1988;46.7364;85;45;0;85;39.3787;45.9014;84.9541;0;44.2522;75.7696
1596;44.6374;0;85;49.6754;0;85;45;1.3721;85;22.6662;46.682;85;45;0;85;41.2708;47.1317;85;0;43.7918;75.6746
1597;46.1578;0;85;50;0;85;45;0;85;22.6815;46.6729;85;45;0;85;43.6514;48.4457;85;0;43.1667;75.6555
1598;48.6373;0;85;50;0;85;45;0;85;23.8771;45.8114;85;43.6198;0;85;44.893;49.5932;85;0;42.3617;75.7449
1599;49.9224;0;85;50;0;85;45;0;85;25.8496;43.1395;85;40.4396;0;85;45;48.3069;85;0;41.4586;75.9383
1600;50;0;85;50;0;85;45;0;85;27.8889;39.5395;85;36.8396;0;85;45;44.7573;85;0;40.5754;76.2017
1601;50;0;85;50;0;85;45;0;85;29.9079;35.9395;85;33.246;0;85;45;41.2077;85;0;39.7818;76.516
1602;50;0;85;50;0;85;45;0;85;31.8652;33.0697;85;30.7262;0;85;45;37.658;85;0;39.1153;76.8806
1603;50;0;85;50;0;85;44.2938;0;85;33.7583;32.0053;85;30;0;85;45;34.1084;85;0;38.6152;77.2959
1604;50;0;85;50;0;85;41.7877;0;85;35.6036;31.8247;85;30;0;85;45;30.5587;85;0;38.2986;77.7619
1605;50;0;85;50;0;85;38.1877;0;85;36.4544;31.1297;85;30;0;85;45;27.0091;85;0;38.1641;78.2789
1606;50;0;85;50;0;85;34.5877;0;85;36.3792;30.7803;85;30.1241;0;85;45;23.4595;85;0;38.2111;78.837
1607;50;0;85;50;0;85;31.3938;0;85;36.6833;31.598;85;30.955;0;85;45;19.9098;85;0;38.4392;79.4101
1608;50;0;85;50;0;85;30;0;85;37;32.8781;85;32.5233;0;85;45;16.3602;85;0;38.8489;79.9821
1609;50;0;85;50;0;85;30;0;85;37;34.0899;85;34.2485;0;85;45;12.8106;85;0;39.4439;80.5665
1610;50;0;85;50;0;85;30;0;85;37;35.2564;85;35.9463;0;85;45;9.2609;85;0;40.2166;81.1695
1611;50;0;85;50;0;85;30;0;85;37;36.3985;85;37.5756;0;85;45;5.7877;85;0;41.0243;81.7959
1612;50;0;85;50;0;85;30.6314;0;85;37.5;37.5046;85;39.1337;0;85;45;2.3995;85;0;41.6876;82.447
1613;50;0;85;50;0;85;31.2267;0;85;39.1845;38.4925;85;40.6453;0;85;45;0.3549;85;0;42.1524;83.1206
1614;50;0;85;50;0;85;30.9622;0;85;41.6426;38.5642;85;42.1436;0;85;44.3509;0;85;0;42.4138;83.82
1615;50;0;85;50;0;85;31.9168;0;85;43.9581;37.9035;85;43.6449;0;85;41.9018;0;85;0;42.4745;84.5379
1616;50;0;85;50;0;85;34.295;0;85;45;38.0923;85;45.1743;0;85;38.3018;0;85;0;42.3336;84.9504
1617;50;0;85;50;0;85;36.55;0;85;45;39.1024;85;46.755;0;84.9926;34.7018;0;85;0;41.9923;85
1618;50;0;85;50;0;85;37.9308;0;85;45;40.1939;85;48.369;0;84.9215;31.4509;0;85;0;41.4551;85
1619;50;0;85;50.2474;0;85;37.8432;0;85;45;41.3184;85;49.4749;0;84.7151;30;0;85;0.1478;40.7478;85
1620;50;0;85;51.5341;0;85;37.5913;0;85;45;42.4538;85;49.6385;0;84.3383;30;0;85;2.0957;39.9921;85
1621;50;0;85;52.7867;0;85;38.5142;0;84.9965;45;43.5749;85;49.7287;0;83.7654;30;0;85;5.6957;39.2935;85
1622;50.2762;0;85;53;0;85;40.1088;0;84.9406;45;44.6702;85;49.975;0;83.0376;30;0;85;7.9385;38.66;85
1623;51.5923;0;85;53;0;85;41.7852;0;84.7509;45;45.74;85;50;0;82.2442;30.4005;0;85;9.0432;38.0906;85
1624;52.8161;0;85;53;0;85;43.4717;0;84.3944;45;45.354;85;50;0;81.423;31.4632;0;85;9.8032;37.5837;85
1625;53;0;85;53;0;85;45.1344;0;83.8661;45;42.6618;85;50;0;80.5747;32.0624;0;85;11.5349;37.1325;85
1626;53;0;85;53;0;85;46.7676;0;83.1483;45;39.1066;85;50;0;79.695;32.5133;0;85;13.3521;36.7263;85
1627;53;0;85;53;0;85;48.3508;0;82.2965;45;35.5513;85;49.4246;0;78.8203;33.8513;0;85;14.4406;36.3454;85
1628;53;0;85;53;0;85;49.2814;0;81.3989;45;31.9961;85;48.7782;0;77.997;35.5073;0;85;16.756;35.5738;85
1629;53;0;85;53;0;85;49.043;0;80.4773;45;28.4408;85;48.8902;0;77.2584;37.1476;0;85;18.1557;34.5765;85
1630;53;0;85;53;0;85;48.5073;0;79.5306;45;24.8856;85;49.3044;0;76.6528;38.7327;0;85;18.9558;34.1326;85
1631;53;0;85;53;0;85;48.6371;0;78.5602;45;21.3303;85;49.7528;0;76.1823;40.256;0;85;20.924;34.1332;85
1632;53;0;85;52.8004;0;85;49.1867;0;77.6043;45;17.7751;85;49.985;0;75.8166;41.7189;0;85;21.9856;34.2294;85
1633;53;0;85;52.3927;0;85;49.6826;0;76.7049;43.7015;14.2198;85;50;0;75.5303;43.1477;0;85;22.5628;34.3957;85
1634;53;0;85;52.0216;0;85;49.9497;0;75.8982;40.603;10.6646;85;50;0;75.3007;44.5645;0;85;24.2067;34.6439;85
1635;53;0;85;51.7382;0;85;50;0;75.2325;37.003;7.1521;85;50;0;75.1205;45.9547;0;85;25.6182;34.987;85
1636;53;0;85;49.9391;0;85;50;0;74.6182;33.4078;3.7254;85;50;0;75.0073;46.8794;0;85;26.1672;35.3915;85
1637;52.8829;0;85;46.6302;0;85;50;0;73.481;30.8063;1.0168;85;50;0;74.9793;47.1032;0;85;27.0112;34.0894;85
1638;51.9861;0;85;45;0;85;50;0;71.9836;30;0;85;49.814;0;75.0243;47.626;0;85;28.6015;32.2833;85
1639;49.4182;0;85;45;0;85;50;0;71.3589;30;0;85;49.3109;0;75.1134;48.7435;0;85;30.3254;32.0716;85
1640;46.315;0;85;45;0;85;50;0;71.4771;30;0;85;49.0787;0;75.2295;49.4298;0;85;32.0596;32.4361;85
1641;45;0;85;44.8557;0;85;50;0;71.6373;30.0861;0;85;49.3285;0;75.3732;49.3103;0;85;33.3305;33.0354;85
1642;45;0;85;42.9114;0;85;50;0;71.8719;30.5668;0;85;49.6742;0;75.5484;49.2247;0;85;34.0071;33.6791;85
1643;45;0;85;39.5557;0;85;50;0;72.1759;30.8324;0;85;50.0593;0;75.7844;49.5187;0;85;35.0707;34.3296;85
1644;44.8115;0;85;38;0;85;50;0;72.5188;30.7501;0;85;50.4987;0;76.1172;49.7818;0;85;36.432;34.982;85
1645;42.8229;0;85;38;0;85;50;0;72.8819;31.6714;0;85;50.962;0;76.5443;49.9448;0;85;37;35.6519;85
1646;39.5115;0;85;38;0;85;50;0;73.2668;33.3319;0;85;50.9639;0;77.0254;49.999;0;85;37;36.3616;85
1647;38;0;85;38;0;85;50.0247;0;73.6673;34.8264;0;85;51.2187;0;77.5363;50;0;85;37;37.1179;85
1648;38;0;85;38;0;85;49.818;0;74.1054;36.1795;0;85;52.3255;0;78.0919;50;0;85;37.3701;37.916;85
1649;38;0;85;38;0;85;49.0891;0;74.6196;37.4131;0;85;52.8365;0;78.7068;50;0;85;38.4311;38.7501;85
1650;38;0;85;38;0;85;48.8198;0;75.2217;38.2788;0;85;52.5135;0;79.384;50;0;85;39.8688;39.6207;85
1651;38;0;85;38;0;85;49.7096;0;75.8782;38.173;0;85;52.1164;0;80.1237;50;0;85;41.3893;40.5246;85
1652;38;0;85;38;0;85;51.0668;0;76.5572;37.6518;0;85;51.759;0;80.9222;50;0;85;42.766;41.4495;85
1653;38;0;85;36.8724;0;85;52.3812;0;77.259;37.9723;0;85;51.4618;0;81.7615;50;0;85;44.0518;42.3801;85
1654;38;0;85;33.9449;0;85;53;0;77.9977;38.9498;0;85;51.2343;0;82.6284;50;0;85;44.8674;43.2661;85
1655;38;0;85;30.3449;0;85;53;0;78.7841;40.0027;0;85;51.0735;0;83.5271;50;0;85;45;43.4739;85
1656;36.8282;0;85;26.7449;0;85;53;0;79.6167;41.0908;0;85;50.9919;0;84.4337;50;0;85;45;43.4907;85
1657;33.8564;0;85;23.1449;0;85;53;0;80.4937;42.1884;0;85;50.9949;0;84.9411;50;0;85;45;44.0846;85
1658;30.2564;0;85;20.1787;0;85;53;0;81.4021;43.2488;0;85;49.8965;0;85;50.0764;0;85;45;44.83;85
1659;26.6564;0;85;19.0063;0;85;52.8563;0;82.3262;44.2381;0;85;46.9963;0;85;50.3971;0;85;45;44.9178;85
1660;23.0564;0;85;19;0;85;52.5101;0;83.2599;45.1353;0;84.9912;45.1088;0;85;50.9306;0;85;45;42.8316;85
1661;20.1282;0;85;19;0;85;52.1407;0;83.7523;45.925;0;84.9077;45;0;85;51.5336;0;85;45;39.2472;85
1662;19;0;85;19;0;85;51.8476;0;83.5874;46.5896;0;84.6854;45;0;85;52.2171;0;85;45;35.6628;85
1663;19;0;85;19;0;85;51.6411;0;83.5406;47.1181;0;84.3607;45;0;85;52.6794;0;85;45;32.0784;85
1664;19;0;85;19;0;85;50.4163;0;84.0709;47.5156;0;83.9863;43.2484;0;85;52.5285;0;85;45;28.494;85
1665;19;0;85;19;0;85;47.5514;0;84.7298;47.8014;0;83.5721;39.7484;0;85;52.0625;0;85;45;24.9096;85
1666;19;0;85;19;0;85;45.4156;0;85;48.0223;0;83.1172;38;0;85;51.6592;0;85;45;21.3252;85
1667;19;0;85;19;0;85;45;0;85;48.2262;0;82.6261;38;0;85;51.3299;0;85;45;17.7408;85
1668;19;0;85;19;0;85;45;0;85;48.4443;0;82.174;38;0;85;51.0501;0;85;45;14.1564;85
1669;19;0;85;19;0;85;45;0;85;48.7222;0;81.8762;38;0;85;50.8073;0;85;43.8031;10.572;85
1670;19;0;85;19;0;85;43.8931;0;85;49.0774;0;81.7755;38;0;85;50.6225;0;85;40.8062;7.0325;85
1671;19;0;85;19;0;85;40.9895;0;85;49.4992;0;81.8373;38;0;85;50.505;0;85;37.2062;3.5832;85
1672;19;0;85;19;0;85;38.5964;0;85;49.8631;0;81.9984;38;0;85;50.4545;0;85;33.6334;0.9405;85
1673;19;0;85;19;0;85;38;0;85;50;0;82.2281;38;0;85;50.4809;0;85;30.9303;0;85
1674;19;0;85;19;0;85;38;0;85;50;0;82.526;38;0;85;50.5907;0;85;30;0;85
1675;19;0;85;19;0;85;38;0;85;50;0;82.8906;37.0651;0;85;49.9372;0;85;30;0;85
1676;19;0;85;18.1639;0;85;38;0;85;50;0;83.3197;34.3303;0;84.979;47.4065;0;85;30;0;85
1677;19;;85;15.6035;;85;38;;85;49.8351;;83.7866;30.7303;;84.8773;45.3033;;85;30.0114;;85
1678;19;;85;12.1549;;85;38;;85;49.2097;;84.2571;27.1303;;84.6821;45;;85;30.1428;;85
1679;18.1215;;85;8.7063;;85;38;;85;48.4638;;84.7049;23.5303;;84.4361;45;;85;30.4757;;85
1680;15.5187;;85;5.3367;;85;38;;84.9974;48.248;;84.9593;20.4161;;84.1492;45;;85;31.2358;;85
1681;12.0701;;85;2.0809;;85;37.7099;;84.9568;48.4608;;85;19.051;;83.8084;43.5554;;85;32.3318;;85
1682;8.6215;;85;0.2352;;85;35.6197;;84.8115;48.789;;85;19;;83.4012;40.3216;;85;33.3921;;85
1683;5.2547;;85;0;;85;32.0197;;84.5447;49.2198;;85;19;;82.957;38.2661;;85;34.3793;;85
1684;2.0017;;85;0;;85;28.4197;;84.205;49.7731;;85;19;;82.5582;38;;85;35.3047;;85
1685;0.1956;;85;0;;85;24.8197;;83.8274;50.4587;;85;19;;82.2581;38;;85;36.1961;;85
1686;0;;85;0;;85;21.2197;;83.4094;51.2722;;85;19;;82.0573;38;;85;37.0797;;85
1687;0;;85;0;;85;19.2099;;82.9363;51.648;;85;19;;81.9333;38;;85;37.9556;;85
1688;0;;85;0;;85;19;;82.4032;51.4268;;85;19;;81.868;38;;85;38.8315;;85
1689;0;;85;0;;85;19;;81.8716;51.1235;;85;19;;81.8692;38;;85;39.7252;;85
1690;0;;85;0;;85;19;;81.4182;50.8607;;85;19;;81.9546;38;;85;40.6356;;85
1691;0;;85;0;;85;19;;81.07;50.6559;;85;19;;82.1265;38;;85;41.5461;;85
1692;0;;85;0;;85;19;;80.8151;50.5205;;85;19;;82.3896;37.3722;;85;42.4606;;85
1693;0;;85;0;;85;19;;80.6252;50.454;;85;19;;82.7543;34.9443;;85;43.3709;;85
1694;0;;85;0;;85;19;;80.4941;50.4637;;85;19;;83.2217;31.3443;;85;44.2372;;85
1695;0;;85;0;;85;19;;80.436;50.5605;;85;19;;83.7772;27.7443;;85;45.0315;;85
1696;0;;85;0;;85;19;;80.4671;49.7474;;85;19;;84.4032;24.1443;;85;45.732;;85
1697;0;;85;0;;85;19;;80.5822;47.0859;;85;19;;84.8666;20.7942;;85;46.319;;85
1698;0;;85;0;;85;19;;80.7891;45.155;;85;18.3485;;85;19.1221;;85;46.779;;85
1699;0;;85;0;;85;19;;81.0991;45;;85;15.9727;;85;19;;85;47.1103;;85
1700;0;;85;0;;85;19;;81.5063;45;;85;12.5241;;85;19;;85;47.3128;;85
1701;0;;85;0;;85;19;;81.9933;45;;85;9.0755;;85;19;;84.9979;47.4053;;85
1702;0;;85;0;;85;19;;82.5458;43.2851;;85;5.6938;;85;19;;84.9652;47.4428;;85
1703;0;;85;0;;85;19;;83.1677;39.7868;;85;2.4258;;85;19;;84.8414;47.4695;;85
1704;0;;85;0;;85;18.9661;;83.8573;38.0017;;85;0.4076;;85;19;;84.5686;47.5171;;85
1705;0;;85;0;;85;17.2079;;84.5647;38;;85;0;;85;19;;84.1249;47.5217;;85
1706;0;;85;0;;85;13.7593;;84.9555;38;;85;0;;85;19;;83.5027;47.0186;;85
1707;0;;85;0;;85;10.3107;;85;38;;85;0;;85;19;;82.6855;46.5533;;85
1708;0;;85;0;;85;6.8882;;85;38;;85;0;;85;19;;81.7375;46.6996;;85
1709;0;;85;0;;85;3.5795;;85;38;;85;0;;85;19;;80.7474;46.9997;;85
1710;0;;85;0;;85;0.9845;;85;38;;85;0;;85;19;;79.7293;47.3394;;85
1711;0;;85;0;;85;0;;85;38;;85;0;;85;19;;78.681;47.6956;;85
1712;0;;85;1.5372;;85;0;;85;38;;85;0;;85;19;;77.6084;48.0514;;85
1713;0;;85;4.8743;;85;0;;85;37.1018;;85;0;;85;19;;76.5503;48.4044;;85
1714;0;;85;8.4743;;85;0;;85;34.4036;;85;0;;85;19;;75.5462;48.7661;;85
1715;1.5814;;85;11.1372;;85;0;;85;30.8036;;85;0;;85;18.6426;;74.6316;49.1408;;85
1716;4.9628;;85;12;;85;0;;85;27.2036;;85;0;;85;16.5609;;73.486;49.5142;;85
1717;8.5628;;85;12;;85;0;;85;23.6036;;85;0;;85;13.1123;;72.3466;49.8975;;85
1718;11.1814;;85;12;;85;0;;85;20.4612;;85;0;;85;9.6637;;71.7606;50.3104;;85
1719;12;;85;12;;85;0;;85;19.0594;;85;0;;85;6.2626;;71.4865;50.7887;;85
1720;12;;85;12;;85;0;;85;19;;85;0;;85;2.9751;;71.2956;51.3818;;85
1721;12;;85;12;;85;0;;85;19;;85;0;;85;0.6823;;71.1541;52.1032;;85
1722;12;;85;12;;85;0;;85;19;;85;0;;85;0;;71.0724;52.648;;85
1723;12;;85;12;;85;0;;85;19;;85;0;;85;0;;71.0689;52.7037;;85
1724;12;;85;12;;85;0;;85;19;;85;0;;85;0;;71.1422;52.5028;;85
1725;12;;85;12;;85;0;;85;19;;85;0;;85;0;;71.2645;52.3136;;85
1726;12;;85;12;;85;0;;85;19;;85;0;;85;0;;71.4156;52.1622;;85
1727;12;;85;12;;85;0;;85;19;;85;0;;85;0;;71.5956;52.0719;;85
1728;12;;85;12;;85;0;;85;19;;85;0;;85;0;;71.799;52.052;;85
1729;12;;85;12;;85;0;;85;19;;85;0;;85;0;;72.0422;52.1017;;85
1730;12;;85;12;;85;0;;85;19;;85;0;;85;0;;72.3621;52.2323;;85
1731;12;;85;12;;85;0;;85;19;;85;0;;85;0;;72.7803;52.2083;;85
1732;12;;85;12;;85;0;;85;19;;85;0;;85;0;;73.2763;50.3313;;85
1733;12;;85;12;;85;0;;85;19;;85;0;;85;0;;73.8149;46.8211;;85
1734;12;;85;12;;85;0;;85;19;;85;1.3445;;85;0;;74.3841;45.0393;;85
1735;12;;85;12;;85;0;;85;19;;85;4.4889;;85;0;;74.9975;45;;85
1736;12;;85;12;;85;0;;85;18.3836;;85;7.4321;;85;0;;75.6704;45;;85
1737;12;;85;12;;85;0;;85;16.0429;;85;8.9141;;85;0;;76.4043;44.9858;;85
1738;12;;85;12;;85;0;;85;12.5943;;85;10.5537;;85;0;;77.1986;43.1715;;85
1739;12;;85;12;;85;0;;85;9.1457;;85;11.9272;;85;0;;78.0446;39.6858;;85
1740;12;;85;12;;85;0.6997;;85;5.7616;;85;11.8288;;85;0;;78.9211;38;;85
1741;12;;85;12;;85;3.1228;;85;2.4913;;85;11.8288;;85;0;;79.8162;38;;85
1742;12;;85;12;;85;6.6094;;85;0.4404;;85;12;;85;0;;80.733;38;;85
1743;12;;85;12;;85;9.1467;;85;0;;85;12;;85;0;;81.6689;38;;85
1744;12;;85;11.0704;;85;9.7241;;85;0;;85;12;;85;0;;82.6183;38;;85
1745;12;;85;8.3913;;85;10.2959;;85;0;;85;12;;85;0;;83.5613;38;;85
1746;12;;85;4.9862;;85;11.532;;85;0;;85;12;;85;0;;84.2893;38;;85
1747;11.0274;;85;1.6897;;85;12;;85;0;;85;12;;85;0;;84.491;38;;85
1748;8.3053;;85;0.0244;;85;12;;85;0;;85;12;;85;0;;84.6328;38;;85
1749;4.9029;;85;0;;85;12;;85;0;;85;12;;85;0;;84.9179;37.0025;;85
1750;1.625;;85;0;;85;12;;85;0;;85;12;;85;0;;85;34.205;;85
1751;0;;85;0;;85;12;;85;0;;85;12;;85;1.0374;;85;30.605;;85
1752;0;;85;0;;85;12;;85;0;;85;12;;85;3.8749;;85;27.005;;85
1753;0;;85;0;;85;12;;85;0;;85;12;;85;7.1447;;85;23.405;;85
1754;0;;85;0;;85;12;;85;0;;85;12;;85;8.743;;85;20.3389;;85
1755;0;;85;0;;85;12;;85;0;;85;12;;85;10.2674;;85;19.0364;;85
1756;0;;85;0;;85;12;;85;0;;85;12;;85;11.8317;;85;19;;85
1757;0;;85;0;;85;12;;85;0;;85;12;;85;11.8586;;85;19;;85
1758;0;;85;0;;85;12;;85;0;;85;12;;85;11.8586;;85;19;;85
1759;0;;85;0;;85;12;;85;0;;85;12;;85;12;;85;19;;85
1760;0;;85;0;;85;12;;85;0;;85;12;;85;11.8222;;85;19;;85
1761;0;;85;0;;85;12;;85;0;;85;12;;85;11.8222;;84.9994;19;;85
1762;0;;85;0;;85;12;;85;0;;85;12;;85;12;;84.9682;19;;85
1763;0;;85;0;;85;12;;85;0;;85;12;;85;12;;84.8477;19;;85
1764;0;;85;0;;85;12;;85;0;;85;12;;85;12;;84.598;19;;85
1765;0;;85;0;;85;12;;85;0;;85;12;;85;12;;84.2361;19;;85
1766;0;;85;0;;85;12;;85;0;;85;12;;85;12;;83.8129;19;;85
1767;0;;85;0;;85;12;;85;0;;85;10.2132;;85;12;;83.3481;19;;85
1768;0;;85;0;;85;12;;85;0;;85;6.6654;;85;12;;82.8344;19;;85
1769;0;;85;0;;85;12;;85;0;;85;3.2261;;85;12;;82.2577;19;;84.999
1770;0;;85;0;;85;12;;85;0;;85;0.7739;;85;12;;81.6292;19;;84.9583
1771;0;;85;0;;85;12;;85;0;;85;0;;85;12;;81.0228;19;;84.8001
1772;0;;85;0;;85;12;;85;1.0226;;85;0;;85;12;;80.5036;18.2885;;84.4992
1773;0;;85;1.7733;;85;10.9918;;85;3.609;;85;0;;85;12;;80.0892;15.8527;;84.1106
1774;0;;85;5.3466;;85;8.2031;;85;6.8811;;85;0;;85;12;;79.7598;12.4041;;83.6768
1775;0.0175;;85;8.9466;;85;4.7464;;85;9.7626;;85;0;;85;12;;79.4883;8.9555;;83.1995
1776;1.8351;;85;12.5466;;85;1.5351;;85;10.7544;;85;0;;85;12;;79.277;5.5777;;82.6788
1777;5.4351;;85;15.6209;;85;0;;85;10.8834;;85;0;;85;12;;79.1422;2.3136;;82.1276
1778;9.0351;;85;16.622;;85;0;;85;11.597;;85;0;;85;12;;79.0962;0.3515;;81.6466
1779;12.6351;;85;16.5785;;85;0;;85;12;;84.9946;0;;85;12;;79.1334;0;;81.3418
1780;15.6127;;85;18.6082;;85;0;;85;12;;84.9385;0;;85;12;;79.2633;0;;81.2278
1781;16.3832;;85;22.2082;;85;0;;85;12;;84.78;0;;85;12;;79.4961;0;;81.261
1782;16.145;;85;25.7961;;85;0;;85;12;;84.5019;0;;85;12;;79.8249;0;;81.3816
1783;18.1139;;85;28.5629;;85;0;;85;12;;84.0823;0;;85;12;;80.2321;0;;81.5702
1784;21.7139;;85;29.3756;;85;0;;85;12;;83.5014;0;;85;10.5474;;80.7052;0;;81.8258
1785;25.3066;;85;29.7722;;85;0;;85;12;;82.7486;0;;85;7.3111;;81.2481;0;;82.1493
1786;27.9943;;85;30.6676;;85;0;;85;12;;81.8057;0;;85;3.8492;;81.8622;0;;82.5372
1787;28.6175;;85;31;;85;0;;85;12;;80.7049;0;;85;1.0855;;82.5484;0;;82.9585
1788;28.882;;85;31;;85;0;;85;12;;79.5341;0;;85;0;;83.2954;0;;83.3827
1789;30.2092;;85;31;;85;0;;85;12;;78.3403;0;;85;0;;84.0697;0;;83.8062
1790;31;;85;31;;85;0;;85;12;;77.1225;0;;85;0;;84.7271;0;;84.2288
1791;31;;85;31;;85;0;;85;12;;75.8745;0;;85;0;;84.9981;0;;84.6507
1792;31;;85;31;;85;0;;85;12;;74.5351;0;;85;0;;85;0;;84.9307
1793;31;;85;31;;85;0;;85;12;;72.8059;0;;85;0;;85;0;;85
1794;31;;85;31;;85;0;;85;12;;70.913;0;;85;0;;85;0;;85
1795;31;;85;31;;85;0;;85;12;;69.7024;0.9699;;85;0;;85;0;;85
1796;31;;85;31;;85;0;;85;12;;69.082;3.7398;;85;0;;85;0;;85
1797;31;;85;31;;85;0;;85;12;;68.5698;7.0681;;85;0;;85;0;;85
1798;31;;85;29.2536;;85;0;;85;12;;68.1519;8.6129;;85;0;;85;0;;85
1799;31;;85;26.2536;;85;0;;85;12;;67.8071;10.3811;;85;0;;85;0;;85
1800;31;;85;25;;85;0;;85;12;;67.5154;13.9328;;85;0;;85;0;;85
1801;29.3365;;85;25.9129;;85;0.1394;;85;12;;67.2709;15.9445;;85;0;;85;0;;85
1802;26.3365;;85;28.5553;;85;2.0788;;85;12;;67.0866;17.2756;;85;0;;85;0;;85
1803;25;;85;31.9267;;85;5.5522;;85;12;;66.9791;20.1745;;85;0;;85;0;;85
1804;25.729;;85;35.1273;;85;8.5943;;85;12;;66.9467;22.9917;;85;0;;85;0;;85
1805;28.1977;;85;38.1658;;85;9.741;;85;10.4845;;66.9647;24.3065;;85;0;;85;0;;85
1806;31.5887;;85;41.0502;;85;9.6851;;85;7.1896;;67.0127;25.9945;;85;0;;85;0;;85
1807;34.8078;;85;43.7884;;85;11.6207;;85;3.7319;;67.0851;29.0463;;85;0;;85;0;;85
1808;37.8629;;85;46.3877;;85;15.1904;;85;1.0269;;67.18;30.7113;;85;0;;85;1.4071;;85
1809;40.7624;;85;48.4743;;85;18.7904;;85;0;;67.3028;30.8677;;85;0;;85;4.6142;;85
1810;43.5148;;85;48.822;;85;21.5665;;85;0;;67.478;31;;85;0;;85;7.4846;;85
1811;45.1505;;85;48.2407;;85;22.3798;;85;0;;67.7378;31;;85;0;;85;9.1117;;85
1812;44.9349;;85;49.3077;;85;22.8438;;85;0;;68.0857;31;;85;0.6357;;85;9.6444;;85
1813;44.9028;;85;51.2415;;85;25.0238;;85;0;;68.4888;31;;85;3.0714;;85;10.7609;;85
1814;46.6407;;85;52;;85;28.1807;;85;0;;68.9192;31;;85;6.6714;;85;11.9508;;85
1815;49.095;;85;52;;85;30.3615;;85;0;;69.3741;31;;85;8.3728;;85;11.895;;85
1816;51.1452;;85;52;;85;30.9013;;85;0;;69.8657;31;;85;9.789;;85;11.8762;;85
1817;52;;85;52;;85;30.9305;;85;0;;70.4081;31;;85;13.1038;;85;11.9812;;85
1818;52;;85;52;;85;30.9987;;85;0;;71.0001;31;;85;15.4916;;85;12;;85
1819;52;;85;52;;85;31;;85;0;;71.6415;31;;85;16.8608;;85;12;;85
1820;52;;85;52;;85;31;;85;0;;72.3295;31;;85;19.4344;;85;12;;85
1821;52;;85;51.8164;;85;31;;85;0;;73.0491;29.2841;;85;21.682;;85;12;;85
1822;52;;85;50.2935;;85;31;;85;0;;73.7877;26.2841;;85;22.8998;;85;12;;85
1823;52;;85;48.9271;;85;31;;85;0;;74.5417;25;;85;25.1722;;85;12;;85
1824;52;;85;48.9;;85;31;;85;0;;75.3123;25.6728;;85;27.7621;;85;12;;85
1825;50.9783;;85;48.9;;85;31;;85;0;;76.1017;27.8423;;85;28.9996;;85;12;;85
1826;49.4283;;85;48.9;;85;31;;85;0;;76.8975;30.8365;;85;30.0274;;85;12;;85
1827;48.9;;85;48.9;;85;31;;85;0;;77.673;33.7133;;85;30.9488;;85;12;;85
1828;48.9;;85;48.9;;85;29.2143;;85;0;;78.3954;36.3386;;85;31;;85;12;;85
1829;48.9;;85;48.9;;85;26.1681;;85;0;;79.0445;37.7991;;85;31;;85;12;;85
1830;48.9;;85;48.9;;85;24.7365;;85;0;;79.6171;38.3398;;85;31;;85;12;;85
1831;48.9;;85;48.9;;85;25.4128;;85;0;;80.1143;39.6537;;85;31;;85;12;;85
1832;48.9;;85;48.9;;85;27.7316;;85;0;;80.5376;41.6294;;85;31;;85;12;;85
1833;48.9;;85;48.9;;85;30.6091;;85;0.5162;;80.8879;42.6726;;85;31;;85;12;;85
1834;48.9;;85;48.9;;85;33.2963;;85;2.5216;;81.1643;42.8409;;85;31;;85;12;;85
1835;48.9;;85;48.9;;85;35.7397;;85;5.5362;;81.3644;43.5919;;85;31;;85;12;;85
1836;48.9;;85;48.9;;85;37.7275;;85;8.8589;;81.505;44.9163;;85;31;;85;12;;85
1837;48.9;;85;48.9;;85;38.2081;;85;11.456;;81.6239;46.2783;;85;31;;85;12;;85
1838;48.9;;85;48.9;;85;37.6946;;85;12.0654;;81.741;47.6185;;85;29.6182;;85;12;;85
1839;48.9;;85;48.9;;85;38.3468;;85;12.6369;;81.8482;48.9122;;85;26.7111;;85;12;;85
1840;48.9;;85;48.9;;85;39.9774;;85;14.9395;;81.9355;50.1329;;85;25.0929;;85;12;;85
1841;48.9;;85;48.9;;85;41.5795;;85;18.0697;;81.996;51.058;;85;25.0995;;85;10.394;;85
1842;48.9;;85;48.9;;85;43.1335;;85;21.0662;;82.0316;50.9739;;85;26.2997;;85;7.1413;;85
1843;48.9;;85;48.9;;85;44.6033;;85;22.8207;;82.0421;50.7334;;85;28.6266;;85;3.9117;;85
1844;48.9;;85;48.9;;85;45.9735;;85;23.0466;;82.0086;51.2479;;85;31.0292;;85;1.1644;;85
1845;48.9;;85;48.9;;85;47.2598;;85;23.6153;;81.8891;51.6563;;85;33.2942;;85;0;;85
1846;48.9;;85;48.9;;85;48.4625;;85;25.4139;;81.6498;50.7321;;85;35.3816;;85;0;;85
1847;48.9;;85;48.9;;85;49.5796;;85;27.678;;81.2885;49.2923;;85;37.0506;;85;0;;85
1848;48.9;;85;48.9;;85;50.6242;;85;29.7106;;80.8405;48.5881;;85;37.5599;;85;0;;85
1849;48.9;;85;48.9;;85;51.378;;85;30.5701;;80.3545;48.091;;85;38.0474;;85;0;;85
1850;48.9;;85;48.9;;85;51.0598;;85;30.6519;;79.8358;47.9414;;85;39.4627;;85;0;;85
1851;48.9;;85;48.9;;85;50.0711;;85;30.8754;;79.2719;48.1714;;85;40.9602;;85;0;;85
1852;48.9;;85;48.9;;85;49.8358;;85;31;;78.6532;48.4655;;85;42.377;;85;0;;85
1853;48.9;;85;48.9;;85;50.1126;;85;31;;78.0007;48.759;;85;42.9353;;85;0;;85
1854;48.9;;85;48.9;;85;49.5416;;85;31;;77.3912;48.9;;85;42.8425;;85;0;;85
1855;48.9;;85;48.9;;85;48.8904;;85;31;;76.8785;48.9;;85;43.2809;;85;0;;85
1856;48.9;;85;48.9;;85;48.9;;85;31;;76.4705;48.9;;85;44.1335;;85;0;;85
1857;48.9;;85;48.9;;85;48.9;;85;31;;76.1474;48.9;;85;45.0162;;85;0;;85
1858;48.9;;85;48.9;;85;48.9;;85;31;;75.8842;48.9;;85;45.8681;;85;0;;85
1859;48.9;;85;48.9;;85;48.9;;85;31;;75.6803;48.9;;85;46.6946;;85;0;;85
1860;48.9;;85;48.9;;85;48.9;;85;29.4733;;75.5491;48.9;;85;47.5107;;85;0;;85
1861;48.9;;85;48.9;;85;48.9;;85;26.4733;;75.5036;48.9;;85;48.3233;;85;0;;85
1862;48.9;;85;48.9;;85;48.9;;85;25;;75.5352;48.8753;;85;49.123;;85;0;;85
1863;48.9;;85;48.9;;85;48.9;;85;24.9259;;75.6532;48.6395;;85;49.9084;;85;0;;85
1864;48.9;;85;48.9;;85;48.9;;85;24.6524;;75.8697;48.5394;;85;50.4438;;85;0;;85
1865;48.9;;85;48.9;;85;48.9;;85;24.6649;;76.1763;48.7752;;85;49.7403;;85;0;;85
1866;48.9;;85;48.9;;85;48.9;;85;25.8277;;76.5602;48.9;;85;48.8958;;85;0;;85
1867;48.9;;85;48.9;;85;48.9;;85;27.756;;77.0049;48.9;;85;48.9;;85;0;;85
1868;48.9;;85;48.9;;85;48.9;;85;29.6562;;77.5081;48.9;;85;48.9;;85;0;;85
1869;48.9;;85;48.9;;85;48.9;;85;31.4374;;78.072;48.9;;85;48.9;;85;0.476;;85
1870;48.9;;85;48.9;;85;48.9;;85;33.0905;;78.6964;48.9;;85;48.9;;85;2.7521;;85
1871;48.9;;85;48.9;;85;48.9;;85;34.6244;;79.3802;48.9;;85;48.9;;85;6.3521;;85
1872;48.9;;85;48.9;;85;48.9;;85;36.0551;;80.1053;48.9;;85;48.9;;85;8.2228;;85
1873;48.9;;85;48.9;;85;48.9;;85;37.3554;;80.8368;48.9;;85;48.6632;;85;8.9734;;85
1874;48.9;;85;48.9;;85;48.9;;85;38.4545;;81.5572;48.9;;85;48.2451;;85;10.0501;;85
1875;48.9;;85;48.9;;85;48.9;;85;38.5417;;82.2884;48.9;;85;48.1461;;85;12.1709;;85
1876;48.9;;85;47.1258;;85;48.9;;85;37.7579;;83.056;48.9;;85;48.3574;;85;13.7544;;85
1877;48.9;;85;43.6758;;85;48.9;;85;37.7331;;83.5197;48.9;;85;48.6234;;85;14.8676;;85
1878;48.9;;85;42;;85;48.9;;85;38.468;;83.5787;48.9;;85;48.8302;;85;16.7305;;85
1879;47.6888;;85;42;;85;48.9;;85;39.2274;;83.8659;48.9;;85;48.9;;85;17.7769;;85
1880;44.6832;;85;42;;85;48.9;;85;39.9684;;84.5651;48.9;;85;48.9;;85;19.4713;;85
1881;42.4443;;85;42;;85;48.9;;85;40.6785;;84.9832;48.9;;85;48.9;;85;21.8152;;85
1882;42;;85;42;;85;48.9;;85;41.3532;;85;48.9;;85;48.7792;;85;22.8861;;85
1883;42;;85;42;;85;48.9;;85;41.9936;;85;48.9;;85;48.6275;;85;23.7887;;85
1884;42;;85;42;;85;48.9;;85;42.6168;;85;48.9;;85;48.7247;;85;25.7909;;85
1885;42;;85;42;;85;48.9;;85;43.2256;;85;48.9;;85;48.8765;;85;27.2291;;85
1886;42;;85;42;;85;48.9;;85;43.8204;;85;48.9;;85;48.9;;85;28.0183;;85
1887;42;;85;42;;85;48.9;;85;44.4027;;85;48.9;;85;48.9;;85;29.3843;;85
1888;42;;85;42;;85;48.9;;85;44.9883;;85;48.9;;85;48.9;;85;30.6578;;85
1889;42;;85;42;;85;48.9;;85;45.5767;;85;48.9;;85;48.9;;85;31;;84.9739
1890;42;;85;42;;85;48.9;;85;46.1681;;85;48.9;;85;48.9;;85;31;;84.8679
1891;42;;85;41.0106;;85;48.9;;85;46.7695;;85;48.9;;85;48.9;;85;31;;84.6511
1892;42;;85;38.256;;85;48.9;;85;47.3636;;85;48.9;;85;48.9;;85;31;;84.3114
1893;42;;85;34.7257;;85;48.9;;85;47.9527;;85;48.9;;85;48.9;;85;31;;83.8241
1894;41.5627;;85;31.1955;;85;48.9;;85;48.5265;;85;48.9;;85;48.9;;85;31;;83.1695
1895;39.3602;;85;27.6652;;85;48.9;;85;48.8521;;85;48.9;;85;48.9;;85;31;;82.3371
1896;35.8299;;85;24.1349;;85;48.9;;85;48.6291;;85;48.9;;85;48.9;;85;31;;81.3102
1897;32.2997;;85;20.6047;;85;48.9;;85;47.9184;;85;48.9;;85;48.9;;85;29.7778;;80.1329
1898;28.7694;;85;17.0744;;85;48.9;;85;47.3085;;85;48.9;;85;48.9;;85;26.9104;;78.8926
1899;25.2391;;85;13.5442;;85;48.9;;85;47.2802;;85;48.9;;85;48.9;;85;25.1326;;77.6253
1900;21.7089;;85;10.0139;;85;48.9;;85;47.6248;;85;47.823;;85;48.9;;85;25.034;;76.3321
1901;18.1786;;85;6.5429;;85;48.9;;85;48.0402;;85;44.9688;;85;48.9;;85;25.7732;;75.0059
1902;14.6484;;85;3.1508;;85;48.9;;85;48.4655;;85;42.5958;;85;48.9;;85;27.2687;;73.4125
1903;11.1181;;85;0.7323;;85;48.9;;85;48.7892;;85;42;;85;48.9;;85;28.8411;;71.794
1904;7.6225;;85;0;;85;48.9;;85;48.9;;85;42;;85;48.9;;85;30.3691;;70.5623
1905;4.2057;;85;0;;85;48.9;;85;48.9;;85;42;;85;48.9;;85;31.8112;;69.5791
1906;1.2597;;85;0;;85;48.9;;85;48.9;;85;42;;85;48.9;;85;33.1552;;68.7473
1907;0;;85;0;;85;48.3881;;85;48.9;;85;42;;85;48.9;;85;34.4037;;68.0275
1908;0;;85;0;;85;46.0763;;85;48.9;;85;42;;85;48.9;;85;35.567;;67.3956
1909;0;;85;0;;85;43.1381;;85;48.9;;85;42;;85;48.9;;85;36.1132;;66.8314
1910;0;;85;0;;85;42;;85;48.9;;85;42;;85;48.9;;85;36.1132;;66.3158
1911;0;;85;0;;85;42;;85;48.9;;85;42;;85;48.9;;85;36.5144;;65.8441
1912;0;;85;0;;85;42;;85;48.9;;85;42;;85;48.9;;85;37.3186;;65.4278
1913;0;;85;0;;85;42;;85;48.9;;85;42;;85;48.9;;85;38.1384;;65.0839
1914;0;;85;0;;85;42;;85;48.9;;85;42;;85;48.9;;85;38.9036;;64.8142
1915;0;;85;0;;85;42;;85;48.9;;85;41.8344;;85;48.9;;85;39.6033;;64.5974
1916;0;;85;0;;85;42;;85;48.9;;85;39.9036;;85;48.9;;85;40.2545;;64.4123
1917;0;;85;0;;85;42;;85;48.9;;85;36.3734;;85;48.9;;85;40.8557;;64.252
1918;0;;85;1.0183;;85;42;;85;48.9;;85;32.8431;;85;48.7093;;85;41.4064;;64.1157
1919;0;;85;3.8367;;85;42;;85;48.9;;85;29.3128;;85;46.7187;;85;41.9101;;64.0027
1920;0;;85;7.4367;;85;42;;85;48.9;;85;25.7826;;85;43.4593;;85;42.3772;;63.9317
1921;0.4553;;85;11.0367;;85;42;;85;48.9;;85;22.2523;;85;42;;85;42.8291;;63.9383
1922;2.7107;;85;14.6367;;85;42;;85;48.9;;85;18.7221;;85;42;;85;43.2676;;64.0343
1923;6.3107;;85;16.6199;;85;40.4833;;85;48.9;;85;15.1918;;85;42;;85;43.6929;;64.2059
1924;9.9107;;85;16.624;;85;37.2014;;85;48.9;;85;11.6615;;85;42;;85;43.6216;;64.4175
1925;13.5107;;85;17.8731;;85;33.6712;;85;48.9;;85;8.1538;;85;42;;85;43.1528;;64.655
1926;16.008;;85;21.1013;;85;30.1409;;85;48.9;;85;4.7248;;85;42;;85;43.0599;;64.9282
1927;16.4426;;85;24.7013;;85;26.6107;;85;48.9;;85;1.5193;;85;42;;85;43.3085;;65.2476
1928;16.8806;;85;27.7288;;85;23.0804;;85;48.9;;85;0;;85;42;;85;43.6297;;65.621
1929;19.3811;;85;28.9782;;85;19.5501;;85;48.9;;85;0;;85;42;;85;43.9657;;66.048
1930;22.9811;;85;29;;85;16.0199;;85;48.9;;85;0;;85;42;;85;44.3105;;66.5301
1931;26.4795;;85;29;;85;12.4896;;85;48.9;;85;0;;85;42;;85;44.674;;67.0655
1932;28.5889;;85;29;;85;8.9633;;85;48.9;;85;0;;85;42;;85;45.0481;;67.6407
1933;29;;85;29;;85;5.5159;;85;48.9;;85;0;;85;42;;85;45.4272;;68.2433
1934;29;;85;29;;85;2.1434;;85;48.9;;85;0;;85;40.8956;;85;45.8293;;68.8702
1935;29;;85;29;;85;0.2285;;85;48.9;;85;0;;85;38.0261;;85;46.2711;;69.5251
1936;29;;85;29;;85;0;;85;48.9;;85;0;;85;34.4959;;85;46.7585;;70.2072
1937;29;;85;29;;85;0;;85;48.9;;85;0;;85;30.9656;;85;47.2797;;70.9113
1938;29;;85;29;;85;0;;85;48.9;;85;0;;85;27.4354;;85;47.8238;;71.6248
1939;29;;85;29;;85;0;;85;48.9;;85;0;;85;23.9051;;85;48.3779;;72.3154
1940;29;;85;29;;85;0;;85;48.9;;85;0;;85;20.3748;;85;48.5172;;72.9548
1941;29;;85;29;;85;0;;85;48.9;;85;0;;85;16.8446;;85;48.2593;;73.5329
1942;29;;85;29;;85;0;;85;48.9;;85;0.1783;;85;13.3143;;85;48.2788;;74.0483
1943;29;;85;29;;85;0;;85;48.3125;;85;2.1565;;85;9.7841;;85;48.6193;;74.5004
1944;29;;85;29;;85;0;;85;45.925;;85;5.7565;;85;6.3182;;85;48.7296;;74.889
1945;29;;85;29;;85;0;;85;43.0625;;85;8.1854;;85;2.9312;;85;48.618;;75.214
1946;29;;85;29;;85;0;;85;42;;85;9.9144;;85;0.6225;;85;48.7383;;75.4747
1947;29;;85;29;;85;0;;85;42;;85;12.8146;;85;0;;85;48.8279;;75.6687
1948;29;;85;29;;85;0;;85;42;;85;15.7435;;85;0;;85;48.7993;;75.8024
1949;29;;85;29;;85;0;;85;42;;85;17.2345;;85;0;;85;48.8619;;75.9084
1950;29;;85;29;;85;1.556;;85;42;;85;19.243;;85;0;;85;48.9;;76.0125
1951;29;;85;29;;85;4.8356;;85;42;;85;22.6896;;85;0;;85;48.9;;76.1156
1952;29;;85;29;;85;8.3585;;85;42;;85;24.2673;;85;0;;85;48.9;;76.2024
1953;29;;85;29;;85;10.2419;;85;42;;85;24.9074;;85;0;;85;48.9;;76.2688
1954;29;;85;29;;85;10.329;;85;42;;85;27.0721;;85;0;;85;48.9;;76.3124
1955;29;;85;29;;85;12.1322;;85;42;;85;28.4576;;85;0;;85;48.9;;76.332
1956;29;;85;29;;85;15.7322;;85;42;;85;28.3737;;85;0;;85;48.9;;76.3296
1957;29;;85;29;;85;19.3322;;85;42;;85;28.5192;;85;0;;85;48.9;;76.2792
1958;29;;85;29;;85;21.508;;85;42;;85;28.9158;;85;0;;85;48.9;;76.1429
1959;29;;85;29;;85;21.5681;;85;40.4091;;85;29;;85;0;;85;48.9;;75.8922
1960;29;;85;29;;85;22.131;;85;37.053;;85;29;;85;0;;85;48.9;;75.5177
1961;29;;85;29;;85;24.3051;;85;33.5228;;85;29;;85;1.1355;;85;48.9;;75.0512
1962;29;;85;29;;85;26.9191;;85;29.9925;;85;29;;85;4.0711;;85;48.9;;74.5409
1963;29;;85;29;;85;28.6187;;85;26.4623;;85;29;;85;7.2886;;85;48.9;;73.9947
1964;29;;85;29;;85;29;;85;22.932;;85;29;;85;9.1441;;85;48.9;;73.4041
1965;29;;85;29;;85;29;;85;19.4017;;85;29;;85;11.3108;;85;48.9;;72.7588
1966;29;;85;29;;85;29;;85;15.8715;;85;29;;85;14.8394;;85;48.9;;72.0542
1967;29;;85;29;;85;29;;85;12.3412;;85;29;;85;16.7719;;85;48.9;;71.3379
1968;29;;85;29;;85;29;;85;8.8183;;85;29;;85;18.2458;;85;48.9;;70.678
1969;29;;85;29;;85;29;;85;5.3742;;85;28.8261;;85;20.4585;;85;48.9;;70.1048
1970;29;;85;29;;85;29;;85;2.0016;;85;28.5352;;85;21.5841;;85;48.9;;69.6237
1971;29;;85;29;;85;29;;85;0.1577;;85;28.6336;;85;23.1596;;85;48.9;;69.2133
1972;29;;85;29;;85;29;;85;0;;85;28.9245;;85;25.7648;;85;48.9;;68.8524
1973;29;;85;29;;85;29;;85;0;;85;29;;85;26.6146;;85;48.9;;68.5407
1974;29;;85;29;;85;29;;85;0;;85;29;;85;26.8442;;85;48.9;;68.2906
1975;29;;85;29;;85;29;;85;0;;85;29;;85;28.2539;;85;48.9;;68.1174
1976;29;;85;29;;85;29;;85;0;;85;29;;85;28.7337;;85;48.9;;68.0189
1977;29;;85;29;;85;29;;85;0;;85;29;;85;28.2111;;85;48.9;;67.9923
1978;29;;85;29;;85;29;;85;0;;85;29;;85;28.0679;;85;48.9;;68.05
1979;29;;85;29;;85;29;;85;0;;85;29;;85;28.3359;;85;48.9;;68.1974
1980;29;;85;29;;85;29;;85;0;;85;29;;85;28.652;;85;48.9;;68.4293
1981;29;;85;29;;85;29;;85;0;;85;29;;85;28.9067;;85;47.5369;;68.7333
1982;29;;85;29;;85;29;;85;0;;85;29;;85;29;;85;44.3824;;69.096
1983;29;;85;29;;85;29;;85;0;;85;29;;85;29;;85;42.2956;;69.5184
1984;29;;85;29;;85;29;;85;0;;85;29;;85;29;;85;42;;70.0027
1985;29;;85;29;;85;29;;85;0;;85;29;;85;29;;85;42;;70.5496
1986;29;;85;29;;85;29;;85;1.5028;;85;29;;85;29;;85;42;;71.1594
1987;29;;85;29;;85;29;;85;4.6168;;85;29;;85;29;;85;42;;71.8284
1988;29;;85;29;;85;29;;85;8.0187;;85;29;;85;29;;85;42;;72.5303
1989;29;;85;29;;85;29;;85;10.6799;;85;29;;85;28.8533;;85;42;;73.237
1990;29;;85;29;;85;29;;85;11.563;;85;29;;85;28.6288;;85;42;;73.9429
1991;29;;85;29;;85;29;;85;12.3884;;85;29;;85;28.7353;;85;42;;74.6713
1992;29;;85;29;;85;29;;85;14.8315;;85;29;;85;28.9597;;85;42;;75.4464
1993;29;;85;29;;85;29;;85;18.0464;;85;29;;85;29;;85;42;;76.2687
1994;29;;85;29;;85;29;;85;21.0004;;85;29;;85;29;;85;42;;77.1484
1995;29;;85;29;;85;29;;85;22.4822;;85;29;;85;29;;85;42;;78.1109
1996;29;;85;29;;85;29;;85;22.2563;;85;29;;85;29;;85;41.4136;;79.1733
1997;29;;85;29;;85;29;;85;22.4113;;85;29;;85;29;;85;39.0621;;80.341
1998;29;;85;29.5872;;85;29;;85;23.6831;;85;29;;85;29;;85;35.5318;;81.6209
1999;29;;85;29.7285;;85;29;;85;25.2668;;85;29;;85;29;;85;32.0016;;83.0062
2000;29;;85;29.9114;;85;29;;85;26.8528;;85;29;;85;29;;85;28.4713;;84.3156
2001;28.6644;;85;32.1754;;85;29;;85;28.2505;;85;29;;85;29;;85;24.9411;;84.9542
2002;27.7959;;85;35.3631;;85;29;;85;28.9337;;85;29;;85;29;;85;21.4108;;85
2003;28.0274;;85;38.3893;;85;29;;85;29;;85;29;;85;29;;85;17.8805;;85
2004;30.4715;;85;41.2622;;85;29;;85;29;;85;29;;85;29;;85;14.3503;;85
2005;33.7458;;85;43.9894;;85;29;;85;29;;85;29;;85;29;;85;10.82;;85
2006;36.8542;;85;45.6747;;85;29;;85;29;;85;29;;85;29;;85;7.331;;85
2007;39.8051;;85;45.8084;;85;29;;85;29;;85;29;;85;29;;85;3.9209;;85
2008;42.6064;;85;46.2457;;85;29;;85;29;;85;29;;85;29;;85;1.1173;;85
2009;44.9417;;85;47.4533;;85;29;;85;29;;85;29;;85;29;;85;0;;85
2010;45.5938;;85;48;;85;29;;85;29;;85;29;;85;29;;85;0;;85
2011;45.2789;;85;48;;85;29;;85;29;;85;29;;85;29;;85;0;;85
2012;46.4371;;85;48;;85;29;;85;29;;85;29;;85;29;;85;0;;85
2013;47.7956;;85;48;;85;29;;85;29;;85;29;;85;29;;85;0;;85
2014;48;;85;48;;85;29;;85;29;;85;29;;85;29;;85;0;;85
2015;48;;85;47.7824;;85;29;;85;29;;85;29;;85;29;;85;0;;85
2016;48;;85;45.8327;;85;29;;85;29;;85;29;;85;29;;85;0;;85
2017;48;;85;43.5504;;85;29;;85;29;;85;29;;85;29;;85;0;;85
2018;48;;85;43;;85;29;;85;29;;85;29;;85;29;;85;0;;85
2019;47.3727;;85;43;;85;29;;85;29;;85;29;;85;29;;85;0;;85
2020;44.9584;;85;43;;85;29;;85;29;;85;29;;85;29;;85;0;;85
2021;43.0856;;85;43;;85;29;;85;29;;85;29;;85;29;;85;0;;85
2022;43;;85;43;;85;29;;85;29;;85;29;;85;29;;85;0;;85
2023;43;;85;43;;85;29;;85;29;;85;28.6819;;85;29;;85;0.6073;;85
2024;43;;85;43.5716;;85;29;;85;29;;85;28.9009;;85;29;;85;2.9958;;85
2025;43;;85;45.4321;;85;29;;85;29;;85;30.4377;;85;29;;85;6.5624;;85
2026;43;;85;47.3605;;85;29;;85;29;;85;32.5292;;85;29;;85;8.601;;85
2027;43;;85;48;;85;29;;85;29;;85;34.7632;;85;29;;85;10.1545;;85
2028;44.2141;;85;48;;85;29;;85;29;;85;37.0945;;85;29;;85;13.141;;85
2029;46.6519;;85;48;;85;29;;85;29;;85;39.4782;;85;29;;85;15.5077;;85
2030;47.9377;;85;48;;85;29.2938;;85;29;;85;41.8449;;85;29;;85;16.7112;;85
2031;48;;85;48;;85;30.8184;;85;29;;85;44.1368;;85;29;;85;18.4841;;85
2032;48;;85;48;;85;33.2211;;85;29;;85;46.3166;;85;29;;85;20.6716;;85
2033;48;;85;48;;85;35.5039;;85;29;;85;47.6882;;85;29;;85;21.4503;;85
2034;48;;85;48;;85;37.2372;;85;29;;85;47.8929;;85;29;;85;21.9873;;85
2035;48;;85;48;;85;37.5795;;85;29;;85;47.864;;85;29;;85;23.5211;;85
2036;48;;85;48;;85;37.4352;;85;29;;85;47.9711;;85;29;;85;25.1249;;85
2037;48;;85;48;;85;38.5381;;85;29;;85;47.8884;;85;28.9896;;85;25.7731;;85
2038;48;;85;48;;85;40.529;;85;29;;85;47.6792;;85;28.6319;;85;25.6777;;85
2039;48;;85;48;;85;42.565;;85;29;;85;47.7131;;85;28.6424;;85;26.1398;;85
2040;48;;85;48;;85;44.5537;;85;29;;85;47.9223;;85;29;;85;27.0638;;85
2041;48;;85;48;;85;46.4341;;85;29;;85;46.7549;;85;29.0167;;85;28.0232;;85
2042;48;;85;48;;85;47.5668;;85;29;;85;44.2549;;85;29.617;;85;28.6174;;85
2043;48;;85;48;;85;47.5236;;85;29;;85;43;;85;30.9642;;85;28.2853;;85
2044;48;;85;48;;85;47.1839;;85;29;;85;42.994;;85;32.5491;;85;27.9032;;85
2045;48;;85;48;;85;47.5118;;85;29;;85;42.9914;;85;34.2284;;85;28.1797;;85
2046;48;;85;48;;85;47.9538;;85;29;;85;42.9975;;85;35.9898;;85;28.6186;;85
2047;48;;85;48;;85;48;;85;29;;85;43;;85;37.8362;;85;28.9249;;85
2048;48;;85;48;;85;47.3337;;85;29;;85;43;;85;39.7306;;85;29;;85
2049;48;;85;48;;85;45.0396;;85;29;;85;43.2008;;85;41.6235;;85;29;;85
2050;48;;85;48;;85;43.2059;;85;29;;85;44.3686;;85;42.8095;;85;29;;85
2051;48;;85;48;;85;43;;85;29;;85;46.4328;;85;43.2942;;85;28.7501;;85
2052;48;;85;48;;85;43;;85;29;;85;47.7649;;85;44.2033;;85;28.4465;;85
2053;48;;85;48;;85;43;;85;29;;85;48;;85;45.5706;;85;28.5924;;85
2054;48;;85;48;;85;43;;85;29;;85;48;;85;46.9368;;85;28.853;;85
2055;48;;85;48;;85;43;;85;29;;85;47.9782;;85;47.651;;85;28.8117;;85
2056;48;;85;48;;85;43;;85;29;;85;47.9414;;85;47.6834;;85;28.8304;;85
2057;48;;85;48;;85;43.257;;85;29;;85;47.9632;;85;47.835;;85;28.9757;;85
2058;48;;85;48;;85;43.4872;;85;29;;85;48;;85;47.875;;85;29;;85
2059;48;;85;48;;85;43.6415;;85;29;;85;48;;85;47.734;;85;29;;85
2060;48;;85;48;;85;44.8763;;85;29;;85;48;;85;46.4893;;85;29;;85
2061;48;;85;48;;85;46.8398;;85;29;;85;48;;85;44.1304;;85;29;;85
2062;48;;85;48;;85;47.8748;;85;29;;85;48;;85;43;;85;29;;85
2063;48;;85;47.0881;;85;48;;85;29;;85;48;;85;43;;85;29;;85
2064;48;;85;44.3763;;85;48;;85;29;;85;48;;85;43;;85;29;;85
2065;48;;85;40.7763;;85;48;;85;29;;85;48;;85;43;;85;29;;85
2066;48;;85;38.4881;;85;48;;85;29;;85;48;;85;43;;85;29;;85
2067;46.2967;;85;38;;85;48;;85;29.6366;;85;48;;85;43;;85;29;;85
2068;42.7933;;85;38;;85;48;;85;31.0558;;85;48;;85;43.2011;;85;29;;85
2069;39.4967;;85;38;;85;48;;85;32.6035;;85;48;;85;44.2104;;85;29;;85
2070;38;;85;38;;85;47.8651;;85;34.1202;;85;48;;85;45.9172;;85;29;;85
2071;38;;85;36.5158;;85;47.5771;;85;35.6217;;85;48;;85;47.4064;;85;29;;85
2072;38;;85;33.2317;;85;47.6769;;85;37.1136;;85;48;;85;47.9985;;85;29;;85
2073;38;;85;29.6317;;85;47.9649;;85;38.2057;;85;48;;85;48;;85;29;;85
2074;37.5135;;85;26.0317;;85;48;;85;38.3995;;85;48;;85;48;;85;29;;85
2075;35.227;;85;22.4317;;85;48;;85;38.4037;;85;48;;85;48;;85;29;;85
2076;31.627;;85;18.8317;;85;48;;85;39.2109;;85;48;;85;47.9619;;85;29;;85
2077;28.027;;85;15.2317;;85;48;;85;40.5362;;85;48;;85;47.9184;;85;29;;85
2078;24.427;;85;11.6317;;85;48;;85;41.8493;;85;48;;85;47.9564;;85;29;;85
2079;20.827;;85;8.0634;;85;48;;85;43.0761;;85;48;;85;48;;85;29;;85
2080;17.227;;85;4.5691;;85;48;;85;44.2348;;85;48;;85;48;;85;29;;85
2081;13.627;;85;1.4216;;85;48;;85;45.3544;;85;48;;85;48;;85;29;;85
2082;10.027;;85;0;;85;48;;85;46.4471;;85;48;;85;48;;85;29;;85
2083;6.4918;;85;0;;85;48;;85;47.478;;85;48;;85;48;;85;29;;85
2084;3.0305;;85;0;;85;48;;85;47.7774;;85;48;;85;48;;85;29;;85
2085;0.6523;;85;0;;85;48;;85;47.4059;;85;48;;85;48;;85;29;;85
2086;0;;85;0;;85;48;;85;45.945;;85;48;;85;48;;85;29;;85
2087;0;;85;0;;85;48;;85;43.8319;;85;48;;85;48;;85;29;;85
2088;0;;85;0;;85;48;;85;43;;85;47.4795;;85;48;;85;29;;85
2089;0;;85;0;;85;48;;85;43;;85;45.1591;;85;48;;85;29;;85
2090;0;;85;0;;85;48;;85;43;;85;41.5591;;85;48;;85;29;;85
2091;0;;85;0;;85;48;;85;43;;85;38.8795;;85;48;;85;29;;85
2092;0;;85;0;;85;48;;85;43;;85;38;;85;48;;85;28.8121;;85
2093;0;;85;0;;85;48;;85;43;;85;38;;85;48;;85;28.7425;;85
2094;0;;85;0;;85;48;;85;43.187;;85;38;;85;48;;85;28.9303;;85
2095;0;;85;0;;85;48;;85;43.8928;;85;38;;85;48;;85;29;;85
2096;0;;85;0;;85;47.1872;;85;44.6728;;85;36.9854;;85;48;;85;29;;85
2097;0;;85;0;;85;44.5744;;85;44.9026;;85;34.1708;;85;48;;85;29;;85
2098;0;;85;0;;85;40.9835;;85;45.1905;;85;30.5708;;85;48;;85;29;;85
2099;0;;85;0;;85;38.5963;;85;46.2285;;85;26.9708;;85;48;;85;29;;85
2100;0;;85;0;;85;38;;85;47.4736;;85;23.3708;;85;48;;85;29;;85
2101;0;;85;0;;85;38;;85;48;;85;19.7708;;85;48;;85;29;;85
2102;0;;85;0;;85;38;;85;48;;85;16.1708;;85;48;;85;29;;85
2103;0;;85;0;;85;38;;85;48;;85;12.5708;;85;48;;85;28.9175;;85
2104;0;;85;0;;85;36.533;;85;48;;85;8.9832;;85;48;;85;28.5583;;85
2105;0;;85;0;;85;33.2659;;85;48;;85;5.4696;;85;48;;85;28.3397;;85
2106;0;;85;0;;85;29.6659;;85;48;;85;2.0176;;85;48;;85;28.5245;;85
2107;0;;85;0;;85;26.0659;;85;48;;85;0.1458;;85;47.3776;;85;28.8137;;85
2108;0;;85;0;;85;22.4659;;85;47.9973;;85;0;;85;44.9551;;85;29.1723;;85
2109;0;;85;0;;85;18.8659;;85;47.903;;85;0;;85;41.3551;;85;29.6037;;85
2110;0;;85;0;;85;15.2659;;85;47.7681;;85;0;;85;38.7776;;85;30.1245;;85
2111;0;;85;0;;85;11.6659;;85;47.8624;;85;0;;85;38;;85;30.2933;;85
2112;0;;85;0;;85;8.0969;;85;48;;85;0;;85;38;;85;30.5132;;85
2113;0;;85;0;;85;4.602;;85;48;;85;0;;85;38;;85;31.4631;;85
2114;0;;85;0;;85;1.438;;85;48;;85;0;;85;38;;85;32.737;;85
2115;0;;85;0;;85;0;;85;48;;85;0;;85;36.9454;;85;34.0636;;85
2116;0;;85;0.3174;;85;0;;85;48;;85;0;;85;34.0908;;85;35.3986;;85
2117;0;;85;2.4349;;85;0;;85;48;;85;0;;85;30.4908;;85;36.7188;;85
2118;0;;85;6.0349;;85;0;;85;48;;85;0;;85;26.8908;;85;37.9772;;85
2119;0;;85;9.6349;;85;0;;85;48;;85;0;;85;23.2908;;85;39.15;;85
2120;1.1198;;85;13.2349;;85;0;;85;48;;85;0;;85;19.6908;;85;40.2564;;85
2121;4.0395;;85;15.991;;85;0;;85;48;;85;0;;85;16.0908;;85;41.3219;;85
2122;7.6395;;85;16.841;;85;0;;85;48;;85;0;;85;12.4908;;85;42.3566;;85
2123;11.2395;;85;17.437;;85;0;;85;48;;85;0;;85;8.9048;;85;43.368;;85
2124;14.8395;;85;19.9391;;85;0;;85;48;;85;0;;85;5.3929;;85;43.7256;;85
2125;16.6185;;85;23.5389;;85;0;;85;48;;85;0;;85;1.9409;;85;43.8389;;85
2126;16.3341;;85;27.1057;;85;0;;85;48;;85;0;;85;0.1075;;85;44.5404;;85
2127;17.604;;85;29.4582;;85;0;;85;48;;85;0;;85;0;;85;43.9905;;85
2128;20.9375;;85;29.867;;85;0;;85;48;;85;0;;85;0;;85;42.9345;;85
2129;24.5375;;85;30.5981;;85;0;;85;48;;85;0;;85;0;;85;42.9363;;85
2130;28.0266;;85;33.1169;;85;0;;85;48;;85;0;;85;0;;85;43;;85
2131;29.3999;;85;36.2571;;85;0;;85;48;;85;0;;85;0;;85;43;;85
2132;28.8485;;85;39.2383;;85;0;;85;48;;85;0;;85;0;;85;43;;85
2133;30.2969;;85;42.0683;;85;0;;85;47.6231;;85;0;;85;0;;85;43;;85
2134;33.5798;;85;44.7548;;85;0;;85;45.4463;;85;0;;85;0;;85;43;;85
2135;36.6964;;85;46.6459;;85;0;;85;41.85;;85;0;;85;0;;85;43.2767;;85
2136;39.6551;;85;47.5147;;85;0;;85;39.0268;;85;0;;85;0;;85;43.8723;;85
2137;42.4639;;85;48.6566;;85;0;;85;38;;85;0;;85;0;;85;44.4983;;85
2138;44.9788;;85;49.7563;;85;0;;85;38;;85;0;;85;0;;85;44.8045;;85
2139;46.2882;;85;48.7214;;85;0;;85;38;;85;0;;85;0;;85;45.2669;;85
2140;46.7719;;85;45.6428;;85;0;;85;38;;85;0;;85;0;;85;46.2869;;85
2141;48.2577;;85;42.0428;;85;0;;85;36.9689;;85;0;;85;0;;85;47.3933;;85
2142;49.711;;85;38.5686;;85;0;;85;34.1378;;85;1.6479;;85;0;;85;47.9714;;85
2143;48.8143;;85;36.4472;;85;0;;85;30.5378;;85;5.0958;;85;0;;85;48;;85
2144;45.8286;;85;36;;85;0;;85;26.9378;;85;7.8145;;85;0;;85;48;;85
2145;42.2286;;85;36;;85;0;;85;23.3378;;85;9.4791;;85;0;;85;48;;85
2146;38.6332;;85;36;;85;0;;85;19.7378;;85;12.0251;;85;0;;85;48;;85
2147;36.4189;;85;36;;85;0;;85;16.1378;;85;15.3063;;85;0;;85;48;;85
2148;36;;85;36;;85;0;;85;12.5378;;85;16.9725;;85;0;;85;48;;85
2149;36;;85;34.2852;;85;0.3003;;85;8.9508;;85;18.7701;;85;0;;85;47.9638;;85
2150;36;;85;30.8364;;85;2.3875;;85;5.4379;;85;22.1825;;85;0;;85;47.9638;;85
2151;36;;85;27.3682;;85;5.9051;;85;1.986;;85;24.2997;;85;0;;85;48;;85
2152;35.5491;;85;23.9;;85;8.9014;;85;0.13;;85;25.4495;;85;0;;85;48;;85
2153;33.3642;;85;20.4318;;85;10.173;;85;0;;85;27.8305;;85;0;;85;48;;85
2154;29.8959;;85;16.9636;;85;10.7095;;85;0;;85;30.9897;;85;0;;85;48;;85
2155;26.4277;;85;13.4953;;85;13.0398;;85;0;;85;32.8005;;85;0;;85;48;;85
2156;22.9595;;85;10.0271;;85;16.6398;;85;0;;85;33.8661;;85;0;;85;48;;85
2157;19.4913;;85;6.6097;;85;20.2398;;85;0;;85;36.1615;;85;0;;85;48;;85
2158;16.0231;;85;3.2807;;85;21.9304;;85;0;;85;38.5726;;85;0;;85;48;;85
2159;12.5549;;85;0.8176;;85;21.6997;;85;0;;85;40.0497;;85;0;;85;48;;85
2160;9.0867;;85;0;;85;23.11;;85;0;;85;41.7992;;85;0;;85;47.9973;;85
2161;5.6932;;85;0;;85;26.2272;;85;0;;85;44.3714;;85;1.6879;;85;47.8329;;85
2162;2.3883;;85;0;;85;29.3711;;85;0;;85;46.9415;;85;5.1758;;85;47.8356;;85
2163;0.3714;;85;0;;85;32.4115;;85;0;;85;48.6126;;85;7.8563;;85;48;;85
2164;0;;85;0;;85;35.3153;;85;0;;85;49.5121;;85;9.5759;;85;48;;85
2165;0;;85;0;;85;37.2851;;85;0;;85;49.1339;;85;12.215;;85;48;;85
2166;0;;85;0;;85;37.9669;;85;0;;85;46.4756;;85;15.453;;85;48;;85
2167;0;;85;0;;85;39.0233;;85;0;;85;42.8756;;85;17.1409;;85;48;;85
2168;0;;85;0;;85;41.329;;85;0;;85;39.2756;;85;19.0837;;85;48;;85
2169;0;;85;0;;85;44.0392;;85;0;;85;36.7378;;85;21.1232;;85;48;;85
2170;0;;85;0;;85;46.6257;;85;0;;85;36;;85;22.3841;;85;48;;85
2171;0;;85;0;;85;48.8863;;85;0;;85;36;;85;24.8331;;85;48;;85
2172;0;;85;0;;85;49.9437;;85;0;;85;36;;85;27.3191;;85;48;;85
2173;0;;85;0;;85;49.3993;;85;0;;85;36;;85;28.479;;85;48;;85
2174;0;;85;0;;85;46.9986;;85;0;;85;35.8608;;85;29.88;;85;46.836;;85
2175;0;;85;0;;85;43.3986;;85;0;;85;33.9876;;85;32.414;;85;43.872;;85
2176;0;;85;0;;85;39.7986;;85;0;;85;30.5194;;85;33.9874;;85;40.2854;;85
2177;0;;85;0;;85;36.9993;;85;0;;85;27.0511;;85;35.0974;;85;38.2494;;85
2178;0;;85;0;;85;36;;85;0;;85;23.5829;;85;37.3012;;85;38;;85
2179;0;;85;0.9057;;85;36;;85;0;;85;20.1147;;85;40.0249;;85;38;;85
2180;0;;85;3.6114;;85;36;;85;0;;85;16.6465;;85;42.3614;;85;38;;85
2181;0;;85;7.2114;;85;36;;85;0;;85;13.1783;;85;43.9143;;85;37.9817;;85
2182;0;;85;10.0057;;85;36;;85;0;;85;9.7101;;85;45.7096;;85;36.1635;;85
2183;1.3938;;85;11;;85;34.3786;;85;0;;85;6.3007;;85;48.1106;;85;32.5635;;85
2184;4.5876;;85;11;;85;31.0232;;85;0;;85;2.9799;;85;49.6594;;85;28.9635;;85
2185;8.1876;;85;11;;85;27.555;;85;0;;85;0.6672;;85;48.2449;;85;25.3635;;85
2186;10.4938;;85;11;;85;24.0868;;85;0;;85;0;;85;44.7017;;85;21.7635;;85
2187;11;;85;11;;85;20.6185;;85;1.5077;;85;0;;85;41.1017;;85;18.1635;;85
2188;11;;85;11;;85;17.1503;;85;4.612;;85;0;;85;37.7125;;85;14.5635;;85
2189;11;;85;11;;85;13.6821;;85;7.9981;;85;0;;85;36.0616;;85;10.9635;;85
2190;11;;85;11;;85;10.2139;;85;10.5957;;85;0;;85;36;;85;7.4089;;85
2191;11;;85;11;;85;6.7917;;85;11.4101;;85;0;;85;36;;85;3.9284;;85
2192;11;;85;11;;85;3.458;;85;12.2876;;85;0;;85;36;;85;1.1012;;85
2193;11;;85;11;;85;0.9062;;85;14.8187;;85;0;;85;36;;85;0;;85
2194;11;;85;11;;85;0;;85;18.1499;;85;0;;85;35.2171;;85;0;;85
2195;11;;85;11;;85;0;;85;21.2793;;85;0;;85;32.7002;;85;0;;85
2196;11;;85;11;;85;0;;85;22.9986;;85;0;;85;29.232;;85;0;;85
2197;11;;85;11;;85;0;;85;23.1474;;85;0;;85;25.7638;;85;0;;85
2198;11;;85;11;;85;0;;85;23.8218;;85;0;;85;22.2955;;85;0;;85
2199;11;;85;11;;85;0;;85;25.7004;;85;0;;85;18.8273;;85;0;;85
2200;11;;85;11;;85;0;;85;27.929;;85;0;;85;15.3591;;85;0;;85
2201;11;;85;11;;85;0;;85;30.196;;85;0;;85;11.8909;;85;0;;85
2202;11;;85;11;;85;0;;85;32.45;;85;0;;85;8.4259;;85;0;;85
2203;11;;85;11;;85;0;;85;34.7054;;85;0;;85;5.0494;;85;0;;85
2204;11;;85;11;;85;0;;85;36.9696;;85;0;;85;1.7582;;85;0;;85
2205;11;;85;11;;85;0;;85;38.4771;;85;1.0703;;85;0.0563;;85;0;;85
2206;11;;85;11;;85;0;;85;39.1688;;85;3.9405;;85;0;;85;0;;85
2207;11;;85;11;;85;0;;85;40.4903;;85;7.2182;;85;0;;85;0;;85
2208;11;;85;11;;85;0;;85;42.6725;;85;9.0551;;85;0;;85;0;;85
2209;11;;85;11;;85;0;;85;45.0118;;85;10.2072;;85;0;;85;0;;85
2210;11;;85;11;;85;0;;85;47.3063;;85;11;;85;0;;85;0;;85
2211;11;;85;11;;85;0;;85;48.9498;;85;11;;85;0;;85;0;;85
2212;11;;85;11;;85;0;;85;47.6604;;85;11;;85;0;;85;0;;85
2213;11;;85;11;;85;0.8088;;85;44.0604;;85;11;;85;0;;85;0;;85
2214;11;;85;10.6738;;85;3.3538;;85;40.4604;;85;11;;85;0;;85;0;;85
2215;11;;85;8.5537;;85;6.8765;;85;37.3302;;85;11;;85;0;;85;0;;85
2216;11;;85;5.0505;;85;9.4496;;85;36;;85;11;;85;0;;85;0;;85
2217;11;;85;1.6705;;85;10.329;;85;36;;85;11;;85;0;;85;0;;85
2218;10.1857;;85;0;;85;10.7109;;85;36;;85;11;;85;0;;85;0;;85
2219;7.6021;;85;0;;85;11;;85;36;;85;11;;85;0;;85;0;;85
2220;4.1235;;85;0;;85;11;;85;36;;85;11;;85;0;;85;0;;85
2221;1.207;;85;0;;85;11;;85;34.7558;;85;11;;85;0;;85;0;;85
2222;0;;85;0;;85;11;;85;31.7774;;85;11;;85;0;;85;0;;85
2223;0;;85;0;;85;11;;85;28.3092;;85;11;;85;0;;85;0;;85
2224;0;;85;0;;85;11;;85;24.841;;85;11;;85;0;;85;0;;85
2225;0;;85;0;;85;11;;85;21.3728;;85;11;;85;1.7384;;85;0;;85
2226;0;;85;0;;85;11;;85;17.9046;;85;11;;85;5.2768;;85;0;;85
2227;0;;85;0;;85;11;;85;14.4364;;85;11;;85;7.9267;;85;0.6516;;85
2228;0;;85;0;;85;11;;85;10.9682;;85;11;;85;9.5964;;85;3.0773;;85
2229;0;;85;0;;85;11;;85;7.5267;;85;11;;85;10.7081;;85;6.6359;;85
2230;0;;85;0;;85;11;;85;4.1737;;85;11;;85;11;;85;8.5979;;85
2231;0;;85;0;;85;11;;85;1.2641;;85;11;;85;11;;85;10.0288;;85
2232;0;;85;0;;85;11;;85;0;;85;11;;85;11;;85;13.005;;85
2233;0;;85;0;;85;11;;85;0;;85;11;;85;10.9956;;85;15.4136;;85
2234;0;;85;0;;85;11;;85;0;;85;11;;85;10.9698;;85;16.7173;;85
2235;0;;85;0;;85;11;;85;0;;85;11;;85;10.9742;;85;18.6978;;85
2236;0;;85;0;;85;11;;84.9927;0;;85;11;;85;11;;85;21.0902;;85
2237;0;;85;0.0409;;85;11;;84.9688;0;;85;11;;85;11;;85;22.1875;;85
2238;0;;85;1.8819;;85;11;;84.936;0;;85;11;;85;11;;85;23.1873;;85
2239;0;;85;5.4819;;85;11;;84.9039;0;;85;11;;85;11;;85;25.1776;;85
2240;0;;85;9.0819;;85;11;;84.8723;0;;85;10.5975;;85;11;;85;26.4462;;85
2241;0.529;;85;12.6819;;85;11;;84.8463;0;;85;8.5871;;85;11;;85;27.1247;;85
2242;2.8581;;85;15.6767;;85;11;;84.8394;0;;85;5.435;;85;11;;85;28.5257;;85
2243;6.4581;;85;16.5977;;85;11;;84.8347;0;;85;2.392;;85;11;;85;30.486;;85
2244;10.0581;;85;16.6185;;85;11;;84.8116;0;;85;0.4465;;85;11;;85;32.5688;;85
2245;13.6581;;85;18.7132;;85;11;;84.7992;0;;85;0;;85;11;;85;34.0146;;85
2246;15.9949;;85;22.3132;;85;11;;84.8083;0;;85;0;;85;11;;85;35.1257;;85
2247;16.1409;;85;25.9001;;85;11;;84.8217;0;;85;0;;85;11;;85;36.9277;;85
2248;16.5291;;85;28.5436;;85;10.8245;;84.8349;0;;85;0;;85;11;;85;39.1523;;85
2249;19.1082;;85;29.0722;;85;8.9797;;84.8479;0;;85;0;;85;11;;85;41.4288;;85
2250;22.7082;;85;29.2508;;85;5.7126;;84.8607;0;;85;0;;85;11;;85;43.0685;;85
2251;26.2879;;85;31.4134;;85;2.5168;;84.8759;0.3759;;85;0;;85;11;;85;44.3473;;85
2252;28.3056;;85;34.6413;;85;0.4595;;84.9156;2.4246;;85;0;;85;11;;85;46.0949;;85
2253;28.1141;;85;37.7055;;85;0;;84.9732;5.7325;;85;0;;85;11;;85;46.9768;;85
2254;28.7113;;85;40.6137;;85;0;;85;8.6029;;85;0;;85;11;;85;45.0832;;85
2255;31.3939;;85;43.3738;;85;0;;85;9.9583;;85;0;;85;11;;85;41.4832;;85
2256;34.6218;;85;45.9774;;85;0;;85;10.431;;85;0;;85;11;;85;37.9642;;85
2257;37.6862;;85;47.232;;85;0;;85;10.8917;;85;0;;85;11;;85;36.1226;;85
2258;40.5952;;85;46.5317;;85;0;;85;11;;85;0;;85;11;;85;36;;85
2259;43.3567;;85;46.0366;;85;0;;85;11;;85;0;;85;11;;85;36;;85
2260;45.3491;;85;47.1184;;85;0;;85;11;;85;0;;85;10.0007;;85;36;;85
2261;45.2316;;85;48;;85;0;;85;11;;85;0;;85;7.3936;;85;36;;85
2262;44.3205;;85;48;;85;0;;85;11;;85;0;;85;4.2821;;85;35.2702;;85
2263;45.4644;;85;48;;85;0;;85;11;;85;0;;85;1.3892;;85;32.8063;;85
2264;47.3772;;85;48;;85;0;;85;11;;85;1.2637;;85;0;;85;29.3381;;85
2265;48;;85;48;;85;0;;85;11;;85;4.3275;;85;0;;85;25.8699;;85
2266;48;;85;48;;85;0;;85;11;;85;7.326;;85;0;;85;22.4017;;85
2267;48;;85;48;;85;0;;85;11;;85;8.8452;;85;0;;85;18.9334;;85
2268;48;;85;48;;85;0;;85;11;;85;10.9409;;85;0;;85;15.4652;;85
2269;48;;85;48;;85;0;;85;11;;85;14.516;;85;0;;85;11.997;;85
2270;48;;85;48;;85;0;;85;11;;85;16.2015;;85;0;;85;8.5293;;85
2271;48;;85;48;;85;0;;85;11;;85;17.4926;;85;0;;85;5.1501;;85
2272;48;;85;48;;85;1.2824;;85;11;;85;20.6971;;85;0;;85;1.8589;;85
2273;48;;85;48;;85;4.238;;85;11;;85;23.1938;;85;0;;85;0.1067;;85
2274;48;;85;48;;85;7.7111;;85;11;;85;24.3208;;85;0;;85;0;;85
2275;48;;85;48;;85;9.5911;;85;11;;85;26.1387;;85;0;;85;0;;85
2276;48;;85;48;;85;9.4567;;85;11;;85;29.0201;;85;0;;85;0;;85
2277;48;;85;48;;85;10.6609;;85;11;;85;31.688;;85;0;;85;0;;85
2278;48;;85;48;;85;13.8724;;85;11;;85;32.6145;;85;0;;85;0;;85
2279;48;;85;48;;85;17.4656;;85;11;;85;33.0802;;85;0;;85;0;;85
2280;48;;85;48;;85;20.9665;;85;11;;85;34.7283;;85;0;;85;0;;85
2281;48;;85;48;;85;22.4578;;85;11;;85;36.5833;;85;0;;85;0;;85
2282;48;;85;48;;85;22.1232;;85;11;;85;38.3642;;85;0;;85;0;;85
2283;48;;85;48;;85;23.5407;;85;11;;85;40.0084;;85;0.1316;;85;0;;85
2284;48;;85;47.0163;;85;26.5692;;85;11;;85;41.5201;;85;2.0633;;85;0;;85
2285;48;;85;44.2326;;85;29.4473;;85;11;;85;42.6756;;85;5.6633;;85;0;;85
2286;48;;85;40.6326;;85;32.0907;;85;11;;85;42.6109;;85;7.9211;;85;0;;85
2287;48;;85;38.4163;;85;34.4494;;85;9.8998;;85;42.4101;;85;9.3349;;85;0;;85
2288;47.3159;;85;38;;85;36.5197;;85;7.0448;;85;43.2365;;85;12.0908;;85;0;;85
2289;44.8317;;85;38;;85;38.0471;;85;3.5805;;85;44.3803;;85;15.0368;;85;0;;85
2290;41.2392;;85;38;;85;38.0235;;85;0.9356;;85;45.6455;;85;16.4741;;85;0;;85
2291;38.7233;;85;38.0433;;85;37.0311;;85;0;;85;46.9797;;85;18.4747;;85;0;;85
2292;38;;85;38.2414;;85;37.1893;;85;0;;85;47.5465;;85;21.1587;;85;0;;85
2293;38;;85;38.0282;;85;38.3145;;85;0;;85;47.3838;;85;22.4404;;85;1.6833;;85
2294;38;;85;38.3223;;85;39.4503;;85;0;;85;47.5813;;85;24.1539;;85;5.1321;;85
2295;38.0671;;85;40.4056;;85;40.5968;;85;0;;85;47.7397;;85;26.9499;;85;7.8132;;85
2296;39.5771;;85;43.1762;;85;41.751;;85;0;;85;47.6693;;85;28.1198;;85;9.4136;;85
2297;42.3897;;85;45.7901;;85;42.9457;;85;0;;85;47.8446;;85;28.6743;;85;10.5492;;85
2298;45.0597;;85;47.4773;;85;44.1955;;85;0;;85;48;;85;30.4894;;85;11;;85
2299;47.13;;85;47.9;;85;45.4879;;85;0;;85;48;;85;32.4939;;85;11;;85
2300;47.9;;85;47.9;;85;46.8176;;85;0;;85;48;;85;33.6406;;85;11;;85
2301;47.9;;85;47.9;;85;47.3675;;85;0;;85;48;;85;33.6943;;85;10.9984;;85
2302;47.9;;85;47.9;;85;46.873;;85;0;;85;48;;85;34.0801;;85;10.9848;;85
2303;47.9;;85;47.9;;85;46.6226;;85;0;;85;48;;85;35.1702;;85;10.9864;;85
2304;47.9;;85;47.9;;85;47.2393;;85;0;;85;48;;85;36.3084;;85;11;;85
2305;47.9;;85;47.9;;85;47.8677;;85;0;;85;48;;85;37.4325;;85;11;;85
2306;47.9;;85;47.9;;85;48;;85;0;;85;48;;85;38.5343;;85;11;;85
2307;47.9;;85;48.6142;;85;48;;85;0;;85;48;;85;39.5945;;85;11;;85
2308;47.9;;85;50.4875;;85;48;;85;0;;85;48;;85;40.6258;;85;11;;85
2309;47.9;;85;52.506;;85;48;;85;0;;85;48;;85;41.6797;;85;11;;85
2310;48.1997;;85;53.5518;;85;48;;85;0.6013;;85;48;;85;42.7809;;85;11;;85
2311;49.6797;;85;53.993;;85;48;;85;2.6932;;85;48;;85;43.319;;85;11;;85
2312;51.9801;;85;54.5005;;85;48;;85;5.7335;;85;47.1786;;85;43.2115;;85;11;;85
2313;53.9727;;85;54.8204;;85;48;;85;9.0817;;85;44.5571;;85;43.5755;;85;11;;85
2314;54.9224;;85;54.8877;;85;48;;85;11.5512;;85;40.9663;;85;44.5857;;85;11;;85
2315;55;;85;54.8877;;85;48;;85;12.0304;;85;38.5877;;85;45.7573;;85;11;;85
2316;55;;85;54.8877;;85;48;;85;12.7051;;85;38;;85;46.9408;;85;11;;85
2317;55;;85;54.8877;;85;48;;85;15.1173;;85;38;;85;47.3547;;84.9961;11;;85
2318;55;;85;54.8877;;85;48;;85;18.2258;;85;38;;85;47.5481;;84.96;11;;85
2319;55;;85;54.8877;;85;48;;85;21.1642;;85;38.0315;;85;47.9495;;84.8792;11;;85
2320;55;;85;54.8877;;85;48;;85;22.7606;;85;37.9649;;85;48;;84.7821;11;;85
2321;55;;85;54.8877;;85;46.6746;;85;22.7938;;85;38.0789;;85;48;;84.6854;11;;85
2322;55;;85;54.5435;;85;43.5492;;85;23.2527;;85;39.1238;;85;48;;84.589;11;;85
2323;55;;85;52.5724;;85;40.054;;85;24.8442;;85;40.9434;;85;48;;84.4972;11;;85
2324;54.9997;;85;49.4749;;85;38.1617;;85;26.7416;;85;42.9972;;85;48;;84.4238;11;;85
2325;54.9335;;85;48.0021;;85;37.9823;;85;28.5734;;85;45.1937;;85;48;;84.3555;11;;85
2326;53.3097;;85;48;;85;38;;85;30.2459;;85;47.1116;;85;48;;84.2679;11;;85
2327;49.9555;;85;47.9292;;85;38;;85;31.7386;;85;47.9;;85;48;;84.1881;11;;85
2328;48.0796;;85;47.5687;;85;37.8813;;85;33.0544;;85;47.9;;85;48;;84.1318;10.0621;;85
2329;48;;85;47.3247;;85;37.4108;;85;34.2114;;85;47.9;;85;48;;84.081;7.5371;;85
2330;48;;85;48.5361;;85;37.0538;;85;35.2269;;85;47.9;;85;48;;84.0304;4.4592;;85
2331;49.0699;;85;50.8515;;85;37.9339;;85;36.1218;;85;47.9;;85;48;;83.9798;1.4848;;85
2332;51.2785;;85;53.0925;;85;39.876;;85;36.9195;;85;47.9;;85;48;;83.9295;0.0007;;85
2333;53.498;;85;55.2199;;85;42.0515;;85;37.6412;;85;47.9;;85;47.5083;;83.8804;0;;85
2334;55.6048;;85;56.9585;;85;44.3085;;85;38.2984;;85;47.9;;85;45.2166;;83.8518;0;;85
2335;57.1654;;85;57.6806;;85;46.5371;;85;38.5799;;85;48.477;;85;41.6217;;83.8687;0;;85
2336;57.7;;85;57.7;;85;47.7636;;85;37.9537;;85;49.9028;;85;38.9134;;83.9148;0;;85
2337;57.7;;85;57.7;;85;47.9;;85;37.0819;;85;51.6236;;85;38;;83.9637;0;;85
2338;57.7;;85;57.7;;85;47.9;;85;37.0984;;85;53.3829;;85;38;;84.0125;0;;85
2339;57.7;;85;57.7;;85;47.9;;85;37.7612;;85;54.6352;;85;38;;84.0612;0;;85
2340;57.7;;85;57.7;;85;47.9;;85;38.5418;;85;55;;85;38;;84.118;0;;85
2341;57.7;;85;57.5269;;85;47.9;;85;39.3982;;85;55;;85;37.9496;;84.1966;0;;85
2342;57.7;;85;57.0483;;85;47.9;;85;40.3209;;85;55;;85;37.8839;;84.3031;0;;85
2343;57.7;;85;56.4759;;85;47.9;;85;41.312;;85;55;;85;38.4694;;84.4395;0;;85
2344;57.7;;85;55.9792;;85;48.51;;85;42.3688;;85;55;;85;39.8365;;84.606;0;;85
2345;57.7;;85;55.5575;;85;50.0447;;85;43.4899;;85;55;;85;41.4521;;84.8005;0;;85
2346;57.7;;85;55.1892;;85;51.9366;;85;44.6901;;85;55;;85;43.2146;;84.9522;0;;85
2347;57.7;;85;54.8634;;85;53.8058;;85;45.9875;;85;55;;85;45.0882;;85;0;;85
2348;57.7;;85;54.5662;;85;54.8538;;85;47.2814;;85;55;;85;46.9715;;85;0;;85
2349;57.7;;85;54.2722;;85;55;;85;47.9504;;85;55;;85;47.8972;;85;0;;85
2350;57.7;;85;53.9554;;85;55;;85;48;;85;54.5788;;85;47.9;;85;0;;85
2351;57.7;;85;53.5667;;85;55;;85;48;;85;52.5263;;85;47.9;;85;0;;85
2352;57.4243;;85;53.0856;;85;55;;85;48;;85;49.4474;;85;47.9;;85;1.7992;;85
2353;56.6769;;85;52.5137;;85;55;;85;48;;85;48;;85;47.9;;85;5.3984;;85
2354;55.7;;85;52.1023;;85;55;;85;48;;85;48;;85;47.9;;85;7.7988;;85
2355;54.6499;;85;52;;85;55;;85;48;;85;47.9402;;85;47.9;;85;9.0753;;85
2356;53.5372;;85;52;;85;55;;85;48;;85;47.8611;;85;48.207;;85;9.7392;;85
2357;52.4846;;85;52.0101;;85;55;;85;48;;85;48.3293;;85;49.2977;;85;11.3344;;85
2358;52;;85;53.1109;;85;55;;85;48;;85;49.4016;;85;50.889;;85;13.3184;;85
2359;52;;85;55.237;;85;54.5681;;85;48;;85;50.5875;;85;52.5165;;85;14.5027;;85
2360;52.6331;;85;57.1362;;85;52.5026;;85;48;;85;51.8217;;85;53.8517;;85;16.33;;85
2361;54.3253;;85;58;;85;49.4345;;85;48;;85;53.1208;;85;54.6836;;85;17.4595;;85
2362;56.3731;;85;58;;85;48;;85;46.8612;;85;54.4797;;85;55;;85;18.7137;;85
2363;57.6809;;85;58;;85;48;;85;43.9223;;85;55.5999;;85;55;;85;21.0636;;85
2364;58;;85;58;;85;47.9235;;85;40.3354;;85;55.7734;;85;55;;85;22.2807;;85
2365;58;;85;58;;85;47.5959;;85;37.9387;;85;55.2572;;85;55;;85;22.8582;;85
2366;58;;85;58;;85;47.2641;;85;36.9201;;85;54.7596;;85;55;;85;24.3292;;85
2367;58;;85;58;;85;47.6254;;85;36.704;;85;54.311;;85;55;;85;25.6554;;85
2368;58;;85;58;;85;48.5941;;85;37.3104;;85;53.9073;;85;55;;85;25.9671;;85
2369;58;;85;58;;85;48.9131;;85;37.9437;;85;53.5493;;85;55;;85;26.3392;;85
2370;58;;85;58;;85;48.432;;85;38.6393;;85;53.2374;;85;55;;85;27.3745;;85
2371;58;;85;58;;85;48.8906;;85;39.6914;;85;52.9703;;85;55;;85;28.4592;;85
2372;58;;85;58;;85;50.4635;;85;40.9223;;85;52.7652;;85;53.5172;;85;29.4802;;85
2373;58;;85;58;;85;52.1388;;85;42.2961;;85;52.6346;;85;50.2533;;85;30.4059;;85
2374;58;;85;58;;85;53.7958;;85;43.7878;;85;52.5671;;85;48.2361;;85;31.2301;;85
2375;58;;85;58;;85;55.4307;;85;45.3682;;85;52.5438;;85;48;;85;31.967;;85
2376;58;;85;58;;85;56.9314;;85;46.9189;;85;52.5534;;85;48;;85;32.647;;85
2377;58;;85;58;;85;57.5287;;85;47.7808;;85;52.5812;;85;48.2418;;85;33.2947;;85
2378;58;;85;58;;85;57.1524;;85;47.9;;85;52.6083;;85;48.7173;;85;33.9126;;85
2379;58;;85;58;;85;56.6051;;85;47.9;;85;52.5969;;85;48.682;;85;33.6629;;85
2380;58;;85;58;;85;56.1049;;85;47.9;;85;52.5033;;85;48.6769;;85;33.0908;;85
2381;58;;85;58;;85;55.6688;;85;47.9;;85;52.3083;;85;49.37;;85;33.304;;85
2382;58;;85;58;;85;55.3136;;85;47.9;;85;52.0888;;85;50.2902;;85;33.8363;;85
2383;58;;85;58;;85;55.0296;;85;47.9;;85;51.9976;;85;51.305;;85;34.4706;;85
2384;58;;85;58;;85;54.7935;;85;47.9;;85;51.937;;85;52.3703;;85;35.1773;;85
2385;58;;85;58;;85;54.5936;;85;48.5307;;85;51.937;;85;53.4778;;85;35.9516;;85
2386;58;;85;58;;85;54.4137;;85;49.9635;;85;52.0337;;85;54.1949;;85;36.7893;;85
2387;58;;85;58;;85;54.2334;;85;51.6001;;85;52.4614;;85;54.1316;;85;37.6845;;85
2388;58;;85;58;;85;54.0131;;85;53.2806;;85;53.373;;85;53.7297;;85;38.6307;;85
2389;58;;85;58;;85;53.7083;;85;54.5633;;85;54.4809;;85;53.38;;85;39.6263;;85
2390;58;;85;58;;85;53.3053;;85;55;;84.9967;55.7265;;85;53.076;;85;40.676;;85
2391;58;;85;58;;85;52.8114;;85;55;;84.9892;57.0433;;85;52.8115;;85;41.793;;85
2392;58;;85;58;;85;52.2491;;85;55;;84.9812;57.8526;;85;52.5907;;85;42.9935;;85
2393;58;;85;58;;85;51.8557;;85;55;;84.9735;58;;85;52.4213;;85;43.5973;;85
2394;58;;85;58;;85;51.5906;;85;55;;84.9637;58;;85;52.319;;85;44.0804;;85
2395;58;;85;58;;85;51.7336;;85;55;;84.9389;58;;85;52.2884;;85;45.3055;;85
2396;58;;85;58;;85;52.3742;;85;55;;84.8992;58;;85;52.3151;;85;46.8322;;85
2397;58;;85;58;;85;53.0655;;85;55;;84.8491;58;;85;52.3847;;85;47.8179;;85
2398;58;;85;57.9382;;85;53.8417;;85;55;;84.7767;58;;85;52.4824;;85;48;;85
2399;58;;85;56.6289;;85;54.7257;;85;55;;84.675;58;;85;52.5909;;85;48;;85
2400;58;;85;53.8773;;85;55.7158;;85;54.2931;;84.5437;58;;85;52.6928;;85;48;;85
2401;57.2588;;85;50.6166;;85;56.782;;85;51.8949;;84.3783;58;;85;52.7435;;85;48;;85
2402;55.1301;;85;48.43;;85;57.6638;;85;49.1018;;84.153;58;;85;52.701;;85;48;;85
2403;52.0775;;85;48;;85;58;;85;48;;83.873;58;;85;52.5544;;85;48;;85
2404;49.2062;;85;48;;85;58;;85;48;;83.5797;58;;85;52.3128;;85;48;;85
2405;48;;85;48.0345;;85;58;;85;47.9088;;83.2894;58;;85;51.9985;;85;48;;85
2406;48;;85;47.2516;;85;58;;85;47.5819;;83.0013;58;;85;51.7282;;85;48;;85
2407;48.6079;;85;46.543;;85;58;;85;47.2748;;82.7188;58;;85;51.7963;;85;47.0579;;85
2408;50.3777;;85;47.879;;85;58;;85;47.4562;;82.456;58;;85;52.0771;;85;44.3158;;85
2409;52.6424;;85;50.2712;;85;58;;85;47.6983;;82.201;58;;85;52.5394;;85;40.7158;;85
2410;54.7923;;85;52.5419;;85;58;;85;47.4178;;81.9275;58;;85;53.3022;;85;38.4063;;85
2411;56.8331;;85;54.6973;;85;58;;85;47.3124;;81.6591;58;;85;54.2039;;85;37.7072;;85
2412;58.7704;;85;56.7433;;85;58;;85;48.0427;;81.4154;58;;85;55.2336;;85;37.309;;85
2413;60.6182;;85;58.6855;;85;58;;85;49.1704;;81.1807;58;;85;56.3721;;85;37.26;;85
2414;62.0113;;85;59.2839;;85;58;;85;50.3077;;80.947;58;;85;57.3352;;85;37.6571;;85
2415;62.5;;85;58.5452;;85;58;;85;51.4607;;80.7144;58;;85;57.8342;;85;38.1833;;85
2416;62.5;;85;59.0706;;85;58;;85;52.6191;;80.483;58;;85;57.982;;85;38.8248;;85
2417;62.5;;85;60.8872;;85;58;;85;53.7904;;80.2525;58;;85;58;;85;39.6051;;85
2418;62.5;;85;62.1436;;85;58;;85;54.6393;;80.0331;58;;85;58;;85;40.5372;;85
2419;62.5;;85;62.5;;85;58;;85;54.6961;;79.8532;58;;85;58;;85;41.6171;;85
2420;62.5;;85;62.5;;85;58;;85;54.3134;;79.7141;58;;85;58;;85;42.8316;;85
2421;62.5;;85;62.5;;85;58;;85;53.9747;;79.587;58;;85;58;;85;44.1535;;85
2422;62.5;;85;62.5;;85;58;;85;53.6938;;79.4604;58;;85;58;;85;45.5528;;85
2423;62.5;;85;62.5;;85;58;;85;53.485;;79.3344;58;;85;58;;85;47.0045;;85
2424;62.5;;85;62.5;;85;58;;85;53.3475;;79.2092;58;;85;58;;85;47.82;;85
2425;62.5;;85;62.0466;;85;58;;85;53.2638;;79.0974;58;;85;58;;85;47.9;;85
2426;62.4316;;85;60.6834;;85;58;;85;53.2217;;79.0105;57.6673;;85;58;;85;47.9;;85
2427;61.4618;;85;58.7203;;85;58;;85;53.2067;;78.9501;56.8238;;85;58;;85;47.9;;85
2428;59.5864;;85;57.2836;;85;58;;85;53.1969;;78.9184;55.6904;;85;58;;85;47.9;;85
2429;57.7562;;85;56.9;;85;58;;85;53.1711;;78.9156;53.6309;;85;58;;85;47.9;;85
2430;56.9;;85;56.9;;85;58;;85;53.0841;;78.9393;50.4206;;85;58;;85;48.1217;;85
2431;56.9;;85;56.9;;85;58;;85;52.8978;;78.99;47.7259;;85;58;;85;48.8941;;85
2432;56.9;;85;56.9;;85;58;;85;52.6111;;79.0697;46.2162;;85;58;;85;50.2585;;85
2433;56.9;;85;56.9;;85;58;;85;52.2377;;79.1768;45.5497;;85;58;;85;52.0463;;85
2434;56.9;;85;56.9;;85;58;;85;51.9938;;79.3055;45.3556;;85;58;;85;53.9147;;85
2435;56.9;;85;56.9;;85;58;;85;51.8348;;79.4422;44.649;;85;58;;85;54.9046;;85
2436;56.9;;85;56.9;;85;57.4614;;85;51.6441;;79.5782;44.3862;;85;58;;85;55;;85
2437;56.9;;85;56.9;;85;55.881;;85;51.7799;;79.7136;45.3015;;85;58;;85;55;;85
2438;56.9;;85;56.9;;85;53.2793;;85;52.1851;;79.8485;46.6117;;85;58;;85;55;;85
2439;56.9;;85;56.5756;;85;49.9649;;85;52.6198;;79.9827;48.1558;;85;58;;85;55;;85
2440;56.9;;85;54.8357;;85;47.4225;;85;53.1424;;80.1163;49.8512;;85;58;;85;55;;85
2441;55.7921;;85;51.7365;;85;45.7127;;85;53.7724;;80.2494;51.6194;;85;58;;85;55;;85
2442;53.107;;85;48.2761;;85;44.2818;;85;54.4965;;80.3818;53.3882;;85;58;;85;55;;85
2443;49.7662;;85;44.7225;;85;43.708;;85;55.2772;;80.5136;55.088;;85;58;;85;55;;85
2444;46.2258;;85;41.1689;;85;43.4963;;85;56.0732;;80.6448;56.6683;;85;58;;85;55;;85
2445;42.6723;;85;37.6154;;85;42.6736;;85;56.8434;;80.7753;58.1129;;85;58;;85;55;;85
2446;39.1187;;85;34.0618;;85;41.7038;;85;57.5343;;80.9023;58.7115;;85;58;;85;53.6697;;85
2447;35.5651;;85;30.5082;;85;42.125;;85;57.9266;;81.0063;58.7341;;85;57.8461;;85;50.5752;;85
2448;32.0115;;85;26.9546;;85;43.6599;;85;58;;81.0662;59.2778;;85;57.2925;;85;48.4055;;85
2449;28.4579;;85;23.401;;85;45.3493;;85;58;;81.0773;60.141;;85;56.3862;;85;48;;85
2450;24.9043;;85;19.8474;;85;47.1104;;85;58;;81.0513;60.981;;85;55.2595;;85;48;;85
2451;21.3508;;85;16.2939;;85;48.8811;;85;58;;81.0173;61.771;;85;53.06;;85;48.0208;;85
2452;17.7972;;85;12.7403;;85;50.6047;;85;58;;81.0116;62.3272;;85;49.7965;;85;48.007;;85
2453;14.2436;;85;9.1867;;85;52.2266;;85;57.7626;;81.0498;62.5;;85;47.2787;;85;47.7438;;85
2454;10.69;;85;5.7076;;85;53.7144;;85;57.1796;;81.1313;62.5;;85;45.9357;;85;47.5789;;85
2455;7.1663;;85;2.3341;;85;55.0735;;85;56.8216;;81.2737;62.0879;;85;45.2268;;85;47.854;;85
2456;3.7481;;85;0.3315;;85;56.3145;;85;57.0661;;81.4992;60.7669;;85;44.6518;;85;48.335;;85
2457;1.0385;;85;0;;85;57.4271;;85;57.6143;;81.8135;58.8133;;85;43.8176;;85;48.906;;85
2458;0;;85;0;;85;58.3893;;85;57.9528;;82.2149;57.0864;;85;43.5744;;85;49.5326;;85
2459;0;;85;0;;85;59.2083;;85;58;;82.6852;56.2573;;85;44.197;;85;50.1999;;85
2460;0;;85;0;;85;59.6226;;85;58;;83.1814;56.0501;;85;45.1302;;85;50.9039;;85
2461;0;;85;0;;85;59.0904;;85;58;;83.6755;55.9513;;85;46.2809;;85;51.6526;;85
2462;0;;85;0;;85;58.1949;;85;58;;84.165;55.9188;;85;47.6048;;85;52.0161;;85
2463;0;;85;0;;85;58.058;;85;58;;84.6455;55.9771;;85;49.0358;;85;51.9965;;85
2464;0;;85;0;;85;58.4145;;85;58;;84.9412;56.0986;;85;50.4912;;85;52;;85
2465;0;;85;0;;85;58.6997;;85;58;;85;56.2357;;85;51.9057;;85;52;;85
2466;0;;85;0;;85;58.8722;;85;58;;85;56.3489;;85;53.2266;;85;52;;85
2467;0;;85;0;;85;58.5711;;85;58;;85;56.3807;;85;54.431;;85;52;;85
2468;0;;85;0;;85;57.4333;;85;58;;85;56.2835;;85;55.5328;;85;52;;85
2469;0;;85;0;;85;56.4337;;85;58;;85;56.0408;;85;56.1709;;85;52;;85
2470;0;;85;0;;85;56.0802;;85;58;;85;54.876;;85;56.1014;;85;52;;85
2471;0;;85;0;;85;55.8225;;85;58;;85;52.2225;;85;56.1376;;85;52;;85
2472;0;;85;0;;85;55.6168;;85;58;;85;48.8112;;85;56.6044;;85;52;;85
2473;0;;85;0;;85;55.4969;;85;58;;85;45.2832;;85;57.0991;;85;52;;85
2474;0;;85;0;;85;55.4506;;85;58;;85;41.7552;;85;57.5564;;85;52;;85
2475;0;;85;0;;85;55.4313;;85;58;;85;38.2272;;85;57.951;;85;52;;85
2476;0;;85;0;;85;55.4003;;85;58;;85;34.6993;;85;58.2645;;85;52;;85
2477;0;;85;0;;85;55.3058;;85;57.6715;;85;31.1713;;85;58.4755;;85;52;;85
2478;0;;85;0;;85;55.096;;85;56.8;;85;27.6433;;85;58.5805;;85;52;;85
2479;0;;85;0;;85;54.7473;;85;55.3823;;85;24.1153;;85;58.5662;;85;52;;85
2480;0;;85;0;;85;53.5239;;85;52.9124;;85;20.5873;;85;57.9518;;85;51.9871;;85
2481;0;;85;0;;85;51.2862;;85;49.823;;85;17.0593;;85;56.9481;;85;51.9295;;85
2482;0;;85;0;;85;49.3237;;85;47.7272;;85;13.5313;;85;56.2745;;85;51.9424;;85
2483;0;;85;0;;85;46.826;;85;46.2094;;85;10.0034;;85;55.815;;85;52.1107;;85
2484;0;;85;0;;85;43.3044;;85;44.6091;;85;6.5312;;85;55.3965;;85;52.4472;;85
2485;0;;85;0;;85;39.7828;;85;43.9327;;85;3.1474;;85;55.035;;85;52.9448;;85
2486;0;;85;1.443;;85;36.2612;;85;44.0386;;85;0.7359;;85;54.7627;;85;53.5487;;85
2487;0.6815;;85;4.686;;85;32.7396;;85;44.3354;;85;0;;85;54.5547;;85;54.269;;85
2488;3.163;;85;8.286;;85;29.218;;85;44.833;;85;0;;85;54.3649;;85;54.8214;;85
2489;6.763;;85;11.886;;85;25.6964;;85;45.5303;;85;0;;85;54.157;;85;55.2881;;85
2490;10.363;;85;15.2899;;85;22.1748;;85;46.4144;;85;0;;85;53.876;;85;56.1001;;85
2491;13.963;;85;15.7753;;85;18.6532;;85;47.445;;85;0;;85;53.4767;;85;57.1165;;85
2492;15.5984;;85;13.5613;;85;15.1316;;85;48.5605;;85;0;;85;52.9377;;85;57.8117;;85
2493;14.2515;;85;13.93;;85;11.61;;85;49.6955;;85;0;;85;52.2587;;85;58;;85
2494;13.5504;;85;17.1942;;85;8.1131;;85;50.7951;;85;0;;85;51.3778;;85;58;;85
2495;15.8317;;85;20.7942;;85;4.6929;;85;51.8106;;85;0;;85;49.5765;;85;58;;85
2496;19.4317;;85;24.3916;;85;1.5044;;85;52.7195;;85;0;;85;46.5327;;85;58;;85
2497;23.0317;;85;27.9349;;85;0;;85;53.5365;;85;0;;85;43.0281;;85;58;;85
2498;26.6058;;85;31.3381;;85;0;;85;54.269;;85;0;;85;39.5234;;85;58;;85
2499;28.0078;;85;32.824;;85;0;;85;54.9085;;85;0;;85;36.0188;;85;57.9389;;85
2500;26.7354;;85;31.909;;85;0;;85;55.4432;;85;0;;85;32.5142;;85;57.6249;;85
2501;26.9317;;85;32.131;;85;0;;85;55.8813;;85;0;;85;29.0096;;85;57.3669;;85
2502;29.7276;;85;34.6675;;85;0;;85;56.2512;;85;0;;85;25.505;;85;57.4706;;85
2503;33.0404;;85;37.7295;;85;0;;85;56.5649;;85;0;;85;22.0003;;85;57.7474;;85
2504;36.1852;;85;40.6364;;85;0;;85;56.8122;;85;0;;85;18.4957;;85;57.877;;84.9976
2505;39.1706;;85;43.3958;;85;0;;85;56.9726;;85;0;;85;14.9911;;85;57.8842;;84.9894
2506;42.0045;;85;46.0152;;85;0;;85;57.0345;;85;0;;85;11.4865;;85;57.9649;;84.9753
2507;44.6947;;85;47.2454;;85;0;;85;56.9907;;85;0;;85;7.9835;;85;58;;84.9441
2508;45.7261;;85;46.9528;;85;0;;85;56.8404;;85;0;;85;4.5858;;85;58;;84.8972
2509;45.0561;;85;47.6732;;85;0;;85;56.5756;;85;0;;85;1.4694;;85;58;;84.8493
2510;45.7564;;85;49.8176;;85;0;;85;56.1893;;85;0;;85;0;;85;58;;84.8014
2511;48.0703;;85;51.4971;;85;0;;85;55.7031;;85;0;;85;0;;85;58;;84.7453
2512;50.4526;;85;52;;85;0;;85;55.1689;;85;0;;85;0;;85;58;;84.6719
2513;51.8064;;85;52;;85;0;;85;54.6379;;85;0;;85;0;;85;58;;84.5886
2514;52;;85;52;;85;0;;85;54.1532;;85;0;;85;0;;85;58;;84.4889
2515;52;;85;52;;85;0;;85;53.7583;;85;0;;85;0;;85;58;;84.359
2516;52;;85;52;;85;0;;85;53.4518;;85;1.0095;;85;0;;85;58;;84.201
2517;52;;85;52;;85;0;;85;53.189;;85;3.7947;;85;0;;85;58;;84.0143
2518;52;;85;52;;85;0;;85;52.9335;;85;6.9148;;85;0;;85;58;;83.7799
2519;52;;85;52.8114;;85;0;;85;52.6431;;85;7.3365;;85;0;;85;58;;83.4788
2520;52;;85;54.6731;;85;0;;85;52.2678;;85;7.8045;;85;0;;85;58;;83.139
2521;52.9568;;85;56.7201;;85;0;;85;51.7787;;85;10.9319;;85;0;;85;57.8931;;82.7955
2522;54.9564;;85;58.6633;;85;0;;85;51.1663;;85;12.2745;;85;0;;85;57.495;;82.4526
2523;56.9892;;85;60.5147;;85;0;;85;50.4443;;85;12.4374;;85;0;;85;56.8408;;82.1103
2524;58.9188;;85;62.3199;;85;0;;85;49.6383;;85;14.5349;;85;0;;85;56.0023;;81.7796
2525;60.7605;;85;64.1199;;85;0;;85;48.3735;;85;17.7907;;85;0;;85;54.9363;;81.4686
2526;62.5626;;85;65.9199;;85;0.1358;;85;45.753;;85;18.8911;;85;0;;85;52.8141;;81.15
2527;64.3626;;85;67.7199;;85;1.6836;;85;42.2003;;85;18.8491;;85;0;;85;49.7683;;80.8145
2528;66.1626;;85;69.0121;;85;4.5005;;85;38.6476;;85;20.6994;;85;0;;85;47.4665;;80.4967
2529;67.9626;;85;69.5997;;85;7.6953;;85;35.0949;;85;23.3437;;85;0;;85;45.8918;;80.2001
2530;69.0034;;85;70.3508;;85;10.6921;;85;31.5422;;85;25.1132;;85;0;;85;44.6557;;79.9063
2531;69.1605;;85;70.9532;;85;10.7674;;85;27.9894;;85;25.2648;;85;0;;85;43.8902;;79.6131
2532;70.0276;;85;71;;85;8.7894;;85;24.4367;;85;25.9086;;85;0;;85;42.9083;;79.3204
2533;70.9392;;85;71;;85;8.9465;;85;20.884;;85;27.9374;;85;0;;85;42.0976;;79.0282
2534;71;;85;71;;85;11.1271;;85;17.3313;;85;30.2458;;85;0;;85;42.0606;;78.7365
2535;71;;85;71;;85;13.8342;;85;13.7786;;85;32.5629;;85;0;;85;42.4012;;78.4603
2536;71;;85;71;;85;16.9717;;85;10.2259;;85;33.2111;;85;0;;85;42.9617;;78.23
2537;71;;85;70.4484;;85;20.0003;;85;6.7072;;85;33.3352;;85;0;;85;43.692;;78.035
2538;71;;85;69.2163;;85;21.8812;;85;3.3106;;85;34.9477;;85;0;;85;44.55;;77.8452
2539;70.5925;;85;67.8142;;85;21.4451;;85;0.8282;;85;37.0262;;85;0.1942;;85;45.4795;;77.6557
2540;69.2849;;85;67.0463;;85;20.414;;85;0;;85;39.2194;;85;2.1885;;85;46.4281;;77.4665
2541;67.7015;;85;67;;85;21.2778;;85;0;;85;41.4444;;85;5.7885;;85;47.3447;;77.2777
2542;67.009;;85;67;;85;23.2829;;85;0;;85;42.9705;;85;7.3062;;85;48.189;;77.1039
2543;67;;85;67;;85;25.36;;85;0;;85;43.6777;;85;7.7024;;85;48.9562;;76.9562
2544;67;;85;67;;85;27.5423;;85;0;;85;44.9492;;85;9.4049;;85;49.6505;;76.8332
2545;67;;85;67;;85;29.7413;;85;0;;85;47.0049;;85;9.9233;;85;50.2717;;76.7382
2546;67;;85;67;;85;31.8824;;85;0;;85;49.1769;;85;11.2179;;85;50.8119;;76.6718
2547;67;;85;67;;85;33.9557;;85;0;;85;50.6848;;85;12.4751;;85;51.2578;;76.6313
2548;67;;85;67;;85;35.9635;;85;0;;85;51.3851;;85;12.7658;;85;51.6166;;76.6162
2549;67;;85;67;;85;37.8748;;85;0;;85;51.8336;;85;15.145;;85;51.9114;;76.6307
2550;67;;85;67;;85;38.436;;85;0;;85;52;;85;17.1679;;85;52.161;;76.6726
2551;67;;85;67;;85;37.7576;;85;0;;85;52;;85;17.3874;;85;52.3599;;76.7369
2552;67;;85;67;;85;38.3636;;85;0;;85;52;;85;18.3063;;85;52.4879;;76.8124
2553;67;;85;67;;85;40.2925;;85;0;;85;52.2464;;85;20.6998;;85;52.5327;;76.8877
2554;67;;85;67;;85;42.3568;;85;0;;85;53.1952;;85;21.2117;;85;52.4817;;76.9629
2555;67;;85;67;;85;44.4852;;85;0;;85;54.6877;;85;21.1011;;85;52.3358;;77.038
2556;67;;85;67;;85;46.6175;;85;0;;85;56.3047;;85;22.7619;;85;52.0849;;77.113
2557;67;;85;67;;85;48.7096;;85;0;;85;58.0031;;85;24.887;;85;51.7201;;77.1878
2558;67;;85;67;;85;50.6794;;85;0;;85;59.7812;;85;25.3352;;85;51.2417;;77.2625
2559;67;;85;67;;85;51.5647;;85;0;;85;61.5879;;85;25.2049;;85;50.6665;;77.3371
2560;67;;85;67;;85;51.4925;;85;0;;85;63.3879;;85;26.5478;;85;50.0467;;77.4116
2561;67;;85;67;;85;51.7371;;85;0;;85;64.9462;;85;28.3664;;85;49.4247;;77.4859
2562;67;;85;67;;85;52;;85;0;;85;66.2347;;85;30.303;;85;48.8354;;77.5601
2563;67;;85;67;;85;52;;85;0;;85;67.7448;;85;32.2483;;85;48.3193;;77.6342
2564;67;;85;67;;85;52.2383;;85;0;;85;69.4599;;85;33.4463;;85;47.8898;;77.6999
2565;67;;85;67;;85;53.3103;;85;0;;85;70.6475;;85;33.7682;;85;47.5188;;77.7351
2566;67;;85;67;;85;55.0483;;85;0;;85;71;;85;34.6549;;85;47.1658;;77.7251
2567;67;;85;67;;85;56.8782;;85;0;;85;71;;85;36.3981;;85;46.8052;;77.6693
2568;67;;85;67;;85;58.7436;;85;0;;85;71;;85;38.34;;85;46.4009;;77.5829
2569;67;;85;67;;85;60.5877;;85;0.2416;;85;70.939;;85;40.3513;;85;45.9067;;77.4964
2570;67;;85;67;;85;62.392;;85;1.0157;;85;70.5414;;85;42.271;;85;45.3014;;77.4404
2571;67;;85;67;;85;64.192;;85;2.3928;;85;69.7615;;85;43.2119;;85;44.5758;;77.427
2572;67;;85;67;;85;65.992;;85;3.992;;85;68.8198;;85;43.9302;;85;43.7309;;77.4552
2573;67;;85;67;;85;67.792;;85;5.7823;;85;67.8184;;85;45.4948;;85;42.7814;;77.5429
2574;67;;85;67;;85;69.592;;85;8.3118;;85;66.9377;;85;47.2812;;85;41.7516;;77.7103
2575;67;;85;67;;85;70.7361;;85;11.1062;;85;66.6196;;85;49.0836;;85;40.6703;;77.9618
2576;67;;85;67;;85;70.9901;;85;11.3274;;85;66.471;;85;50.729;;85;39.5679;;78.2987
2577;67;;85;67;;85;71;;85;9.1983;;85;66.3461;;85;51.5545;;85;38.4632;;78.7111
2578;67;;85;67;;85;71;;85;9.1301;;85;66.6918;;85;51.816;;85;37.3579;;79.1581
2579;67;;85;67;;85;71;;85;10.7839;;85;66.9771;;85;52;;85;35.4317;;79.6071
2580;67;;85;67;;85;71;;85;12.3437;;85;67;;85;52.4075;;85;32.3151;;80.0554
2581;67;;85;67;;85;71;;85;14.1842;;85;66.9998;;85;53.5726;;85;28.8285;;80.5028
2582;67;;85;67;;85;70.5222;;85;16.1391;;85;66.9855;;85;55.1605;;85;25.3419;;80.9494
2583;67;;85;67;;85;69.485;;85;18.0963;;85;66.9539;;85;56.8577;;85;21.8553;;81.3953
2584;67;;84.9037;67;;84.1127;68.363;;85;19.9164;;85;66.9597;;85;58.636;;85;18.3687;;81.8404
2585;67;;83.9074;67;;82.3253;67.4002;;85;21.5614;;85;66.9914;;85;60.4537;;85;14.8821;;82.2846
2586;67;;82.1074;67;;80.5253;67;;85;22.7191;;85;67;;85;61.7627;;85;11.3955;;82.7281
2587;67;;80.3074;67;;78.7253;67;;85;22.3189;;85;66.9289;;85;62.9392;;85;7.932;;83.1707
2588;67;;78.5074;67;;76.9253;67;;85;21.0884;;85;66.6721;;85;64.613;;85;4.55;;83.6126
2589;67;;76.7074;67;;75.1253;67;;85;21.2274;;85;66.6274;;85;66.413;;85;1.4442;;84.0536
2590;67;;74.9074;67;;73.3253;66.812;;85;22.4244;;85;66.8841;;85;68.2113;;85;0;;84.4937
2591;67;;73.1074;67;;71.5253;65.9992;;85;23.7002;;85;67;;85;69.9398;;85;0;;84.8568
2592;67;;71.3074;67;;69.7253;64.9162;;85;25.0817;;85;67;;85;70.885;;85;0;;85
2593;67;;69.5074;67;;67.9253;64.5033;;85;26.5473;;85;66.9869;;85;70.9939;;85;0;;85
2594;67;;67.7074;67;;66.1253;64.5928;;85;28.0703;;85;66.8973;;85;70.9388;;85;0;;85
2595;67;;65.9074;67;;64.3253;64.7285;;85;29.6117;;85;66.239;;85;70.7709;;85;0;;85
2596;67;;64.1074;67;;62.5253;65.0358;;85;31.1551;;85;65.262;;85;70.4293;;85;0;;85
2597;67;;62.3074;67;;60.8543;65.6019;;85;32.6958;;85;64.6858;;85;69.8668;;85;0;;85
2598;67;;60.7037;67;;60.0416;66.3999;;85;34.2417;;85;64.3461;;85;69.0921;;85;0;;85
2599;67;;60;67;;60;66.9236;;85;35.8029;;85;64.045;;85;68.186;;85;0;;85
2600;67;;60;67;;60;67;;85;37.3719;;85;63.8298;;85;67.2437;;85;0;;85
2601;67;;60;67;;60;67;;85;38.1819;;85;63.7739;;85;66.686;;85;0;;85
2602;67;;60;67;;60;67;;85;38.1342;;85;63.8993;;85;66.4501;;85;0;;85
2603;67;;60;67;;60;67;;85;38.6484;;85;64.1926;;85;66.2108;;85;0;;85
2604;67;;60;67;;60;67;;85;40.0256;;85;64.608;;85;66.348;;85;0;;85
2605;67;;60;67;;60;67;;85;41.6282;;85;65.0916;;85;66.781;;85;0;;85
2606;67;;60;67;;60;67;;85;43.2453;;85;65.622;;85;66.9934;;85;0;;85
2607;67;;60;67;;59.9849;66.9656;;85;44.8337;;85;66.2037;;85;66.9843;;85;0;;85
2608;67;;60;67;;59.8289;66.8342;;85;46.3851;;85;66.6618;;85;66.8812;;85;0;;85
2609;67;;60;67;;59.565;66.6232;;85;47.898;;85;66.572;;85;66.6536;;85;0;;85
2610;67;;60;67;;59.3405;66.4092;;85;49.3939;;85;66.4716;;85;66.3753;;85;0;;85
2611;67;;60;67;;59.1585;66.2825;;85;50.8916;;85;66.8045;;85;66.1744;;85;0;;85
2612;67;;60;67;;58.9999;66.3232;;85;51.7589;;85;66.9971;;85;66.1879;;85;0;;85
2613;67;;60;67;;58.8446;66.5504;;85;51.9501;;85;67;;85;66.4846;;85;0;;85
2614;67;;60;67;;58.6908;66.8551;;85;52.4865;;85;67;;85;66.8525;;85;0;;85
2615;67;;60;67;;58.5364;67;;85;53.6182;;85;67;;85;67;;85;0;;85
2616;67;;60;67;;58.3642;67;;85;55.0002;;85;67;;85;67;;85;0;;85
2617;67;;60;67;;58.1629;67;;85;56.4727;;85;67;;85;67;;85;0;;85
2618;67;;59.9081;67;;57.9357;67;;85;58.0511;;85;67;;85;67;;85;0;;85
2619;67;;59.471;67;;57.6822;67;;85;59.7573;;85;67;;85;67;;85;0.151;;85
2620;67;;58.7713;67;;57.4027;67;;85;61.5436;;85;67;;85;66.9977;;85;1.5324;;85
2621;67;;58.054;67;;57.0938;67;;85;63.3438;;85;67;;85;66.9434;;85;4.1063;;85
2622;67;;57.3209;67;;56.5982;67;;85;65.1438;;85;67;;85;66.7526;;85;4.3646;;85
2623;67;;55.8435;67;;54.8519;67;;85;66.9437;;85;67;;85;66.3915;;85;4.2853;;85
2624;67;;53.1651;67;;51.7469;67;;85;68.6569;;85;67;;85;65.8936;;85;6.7416;;85
2625;67;;49.8132;67;;48.2555;67;;85;70.1496;;85;67;;85;65.3357;;85;7.1176;;85
2626;67;;46.2328;67;;44.6555;67;;85;70.8979;;85;67;;85;64.7967;;85;7.6374;;85
2627;67;;42.6328;67;;41.0555;67;;85;70.9567;;85;67;;85;64.367;;85;9.0721;;85
2628;67;;39.0328;67;;37.4555;67;;85;70.9733;;85;67;;85;64.1162;;85;9.124;;85
2629;67;;35.4328;67;;33.8555;67;;85;71;;85;67;;85;64.0499;;85;10.4983;;85
2630;67;;31.9814;67;;31.0278;67;;85;70.6612;;85;67;;85;64.1416;;85;12.3575;;85
2631;67;;30.165;67;;30;67;;85;69.8678;;85;67;;85;64.3336;;85;12.3508;;85
2632;67;;30;67;;30;67;;85;68.9099;;85;67;;85;64.5837;;85;12.3914;;85
2633;67;;30;67;;30;67;;85;67.9014;;85;67;;85;64.8836;;85;14.0895;;85
2634;67;;30;67;;30;67;;85;67.095;;85;67;;85;65.238;;85;14.5973;;85
2635;67;;30;67;;30;67;;85;66.7898;;85;67;;85;65.6652;;85;14.1585;;85
2636;67;;30;67;;30;67;;85;66.8535;;85;67;;85;66.1789;;85;14.8198;;85
2637;67;;30;67;;30;67;;85;66.9606;;85;67;;85;66.7164;;85;16.2263;;85
2638;67;;30;67;;30;67;;85;66.8583;;85;67;;85;66.75;;85;17.7804;;85
2639;67;;30;67;;30;67;;85;66.2433;;85;67;;85;66.605;;85;19.3326;;85
2640;67;;30;67;;30;67;;85;65.3736;;85;67;;85;66.8424;;85;19.634;;85
2641;67;;30;67;;30;67;;85;64.8675;;85;67;;85;67;;85;19.2621;;85
2642;67;;30;67;;30;67;;85;64.5904;;85;67;;85;67;;85;19.9089;;85
2643;67;;30;67;;30;67;;85;64.2436;;85;67;;85;67;;85;21.137;;85
2644;67;;30;67;;30;67;;85;63.9344;;85;67;;85;67;;85;22.5049;;85
2645;67;;30;67;;30;67;;85;63.8002;;85;67;;85;67;;85;23.9238;;85
2646;67;;30;67;;30;67;;85;63.9287;;85;67;;85;67;;85;25.3269;;85
2647;67;;30;67;;30;67;;85;64.3033;;85;67;;85;67;;85;25.704;;85
2648;67;;30;67;;30;67;;85;64.8304;;85;67;;85;67;;85;25.6187;;85
2649;67;;30;67;;30;67;;85;65.3897;;85;67;;85;67;;85;26.4234;;85
2650;67;;30;67;;30;67;;85;65.8865;;85;67;;85;67;;85;27.6539;;85
2651;67;;30;67;;30;67;;85;66.2776;;85;67;;85;67;;85;29.0151;;85
2652;67;;30;67;;30;67;;85;66.5536;;85;67;;85;67;;85;30.4503;;85
2653;67;;30;67;;30;67;;85;66.6979;;85;67;;85;67;;85;31.929;;85
2654;67;;30;67;;30;67;;85;66.6884;;85;67;;85;67;;85;33.442;;85
2655;67;;30;67;;30;67;;85;66.5059;;85;67;;85;67;;85;34.1604;;85
2656;67;;30;66.4426;;30;67;;85;66.1429;;85;67;;85;67;;85;34.6135;;85
2657;67;;30;65.2843;;30;67;;85;65.62;;85;67;;85;67;;85;35.8573;;85
2658;67;;30;64.168;;30;67;;85;65.0017;;85;67;;85;67;;85;37.3843;;85
2659;67;;30;63.2407;;30;67;;85;64.3631;;85;67;;85;67;;85;38.9444;;85
2660;67;;30;62.5217;;30;67;;85;63.786;;85;67;;85;67;;85;40.4864;;85
2661;67;;30;62.0104;;30;67;;85;63.3589;;85;67;;85;67;;85;41.9943;;85
2662;66.4709;;30;61.7002;;30;67;;85;63.121;;85;67;;85;67;;85;43.1017;;85
2663;65.0418;;30;61.576;;30;67;;85;63.0595;;85;67;;85;67;;85;43.6723;;85
2664;63.2418;;30;60.7649;;30;67;;85;63.1361;;85;67;;85;67;;85;44.461;;85
2665;61.4414;;30;58.939;;30;67;;85;63.2928;;85;67;;85;67;;85;45.6957;;85
2666;59.5654;;30;56.6603;;30;67;;85;63.497;;85;67;;85;67;;85;47.0353;;85
2667;57.4147;;30;53.9129;;30;67;;85;63.7478;;85;67;;85;67;;85;48.434;;85
2668;54.8223;;30;50.6506;;30;67;;85;64.0557;;85;67;;85;67;;85;49.8619;;85
2669;51.6948;;30;47.4452;;30;67;;85;64.4379;;85;67;;85;67;;85;51.2987;;85
2670;48.1849;;30;46.0482;;30;67;;85;64.8996;;85;67;;85;67;;85;52.7462;;85
2671;46.1924;;30;46.3913;;30;67;;85;65.427;;85;67;;85;67;;85;54.2135;;85
2672;46.5096;;30;46.6296;;30;67;;85;65.9986;;85;67;;85;67;;85;55.6707;;85
2673;48.2371;;30;47.2152;;30;67;;85;66.5885;;85;67;;85;67;;85;56.7011;;85
2674;50.611;;30;49.0538;;30;67;;85;66.9415;;85;67;;85;67;;85;57.747;;85
2675;52.8644;;30;51.3858;;30;67;;85;67;;85;67;;85;67;;85;59.3805;;85
2676;55.0035;;30;53.5995;;30;67;;85;67;;85;67;;85;67;;85;61.181;;85
2677;57.034;;30;55.7009;;30;67;;85;67;;85;66.9531;;85;67;;85;62.981;;85
2678;58.9614;;30;57.6957;;30;67;;85;67;;85;66.7789;;85;67;;85;64.7678;;85
2679;60.8013;;30;59.5902;;30;67;;85;67;;85;66.5315;;85;67;;85;66.452;;85
2680;62.6026;;30;61.4133;;30;67;;85;67;;85;66.3094;;85;67;;85;67.9222;;85
2681;64.4026;;30;63.2133;;30;67;;85;67;;85;66.1247;;85;67;;85;69.1704;;85
2682;66.2026;;30;65.0133;;30;67;;85;67;;85;65.9768;;85;67;;85;70.181;;85
2683;68.0026;;30;66.8133;;30;67;;85;67;;85;65.8458;;85;67;;85;70.6319;;85
2684;69.8026;;30;68.4031;;30;67;;85;67;;85;65.6861;;85;67;;85;70.5762;;85
2685;71.3513;;30;68.7837;;30;67;;85;67;;85;65.452;;85;67;;85;70.2506;;85
2686;72;;30;68.338;;30;67;;85;67;;85;65.1222;;85;67;;85;69.6302;;85
2687;72;;30;69.0313;;30;67;;85;67;;85;64.6957;;85;67;;85;68.8321;;85
2688;72;;30;70.719;;30;67;;85;67;;85;64.1564;;85;67;;85;67.9577;;85
2689;72;;30;71.7273;;30;67;;85;67;;85;63.4686;;85;67;;85;67.2089;;85
2690;72;;30;71.5458;;30;67;;85;67;;85;62.6184;;85;67;;85;66.9158;;85
2691;72;;30;70.8648;;30;67;;85;67;;85;61.6631;;85;67;;85;66.9647;;85
2692;72;;30;70.1194;;30;67;;85;67;;85;60.7021;;85;67;;85;67;;85
2693;71.5245;;30;69.2664;;30;67;;85;67;;85;59.8267;;85;67;;85;67;;85
2694;70.2114;;30;68.2759;;30;67;;85;67;;85;59.1039;;85;67;;85;66.9811;;85
2695;68.5207;;30;67.3666;;30;67;;85;67;;85;58.5588;;85;67;;85;66.8534;;85
2696;67.3338;;30;66.9954;;30;67;;85;67;;85;58.2033;;85;67;;85;66.5302;;85
2697;67;;30;67;;30;67;;85;67;;85;58.0477;;85;67;;85;66.0219;;85
2698;67;;30;67;;30;67;;85;67;;85;58.0838;;85;67;;85;65.4121;;85
2699;67;;30;67;;30;66.5747;;85;67;;85;58.297;;85;67;;85;64.8161;;85
2700;67;;30;67;;30;65.6263;;85;67;;85;58.6562;;85;66.9568;;85;64.3706;;85
2701;67;;30;67;;30;64.5303;;85;67;;85;58.4773;;85;66.775;;85;64.1889;;85
2702;67;;30;67;;30;63.3917;;85;67;;85;56.8617;;85;66.5213;;85;64.2738;;85
2703;67;;30;66.9274;;30;62.3177;;85;67;;85;54.1551;;85;66.3002;;85;64.5299;;85
2704;67;;30;66.8746;;30;61.3856;;85;67;;85;50.9291;;84.207;66.1011;;85;64.8387;;85
2705;67;;30;66.9135;;30;60.6389;;85;67;;85;47.6845;;82.5139;65.9145;;85;65.1007;;85
2706;67;;30;66.9324;;30;60.0903;;85;67;;85;46.093;;80.7139;65.7391;;85;65.2656;;85
2707;67;;30;66.9324;;30;59.7408;;85;67;;85;46.6616;;78.9139;65.5924;;85;65.3221;;85
2708;67.1941;;30;67.2318;;30;59.5967;;85;67;;85;48.1723;;77.1139;65.4831;;85;65.2553;;85
2709;68.2882;;30;67.8854;;30;59.638;;84.852;67;;85;49.8576;;75.3139;65.4079;;85;65.0427;;85
2710;70.0882;;30;68.5898;;30;59.8264;;83.8039;67;;85;51.5059;;73.5139;65.343;;85;64.6646;;85
2711;71.8265;;30;69.2973;;30;58.9868;;82.0039;67;;85;53.1275;;71.7139;65.2391;;85;64.1063;;85
2712;72.8324;;30;70.0152;;30;56.7861;;80.2039;67;;85;54.7475;;69.9139;65.0548;;85;63.3764;;85
2713;73;;30;70.6752;;30;54.0641;;78.4039;67;;85;56.387;;68.1139;64.7765;;85;62.5241;;85
2714;72.2808;;30;70.7974;;30;50.8262;;76.6039;67;;85;58.0398;;66.3139;64.4013;;85;61.6216;;85
2715;70.6616;;30;69.7203;;30.3363;47.687;;74.8039;67;;85;59.6685;;64.5139;63.9039;;85;60.7391;;85
2716;68.8616;;31.0215;67.9203;;32.2027;46.1487;;73.0039;67;;85;61.2467;;62.7139;63.2483;;85;59.9571;;85
2717;67.0616;;33.6403;66.1203;;35.2877;46.552;;71.2039;67;;85;62.7633;;60.9191;62.4378;;85;59.3368;;85
2718;65.2616;;36.7542;64.3203;;38.3186;47.1912;;69.4039;67;;85;64.228;;60.0122;61.5363;;85;58.8964;;85
2719;63.4616;;39.7102;62.5203;;41.1958;47.2051;;67.6039;67;;85;65.6559;;60;60.6431;;85;58.6158;;85
2720;61.6616;;42.5164;60.7056;;43.927;47.9618;;65.8039;67;;85;67.0512;;60;59.8492;;85;58.4461;;85
2721;59.7988;;44.7857;58.7391;;46.5197;49.7546;;64.0039;67;;85;68.3984;;60;59.209;;85;58.3403;;85
2722;57.6867;;45.1785;56.4196;;48.2919;51.643;;62.2039;67;;85;69.7057;;60;58.7538;;85;58.2764;;85
2723;55.1515;;44.5482;53.623;;48.3669;53.4734;;60.652;67;;85;70.9617;;60;58.4946;;85;58.2592;;85
2724;52.2341;;45.7113;51.047;;48.1839;55.2535;;60;67;;85;71.4824;;60;58.4306;;85;58.3011;;85
2725;50.3514;;48.2131;50.1673;;49.6169;56.9491;;60;67;;85;71.2373;;60;58.5651;;85;58.4127;;85
2726;50.9603;;50.5879;50.6701;;51.9201;58.5197;;60;67;;85;70.9184;;60;58.872;;85;58.6007;;85
2727;53.014;;52.8423;51.2055;;54.1071;59.5914;;60;67;;85;70.5739;;60;59.3163;;85;58.8626;;85
2728;55.1453;;54.9823;52.2729;;56.1831;59.7179;;60;67;;85;70.1518;;60;58.5738;;85;59.1787;;85
2729;57.1685;;57.0136;54.2028;;58.1537;59.6714;;60;67;;85;69.6088;;60;56.298;;85;59.5276;;85
2730;58.5769;;58.8645;56.2737;;59.5566;60.4558;;60;67;;85;68.7712;;60;53.4753;;85;59.8914;;85
2731;59;;59.8631;58.0703;;60;61.7426;;59.9944;67;;85;67.5265;;60;50.1464;;85;60.2747;;85
2732;59;;60;58.9292;;60;63.017;;59.9687;67;;85;66.2906;;60;47.1804;;85;60.6813;;85
2733;59;;60;59;;60;64.2608;;59.9123;67;;85;65.2382;;60;46.1096;;85;61.1063;;85
2734;59;;60;59;;60;65.5289;;59.8517;67;;85;64.2082;;60;46.9198;;85;61.5417;;85
2735;59;;60;59;;60;66.8608;;59.8215;67;;85;63.2686;;60;48.3357;;85;61.9767;;85
2736;59;;60;59;;60;68.2412;;59.8289;67;;85;62.4837;;60;49.7274;;85;62.4018;;85
2737;59;;60;59;;60;69.62;;59.876;67;;85;61.9045;;60;51.0584;;85;62.7828;;85
2738;59;;60;59;;60;70.1958;;59.94;67;;85;61.5578;;60;52.366;;85;63.1082;;85
2739;59;;60;59;;60;69.9056;;59.9704;67;;85;61.4546;;59.9985;53.6755;;85;63.3904;;85
2740;59;;60;59;;60;69.4079;;59.9704;67;;85;61.6062;;59.9079;55.0046;;85;63.6502;;85
2741;59;;60;59;;60;68.6937;;59.9815;67;;85;62.015;;58.771;56.3434;;85;63.9237;;85
2742;59;;60;59;;60;67.6739;;59.9923;67;;85;62.6665;;56.4599;57.6555;;85;64.2311;;85
2743;59;;60;59;;60.5469;66.5002;;59.9865;66.9633;;85;63.5319;;53.6735;58.9218;;85;64.5666;;85
2744;59;;60.7947;59;;61.9938;65.387;;59.9592;66.8277;;85;64.5446;;50.379;60.1402;;85;64.9093;;85
2745;59;;62.4894;59;;63.7938;64.2904;;59.8999;66.5879;;85;65.6132;;46.8078;61.3289;;85;65.2345;;85
2746;59;;64.2894;59;;65.5938;63.2732;;59.7283;66.256;;85;66.6861;;43.2078;62.5038;;85;65.5199;;85
2747;59;;66.0894;59;;67.3938;62.4008;;58.5232;65.8269;;85;67.7556;;39.6078;63.6621;;85;65.7532;;85
2748;59;;67.8894;59;;69.1938;61.7272;;56.1612;65.2945;;85;68.8379;;36.0078;64.7858;;85;65.9316;;85
2749;59;;68.122;59;;70.9938;61.2841;;53.3132;64.6269;;85;69.9276;;32.4078;65.8734;;85;66.0721;;85
2750;59;;66.6816;58.5068;;72.7938;61.0828;;49.968;63.7965;;85;70.9302;;30.3039;66.9723;;85;66.2146;;85
2751;58.3633;;66.6525;57.4109;;74.2084;61.1362;;46.3796;62.8294;;85;70.8329;;30;68.1323;;85;66.4194;;85
2752;57.0296;;68.2964;56.2269;;74.0955;61.4464;;42.7796;61.8158;;85;69.3746;;30;69.1773;;85;66.7151;;85
2753;55.6621;;70.0964;55.0857;;73.0999;62.0007;;39.1796;60.8619;;85;67.5746;;30;69.5838;;85;66.8392;;85
2754;54.1828;;71.8964;53.8398;;73.4272;62.7802;;35.5796;60.0428;;85;65.7746;;30;69.4451;;85;66.7509;;85
2755;53.137;;73.6964;53.0269;;74.5613;63.7279;;32.0354;59.4027;;85;63.9746;;30;69.1964;;85;66.8488;;85
2756;52.9;;74.7982;52.9;;75;64.75;;30.1456;58.9549;;85;62.1746;;29.9981;68.8376;;85;66.9951;;85
2757;52.9;;75;52.9;;75;65.7821;;30;58.705;;85;60.3471;;29.938;68.3395;;85;67;;85
2758;52.9;;75;52.9;;75;66.8081;;30;58.6584;;85;58.3305;;29.9399;67.6759;;85;67;;85
2759;52.9;;75;52.9;;75;67.8382;;30;58.7958;;85;55.9281;;30;66.8372;;85;67;;85
2760;52.9;;75;52.9;;75;68.8845;;30;59.0894;;85;53.101;;30;65.8963;;85;67;;85
2761;52.9;;75;52.9;;75;69.8795;;30;58.9959;;85;50.7936;;30;64.9524;;85;67;;85
2762;52.9;;75;52.7044;;75;70.5832;;30;57.5577;;85;50.243;;30;64.0658;;85;67;;85
2763;52.0581;;75;51.88;;75.5121;69.9193;;30;54.9949;;85;51.1287;;30;63.3032;;85;67;;85
2764;49.7141;;75.6331;49.6256;;76.8814;68.1193;;30;51.909;;85;52.4471;;30;62.7253;;85;67;;85
2765;48.106;;77.1663;48;;78.6301;66.3193;;30;48.5825;;85;53.7357;;30;62.375;;85;67;;85
2766;48;;78.9663;48;;80.4181;64.5193;;30;46.4704;;85;54.8663;;30;62.2691;;85;67;;85
2767;48;;80.7663;48;;82.1638;62.7193;;30;46.3389;;85;55.7913;;30;62.4148;;85;67;;85
2768;48.3387;;82.5663;48.4614;;83.8056;60.9152;;30;46.8547;;85;56.4824;;30;62.824;;85;67;;85
2769;49.8531;;84.1918;50.0923;;84.7991;58.9827;;30;47.0017;;85;56.5081;;30;63.4957;;85;67;;85
2770;52.1448;;84.9587;52.372;;85;56.7149;;30;47.4367;;85;56.5184;;30;64.4014;;85;67;;85
2771;54.0804;;85;54.2184;;85;53.981;;30;48.5818;;85;57.2006;;30;65.4874;;85;67;;85
2772;54.95;;85;54.9773;;85;51.2433;;30;49.9244;;85;58.0329;;30;66.6661;;85;67;;85
2773;55;;85;55;;85;50.074;;30;51.2408;;85;58.7198;;30;67.8646;;85;67;;85
2774;55;;85;55;;85;50.47;;30;52.5416;;85;58.9942;;30;69.0603;;85;67;;85
2775;55;;85;55;;85;51.057;;30;53.8086;;85;59;;30;70.2648;;85;67;;85
2776;55;;85;55;;85;51.9348;;30;55.0145;;85;59;;30;71.4851;;85;67;;85
2777;55;;85;55;;85;53.4534;;30;56.1452;;85;59;;30;72.1505;;85;67;;85
2778;55;;85;55;;85;55.1971;;30;57.1944;;85;59;;30;71.303;;85;67;;85
2779;55;;85;55;;85;56.7408;;30;58.1765;;85;59;;30;69.503;;85;67;;85
2780;55;;85;55;;85;58.0239;;30;59.1118;;85;58.7202;;30;67.703;;85;67;;85
2781;55;;85;55;;85;58.8006;;30;59.5462;;85;58.0107;;30;65.903;;85;67;;85
2782;55;;85;55;;85;59;;30;59.3559;;85;57.6062;;30;64.103;;85;67;;85
2783;55;;85;54.8615;;85;59;;30;59.412;;85;57.7694;;30;62.303;;85;67;;85
2784;54.8521;;85;54.3824;;85;59;;30;60.0579;;85;58.1061;;30;60.4823;;85;67;;85
2785;54.2348;;85;53.6865;;85;59;;30;60.9534;;85;58.3721;;30;58.4866;;85;67;;85
2786;53.2772;;85;52.9498;;85;59;;30;61.9396;;85;57.9246;;30;56.1156;;85;67;;85
2787;51.8446;;85;51.7341;;85;59;;30;62.9798;;85;56.9447;;30;53.2563;;85;66.8667;;85
2788;50.9;;85;50.9;;85;59;;30;64.0269;;85;56.0546;;30;50.8466;;85;66.5424;;85
2789;50.9;;85;50.9;;85;59;;30;65.0445;;85;55.2195;;30;50.1264;;85;66.1868;;85
2790;50.9;;85;50.9;;85;59;;30;65.9883;;85;54.4161;;30;50.599;;85;65.8831;;85
2791;50.9;;85;50.9;;85;59;;30;66.8158;;85;53.5954;;30;51.645;;85;65.6168;;85
2792;50.9;;85;50.9;;85;59;;30;67.0807;;85;53.0231;;30;53.2573;;84.268;65.3848;;85
2793;50.9;;85;50.9;;85;59;;30;66.9821;;85;52.8892;;30;55.0166;;82.636;65.1956;;85
2794;50.9;;85;50.9;;85;59;;30;66.63;;85;52.9;;30;56.6043;;80.836;65.047;;85
2795;50.9;;85;50.9;;85;59;;30;65.7295;;85;52.9;;30;57.9476;;79.036;64.9286;;85
2796;50.9;;85;50.9;;85;59;;30;64.681;;85;52.9;;30;58.775;;77.236;64.8277;;85
2797;50.6425;;85;50.505;;85;58.4634;;30;63.694;;85;52.9;;30;59;;75.436;64.7345;;85
2798;49.1425;;85;49.005;;85;57.4079;;30;62.8346;;85;52.7225;;30;59;;73.636;64.6571;;85
2799;47.9;;85;47.9;;85;56.417;;30;62.1622;;85;52.1522;;30;59;;71.836;64.6123;;85
2800;47.9;;85;47.9;;85;55.4919;;30;61.7165;;85;51.3985;;30;59;;70.036;64.6055;;85
2801;47.9;;85;47.9;;85;54.6068;;30;61.5119;;85;49.6259;;30;59;;68.236;64.6284;;85
2802;47.9;;85;47.9;;85;53.7474;;30;61.5596;;85;47.926;;30;59;;66.436;64.6512;;85
2803;47.9;;85;47.9;;85;53.1099;;30;61.8666;;85;47.7157;;30;59;;64.636;64.6264;;85
2804;47.9;;85;47.9;;85;52.9;;30;62.4265;;85;47.8959;;30;59;;62.836;64.5159;;85
2805;47.9;;85;47.9;;85;52.9;;30;63.2174;;85;48.0492;;30;59;;61.0987;64.3089;;85
2806;46.5221;;85;46.4;;85;52.9;;30;64.1918;;85;48.3089;;30;59;;60.1307;63.9999;;85
2807;45.0221;;85;44.9;;85;52.9;;30;65.263;;85;48.7599;;30;59;;60;63.5634;;85
2808;44.9;;85;44.9;;85;52.9;;30;66.354;;85;49.2641;;30;59;;60;62.9669;;85
2809;44.9;;85;44.9;;85;52.9;;30;67.4409;;85;49.4963;;30;59;;60;62.2172;;85
2810;44.9;;85;44.9;;85;52.5547;;30;68.5306;;85;49.8808;;30;58.8382;;60;61.3891;;85
2811;44.9;;85;44.9;;85;51.8123;;30;69.6373;;85;51.021;;30;58.2706;;60;60.5881;;85
2812;44.9;;85;44.9;;85;50.0523;;30;70.7072;;85;52.5189;;30;57.8438;;60;59.8962;;85
2813;44.9;;85;44.9;;85;48.3447;;30;71.0846;;85;54.0347;;30;57.4392;;60;59.372;;85
2814;44.9;;85;44.9;;85;48;;30;70.0513;;85;54.8893;;30;56.6237;;60;59.0378;;85
2815;44.1251;;85;43.9876;;85;48;;30;68.2513;;85;55;;30;55.7976;;60;58.8966;;85
2816;41.5502;;85;41.2752;;85;48.0603;;30;66.4513;;85;54.9373;;30;55.0254;;60;58.961;;85
2817;38.3751;;85;38.2376;;85;48.1745;;30;64.6513;;85;54.6941;;30;54.2864;;60;59.2224;;85
2818;37;;85;37;;85;48.0557;;30;62.8513;;85;54.3365;;30;53.5656;;60;59.6506;;85
2819;37;;85;37;;85;48.4174;;30;61.049;;85;53.9963;;30;53.0303;;60;59.4648;;85
2820;37;;85;37;;85;49.8796;;30;59.1313;;85;53.6692;;30;52.8774;;60;57.8973;;85
2821;37;;85;37;;85;51.7003;;30;56.8921;;85;53.3267;;30;52.9;;60;55.4066;;85
2822;37;;85;37;;85;53.4518;;30;54.1923;;85;52.9502;;30;52.9;;60;52.4061;;85
2823;37;;85;37;;85;54.6553;;30;51.3957;;85;52.5362;;30;52.9;;60;48.9815;;85
2824;37;;85;37;;85;55;;30;50.074;;85;52.0711;;30;52.9;;60;46.5979;;85
2825;37;;85;37;;85;55;;30;50.7401;;85;51.2839;;30;52.6067;;60;46.1517;;85
2826;37;;85;37;;85;55;;30;52.2611;;85;50.732;;30;51.9514;;60;46.7989;;85
2827;37;;85;37;;85;55;;30;53.9336;;85;50.8091;;30;51.2579;;60;47.7917;;85
2828;37;;85;37;;85;55;;30;55.4728;;85;50.9;;30;49.6587;;60;48.7458;;85
2829;37;;85;37;;85;54.9864;;30;56.7965;;85;50.9;;30;48.0377;;59.058;49.6432;;85
2830;37;;85;37;;85;54.8977;;30;57.8718;;85;50.9;;30;47.6983;;56.8922;50.5239;;85
2831;37;;85;37;;85;54.7849;;30;58.652;;85;50.8984;;30;47.8232;;54.1922;51.4099;;85
2832;37;;85;37;;85;54.6844;;30;58.98;;85;50.8536;;30;47.994;;50.9757;52.3155;;85
2833;35.8489;;85;35.7114;;85;54.4403;;30;59;;85;50.0688;;30;48.2043;;47.4354;53.23;;85
2834;32.8978;;85;32.6228;;85;54.0578;;30;59;;85;49.1832;;30;48.5365;;43.8354;54.1235;;85
2835;29.2978;;85;29.0228;;85;52.8053;;30;59;;85;49.072;;30.0001;48.9176;;40.2354;54.9716;;85
2836;25.7055;;85;25.449;;85;51.3271;;30;59;;85;48.3584;;29.8083;49.1091;;36.6354;55.7719;;85
2837;23.4566;;85;23.1393;;85;50.9;;30;59;;85;47.4903;;30.4289;49.3771;;33.0354;56.5431;;85
2838;23;;85;22.8016;;85;50.9;;30;58.9979;;85;47.4939;;32.2638;50.2239;;30.6177;57.3033;;85
2839;23;;85;23;;85;50.9;;30;58.9679;;85;47.7595;;34.3566;51.4087;;30;58.0631;;85
2840;23;;85;23;;85;50.8963;;30;58.8964;;85;47.9;;36.512;52.6577;;30;58.818;;85
2841;23;;85;23;;85;50.7788;;30.1045;58.7921;;85;47.9;;38.6574;53.9423;;30;59.5528;;85
2842;23;;85;23;;85;50.0097;;29.8006;58.6722;;85;47.9;;40.7287;54.7601;;30;60.2796;;85
2843;23;;85;23;;85;48.6834;;29.3755;58.5733;;85;47.9;;42.699;54.7863;;30;61.0517;;85
2844;23;;85;23;;85;47.9446;;30.6418;58.5167;;85;46.3966;;44.567;54.5037;;30;61.9041;;85
2845;23;;85;23;;85;47.8056;;33.108;58.5086;;85;44.6674;;46.3352;54.2239;;29.9516;62.8297;;85
2846;23;;85;23;;85;46.8585;;35.3929;58.5689;;85;44.3827;;48.0068;53.9593;;29.9516;63.781;;85
2847;23;;85;23;;85;45.3613;;37.4869;58.5689;;85;44.5413;;48.7064;53.7108;;30;64.1916;;85
2848;23;;85;23;;85;45.0522;;38.3595;57.9963;;85;44.8294;;48.9718;53.4502;;30;64.0085;;85
2849;23;;85;23;;85;45.7499;;37.8575;57.0112;;85;44.9;;50.1279;53.1579;;30;63.717;;85
2850;23;;85;23;;85;46.5715;;38.0574;56.1264;;85;44.9;;51.7035;52.8299;;30;63.3042;;85
2851;23;;85;23;;85;47.4128;;39.4497;55.3029;;85;44.9;;53.2747;52.4513;;30;62.743;;85
2852;23;;85;23;;85;47.859;;41.0921;54.5185;;85;44.9;;54.7828;51.5729;;30;62.0264;;85
2853;23;;85;23;;85;47.9;;42.7575;53.7576;;85;43.7198;;55.8773;50.9;;30;61.1801;;85
2854;23;;85;23;;85;47.9;;44.4195;53.087;;85;40.7396;;56.1125;50.9;;30;60.2704;;85
2855;23;;85;23;;85;46.5279;;46.074;52.8477;;85;37.9698;;56.4164;50.9;;30;59.3659;;85
2856;23;;85;23;;85;45.0279;;47.7038;52.9;;85;37;;57.3692;50.9;;30;58.5321;;85
2857;23;;85;23;;85;44.9;;49.2814;52.9;;85;37;;58.4128;50.9;;30;57.8235;;85
2858;23;;85;23;;85;44.9;;50.7981;52.9;;85;37;;59.4085;50.9;;30;57.2846;;85
2859;23;;85;23;;85;44.9;;52.2417;52.9;;85;37;;59.5909;50.9;;30;56.9541;;85
2860;23;;85;23;;85;44.9;;53.6131;52.7682;;85;37;;59.2926;50.8779;;30;56.8463;;85
2861;23;;85;23;;85;44.9;;54.9248;52.253;;85;37;;59.5107;50.789;;30;56.9756;;85
2862;23;;85;23;;85;44.9;;56.1644;51.5196;;85;37;;59.8669;50.385;;30;57.3399;;85
2863;22.6485;;85;22.5208;;85;44.9;;57.3055;49.8173;;85;37;;60;48.9055;;30;57.943;;85
2864;20.5957;;85;20.3488;;85;44.131;;58.3418;48.2325;;85;37;;60;47.594;;30;58.7823;;85
2865;17.1934;;85;16.9631;;85;41.562;;59.2852;48;;85;37;;60.0961;47.3995;;30;59.8184;;85
2866;13.791;;85;13.5773;;85;38.381;;59.3596;48;;85;37;;60.3251;47.4353;;30;60.9941;;85
2867;10.3886;;85;10.1916;;85;37;;58.5123;48.031;;85;37;;60.5962;47.6331;;30;62.2277;;85
2868;7.0218;;85;6.8471;;85;37;;58.2833;48.0862;;85;37;;60.8817;47.8348;;30;63.4661;;85
2869;3.7447;;85;3.5891;;85;37;;58.8659;47.9717;;85;37;;61.1926;47.9;;30;64.7007;;85
2870;1.0666;;85;0.9914;;85;37;;59.5365;48.1678;;85;37;;61.5341;47.9;;30;65.9442;;85
2871;0;;85;0;;85;37;;59.9339;49.1428;;85;35.5047;;61.9044;46.3961;;30;67.2033;;85
2872;0;;85;0;;85;37;;60.0974;50.4061;;85;32.2093;;62.3082;44.88;;30;68.4082;;85
2873;0;;85;0;;85;37;;60.4215;51.6357;;85;28.6093;;62.7482;44.5794;;30;69.4457;;85
2874;0;;85;0;;85;37;;60.879;52.833;;85;25.0636;;63.2229;44.3572;;30;69.4663;;85
2875;0;;85;0;;85;37;;61.3405;54.0098;;85;23.1589;;63.7347;44.5988;;30;68.1223;;85
2876;0;;85;0;;85;37;;61.8159;54.7978;;85;23;;64.289;44.8371;;30;66.3223;;85
2877;0;;85;0;;85;37;;62.3152;55;;85;23;;64.8911;44.9;;30;64.5223;;85
2878;0;;85;0;;85;37;;62.8338;55;;84.7882;23;;65.538;44.9;;30;62.7223;;85
2879;0;;85;0;;85;37;;63.3747;55;;83.6763;23;;66.2059;44.9;;30;60.9156;;85
2880;0;;85;0;;85;37;;63.9409;54.9515;;81.8763;23;;66.8735;43.9082;;30;58.9799;;85
2881;0;;85;0;;85;37;;64.5324;54.7168;;80.0763;23;;67.5398;41.1165;;30;56.7109;;85
2882;0;;85;0;;85;35.8548;;65.1505;54.3472;;78.2763;23;;68.2046;38.1582;;30;53.9758;;85
2883;0;;85;0;;85;32.9096;;65.7996;53.9671;;76.4763;23;;68.868;37;;30;51.2403;;85
2884;0;;85;0;;85;29.3096;;66.4855;53.5567;;74.6763;23;;69.53;37;;30;50.054;;85
2885;0;;85;0;;85;25.7165;;67.2069;53.1128;;72.8763;23;;70.1904;37;;30;50.6268;;85
2886;0;;85;0;;85;23.4617;;67.9375;52.621;;71.0763;23;;70.8492;37;;30;51.8123;;85
2887;0;;85;0;;85;23;;68.6537;51.5653;;69.2763;23;;71.5063;37;;30;53.1109;;85
2888;0;;85;0;;85;23;;69.3546;50.5719;;67.4763;23;;72.1618;37;;30;54.2956;;85
2889;0;;85;0;;85;23;;70.04;50.245;;65.6763;23;;72.8197;37;;30;55.2865;;85
2890;0;;85;0;;85;23;;70.7102;50.2874;;63.8763;23;;73.4924;37;;30;56.0428;;85
2891;0;;85;0;;85;23;;71.3655;50.6144;;62.0763;23;;74.145;37;;30;56.3204;;85
2892;0;;85;0;;85;23;;72.0061;50.8329;;60.5882;23;;74.7168;37;;30;56.152;;85
2893;0;;85;0;;85;23;;72.6324;50.8754;;60;23;;75.2272;37;;30;56.0745;;85
2894;0;;85;0;;85;23;;73.2447;50.7584;;60;23;;75.7435;37;;30;56.1696;;85
2895;0;;85;0;;85;23;;73.8432;50.4953;;60;23;;76.2978;37;;30;56.2477;;85
2896;0;;85;0;;85;23;;74.4357;50.1147;;60;23;;76.8906;37;;30;56.3041;;85
2897;0;;85;0;;85;23;;75.0297;49.6573;;60;23;;77.519;37;;30;56.3305;;85
2898;0;;85;0;;85;23;;75.5748;48.5643;;60;23;;78.1793;35.6984;;30;56.297;;85
2899;0;;85;0;;85;23;;76.0208;47.283;;60;23;;78.8702;32.5967;;30;56.1905;;85
2900;0.6086;;85;0.6891;;85;23;;76.4167;46.0896;;60;23;;79.6189;28.9967;;30;56.0237;;85
2901;3.0172;;85;3.1781;;85;23;;76.8275;44.8065;;60;22.3231;;80.4799;25.4247;;30;55.8126;;85
2902;6.6172;;85;6.7781;;85;23;;77.2696;44.4999;;60;19.945;;81.4469;23.3264;;30;55.5784;;85
2903;10.2172;;85;10.3781;;85;23;;77.7425;44.9771;;60;16.5427;;82.4437;23;;30;55.3437;;85
2904;13.8172;;85;13.9781;;85;23;;78.2457;45.5512;;60;13.1403;;83.4257;23;;30;55.1367;;85
2905;16.0186;;85;16.1778;;85;23;;78.7786;46.2109;;60;9.7379;;84.3915;23;;30;54.9756;;85
2906;15.9661;;85;16.2456;;85;23;;79.3452;46.1485;;60;6.3883;;84.7179;23;;30;54.8643;;85
2907;16.3521;;85;16.9184;;85;23;;79.9894;45.2992;;60;3.1283;;84.7511;23;;30;54.8223;;85
2908;18.9919;;85;19.7231;;85;23;;80.7534;44.8809;;60;0.7584;;84.9685;23;;30;54.867;;85
2909;22.5919;;85;23.3204;;85;23;;81.5926;44.9;;60;0;;85;23;;30;55.0083;;85
2910;25.1959;;85;25.5588;;85;23;;82.4364;44.9;;60;0;;85;23;;30;55.2516;;85
2911;26;;85;26;;85;23;;83.261;44.9;;60;0;;85;23;;30;55.2771;;85
2912;26;;85;26;;85;22.654;;83.6509;44.9;;60;0;;85;23;;30;54.8051;;85
2913;26;;85;26;;85;20.6069;;83.3502;44.9;;60;0;;85;23;;30;54.1242;;85
2914;26;;85;26;;85;17.2045;;83.085;44.9;;60;0;;85;23;;30;53.4663;;85
2915;26;;85;26;;85;13.8021;;83.4194;44.4941;;59.7793;0;;85;23;;30;53.0189;;85
2916;26;;85;26;;85;10.3998;;84.0436;42.2882;;58.4837;0;;85;23;;30;52.9;;85
2917;26;;85;26;;85;7.0327;;84.6139;38.8483;;56.1128;0;;85;23;;30;52.9;;85
2918;26;;85;26;;85;3.7553;;84.9382;37.1042;;53.2537;0;;85;23;;30;52.9;;85
2919;26;;85;26;;85;1.0719;;85;37;;49.9115;0;;85;23;;30;52.9;;85
2920;26;;85;26;;85;0;;85;37;;46.3324;0;;85;23;;30;52.9;;85
2921;26;;85;26;;85;0;;85;37;;42.7324;0;;85;23;;30;52.6436;;85
2922;26;;85;26;;85;0;;85;37;;39.1324;0;;85;23;;30;52.0507;;85
2923;26;;85;26;;85;0;;85;37;;35.5324;0;;85;23;;29.825;51.408;;85
2924;26;;85;26;;85;0;;85;37;;31.9997;0;;85;23;;29.712;49.9154;;85
2925;26;;85;26;;85;0;;85;37;;30.1335;0;;85;23;;30.4717;48.2531;;85
2926;25.1975;;85;24.7059;;85;0;;85;37;;30;0;;85;23;;31.953;47.7355;;85
2927;22.595;;85;21.694;;85;0;;85;37;;30;0;;85;23;;33.545;47.8254;;85
2928;18.995;;85;18.2584;;85;0;;85;37;;30;0;;85;22.5062;;35.1779;47.9797;;85
2929;15.395;;85;14.8227;;85;0;;85;37;;30;0;;85;20.3112;;36.8288;48.1711;;85
2930;11.795;;85;11.387;;85;0;;85;37;;30;0;;85;16.9088;;38.4622;48.5727;;85
2931;8.2056;;85;7.9513;;85;0;;85;37;;30;0;;85;13.5064;;40.0449;49.0615;;85
2932;4.7119;;85;4.6185;;85;0;;85;37;;30;0;;85;10.1041;;41.5639;49.4069;;85
2933;1.5038;;85;1.5018;;85;0;;85;36.2195;;30;0;;85;6.7448;;43.019;49.582;;85
2934;0;;85;0;;85;0;;85;33.6391;;30;0;;85;3.4752;;44.2784;50.0264;;85
2935;0;;85;0;;85;0;;85;30.0391;;30;0;;85;0.9318;;44.5798;50.7855;;85
2936;0;;85;0;;85;0;;85;26.4391;;30;0;;85;0;;44.7602;51.6043;;85
2937;0;;85;0;;85;0;;85;23.8195;;30;0;;85;0;;45.8085;52.4555;;85
2938;0;;85;0;;85;0;;85;23;;30;0.9529;;85;0;;47.0792;53.336;;85
2939;0;;85;0;;85;0;;85;23;;30;3.7057;;85;0;;48.376;53.9766;;85
2940;0;;85;0;;85;0;;85;23;;30;7.0444;;85;0;;49.6552;54.0833;;85
2941;0;;85;0;;85;0;;85;23;;30;8.5093;;85;0;;50.8878;53.9118;;85
2942;0;;85;0;;85;0;;85;23;;30;10.1774;;85;0;;52.0716;53.7513;;85
2943;0;;85;0;;85;0;;85;23;;30;13.7194;;85;0;;53.2163;53.6089;;85
2944;0;;85;0;;85;0;;85;23;;30;15.7008;;85;0;;54.3048;53.4625;;85
2945;0;;85;0;;85;0;;85;23;;30;16.8939;;85;0;;55.3229;53.29;;85
2946;0;;85;0;;85;0;;85;23;;30;19.6668;;85;0;;56.1198;53.0807;;85
2947;0;;85;0;;85;0;;85;23;;30;22.4738;;85;0;;56.1382;52.8222;;85
2948;0;;85;0;;85;0;;85;23;;30;23.767;;85;0;;56.0426;51.7896;;85
2949;0;;85;0;;85;0.6027;;85;23;;30;24.9622;;85;0;;56.5336;50.9;;85
2950;0;;85;0;;85;2.9298;;85;23;;30;25.9551;;85;0;;57.1312;50.9;;85
2951;0;;85;0;;85;6.3918;;85;23;;30;25.9801;;85;0;;57.7103;50.9;;85
2952;0;;85;0;;85;8.9405;;85;23;;30;25.9801;;85;0;;58.2553;50.9;;85
2953;0;;85;0;;85;9.4675;;85;23;;30;26;;85;0;;58.7601;50.8885;;85
2954;0;;85;0;;85;9.8113;;85;23;;30;26;;85;0;;59.2095;50.8113;;85
2955;0;;85;0;;85;12.1608;;85;23;;30;26;;85;0;;59.5936;50.6003;;85
2956;0;;85;0;;85;15.6827;;85;23;;30;26;;85;0;;59.9302;50.2426;;85
2957;0;;85;0;;85;19.2827;;85;23;;30;26;;85;0;;60.2503;49.7524;;85
2958;0.2118;;85;0.1116;;85;21.5313;;85;23;;30;26;;85;0;;60.5856;49.165;;85
2959;2.2236;;85;2.0232;;85;21.7834;;85;23;;30;26;;85;0;;60.9515;48.5167;;85
2960;5.8236;;85;5.6232;;85;22.601;;85;23;;30;26;;85;0;;61.3458;47.5565;;85
2961;9.4236;;85;9.2232;;85;24.8076;;85;23;;30;26;;85;0;;61.768;46.6199;;85
2962;13.0236;;85;12.8232;;85;26;;85;23;;30;26;;85;0;;62.2185;45.9441;;85
2963;15.8192;;85;15.7919;;85;26;;85;22.9988;;30;26;;85;0;;62.6969;45.1251;;85
2964;16.4935;;85;16.7776;;85;26;;85;21.2963;;30;25.7431;;85;0;;63.2031;44.6772;;85
2965;16.6135;;85;17.0226;;85;26;;85;17.894;;30;23.6862;;85;0.7592;;63.7421;44.822;;85
2966;18.8548;;85;19.2507;;85;26;;85;14.4916;;30;20.0862;;85;3.3183;;64.3189;45.1501;;85
2967;22.2822;;85;22.4538;;85;26;;85;11.0892;;30;16.4862;;85;6.8817;;64.9344;45.5792;;85
2968;23.9548;;85;23.9285;;85;26;;85;7.704;;30;12.8862;;85;8.3775;;65.5754;45.3572;;85
2969;24;;85;24;;85;26;;85;4.4084;;30;9.2862;;85;9.7343;;66.2163;44.9;;85
2970;24;;85;24;;85;26;;85;1.3984;;30;5.7635;;85;13.1586;;66.8457;44.9;;85
2971;24;;85;24;;85;26;;85;0;;30;2.3365;;85;15.3687;;67.4637;44.9;;85
2972;24;;85;24;;85;26;;85;0;;30;0.3161;;85;16.6158;;68.0706;44.9;;85
2973;24;;85;24;;85;26;;85;0;;30;0;;85;19.2269;;68.6664;44.8298;;85
2974;24;;85;24;;85;26;;85;0;;30;0;;85;21.2973;;69.2514;44.6309;;85
2975;24;;85;24;;85;26;;85;0;;30;0;;85;22.4444;;69.8256;44.6654;;85
2976;24;;85;24;;85;24.8091;;85;0;;30;0;;85;24.5343;;70.3894;44.8643;;85
2977;24;;85;24;;85;21.9303;;85;0;;30;0;;85;25.8662;;70.9428;43.4166;;85
2978;24;;85;24;;85;18.5542;;85;0;;30;0;;85;25.9627;;71.4861;40.1332;;85
2979;24;;85;24;;85;15.1781;;85;0;;30;0;;85;25.9833;;72.0283;37.6383;;85
2980;24;;85;24;;85;11.8021;;85;0;;30;0;;85;26;;72.5732;36.9717;;85
2981;25.5738;;85;25.6143;;85;8.426;;85;0;;30;0;;85;26;;72.9114;37;;85
2982;27.9331;;85;28.0153;;85;5.1344;;85;0;;30;0;;85;26;;72.6162;37;;85
2983;28.2872;;85;28.471;;85;1.9424;;85;0;;30;0;;85;26;;72.286;37;;85
2984;28.355;;85;28.7476;;85;0.177;;85;0;;30;0;;85;26;;72.4568;37;;85
2985;30.533;;85;31.0214;;85;0;;85;0;;30;0;;85;26;;72.7662;36.9976;;85
2986;33.8056;;85;34.2693;;85;0;;85;0;;30;0;;85;26;;73.1267;36.8314;;85
2987;36.9122;;85;37.3516;;85;0;;85;0;;30;0;;85;26;;73.5272;36.7013;;85
2988;39.8606;;85;40.2769;;85;0;;85;0;;30;0;;85;26;;73.9664;36.8211;;85
2989;42.6589;;85;43.054;;85;0;;85;0;;30;0;;85;26;;74.4442;36.9536;;85
2990;45.2554;;85;45.6055;;85;0;;85;0;;30;0;;85;26;;74.9818;37;;85
2991;46.3837;;85;46.8055;;85;0;;85;0;;30;0;;85;26;;75.6308;37;;85
2992;46.2242;;85;46.8785;;85;0;;85;0;;30;0;;85;24.3633;;76.4043;37;;85
2993;47.4094;;85;48.17;;85;0;;85;0;;30;0;;85;20.9266;;77.2346;37;;85
2994;49.8248;;85;50.5469;;85;0;;85;0;;30;0;;85;17.3266;;78.0634;36.9744;;85
2995;52.1177;;85;52.8031;;85;0;;85;0;;30;0;;85;13.7266;;78.8819;35.1488;;85
2996;54.2942;;85;54.9449;;85;0;;85;0;;30;0;;85;10.1266;;79.6899;31.5488;;85
2997;56.3603;;85;56.978;;85;0;;85;0;;30;1.4662;;85;6.5815;;80.4873;27.9488;;84.6292
2998;58.3216;;85;58.908;;85;0;;85;0;;30;4.7323;;85;3.1322;;81.2742;24.5744;;83.3584
2999;60.186;;85;60.7515;;85;0;;85;0;;30;7.6195;;85;0.7139;;82.0471;23;;81.5584
3000;61.9952;;85;62.5552;;85;0;;85;0.1671;;30;9.2333;;85;0;;82.7825;23;;79.7584
3001;63.7952;;85;64.3552;;85;0;;85;1.713;;30;11.5314;;85;0;;83.4559;23;;77.9584
3002;65.5952;;85;66.1552;;85;0;;85;4.4866;;30;14.9625;;85;0;;84.0617;23;;76.1584
3003;67.3952;;85;67.9552;;85;0;;85;7.6345;;30;16.5939;;85;0;;84.6009;23;;74.3584
3004;68.2964;;85;68.92;;85;0;;85;10.7282;;30;18.067;;85;0;;84.9271;23;;72.5584
3005;67.8325;;85;68.6624;;85;0;;85;11.8023;;30;21.3105;;85;0;;85;23;;70.7584
3006;67.7755;;85;68.7259;;85;0;;85;11.6736;;30;23.4316;;85;0;;85;23;;68.9584
3007;69.0836;;85;70.0121;;85;0;;85;13.326;;30;23.9053;;85;0;;84.736;23;;67.1584
3008;70.8836;;85;71.8121;;85;0;;85;16.3933;;30;24;;85;0;;84.3874;23;;65.3584
3009;72.6836;;85;73.6121;;85;1.5995;;85;19.4114;;30;24;;85;0;;84.4203;23;;63.5584
3010;74.4836;;85;75.4121;;85;4.9156;;85;21.6417;;29.9907;24;;85;0;;84.7091;23;;61.7591
3011;76.2836;;85;77.2121;;85;8.3871;;85;22.2639;;29.5988;24;;85;0;;84.9402;23;;60.4298
3012;78.0836;;85;79.0121;;85;10.0889;;85;22.4344;;29.2323;24;;85;0;;85;23;;60
3013;79.8836;;85;80.8121;;85;10.033;;85;23.8207;;30.0657;24;;85;0;;85;23;;60
3014;81.6836;;85;82.6121;;85;11.8302;;85;25.447;;31.6661;24;;85;0;;85;23;;60
3015;83.4836;;85;84.2338;;85;15.4302;;85;26;;33.1978;24;;85;0;;85;23;;60
3016;84.6918;;85;84.9777;;85;19.0302;;85;26;;34.6542;24;;85;0;;85;23;;60
3017;85;;85;85;;85;21.208;;85;26;;36.0314;24;;85;0;;85;23;;60
3018;85;;85;85;;85;21.4141;;85;26;;37.3185;24;;85;0;;85;23;;60
3019;85;;85;85;;85;22.277;;85;26;;38.1408;24.0586;;85;0;;85;23;;60
3020;85;;85;85;;85;23.6558;;85;26;;37.9865;23.9583;;85;0;;85;23;;60
3021;85;;85;85;;85;24;;85;26;;37.5694;24.4617;;85;0;;85;23;;60
3022;85;;85;85;;85;24;;85;26;;37.9635;26.5464;;85;0;;85;23;;60
3023;85;;85;85;;85;24;;85;26;;38.9326;29.5177;;85;0;;85;23;;60
3024;85;;85;85;;85;24;;85;26;;39.9934;32.5987;;85;1.046;;85;23;;60
3025;85;;85;85;;85;24;;85;26;;41.1023;35.6089;;85;3.892;;85;22.0625;;60
3026;85;;85;85;;85;24;;85;26;;42.2245;37.3301;;85;7.1845;;85;19.4238;;60
3027;85;;85;85;;85;24;;85;26;;43.3266;38.4908;;85;8.9387;;85;16.0214;;60
3028;85;;85;85;;85;24;;85;24.3675;;44.4036;40.7845;;85;10.8863;;85;12.619;;60
3029;85;;85;85;;85;24;;85;20.9408;;45.4432;43.5014;;85;14.3724;;85;9.2167;;60
3030;85;;85;85;;85;24;;85;17.3522;;46.4402;46.1156;;85;16.3562;;85;5.8808;;60
3031;85;;85;85;;85;24;;85;13.7636;;47.4063;48.1322;;85;17.8244;;85;2.6346;;60
3032;85;;85;85;;85;24.9027;;85;10.175;;48.3323;49.1845;;85;20.8819;;85;0.5115;;60
3033;85;;85;85;;85;27.2041;;85;6.6403;;49.2056;50.471;;85;22.6442;;85;0;;60
3034;85;;85;85;;85;29.9979;;85;3.1989;;50.0197;52.4881;;85;23.293;;85;0;;59.3871
3035;85;;85;85;;85;32.7462;;85;0.7489;;50.7749;54.5175;;85;23.9764;;85;0;;57.6189
3036;85;;85;85;;85;35.4117;;85;0;;51.483;56.0122;;85;23.9466;;85;0;;55.0706
3037;85;;85;85;;85;37.2613;;85;0;;52.1466;56.6685;;85;23.9301;;85;0;;52.0056
3038;85;;85;85;;85;37.7903;;85;0;;52.7595;57.5023;;85;23.9836;;85;0;;48.5335
3039;85;;85;85;;85;38.4452;;85;0;;53.3215;58.9219;;85;24;;85;0;;44.9335
3040;85;;85;85;;85;40.3239;;85;0;;53.8383;60.3808;;85;24;;85;0;;41.3335
3041;85;;85;85;;85;42.7734;;85;0;;54.3079;61.8;;85;24;;85;0;;37.7335
3042;85;;85;85;;85;45.2032;;85;0;;54.7263;63.1751;;85;24;;85;0;;34.1335
3043;85;;85;85;;85;47.5318;;85;0;;55.091;64.5149;;85;24;;85;0;;31.1668
3044;85;;85;85;;85;49.7253;;85;0;;55.3897;65.8357;;85;24;;85;0;;30
3045;85;;85;85;;85;51.7788;;85;0;;55.6223;67.1658;;85;24;;85;0;;30
3046;85;;85;85;;85;53.7132;;85;0;;55.8184;68.5242;;85;24;;85;0;;30
3047;85;;85;85;;85;55.5373;;85;0;;56.0052;69.9254;;85;23.6796;;85;0;;30
3048;85;;85;85;;85;57.2405;;85;0;;56.2049;71.3875;;85;24.1446;;85;0;;30
3049;85;;85;85;;85;58.6734;;85;0;;56.4292;72.5197;;85;26.0768;;85;0;;30
3050;85;;85;85;;85;59.1196;;85;0;;56.6728;73.1413;;85;28.4654;;85;0;;29.9755
3051;85;;85;85;;85;58.8785;;85;0;;56.9328;74.0759;;85;30.9683;;85;0;;29.9755
3052;85;;85;85;;85;59.3906;;85;0;;57.2115;75.5533;;85;33.4786;;85;0;;30
3053;85;;85;85;;85;60.5847;;85;0;;57.5117;77.131;;85;35.9583;;85;0;;30
3054;85;;85;85;;85;61.7894;;85;0;;57.8333;78.6703;;85;37.7176;;85;0;;30
3055;85;;85;85;;85;62.975;;85;0;;58.1757;80.0488;;85;38.7792;;85;0;;30
3056;85;;85;85;;85;64.1521;;85;0;;58.5417;81.1905;;85;40.4417;;85;0;;30
3057;85;;85;85;;85;65.3479;;85;0;;58.9347;82.0764;;85;42.7164;;85;0;;30
3058;85;;85;85;;85;66.5767;;85;0;;59.356;82.7668;;85;44.3345;;85;0;;30
3059;85;;85;85;;85;67.8534;;85;0;;59.5579;83.3779;;85;45.244;;85;0;;30
3060;85;;85;85;;85;69.1953;;85;0.8876;;59.1476;84.0389;;85;46.5565;;85;0;;30
3061;85;;85;85;;85;70.5999;;85;3.3795;;58.5481;84.4584;;85;48.3406;;85;0;;30
3062;85;;85;85;;85;72.0407;;85;6.7215;;58.5105;84.4991;;85;50.1332;;85;1.2286;;30
3063;85;;85;85;;85;73.5017;;85;10.2591;;58.878;84.7396;;85;51.8566;;85;4.2573;;30
3064;85;;85;85;;85;74.9849;;85;12.5272;;59.28;85;;85;53.494;;85;7.2767;;30
3065;85;;85;85;;85;76.4778;;85;12.9793;;59.6838;85;;85;55.0507;;85;8.7386;;30
3066;85;;85;85;;85;77.9116;;85;14.2043;;60.0864;85;;85;55.976;;85;9.104;;30
3067;85;;85;85;;85;79.181;;85;17.0704;;60.4877;85;;85;56.3445;;85;10.333;;30
3068;85;;85;85;;85;80.2171;;85;20.1781;;60.8872;85;;85;57.0605;;85;12.4005;;30
3069;85;;85;85;;85;81.0018;;85;22.4155;;61.2829;85;;85;58.1151;;85;13.6146;;30
3070;85;;85;85;;85;81.5801;;85;23.0319;;61.6736;85;;85;59.1906;;85;15.252;;30
3071;85;;85;85;;85;82.0653;;85;23.2199;;62.0632;85;;84.9948;60.2619;;85;17.3048;;30
3072;85;;85;85;;85;82.5826;;85;23.7732;;62.4643;85;;84.9757;61.3365;;85;18.2734;;30
3073;85;;85;85;;85;83.2055;;85;24;;62.856;85;;84.9252;62.4345;;85;19.7988;;30
3074;85;;85;85;;85;83.7615;;85;24;;63.1804;85;;84.8189;63.5697;;85;21.5575;;30
3075;85;;85;85;;85;83.6759;;85;24;;63.4231;85;;84.6654;64.746;;85;22.4537;;30
3076;85;;85;85;;85;83.1535;;84.9904;24;;63.6386;85;;84.498;65.9807;;85;23.9092;;30
3077;85;;85;85;;85;83.0733;;84.9409;24;;63.8755;85;;84.3313;67.286;;85;25.5011;;30
3078;85;;85;85;;85;83.3679;;84.8378;24;;64.1427;85;;84.1651;68.6483;;85;26;;30
3079;85;;85;85;;85;83.6684;;84.6985;24;;64.4408;85;;83.9995;70.0418;;85;26;;30
3080;85;;85;85;;85;83.9643;;84.5194;24;;64.7694;85;;83.8345;71.4636;;85;26;;30
3081;85;;85;85;;85;84.2647;;84.2836;24;;65.1277;85;;83.6768;72.4414;;85;26;;30
3082;85;;85;85;;85;84.6045;;84.0122;24;;65.5156;85;;83.5533;73.1047;;85;26;;30
3083;85;;85;85;;85;84.8954;;83.7369;24.5917;;65.9333;85;;83.4824;74.1021;;85;26;;30
3084;85;;85;85;;85;85;;83.4655;26.102;;66.4093;85;;83.4456;75.2253;;85;26;;30
3085;85;;85;85;;85;85;;83.1979;27.9822;;66.9884;85;;83.4354;76.1772;;85;26;;30
3086;85;;85;85;;85;85;;82.9329;29.9173;;67.6727;85;;83.4473;76.9082;;85;26;;30
3087;85;;85;85;;85;85;;82.6699;31.8714;;68.4054;85;;83.4636;77.4538;;85;26;;30
3088;85;;85;85;;85;85;;82.4189;33.8427;;69.136;85;;83.4798;77.9144;;85;26;;30
3089;85;;85;85;;85;85;;82.2081;35.8325;;69.8554;85;;83.496;78.4049;;85;26;;30
3090;85;;85;85;;85;85;;82.0497;37.8036;;70.5635;85;;83.5122;79.0002;;85;24.9298;;30
3091;85;;85;85;;85;85;;81.9231;38.9274;;71.2606;85;;83.5282;79.7082;;85;22.0595;;30
3092;85;;85;85;;85;85;;81.8223;39.1651;;71.9468;85;;83.5442;80.472;;85;18.4595;;30
3093;85;;85;85;;85;85;;81.7429;40.0369;;72.6222;85;;83.5602;81.2097;;85;14.8595;;30
3094;85;;85;85;;85;85;;81.6674;41.7267;;73.2845;85;;83.5761;81.8334;;85;11.2595;;30
3095;85;;85;85;;85;85;;81.5924;43.4936;;73.9113;85;;83.592;82.3141;;85;7.6844;;30
3096;85;;85;85;;85;85;;81.5179;45.1769;;74.4795;85;;83.6078;82.7179;;85;4.2049;;30
3097;85;;85;85;;85;85;;81.4439;46.7728;;74.9867;85;;83.6235;83.1045;;85;1.2503;;30
3098;85;;85;85;;85;85;;81.3703;48.2938;;75.4333;84.9995;;83.6392;83.4893;;85;0;;30
3099;85;;85;85;;85;85;;81.2973;49.7384;;75.822;84.9587;;83.6549;83.8957;;85;0;;30
3100;85;;85;85;;85;85;;81.2247;51.1034;;76.1661;84.7722;;83.6704;84.374;;85;0;;30
3101;85;;85;85;;85;85;;81.1526;52.4009;;76.4903;84.3804;;83.686;84.5299;;85;0;;30
3102;85;;85;85;;85;85;;81.081;53.6266;;76.7939;83.8083;;83.7014;84.451;;85;0;;30
3103;85;;85;85;;85;85;;81.0098;54.7699;;77.0754;83.1292;;83.7169;84.6327;;85;0;;30
3104;85;;85;85;;85;85;;80.9392;55.8234;;77.35;82.516;;83.7322;84.8869;;85;0;;30
3105;85;;85;85;;85;85;;80.8689;56.8002;;77.6358;82.1658;;83.7475;84.9948;;85;0;;30
3106;85;;85;85;;85;85;;80.7992;57.7049;;77.9551;82.1269;;83.7628;85;;85;0;;30
3107;85;;85;85;;85;85;;80.7299;58.5506;;78.3118;82.2849;;83.778;85;;85;0;;30
3108;85;;85;85;;85;85;;80.661;59.3494;;78.7022;82.5324;;83.7931;85;;85;0;;30
3109;85;;85;85;;85;85;;80.5926;59.5365;;79.1094;82.8789;;83.8082;85;;85;0;;30
3110;85;;85;85;;85;85;;80.5246;59.1753;;79.5133;83.4109;;83.8233;85;;85;0;;30
3111;85;;85;85;;85;84.9526;;80.4571;59.3942;;79.9109;84.2034;;83.8383;85;;85;0;;30
3112;85;;85;85;;85;84.7373;;80.39;60.257;;80.3023;84.8352;;83.8532;85;;85;0;;30
3113;85;;85;85;;85;84.2958;;80.3234;61.262;;80.6874;85;;83.8681;85;;85;0;;30
3114;85;;85;85;;85;83.6625;;80.2572;62.3474;;81.0664;85;;83.883;85;;85;0;;30
3115;85;;85;85;;85;82.9005;;80.1914;63.4887;;81.4394;85;;83.8977;85;;85;0;;30
3116;85;;85;85;;85;82.147;;80.1261;64.6648;;81.8065;85;;83.9125;85;;85;0;;30
3117;85;;85;85;;85;81.6032;;80.0612;65.8781;;82.1677;85;;83.9272;85;;85;0;;30
3118;85;;85;85;;85;81.3754;;79.9967;67.1236;;82.5231;85;;83.9418;85;;85;0;;30
3119;85;;85;85;;85;81.389;;79.9326;68.3849;;82.8729;85;;83.9564;85;;85;0;;30
3120;85;;85;85;;85;81.5193;;79.8689;69.6048;;83.2171;85;;83.9709;85;;85;0;;30
3121;85;;85;85;;85;81.7306;;79.8056;70.6902;;83.5556;85;;83.9854;85;;85;0;;30
3122;85;;85;85;;85;82.0926;;79.7428;71.5774;;83.8873;85;;83.9998;85;;85;0.4795;;30
3123;85;;85;85;;85;82.6952;;79.6803;72.2406;;84.2113;85;;84.0142;85;;85;2.7421;;30
3124;85;;85;85;;85;83.5574;;79.6182;72.6933;;84.5277;85;;84.0285;85;;85;6.2993;;29.9814
3125;85;;85;85;;85;84.4882;;79.5565;73.0135;;84.8332;85;;84.0428;85;;85;8.3707;;29.7298
3126;85;;85;85;;85;84.9638;;79.4952;73.304;;84.9912;85;;84.057;85;;85;9.7375;;29.7483
3127;85;;85;85;;85;85;;79.4343;73.6581;;85;85;;84.0712;85;;85;12.4861;;30
3128;85;;85;85;;85;85;;79.3738;74.1273;;85;85;;84.0853;84.962;;85;14.9784;;30.0488
3129;85;;85;85;;85;85;;79.3136;74.6936;;85;85;;84.0994;84.7694;;85;16.2023;;30.4265
3130;85;;85;85;;85;85;;79.2539;75.2984;;85;85;;84.1134;84.3435;;85;17.917;;31.1779
3131;85;;85;85;;85;85;;79.1945;75.8674;;85;85;;84.1274;83.7034;;85;20.3662;;32.0389
3132;85;;85;85;;85;85;;79.1354;76.324;;85;85;;84.1413;82.8995;;85;21.449;;32.9244
3133;85;;85;85;;85;85;;79.0768;76.642;;85;85;;84.1631;82.0315;;85;22.2695;;33.836
3134;84.3748;;85;84.3319;;85;85;;79.0185;76.8842;;85;85;;84.2227;81.2925;;85;23.5761;;34.7668
3135;82.8497;;85;82.7638;;85;85;;78.9606;77.1104;;85;85;;84.3412;80.8467;;85;23.9334;;35.6993
3136;81.0497;;85;80.9638;;85;85;;78.9031;77.3336;;85;85;;84.5173;80.6863;;85;23.9334;;36.6334
3137;79.2497;;85;79.1638;;85;85;;78.8459;77.5689;;85;85;;84.7516;80.6896;;85;24;;37.564
3138;77.4497;;85;77.3638;;85;85;;78.7891;77.8552;;85;85;;84.9418;80.7722;;85;24;;38.479
3139;75.6497;;85;75.5638;;85;85;;78.7326;78.2308;;85;85;;85;80.9681;;85;24;;39.3696
3140;73.8497;;85;73.7638;;85;85;;78.6765;78.6914;;85;85;;85;81.3684;;85;24;;40.2431
3141;72.0497;;85;71.9638;;85;85;;78.6207;79.1616;;85;85;;85;82.0332;;85;24;;41.1224
3142;70.2497;;85;70.1638;;85;85;;78.569;79.5336;;85;85;;85;82.9251;;85;24;;42.0217
3143;68.4497;;85;68.3638;;85;85;;78.5515;79.8173;;85;85;;85;83.9375;;85;24;;42.9403
3144;66.6497;;85;66.5638;;85;85;;78.5916;80.1915;;85;85;;85;84.73;;85;24;;43.6446
3145;64.8497;;85;64.7638;;85;85;;78.686;80.821;;85;85;;85;85;;85;23.929;;43.7517
3146;63.0497;;85;62.9638;;85;85;;78.8344;81.695;;85;85;;85;85;;85;23.6915;;43.8885
3147;61.2468;;85;61.1638;;85;85;;79.0367;82.6783;;85;85;;85;85;;85;24.0726;;44.5051
3148;59.3485;;85;59.2591;;85;85;;79.2929;83.365;;85;85;;85;85;;85;25.3524;;45.2042
3149;57.1545;;85;57.0447;;85;85;;79.6027;83.5319;;85;85;;85;85;;85;26.8941;;45.9105
3150;54.5109;;85;54.3762;;85;85;;79.9655;83.785;;85;85;;85;85;;85;28.5721;;46.6068
3151;51.3359;;85;51.189;;85;85;;80.3781;84.5293;;85;85;;85;85;;85;30.3489;;47.2773
3152;47.8165;;85;47.8979;;85;85;;80.8151;85;;85;85;;85;85;;85;32.1904;;47.9109
3153;46.0135;;85;46.1675;;85;85;;81.2319;85;;85;85;;85;85;;85;34.0676;;48.5057
3154;46;;85;46;;85;85;;81.5946;85;;85;85;;85;85;;85;35.9464;;49.0663
3155;46;;85;46;;85;85;;81.892;85;;85;85;;85;85;;85;37.5279;;49.5883
3156;46;;85;46;;85;85;;82.1284;85;;85;85;;85;85;;85;38.4492;;50.0708
3157;46;;85;46;;85;85;;82.3542;85;;85;85;;85;85;;85;39.5001;;50.5159
3158;46;;85;45.8417;;85;85;;82.6223;85;;85;85;;85;85;;85;41.1068;;50.921
3159;45.3404;;85;44.8741;;85;85;;82.9382;85;;85;85;;85;85;;84.9859;42.7221;;51.2826
3160;43.6882;;85;43.603;;85;85;;83.3016;85;;85;85;;85;85;;84.9311;43.6497;;51.6045
3161;43.4313;;85;44.4572;;85;85;;83.7188;85;;85;85;;85;85;;84.8184;44.1932;;51.8884
3162;45.4572;;85;47.0226;;85;85;;84.2209;85;;85;85;;85;85;;84.6493;45.1922;;52.1179
3163;47.9719;;85;49.4578;;85;85;;84.7498;85;;85;85;;85;85;;84.4424;46.3978;;52.2832
3164;50.3591;;85;51.7695;;85;85;;85;85;;85;85;;85;85;;84.1954;47.5967;;52.3969
3165;52.6251;;85;53.9639;;85;85;;85;85;;85;85;;85;85;;83.8884;48.7609;;52.4843
3166;54.7762;;85;56.047;;85;85;;85;84.9924;;85;85;;85;85;;83.5422;49.8775;;52.5693
3167;56.818;;85;58.0243;;85;85;;85;84.8795;;85;85;;85;85;;83.1902;50.9283;;52.6727
3168;58.7563;;85;59.4936;;85;85;;85;84.5248;;85;84.953;;85;85;;82.8392;51.9029;;52.8038
3169;59.3437;;85;59.5964;;85;85;;85;83.9026;;85;84.5159;;85;85;;82.4892;52.8157;;52.9569
3170;58.5619;;85;59.266;;85;85;;85;83.0661;;85;83.7489;;85;85;;82.1402;53.6736;;53.132
3171;58.8457;;85;60.249;;85;85;;85;82.0701;;85;83.0016;;85;85;;81.7921;54.4896;;53.3338
3172;60.4611;;85;62.0588;;85;85;;85;81.0054;;85;82.2486;;85;85;;81.4541;55.2885;;53.5645
3173;62.2673;;85;63.4794;;85;85;;85;80.0603;;85;81.4826;;85;85;;81.1538;56.0762;;53.8208
3174;63.5837;;85;64;;85;85;;85;79.4012;;85;80.7123;;85;85;;80.9058;56.6459;;54.1032
3175;64;;85;64;;85;85;;85;79.0356;;85;79.9186;;85;85;;80.6902;56.8444;;54.417
3176;64;;85;64;;85;85;;85;78.8461;;85;79.0743;;85;85;;80.5;57.2108;;54.7669
3177;64;;85;64;;85;85;;85;78.7378;;85;78.1508;;85;85;;80.3323;57.9951;;55.1519
3178;64;;85;64;;85;85;;85;78.7295;;85;77.1285;;85;85;;80.1697;58.9187;;55.5671
3179;63.9919;;85;63.2785;;85;85;;85;78.9053;;85;75.9278;;85;85;;80.0075;59.9317;;55.9926
3180;63.0837;;85;61.6571;;85;85;;85;79.3368;;85;74.3636;;85;85;;79.8457;61.008;;56.4101
3181;61.2837;;85;59.7936;;85;85;;85;80.0093;;85;72.5636;;85;85;;79.6843;62.1221;;56.8197
3182;59.3915;;85;57.6802;;85;85;;85;80.8233;;85;70.7636;;85;85;;79.5234;63.279;;57.2218
3183;57.2044;;85;55.1434;;85;85;;85;81.7089;;85;68.9636;;85;85;;79.3629;64.4718;;57.6163
3184;54.5684;;85;52.0928;;85;85;;85;82.6756;;85;67.1636;;85;85;;79.2028;65.6802;;58.0033
3185;51.4047;;85;48.629;;85;85;;85;83.7451;;85;65.3636;;85;85;;79.0431;66.8469;;58.3831
3186;47.8823;;85;45.029;;85;84.7829;;85;84.6532;;85;63.5636;;85;85;;78.8839;67.8844;;58.7558
3187;44.2823;;85;41.429;;85;83.6657;;85;85;;85;61.7636;;85;85;;78.725;68.7361;;59.1215
3188;40.6823;;85;37.829;;85;81.8657;;85;85;;85;59.9089;;85;85;;78.5665;69.3746;;59.4802
3189;37.0823;;85;34.3504;;85;80.0657;;85;85;;85;57.817;;85;85;;78.4085;69.8061;;59.8322
3190;33.8022;;85;32.3359;;85;78.2657;;85;85;;85;55.3081;;85;85;;78.2508;70.0954;;60.1775
3191;32.1611;;85;32;;85;76.4657;;85;85;;85;52.2825;;85;85;;78.0936;70.3379;;60.5194
3192;32.5577;;85;32.085;;85;74.6657;;85;85;;85;48.8284;;85;85;;77.9367;70.629;;60.871
3193;34.6753;;85;31.6255;;85;72.8657;;85;85;;85;46.4235;;85;85;;77.7803;71.0299;;61.2185
3194;37.7264;;85;31.13;;85;71.0657;;85;85;;85;45.9093;;85;85;;77.6242;71.5397;;61.5038
3195;40.6329;;85;32.7809;;85;69.2657;;85;85;;85;46;;85;85;;77.4685;72.1089;;61.7051
3196;43.3919;;85;35.9211;;85;67.4657;;85;85;;85;46;;85;84.8376;;77.3132;72.6751;;61.8666
3197;46.011;;85;38.9199;;85;65.6657;;85;85;;85;46;;85;84.3235;;77.1583;73.1651;;62.0372
3198;48.4973;;85;41.7665;;85;63.8657;;85;85;;85;46;;85;83.6207;;77.0038;73.5169;;62.2337
3199;50.3541;;85;44.4687;;85;62.0657;;85;85;;85;46.0838;;85;82.92;;76.8497;73.7574;;62.0393
3200;51;;85;47.0338;;85;60.231;;85;85;;85;46.2775;;85;82.2343;;76.6959;73.9597;;61.6925
3201;51;;85;49.4688;;85;58.1946;;85;85;;85;46.3934;;85;81.569;;76.5425;74.1594;;61.7754
3202;51;;85;50.8273;;85;55.7643;;85;85;;85;46.2816;;85;80.8947;;76.3895;74.3585;;62.0705
3203;51;;85;51;;85;52.8336;;85;85;;85;45.1289;;85;80.2051;;76.2369;74.1608;;62.4158
3204;51;;85;51;;85;49.4356;;85;85;;85;43.9834;;85;79.5119;;76.0846;73.9049;;62.7986
3205;51;;85;50.6761;;85;46.7998;;85;85;;85;43.9635;;85;78.7955;;75.9327;74.1281;;63.2586
3206;50.8333;;85;50.0156;;85;45.5319;;85;85;;85;44.2152;;85;78.0309;;75.7811;74.5285;;63.8302
3207;49.958;;85;49.6306;;85;44.7179;;85;85;;85;44.6176;;85;77.1871;;75.6299;74.9402;;64.4886
3208;47.7358;;85;49.1402;;85;45.046;;85;85;;85;45.2064;;85;76.2435;;75.4791;75.2552;;65.1766
3209;44.4683;;85;47.3668;;85;45.88;;85;85;;85;46.0439;;85;75.2001;;75.3286;75.4875;;65.8584
3210;40.9603;;85;44.2537;;85;46;;85;85;;85;47.2009;;85;74.0601;;75.1785;75.8094;;66.532
3211;37.4523;;85;40.6908;;85;46.1655;;85;85;;85;48.7289;;85;72.6723;;75.0288;76.3838;;67.1974
3212;33.9443;;85;37.1279;;85;46.7093;;85;85;;85;50.5415;;85;70.9774;;74.8794;77.2141;;67.8547
3213;30.4363;;85;33.5649;;85;47.326;;85;85;;85;52.4311;;85;69.1774;;74.7303;78.1805;;68.5039
3214;26.9283;;85;30.002;;85;47.6847;;85;85;;85;54.1663;;85;67.3774;;74.5816;79.1584;;69.1451
3215;23.4202;;85;26.4391;;85;47.8609;;85;85;;85;55.5347;;85;65.5774;;74.4333;80.0831;;69.7778
3216;19.9122;;85;22.8762;;85;47.9651;;85;85;;85;56.4302;;85;63.7774;;74.2852;81.0149;;70.381
3217;16.4042;;85;19.3133;;85;48.0773;;85;85;;85;56.8935;;85;61.9774;;74.1376;82.1412;;70.931
3218;12.8962;;85;15.7503;;85;48.2584;;85;85;;85;57.0626;;85;60.1369;;73.9902;83.576;;71.4241
3219;9.3882;;85;12.1874;;85;48.5677;;85;85;;85;57.0892;;85;58.0843;;73.8432;84.6853;;71.8606
3220;5.9499;;85;8.6399;;85;49.0681;;85;85;;85;57.0844;;85;55.6311;;73.3434;85;;72.2413
3221;2.6007;;85;5.1689;;85;49.851;;85;85;;85;57.1142;;85;52.6728;;72.7056;85;;72.5729
3222;0.4679;;85;1.759;;85;50.971;;85;85;;85;57.2177;;85;49.2562;;72.5068;85;;72.879
3223;0;;85;0.0271;;85;52.412;;85;85;;85;57.404;;85;46.6225;;72.5586;85;;73.172
3224;0;;85;0;;85;54.041;;85;85;;85;57.5821;;85;45.894;;72.6405;85;;73.4438
3225;0;;85;0;;85;55.6133;;85;85;;85;56.8175;;85;46;;72.726;85;;73.3241
3226;0;;85;0;;85;56.8853;;85;85;;85;55.0656;;85;46;;72.8118;85;;73.0361
3227;0;;85;0;;85;57.6797;;85;85;;85;53.2322;;85;46;;72.8975;85;;73.1025
3228;0;;85;0;;85;58.004;;85;85;;85;51.1365;;85;46;;72.9831;85;;73.3477
3229;0;;85;0;;85;57.9981;;85;85;;85;48.1511;;85;46.0204;;73.0831;85;;73.6483
3230;0;;85;0;;85;57.8184;;85;85;;85;44.5511;;85;46.0142;;73.2249;85;;73.9861
3231;0;;85;0;;85;57.5998;;85;85;;85;40.9511;;85;45.18;;73.4192;85;;74.3419
3232;0;;85;0;;85;57.4163;;85;85;;85;37.3511;;85;44.076;;73.6644;84.9984;;74.6985
3233;0;;85;0;;85;57.3099;;85;85;;85;33.9615;;85;43.6452;;73.9605;84.9263;;75.0546
3234;0;;85;0;;85;57.2932;;85;85;;85;32.0062;;85;43.3997;;74.3076;84.6407;;75.4102
3235;0;;85;0;;85;57.362;;85;85;;85;31.301;;85;43.1896;;74.7058;84.0749;;75.7652
3236;0;;85;0;;85;57.4977;;85;85;;85;31.4927;;85;43.0294;;75.1553;83.2708;;76.1196
3237;0;;85;0;;85;56.6582;;85;85;;85;32.9283;;85;42.9687;;75.6565;82.2778;;76.4734
3238;0;;85;0;;85;54.6108;;85;85;;85;34.7922;;85;43.0629;;76.2079;81.1612;;76.8266
3239;0;;85;0;;85;51.8;;85;85;;85;36.7191;;85;43.3788;;76.7879;80.0721;;77.1782
3240;0;;85;0;;85;48.3162;;85;84.6858;;85;38.6301;;85;43.9847;;77.3573;79.2067;;77.5272
3241;0;;85;0;;85;44.7162;;85;83.9766;;85;40.4902;;85;44.9309;;77.8779;78.6577;;77.8732
3242;0;;85;0;;85;41.1162;;85;83.1831;;85;42.3002;;85;46.2114;;78.3313;78.3464;;78.2162
3243;0;;85;0;;85;37.5162;;85;82.3853;;85;44.0661;;85;47.7348;;78.7179;78.1429;;78.5562
3244;0;;85;0;;85;34.0535;;85;81.5703;;85;45.7939;;85;49.311;;79.068;78.0107;;78.8932
3245;0;;85;0;;85;32.1953;;85;80.7118;;85;47.487;;85;50.7028;;79.4395;78.0176;;79.2272
3246;0;;85;0;;85;32.0607;;85;79.7485;;85;48.1446;;85;51.7167;;79.856;78.255;;79.5583
3247;0;;85;0;;85;32.4426;;85;78.3279;;85;48.4019;;85;52.3008;;80.3132;78.7582;;79.8864
3248;0;;85;0;;85;32.2462;;85;76.5279;;85;49.6307;;85;52.4985;;80.8116;79.4592;;80.2116
3249;0;;85;0;;85;31.5011;;85;74.7279;;85;50.611;;85;52.4204;;81.3729;80.2544;;80.534
3250;0;;85;0;;85;32.4348;;85;72.9279;;85;50.7012;;85;52.2168;;82.0301;81.1179;;80.8534
3251;0;;85;0;;85;34.6144;;85;71.1279;;85;50.7925;;85;51.9801;;82.7917;82.0773;;81.1701
3252;0;;85;0;;85;36.5727;;85;69.3279;;85;49.4115;;85;51.7696;;83.647;83.1487;;81.4839
3253;0;;85;0;;85;38.0841;;85;67.5279;;85;46.0591;;85;51.6246;;84.392;84.3269;;81.7949
3254;0;;85;0;;85;38.1987;;85;65.7279;;85;42.4963;;85;51.5613;;84.6747;84.9704;;82.1031
3255;0;;85;0;;85;37.5772;;85;63.9279;;84.9743;38.9334;;85;51.5805;;84.8307;85;;82.4086
3256;0;;85;0;;85;38.2101;;85;62.1279;;84.877;35.3705;;85;51.6717;;85;85;;82.7114
3257;0;;85;0;;85;39.8449;;85;60.2974;;84.7033;31.8076;;85;51.8156;;85;85;;83.0114
3258;0;;85;0;;85;41.546;;85;58.2724;;84.4691;28.2448;;85;51.5238;;85;85;;83.3088
3259;0;;85;0;;85;43.2606;;85;55.8581;;84.1838;24.6819;;85;50.2426;;85;85;;83.6035
3260;0;;85;0;;85;44.9593;;85;52.9467;;83.868;21.119;;85;48.4489;;85;85;;83.8955
3261;0;;85;0;;85;46.6389;;85;49.564;;83.5191;17.5561;;85;46.7129;;85;85;;84.1849
3262;0;;85;0;;85;48.2826;;85;46.8736;;83.1164;13.9933;;85;44.4778;;85;85;;84.4717
3263;0;;85;0;;85;49.875;;85;45.6682;;82.6821;10.4304;;85;41.2914;;85;85;;84.7559
3264;0;;85;0;;85;50.1776;;85;44.9612;;82.2493;6.9062;;85;37.6914;;85;85;;84.9487
3265;0;;85;0;;85;47.954;;85;44.6088;;81.8233;3.4871;;85;34.0914;;85;85;;85
3266;0;;85;0;;85;44.4626;;85;45.0259;;81.4041;0.9053;;85;32.1104;;85;85;;85
3267;0;;85;0;;85;40.9712;;85;45.683;;80.9916;0;;85;32.027;;85;85;;85
3268;0;;85;0;;85;37.4798;;85;46.0387;;80.5857;0;;85;32.141;;85;85;;85
3269;0;;85;0;;85;33.9884;;85;46.1684;;80.1944;0;;85;31.9636;;85;85;;85
3270;0;;85;0;;85;30.497;;85;46.1632;;79.8438;0;;85;32.3243;;85;85;;85
3271;0;;85;0;;85;27.0055;;85;45.92;;79.5493;0;;85;33.5621;;85;85;;85
3272;0;;85;0;;85;23.5141;;85;45.5076;;79.2924;0;;85;34.9485;;85;85;;85
3273;0;;85;0;;85;20.0227;;85;45.0321;;79.0637;0;;85;36.3696;;85;85;;85
3274;0;;85;0;;85;16.5313;;85;44.5708;;78.8607;0;;85;37.8181;;85;85;;85
3275;0;;85;0;;85;13.0399;;85;44.1712;;78.6676;0;;85;39.2752;;85;85;;85
3276;0;;85;0;;85;9.5485;;85;43.8929;;78.4776;0;;85;40.7246;;85;85;;85
3277;0;;85;0;;85;6.1231;;85;43.7877;;78.2905;0;;85;42.1701;;85;85;;85
3278;0;;85;0;;85;2.7813;;85;43.9086;;78.1064;0;;85;43.6159;;85;85;;85
3279;0;;85;0;;85;0.5595;;85;44.3275;;77.9251;0;;85;45.0477;;85;85;;85
3280;0;;85;0;;85;0;;85;45.0892;;77.7467;0;;85;45.5361;;85;85;;85
3281;0;;85;0;;85;0;;85;46.1593;;77.5711;0;;85;45.6798;;85;85;;85
3282;0;;85;0;;85;0;;85;47.4114;;77.3982;0;;85;46.6793;;85;85;;85
3283;0;;85;0;;85;0;;85;48.6608;;77.228;0;;85;47.9803;;85;85;;85
3284;0;;85;0;;85;0;;85;49.6911;;77.0605;0;;85;49.3029;;85;85;;85
3285;0;;85;0;;85;0;;85;50.351;;76.8956;0;;85;49.2829;;85;85;;85
3286;0;;85;0;;85;0;;85;50.6012;;76.7332;0;;85;46.8168;;85;85;;85
3287;0;;85;0;;85;0;;85;50.4896;;76.5734;0;;85;43.2379;;85;85;;85
3288;0;;85;0;;85;0;;85;50.1356;;76.4161;0;;85;39.6591;;85;85;;85
3289;0;;85;0;;85;0;;85;49.6621;;76.2612;0;;85;36.0802;;85;85;;85
3290;0;;85;0;;85;0;;85;49.1636;;76.1088;0;;85;32.5014;;85;85;;85
3291;0;;85;0;;85;0;;85;48.6916;;75.9587;0;;85;28.9225;;85;85;;85
3292;0;;85;0;;85;0;;85;48.284;;75.811;0;;85;25.3437;;85;85;;85
3293;0;;85;0;;85;0;;85;47.959;;75.6656;0;;85;21.7648;;85;85;;85
3294;0;;85;0;;85;0;;85;47.7163;;75.5226;0;;85;18.186;;85;85;;85
3295;0;;85;0;;85;0;;85;47.5525;;75.3819;0;;85;14.6071;;85;85;;85
3296;0;;85;0;;85;0;;85;47.4532;;75.2434;0;;85;11.0283;;85;85;;85
3297;0;;85;0;;85;0;;85;47.3928;;75.1072;0;;85;7.4921;;85;85;;85
3298;0;;85;0;;85;0;;85;47.3496;;74.9731;0;;85;4.0301;;85;84.8499;;85
3299;0;;85;0;;85;0;;85;47.3294;;74.8412;0;;85;1.1575;;85;84.4204;;85
3300;0;;85;0;;85;0;;85;47.3455;;74.7113;0;;85;0;;85;83.8623;;85
3301;0;;85;0;;85;0;;85;46.7642;;74.5836;0;;85;0;;85;83.3055;;85
3302;0;;85;0;;85;0;;85;44.3653;;74.4578;0;;85;0;;85;82.7473;;85
3303;0;;85;0;;85;0;;85;40.7653;;74.3341;0;;85;0;;85;82.1694;;85
3304;0;;85;0;;85;0;;85;37.1653;;74.2123;0;;85;0;;85;81.5746;;85
3305;0;;85;0;;85;0;;85;33.7257;;74.0924;0;;85;0;;85;80.9812;;85
3306;0;;85;0;;85;0;;85;32.0344;;73.9745;0;;85;0;;85;80.3999;;85
3307;0;;85;0;;85;0;;85;32.0308;;73.8584;0;;85;0;;85;79.8378;;85
3308;0;;85;0;;85;0;;85;31.5903;;73.7442;0;;85;0;;85;79.2705;;85
3309;0;;85;0;;85;0;;85;30.7368;;73.6317;0;;85;0;;85;78.6869;;85
3310;0;;85;0;;85;0;;85;31.1003;;73.5211;0;;85;0;;85;78.0999;;85
3311;0;;85;0;;85;0;;85;32.48;;73.4122;0;;85;0;;85;77.4935;;85
3312;0;;85;0;;85;0;;85;33.7465;;73.305;0;;85;0;;85;76.842;;85
3313;0;;85;0;;85;0;;85;34.9561;;73.1995;0;;85;0;;85;76.1166;;85
3314;0;;85;0;;85;0;;85;36.131;;73.0957;0;;85;0;;85;75.2955;;85
3315;0;;85;0;;85;0;;85;37.2691;;72.9935;0;;85;0;;85;74.376;;85
3316;0;;85;0;;85;0;;85;38.2133;;72.893;0;;85;0;;85;73.3541;;85
3317;0;;85;0;;85;0;;85;38.2264;;72.794;0;;85;0;;85;72.2613;;85
3318;0;;85;0;;85;0;;85;37.6274;;72.6966;0;;85;0;;85;71.1692;;85
3319;0;;85;0;;85;0;;85;37.8713;;72.6007;0;;85;0;;85;69.7332;;85
3320;0;;85;0;;85;0;;85;38.8649;;72.5064;0;;85;0;;85;67.9332;;85
3321;0;;85;0;;85;0;;85;39.9495;;72.4135;0;;85;0;;85;66.1332;;85
3322;0;;85;0;;85;0;;85;41.0776;;72.3221;0;;85;0;;85;64.3332;;85
3323;0;;85;0;;85;0;;85;42.2222;;72.2321;0;;85;0;;85;62.5332;;85
3324;0;;85;0;;85;0;;85;43.3622;;72.1436;0;;85;0;;85;60.7202;;85
3325;0;;85;0;;85;0;;85;44.4764;;72.0564;0;;85;0;;85;58.7571;;85
3326;0;;85;0;;85;0;;85;45.5646;;71.9707;0;;85;0;;85;56.4412;;85
3327;0;;85;0;;85;0;;85;46.035;;71.8987;0;;85;0;;85;53.6484;;85
3328;0;;85;0;;85;0;;85;44.1743;;71.8674;0;;85;0;;85;50.3452;;85
3329;0;;85;0;;85;0;;85;40.5875;;71.8886;0;;85;0;;85;47.24;;85
3330;0;;85;0;;85;0;;85;37.0007;;71.9597;0;;85;0;;85;45.8292;;85
3331;0;;85;0;;85;0;;85;33.4139;;72.08;0;;85;0;;85;45.841;;85
3332;0;;85;0;;85;0;;85;29.8271;;72.2487;0;;85;0;;85;45.9674;;85
3333;0;;85;0;;85;0;;85;26.2403;;72.4653;0;;85;0;;85;46;;85
3334;0;;85;0;;85;0;;85;22.6535;;72.7292;0;;85;0;;85;45.9932;;85
3335;0;;85;0;;85;0;;85;19.0666;;73.0397;0;;85;0;;85;45.8822;;85
3336;0;;85;0;;85;0;;85;15.4798;;73.3957;0;;85;0;;85;45.1463;;85
3337;0;;85;0;;85;0;;85;11.893;;73.7836;0;;85;0;;85;44.2287;;85
3338;0;;85;0;;85;0;;85;8.3294;;74.1747;0;;85;0;;85;43.6302;;85
3339;0;;85;0;;85;0;;85;4.8426;;74.5294;0;;85;0;;85;42.943;;85
3340;0;;85;0;;85;0;;85;1.563;;74.8223;0;;85;0;;85;42.1677;;85
3341;0;;85;0;;85;0;;85;0;;75.0519;0;;85;0;;85;41.3667;;85
3342;0;;85;0;;85;0;;85;0;;75.2258;0;;85;0;;85;40.5872;;85
3343;0;;85;0;;85;0;;85;0;;75.3919;0;;85;0;;85;39.8742;;85
3344;0;;85;0;;85;0;;85;0;;75.5968;0;;85;0;;85;39.2788;;85
3345;0;;85;0;;85;0;;85;0;;75.8441;0;;85;0;;85;38.8466;;85
3346;0;;85;0;;85;0;;85;0;;76.1317;0;;85;0;;85;38.6268;;85
3347;0;;85;0;;85;0;;85;0;;76.4609;0;;85;0;;85;38.6795;;85
3348;0;;85;0;;85;0;;85;0;;76.8578;0;;85;0;;85;39.0461;;85
3349;0;;85;0;;85;0;;85;0;;77.3507;0;;85;0;;85;39.7182;;85
3350;0;;85;0;;85;0;;85;0;;77.9422;0;;85;0;;85;40.6313;;85
3351;0;;85;0;;85;0;;85;0;;78.6234;0;;85;0;;85;41.6665;;85
3352;0;;85;0;;85;0;;85;0;;79.3478;0;;85;0;;85;42.6758;;85
3353;0;;85;0;;85;0;;85;0;;80.0686;0;;85;0;;85;43.4875;;85
3354;0;;85;0;;85;0;;85;0;;80.778;0;;85;0;;85;43.9696;;85
3355;0;;85;0;;85;0;;85;0;;81.4761;0;;85;0;;85;44.0934;;85
3356;0;;85;0;;85;0;;85;0;;82.1631;0;;85;0;;85;43.8967;;85
3357;0;;85;0;;85;0;;85;0;;82.8392;0;;85;0;;85;43.446;;85
3358;0;;85;0;;85;0;;85;0;;83.2987;0;;85;0;;85;42.8271;;85
3359;0;;85;0;;85;0;;85;0;;83.28;0;;85;0;;85;42.1341;;85
3360;0;;85;0;;85;0;;85;0;;83.1333;0;;85;0;;85;41.4269;;85
3361;0;;85;0;;85;0;;85;0;;83.3898;0;;85;0;;85;40.7335;;85
3362;0;;85;0;;85;0;;85;0;;83.929;0;;85;0;;85;40.0827;;85
3363;0;;85;0;;85;0;;85;0;;84.485;0;;85;0;;85;39.4925;;85
3364;0;;85;0;;85;0;;85;0;;84.8811;0;;85;0;;85;38.9645;;85
3365;0;;85;0;;85;0;;85;0;;85;0;;85;0;;85;38.5001;;85
3366;0;;85;0;;85;0;;85;0;;85;0;;85;0;;85;38.0955;;85
3367;0;;85;0;;85;0;;85;0;;85;0;;85;0;;85;37.7402;;85
3368;0;;85;0;;85;0;;85;0;;85;0;;85;0;;85;37.4206;;85
3369;0;;85;0;;85;0;;85;0;;85;0;;85;0;;85;37.1147;;85
3370;0;;85;0;;85;0;;85;0;;85;0;;85;0;;85;36.8158;;85
3371;0;;85;0;;85;0;;85;0;;85;0;;85;0;;85;36.5406;;85
3372;0;;85;0;;85;0;;85;0;;85;0;;85;0;;85;36.2911;;85
3373;0;;85;0;;85;0;;85;0;;85;0;;85;0;;85;36.0663;;85
3374;0;;85;0;;85;0;;85;0;;85;0;;85;0;;85;35.2844;;85
3375;0;;85;0;;85;0;;85;0;;85;0;;85;0;;85;34.6189;;85
3376;0;;85;0;;85;0;;85;0;;85;0;;85;0;;85;34.822;;85
3377;0;;85;0;;85;0;;85;0;;85;0;;85;0;;85;35.2685;;85
3378;0;;85;0;;85;0;;85;0;;85;0;;85;0;;85;34.3479;;84.9754
3379;0;;85;0;;85;0;;85;0;;85;0;;85;0;;85;32.586;;84.8809
3380;0;;85;0;;85;0;;85;0;;85;0;;85;0;;85;32.0508;;84.7043
3381;0;;85;0;;85;0;;85;0;;85;0;;85;0;;85;32.37;;84.4591
3382;0;;85;0;;85;0;;85;0;;85;0;;85;0;;85;32.9713;;84.1557
3383;0;;85;0;;85;0;;85;0;;85;0;;85;0;;85;33.6462;;83.8127
3384;0;;85;0;;85;0;;85;0;;85;0;;85;0;;85;34.3322;;83.4353
3385;0;;85;0;;85;0;;85;0;;85;0;;85;0;;85;35.0205;;83.0049
3386;0;;85;0;;85;0;;85;0;;85;0;;85;0;;85;35.7223;;82.5296
3387;0;;85;0;;85;0;;85;0;;85;0;;85;0;;85;36.4586;;82.0427
3388;0;;85;0;;85;0;;85;0;;85;0;;85;0;;85;37.2382;;81.5602
3389;0;;85;0;;85;0;;85;0;;85;0;;85;0;;85;38.0552;;81.082
3390;0;;85;0;;85;0;;85;0;;85;0;;85;0;;85;38.9037;;80.608
3391;0;;85;0;;85;0;;85;0;;85;0;;85;0;;85;39.7861;;80.1383
3392;0;;85;0;;85;0;;85;0;;85;0;;85;0;;85;40.697;;79.6732
3393;0;;85;0;;85;0;;85;0;;85;0;;85;0;;85;41.6155;;79.2373
3394;0;;85;0;;85;0;;85;0;;85;0;;85;0;;85;42.5422;;78.8561
3395;0;;85;0;;85;0;;85;0;;85;0;;85;0;;85;43.2128;;78.5205
3396;0;;85;0;;85;0;;85;0;;85;0;;85;0;;85;43.3276;;78.2115
3397;0;;85;0;;85;0;;85;0;;85;0;;85;0;;85;43.5434;;77.928
3398;0;;85;0;;85;0;;85;0;;85;0;;85;0;;85;44.226;;77.6627
3399;0;;85;0;;85;0;;85;0;;85;0;;85;0;;85;44.9959;;77.4003
3400;0;;85;0;;85;0;;85;0;;85;0;;85;0;;85;44.9398;;77.1402
3401;0;;85;0;;85;0;;85;0;;85;0;;85;0;;85;42.7404;;76.8823
3402;0;;85;0;;85;0;;85;0;;85;0;;85;0;;85;39.2341;;76.6259
3403;0;;85;0;;85;0;;85;0;;85;0;;85;0;;85;35.7277;;76.3702
3404;0;;85;0;;85;0;;85;0;;85;0;;85;0;;85;32.2214;;76.1148
3405;0;;85;0;;85;0;;85;0;;85;0;;85;0;;85;28.715;;75.8599
3406;0;;85;0;;85;0;;85;0;;85;0;;85;0;;85;25.2087;;75.6055
3407;0;;85;0;;85;0;;85;0;;85;0;;85;0;;85;21.7023;;75.3514
3408;0;;85;0;;85;0;;85;0;;85;0;;85;0;;85;18.196;;75.0978
3409;0;;85;0;;85;0;;84.9922;0;;85;0;;85;0;;85;14.6896;;74.8445
3410;0;;85;0;;85;0;;84.9584;0;;85;0;;85;0;;85;11.1833;;74.5917
3411;0;;85;0;;85;0;;84.8916;0;;85;0;;85;0;;85;7.7102;;74.3393
3412;0;;85;0;;85;0;;84.801;0;;85;0;;85;0;;85;4.3133;;74.0873
3413;0;;85;0;;85;0;;84.7023;0;;85;0;;85;0;;85;1.3182;;73.8357
3414;;;85;;;85;;;84.6049;;;85;;;85;;;85;0;;73.5845
3415;;;85;;;85;;;84.509;;;85;;;85;;;85;0;;73.3336
3416;;;85;;;85;;;84.4145;;;85;;;85;;;85;;;73.0832
3417;;;85;;;85;;;84.3217;;;85;;;85;;;85;;;72.8332
3418;;;85;;;85;;;84.2427;;;85;;;85;;;85;;;72.5835
3419;;;85;;;85;;;84.1832;;;85;;;85;;;85;;;72.3343
3420;;;85;;;85;;;84.1306;;;85;;;85;;;85;;;72.0854
3421;;;85;;;85;;;84.0788;;;85;;;85;;;85;;;71.8369
3422;;;85;;;85;;;84.0277;;;85;;;85;;;85;;;71.5887
3423;;;85;;;85;;;83.9773;;;85;;;85;;;85;;;71.341
3424;;;85;;;85;;;83.9277;;;85;;;85;;;85;;;71.0936
3425;;;85;;;85;;;83.8788;;;85;;;85;;;85;;;70.8465
3426;;;85;;;85;;;83.8306;;;85;;;85;;;85;;;70.5999
3427;;;85;;;85;;;83.783;;;85;;;85;;;85;;;70.3535
3428;;;85;;;85;;;83.7362;;;85;;;85;;;85;;;70.1076
3429;;;85;;;85;;;83.6901;;;85;;;85;;;85;;;69.862
3430;;;85;;;85;;;83.6446;;;85;;;85;;;85;;;69.6167
3431;;;85;;;85;;;83.5997;;;85;;;85;;;85;;;69.3717
3432;;;85;;;85;;;83.5555;;;85;;;85;;;85;;;69.1271
3433;;;85;;;85;;;83.5119;;;85;;;85;;;85;;;68.8828
3434;;;85;;;85;;;83.469;;;85;;;85;;;85;;;68.6388
3435;;;85;;;85;;;83.4267;;;85;;;85;;;85;;;68.3951
3436;;;85;;;85;;;83.385;;;85;;;85;;;85;;;68.1517
3437;;;85;;;85;;;83.3439;;;85;;;85;;;85;;;67.9086
3438;;;85;;;85;;;83.3033;;;85;;;85;;;85;;;67.6658
3439;;;85;;;85;;;83.2634;;;85;;;85;;;85;;;67.4234
3440;;;85;;;85;;;83.224;;;85;;;85;;;85;;;67.1812
3441;;;85;;;85;;;83.185;;;85;;;85;;;85;;;66.9393
3442;;;85;;;85;;;83.1464;;;85;;;85;;;85;;;66.6977
3443;;;85;;;85;;;83.1079;;;85;;;85;;;85;;;66.4564
3444;;;85;;;85;;;83.0712;;;85;;;85;;;85;;;66.2154
3445;;;85;;;85;;;83.0536;;;85;;;85;;;85;;;65.9747
3446;;;85;;;85;;;83.0781;;;85;;;85;;;85;;;65.7343
3447;;;85;;;85;;;83.1501;;;85;;;85;;;85;;;65.4941
3448;;;85;;;85;;;83.268;;;85;;;85;;;85;;;65.2543
3449;;;85;;;85;;;83.4311;;;85;;;85;;;85;;;65.0146
3450;;;85;;;85;;;83.6384;;;85;;;85;;;85;;;64.7753
3451;;;85;;;85;;;83.8889;;;85;;;85;;;85;;;64.5362
3452;;;85;;;85;;;84.1841;;;85;;;85;;;85;;;64.2974
3453;;;85;;;85;;;84.5227;;;85;;;85;;;85;;;64.0601
3454;;;85;;;85;;;84.851;;;85;;;85;;;85;;;63.8482
3455;;;85;;;85;;;85;;;85;;;85;;;85;;;63.6842
3456;;;85;;;85;;;85;;;85;;;85;;;85;;;63.5664
3457;;;85;;;85;;;85;;;85;;;85;;;85;;;63.4929
3458;;;85;;;85;;;85;;;85;;;85;;;85;;;63.4638
3459;;;85;;;85;;;85;;;85;;;85;;;85;;;63.4796
3460;;;85;;;85;;;85;;;85;;;85;;;85;;;63.5405
3461;;;85;;;85;;;85;;;85;;;85;;;85;;;63.6457
3462;;;85;;;85;;;85;;;85;;;85;;;85;;;63.795
3463;;;85;;;85;;;85;;;85;;;85;;;85;;;63.9907
3464;;;85;;;85;;;85;;;85;;;85;;;85;;;64.232
3465;;;85;;;85;;;85;;;85;;;85;;;85;;;64.5009
3466;;;85;;;85;;;85;;;85;;;85;;;85;;;64.7741
3467;;;85;;;85;;;85;;;85;;;85;;;85;;;65.0219
3468;;;85;;;85;;;85;;;85;;;85;;;85;;;65.2186
3469;;;85;;;85;;;85;;;85;;;85;;;85;;;65.3624
3470;;;85;;;85;;;85;;;85;;;85;;;85;;;65.4548
3471;;;85;;;85;;;85;;;85;;;85;;;85;;;65.5134
3472;;;85;;;85;;;85;;;85;;;85;;;85;;;65.5862
3473;;;85;;;85;;;85;;;85;;;85;;;85;;;65.702
3474;;;85;;;85;;;85;;;85;;;85;;;85;;;65.8582
3475;;;85;;;85;;;85;;;85;;;85;;;85;;;66.0532
3476;;;85;;;85;;;85;;;85;;;85;;;85;;;66.2866
3477;;;85;;;85;;;85;;;85;;;85;;;85;;;66.5692
3478;;;85;;;85;;;85;;;85;;;85;;;85;;;66.931
3479;;;85;;;85;;;85;;;85;;;85;;;85;;;67.3888
3480;;;85;;;85;;;85;;;85;;;85;;;85;;;67.9406
3481;;;85;;;85;;;85;;;85;;;85;;;85;;;68.5793
3482;;;85;;;85;;;85;;;85;;;85;;;85;;;69.2627
3483;;;85;;;85;;;85;;;85;;;85;;;85;;;69.951
3484;;;85;;;85;;;85;;;85;;;85;;;85;;;70.6383
3485;;;85;;;85;;;85;;;85;;;85;;;85;;;71.3248
3486;;;85;;;85;;;85;;;85;;;85;;;85;;;72.0102
3487;;;85;;;85;;;85;;;85;;;85;;;85;;;72.6947
3488;;;85;;;85;;;85;;;85;;;85;;;85;;;73.3782
3489;;;85;;;85;;;85;;;85;;;85;;;85;;;74.0607
3490;;;85;;;85;;;85;;;85;;;85;;;85;;;74.7421
3491;;;85;;;85;;;85;;;85;;;85;;;85;;;75.4225
3492;;;85;;;85;;;85;;;85;;;85;;;85;;;76.1019
3493;;;85;;;85;;;85;;;85;;;85;;;85;;;76.7799
3494;;;85;;;85;;;85;;;85;;;85;;;85;;;77.4552
3495;;;85;;;85;;;85;;;85;;;85;;;84.9986;;;78.1256
3496;;;85;;;85;;;85;;;85;;;85;;;84.9778;;;78.7902
3497;;;85;;;85;;;85;;;85;;;85;;;84.9163;;;79.449
3498;;;85;;;85;;;85;;;85;;;85;;;84.8123;;;80.102
3499;;;85;;;85;;;85;;;85;;;85;;;84.6714;;;80.7492
3500;;;85;;;85;;;85;;;85;;;85;;;84.5098;;;81.3906
3501;;;85;;;85;;;85;;;85;;;85;;;84.3447;;;82.0264
3502;;;85;;;85;;;85;;;85;;;85;;;84.18;;;82.6565
3503;;;85;;;85;;;85;;;85;;;85;;;84.0159;;;83.2809
3504;;;85;;;85;;;85;;;85;;;85;;;83.8521;;;83.8998
3505;;;85;;;85;;;85;;;85;;;85;;;83.6907;;;84.5131
3506;;;85;;;85;;;85;;;85;;;85;;;83.5459;;;84.786
3507;;;85;;;85;;;85;;;85;;;85;;;83.4184;;;84.8671
3508;;;85;;;85;;;85;;;85;;;85;;;83.294;;;84.9903
3509;;;85;;;85;;;85;;;85;;;85;;;83.1699;;;85
3510;;;85;;;85;;;85;;;85;;;85;;;83.0461;;;85
3511;;;85;;;85;;;85;;;85;;;85;;;82.9227;;;85
3512;;;85;;;85;;;85;;;85;;;85;;;82.7996;;;85
3513;;;85;;;85;;;85;;;85;;;85;;;82.6769;;;85
3514;;;85;;;85;;;85;;;85;;;85;;;82.5545;;;85
3515;;;85;;;85;;;85;;;85;;;85;;;82.4324;;;85
3516;;;85;;;85;;;85;;;85;;;85;;;82.3107;;;85
3517;;;85;;;85;;;85;;;85;;;85;;;82.1893;;;85
3518;;;85;;;85;;;85;;;85;;;85;;;82.0683;;;85
3519;;;85;;;85;;;85;;;85;;;85;;;81.9476;;;85
3520;;;85;;;85;;;85;;;85;;;85;;;81.8272;;;85
3521;;;85;;;85;;;85;;;85;;;85;;;81.7071;;;85
3522;;;85;;;85;;;85;;;85;;;85;;;81.5874;;;85
3523;;;85;;;85;;;85;;;85;;;85;;;81.4679;;;85
3524;;;85;;;85;;;85;;;85;;;85;;;81.3489;;;85
3525;;;85;;;85;;;85;;;85;;;85;;;81.2301;;;85
3526;;;85;;;85;;;85;;;85;;;85;;;81.1116;;;85
3527;;;85;;;85;;;85;;;85;;;85;;;80.9935;;;85
3528;;;85;;;85;;;85;;;85;;;85;;;80.8757;;;85
3529;;;85;;;85;;;85;;;85;;;85;;;80.7582;;;85
3530;;;85;;;85;;;85;;;85;;;85;;;80.641;;;85
3531;;;85;;;85;;;85;;;85;;;85;;;80.5241;;;85
3532;;;85;;;85;;;85;;;85;;;85;;;80.4076;;;85
3533;;;85;;;85;;;85;;;85;;;85;;;80.3046;;;85
3534;;;85;;;85;;;85;;;85;;;85;;;80.2378;;;85
3535;;;85;;;85;;;85;;;85;;;85;;;80.2161;;;85
3536;;;85;;;85;;;85;;;85;;;85;;;80.2397;;;85
3537;;;85;;;85;;;85;;;85;;;85;;;80.3083;;;85
3538;;;85;;;85;;;85;;;85;;;85;;;80.4223;;;85
3539;;;85;;;85;;;85;;;85;;;85;;;80.582;;;85
3540;;;85;;;85;;;85;;;85;;;85;;;80.787;;;85
3541;;;85;;;85;;;85;;;85;;;85;;;81.0366;;;85
3542;;;85;;;85;;;85;;;85;;;85;;;81.3286;;;85
3543;;;85;;;85;;;85;;;85;;;85;;;81.653;;;85
3544;;;85;;;85;;;85;;;85;;;85;;;82.0102;;;85
3545;;;85;;;85;;;85;;;85;;;85;;;82.4073;;;85
3546;;;85;;;85;;;85;;;85;;;85;;;82.8437;;;85
3547;;;85;;;85;;;85;;;85;;;85;;;83.3192;;;85
3548;;;85;;;85;;;85;;;85;;;85;;;83.8328;;;85
3549;;;85;;;85;;;85;;;85;;;85;;;84.3853;;;85
3550;;;85;;;85;;;85;;;85;;;85;;;84.8357;;;85
3551;;;85;;;85;;;85;;;85;;;85;;;85;;;85
3552;;;85;;;85;;;85;;;85;;;85;;;85;;;85
3553;;;85;;;85;;;85;;;85;;;85;;;85;;;85
3554;;;85;;;85;;;85;;;85;;;85;;;85;;;85
3555;;;85;;;85;;;85;;;85;;;85;;;85;;;85
3556;;;85;;;85;;;85;;;85;;;85;;;85;;;85
3557;;;85;;;85;;;85;;;85;;;85;;;85;;;85
3558;;;85;;;85;;;85;;;85;;;85;;;85;;;85
3559;;;85;;;85;;;85;;;85;;;85;;;85;;;85
3560;;;85;;;85;;;85;;;85;;;85;;;85;;;85
3561;;;85;;;85;;;85;;;85;;;85;;;85;;;85
3562;;;85;;;85;;;85;;;85;;;85;;;85;;;85
3563;;;85;;;85;;;85;;;85;;;85;;;85;;;85
3564;;;85;;;85;;;85;;;85;;;85;;;85;;;85
3565;;;85;;;85;;;85;;;85;;;85;;;85;;;85
3566;;;85;;;85;;;85;;;85;;;85;;;85;;;85
3567;;;85;;;85;;;85;;;85;;;85;;;85;;;85
3568;;;85;;;85;;;85;;;85;;;85;;;85;;;85
3569;;;85;;;85;;;85;;;85;;;85;;;85;;;85
3570;;;85;;;85;;;85;;;85;;;85;;;85;;;85
3571;;;85;;;85;;;85;;;85;;;85;;;85;;;85
3572;;;85;;;85;;;85;;;85;;;85;;;85;;;85
3573;;;85;;;85;;;85;;;85;;;85;;;85;;;85
3574;;;85;;;85;;;85;;;85;;;85;;;85;;;85
3575;;;85;;;85;;;85;;;85;;;85;;;85;;;85
3576;;;85;;;85;;;85;;;85;;;85;;;85;;;85
3577;;;85;;;85;;;85;;;85;;;85;;;85;;;85
3578;;;85;;;85;;;85;;;85;;;85;;;85;;;85
3579;;;85;;;85;;;85;;;85;;;85;;;85;;;85
3580;;;85;;;85;;;85;;;85;;;85;;;85;;;85
3581;;;85;;;85;;;85;;;85;;;85;;;85;;;85
3582;;;85;;;85;;;85;;;85;;;85;;;85;;;85
3583;;;85;;;85;;;85;;;85;;;85;;;85;;;85
3584;;;85;;;85;;;85;;;85;;;85;;;85;;;85
3585;;;85;;;85;;;85;;;85;;;85;;;85;;;85
3586;;;85;;;85;;;85;;;85;;;85;;;85;;;85
3587;;;85;;;85;;;85;;;85;;;85;;;85;;;85
3588;;;85;;;85;;;85;;;85;;;85;;;85;;;85
3589;;;85;;;85;;;85;;;85;;;85;;;85;;;85
3590;;;85;;;85;;;85;;;85;;;85;;;85;;;85
3591;;;85;;;85;;;85;;;85;;;85;;;85;;;85
3592;;;85;;;85;;;85;;;84.9926;;;85;;;85;;;85
3593;;;85;;;85;;;85;;;84.9504;;;85;;;85;;;85
3594;;;85;;;85;;;85;;;84.8506;;;85;;;85;;;85
3595;;;85;;;85;;;85;;;84.6835;;;85;;;85;;;85
3596;;;85;;;85;;;85;;;84.4507;;;85;;;85;;;85
3597;;;85;;;85;;;85;;;84.164;;;85;;;85;;;85
3598;;;85;;;85;;;85;;;83.8384;;;85;;;85;;;85
3599;;;85;;;85;;;85;;;83.4888;;;85;;;85;;;85
3600;;;85;;;85;;;85;;;83.13;;;85;;;85;;;85
3601;;;85;;;85;;;85;;;82.7734;;;85;;;85;;;85
3602;;;85;;;85;;;85;;;82.4186;;;85;;;85;;;85
3603;;;85;;;85;;;85;;;82.0654;;;85;;;85;;;85
3604;;;85;;;85;;;85;;;81.7139;;;85;;;85;;;85
3605;;;85;;;85;;;85;;;81.3711;;;85;;;85;;;85
3606;;;85;;;85;;;85;;;81.0486;;;85;;;85;;;85
3607;;;85;;;85;;;85;;;80.7394;;;85;;;85;;;85
3608;;;85;;;85;;;85;;;80.4318;;;85;;;85;;;85
3609;;;85;;;85;;;85;;;80.1256;;;85;;;85;;;85
3610;;;85;;;85;;;85;;;79.8208;;;85;;;85;;;85
3611;;;85;;;85;;;85;;;79.5174;;;85;;;85;;;85
3612;;;85;;;85;;;85;;;79.2153;;;85;;;85;;;85
3613;;;85;;;85;;;85;;;78.9146;;;85;;;85;;;85
3614;;;85;;;85;;;85;;;78.6152;;;85;;;85;;;85
3615;;;85;;;85;;;85;;;78.3172;;;85;;;85;;;85
3616;;;85;;;85;;;85;;;78.0204;;;85;;;85;;;85
3617;;;85;;;85;;;85;;;77.725;;;85;;;85;;;85
3618;;;85;;;85;;;85;;;77.4309;;;85;;;85;;;85
3619;;;85;;;85;;;85;;;77.138;;;85;;;85;;;85
3620;;;85;;;85;;;85;;;76.8465;;;85;;;85;;;85
3621;;;85;;;85;;;85;;;76.5562;;;85;;;85;;;85
3622;;;85;;;85;;;85;;;76.2672;;;85;;;85;;;84.9921
3623;;;85;;;85;;;85;;;75.9794;;;85;;;85;;;84.9783
3624;;;85;;;85;;;85;;;75.6929;;;85;;;85;;;84.9673
3625;;;85;;;85;;;85;;;75.4076;;;85;;;85;;;84.957
3626;;;85;;;85;;;85;;;75.1235;;;85;;;85;;;84.9469
3627;;;85;;;85;;;85;;;74.8406;;;85;;;85;;;84.9368
3628;;;85;;;85;;;85;;;74.5589;;;85;;;85;;;84.9267
3629;;;85;;;85;;;85;;;74.2784;;;85;;;85;;;84.9166
3630;;;85;;;85;;;85;;;73.999;;;85;;;85;;;84.9066
3631;;;85;;;85;;;85;;;73.7208;;;85;;;85;;;84.8965
3632;;;85;;;85;;;85;;;73.4437;;;85;;;85;;;84.8865
3633;;;85;;;85;;;85;;;72.7832;;;85;;;85;;;84.8765
3634;;;85;;;85;;;85;;;71.7051;;;85;;;85;;;84.8666
3635;;;85;;;85;;;85;;;71.1099;;;85;;;85;;;84.8566
3636;;;85;;;85;;;85;;;71.1037;;;85;;;85;;;84.8467
3637;;;85;;;85;;;85;;;71.1893;;;85;;;85;;;84.8368
3638;;;85;;;85;;;85;;;71.3139;;;85;;;85;;;84.8269
3639;;;85;;;85;;;85;;;71.4769;;;85;;;85;;;84.817
3640;;;85;;;85;;;85;;;71.6776;;;85;;;85;;;84.8071
3641;;;85;;;85;;;85;;;71.9157;;;85;;;85;;;84.7973
3642;;;85;;;85;;;85;;;72.1907;;;85;;;85;;;84.7875
3643;;;85;;;85;;;85;;;72.5022;;;85;;;85;;;84.7777
3644;;;85;;;85;;;85;;;72.8487;;;85;;;85;;;84.7679
3645;;;85;;;85;;;85;;;73.2207;;;85;;;85;;;84.7581
3646;;;85;;;85;;;85;;;73.6155;;;85;;;85;;;84.7484
3647;;;85;;;85;;;85;;;74.0393;;;85;;;85;;;84.7387
3648;;;85;;;85;;;85;;;74.4926;;;85;;;85;;;84.729
3649;;;85;;;85;;;85;;;74.9749;;;85;;;85;;;84.7193
3650;;;85;;;85;;;85;;;75.4858;;;85;;;85;;;84.7096
3651;;;85;;;85;;;85;;;76.0248;;;85;;;85;;;84.7
3652;;;85;;;85;;;85;;;76.5919;;;85;;;85;;;84.6903
3653;;;85;;;85;;;85;;;77.1868;;;85;;;85;;;84.6807
3654;;;85;;;85;;;85;;;77.8045;;;85;;;85;;;84.6711
3655;;;85;;;85;;;85;;;78.4266;;;85;;;85;;;84.6616
3656;;;85;;;85;;;85;;;79.0396;;;85;;;85;;;84.652
3657;;;85;;;85;;;85;;;79.643;;;85;;;85;;;84.6425
3658;;;85;;;85;;;85;;;80.2369;;;85;;;85;;;84.633
3659;;;85;;;85;;;85;;;80.8214;;;85;;;85;;;84.635
3660;;;85;;;85;;;85;;;81.3966;;;85;;;85;;;84.6739
3661;;;85;;;85;;;85;;;81.9627;;;85;;;85;;;84.7643
3662;;;85;;;85;;;85;;;82.5197;;;85;;;85;;;84.9051
3663;;;85;;;85;;;85;;;83.0679;;;85;;;85;;;84.9937
3664;;;85;;;85;;;85;;;83.4012;;;85;;;85;;;85
3665;;;85;;;85;;;85;;;83.2573;;;85;;;85;;;85
3666;;;85;;;85;;;85;;;82.9871;;;85;;;85;;;85
3667;;;85;;;85;;;85;;;83.1213;;;85;;;85;;;85
3668;;;85;;;85;;;85;;;83.5392;;;85;;;85;;;85
3669;;;85;;;85;;;85;;;83.9758;;;85;;;85;;;85
3670;;;85;;;85;;;85;;;84.4093;;;85;;;85;;;85
3671;;;85;;;85;;;85;;;84.8042;;;85;;;85;;;85
3672;;;85;;;85;;;85;;;84.9917;;;85;;;85;;;85
3673;;;85;;;85;;;85;;;85;;;85;;;85;;;85
3674;;;85;;;85;;;85;;;85;;;85;;;85;;;85
3675;;;85;;;85;;;85;;;85;;;85;;;85;;;85
3676;;;85;;;85;;;85;;;85;;;85;;;85;;;85
3677;;;85;;;85;;;85;;;85;;;85;;;85;;;85
3678;;;85;;;85;;;85;;;85;;;85;;;85;;;85
3679;;;85;;;85;;;85;;;85;;;85;;;85;;;85
3680;;;85;;;85;;;85;;;85;;;85;;;85;;;85
3681;;;85;;;85;;;85;;;85;;;85;;;85;;;85
3682;;;85;;;85;;;85;;;85;;;85;;;85;;;85
3683;;;85;;;85;;;85;;;85;;;85;;;85;;;85
3684;;;85;;;85;;;85;;;85;;;85;;;85;;;85
3685;;;85;;;85;;;85;;;85;;;85;;;85;;;85
3686;;;85;;;85;;;85;;;85;;;85;;;85;;;85
3687;;;85;;;85;;;85;;;85;;;85;;;85;;;85
3688;;;85;;;85;;;85;;;85;;;85;;;85;;;85
3689;;;85;;;85;;;85;;;85;;;85;;;85;;;85
3690;;;85;;;85;;;85;;;85;;;85;;;85;;;85
3691;;;85;;;85;;;85;;;85;;;85;;;85;;;85
3692;;;85;;;85;;;85;;;85;;;85;;;85;;;85
3693;;;85;;;85;;;85;;;85;;;85;;;85;;;85
3694;;;85;;;85;;;85;;;85;;;85;;;85;;;85
3695;;;85;;;85;;;85;;;85;;;85;;;85;;;85
3696;;;85;;;85;;;85;;;85;;;85;;;85;;;85
3697;;;85;;;85;;;85;;;85;;;85;;;85;;;85
3698;;;85;;;85;;;85;;;85;;;85;;;85;;;85
3699;;;85;;;85;;;85;;;85;;;85;;;85;;;85
3700;;;85;;;85;;;85;;;85;;;85;;;85;;;85
3701;;;85;;;85;;;85;;;85;;;85;;;85;;;85
3702;;;85;;;85;;;85;;;85;;;85;;;85;;;85
3703;;;85;;;85;;;85;;;85;;;85;;;85;;;85
3704;;;85;;;85;;;85;;;85;;;85;;;85;;;85
3705;;;85;;;85;;;85;;;85;;;85;;;85;;;85
3706;;;85;;;85;;;85;;;85;;;85;;;85;;;85
3707;;;85;;;85;;;85;;;85;;;85;;;85;;;85
3708;;;85;;;85;;;85;;;85;;;85;;;85;;;85
3709;;;85;;;85;;;85;;;85;;;85;;;85;;;85
3710;;;85;;;85;;;85;;;85;;;85;;;85;;;85
3711;;;85;;;85;;;85;;;85;;;85;;;85;;;85
3712;;;85;;;85;;;85;;;85;;;85;;;85;;;85
3713;;;85;;;85;;;85;;;85;;;85;;;85;;;85
3714;;;85;;;85;;;85;;;85;;;85;;;85;;;85
3715;;;85;;;85;;;85;;;85;;;85;;;85;;;85
3716;;;85;;;85;;;85;;;85;;;85;;;85;;;85
3717;;;85;;;85;;;85;;;85;;;85;;;85;;;85
3718;;;85;;;85;;;85;;;85;;;85;;;85;;;85
3719;;;85;;;85;;;85;;;85;;;85;;;85;;;85
3720;;;85;;;85;;;85;;;85;;;85;;;85;;;85
3721;;;85;;;85;;;85;;;85;;;85;;;85;;;85
3722;;;85;;;85;;;85;;;85;;;85;;;85;;;85
3723;;;85;;;85;;;85;;;85;;;85;;;85;;;84.9941
3724;;;85;;;85;;;85;;;85;;;85;;;85;;;84.9629
3725;;;85;;;85;;;85;;;85;;;85;;;85;;;84.8827
3726;;;85;;;85;;;85;;;85;;;85;;;85;;;84.7423
3727;;;85;;;85;;;85;;;85;;;85;;;85;;;84.5338
3728;;;85;;;85;;;85;;;85;;;85;;;85;;;84.2578
3729;;;85;;;85;;;85;;;85;;;85;;;85;;;83.9255
3730;;;85;;;85;;;85;;;85;;;85;;;85;;;83.5517
3731;;;85;;;85;;;85;;;85;;;85;;;85;;;83.1508
3732;;;85;;;85;;;85;;;85;;;85;;;85;;;82.7377
3733;;;85;;;85;;;85;;;85;;;85;;;85;;;82.3252
3734;;;85;;;85;;;85;;;85;;;85;;;85;;;81.9134
3735;;;85;;;85;;;85;;;85;;;85;;;85;;;81.5023
3736;;;85;;;85;;;85;;;85;;;85;;;85;;;81.092
3737;;;85;;;85;;;85;;;85;;;85;;;85;;;80.6886
3738;;;85;;;85;;;85;;;85;;;85;;;85;;;80.3044
3739;;;85;;;85;;;85;;;85;;;85;;;85;;;79.9338
3740;;;85;;;85;;;85;;;85;;;85;;;85;;;79.5642
3741;;;85;;;85;;;85;;;85;;;85;;;85;;;79.1952
3742;;;85;;;85;;;85;;;85;;;85;;;85;;;78.8269
3743;;;85;;;85;;;85;;;85;;;85;;;85;;;78.4592
3744;;;85;;;85;;;85;;;85;;;85;;;85;;;78.0922
3745;;;85;;;85;;;85;;;85;;;85;;;85;;;77.7258
3746;;;85;;;85;;;85;;;85;;;85;;;85;;;77.3599
3747;;;85;;;85;;;85;;;85;;;85;;;85;;;76.9947
3748;;;85;;;85;;;85;;;85;;;85;;;85;;;76.6301
3749;;;85;;;85;;;85;;;85;;;85;;;85;;;76.2661
3750;;;85;;;85;;;85;;;85;;;85;;;85;;;75.9027
3751;;;85;;;85;;;85;;;85;;;85;;;85;;;75.5399
3752;;;85;;;85;;;85;;;85;;;85;;;85;;;75.1776
3753;;;85;;;85;;;85;;;85;;;85;;;85;;;74.816
3754;;;85;;;85;;;85;;;85;;;85;;;85;;;74.4549
3755;;;85;;;85;;;85;;;85;;;85;;;85;;;74.0943
3756;;;85;;;85;;;85;;;85;;;85;;;85;;;73.4529
3757;;;85;;;85;;;85;;;85;;;85;;;85;;;72.7678
3758;;;85;;;85;;;85;;;85;;;85;;;85;;;72.4276
3759;;;85;;;85;;;85;;;85;;;85;;;85;;;72.2088
3760;;;85;;;85;;;85;;;85;;;85;;;85;;;72.0053
3761;;;85;;;85;;;85;;;85;;;85;;;85;;;71.8038
3762;;;85;;;85;;;85;;;85;;;85;;;85;;;71.6026
3763;;;85;;;85;;;85;;;85;;;85;;;85;;;71.4017
3764;;;85;;;85;;;85;;;85;;;85;;;85;;;71.2011
3765;;;85;;;85;;;85;;;85;;;85;;;85;;;71.0009
3766;;;85;;;85;;;85;;;85;;;85;;;85;;;70.8009
3767;;;85;;;85;;;85;;;85;;;85;;;85;;;70.6122
3768;;;85;;;85;;;85;;;85;;;85;;;85;;;70.4539
3769;;;85;;;85;;;85;;;85;;;85;;;85;;;70.3352
3770;;;85;;;85;;;85;;;85;;;85;;;85;;;70.2569
3771;;;85;;;85;;;85;;;85;;;85;;;85;;;70.2191
3772;;;85;;;85;;;85;;;85;;;85;;;85;;;70.2215
3773;;;85;;;85;;;85;;;85;;;85;;;85;;;70.264
3774;;;85;;;85;;;85;;;85;;;85;;;85;;;70.3467
3775;;;85;;;85;;;85;;;85;;;85;;;85;;;70.4694
3776;;;85;;;85;;;85;;;85;;;85;;;85;;;70.6322
3777;;;85;;;85;;;85;;;85;;;85;;;85;;;70.834
3778;;;85;;;85;;;85;;;85;;;85;;;85;;;71.0653
3779;;;85;;;85;;;85;;;85;;;85;;;85;;;71.3244
3780;;;85;;;85;;;85;;;85;;;85;;;85;;;71.6183
3781;;;85;;;85;;;85;;;85;;;85;;;85;;;71.9468
3782;;;85;;;85;;;85;;;85;;;85;;;85;;;72.3098
3783;;;85;;;85;;;85;;;85;;;85;;;85;;;72.7074
3784;;;85;;;85;;;85;;;85;;;85;;;85;;;73.1397
3785;;;85;;;85;;;85;;;85;;;85;;;85;;;73.607
3786;;;85;;;85;;;85;;;85;;;85;;;85;;;74.1097
3787;;;85;;;85;;;85;;;85;;;85;;;85;;;74.6468
3788;;;85;;;85;;;85;;;85;;;85;;;85;;;75.202
3789;;;85;;;85;;;85;;;85;;;85;;;85;;;75.758
3790;;;85;;;85;;;85;;;85;;;85;;;85;;;76.3131
3791;;;85;;;85;;;85;;;85;;;85;;;85;;;76.8671
3792;;;85;;;85;;;85;;;85;;;85;;;85;;;77.4186
3793;;;85;;;85;;;85;;;85;;;85;;;85;;;77.9659
3794;;;85;;;85;;;85;;;85;;;85;;;85;;;78.5084
3795;;;85;;;85;;;85;;;85;;;85;;;85;;;79.0462
3796;;;85;;;85;;;85;;;85;;;85;;;85;;;79.5792
3797;;;85;;;85;;;85;;;85;;;85;;;85;;;80.1076
3798;;;85;;;85;;;85;;;85;;;85;;;85;;;80.6312
3799;;;85;;;85;;;85;;;85;;;85;;;85;;;81.1502
3800;;;85;;;85;;;85;;;85;;;85;;;85;;;81.6646
3801;;;85;;;85;;;85;;;85;;;85;;;85;;;82.1744
3802;;;85;;;85;;;85;;;85;;;85;;;85;;;82.6797
3803;;;85;;;85;;;85;;;85;;;85;;;85;;;83.1804
3804;;;85;;;85;;;85;;;85;;;85;;;85;;;83.6767
3805;;;85;;;85;;;85;;;85;;;85;;;85;;;84.1685
3806;;;85;;;85;;;85;;;85;;;85;;;85;;;84.6558
3807;;;85;;;85;;;85;;;85;;;85;;;85;;;84.8037
3808;;;85;;;85;;;85;;;85;;;85;;;85;;;84.7911
3809;;;85;;;85;;;85;;;85;;;85;;;85;;;84.9366
3810;;;85;;;85;;;85;;;85;;;85;;;85;;;85
3811;;;85;;;85;;;85;;;85;;;85;;;85;;;85
3812;;;85;;;85;;;85;;;85;;;85;;;85;;;85
3813;;;85;;;85;;;85;;;85;;;85;;;85;;;85
3814;;;85;;;85;;;85;;;85;;;85;;;85;;;85
3815;;;85;;;85;;;85;;;85;;;85;;;85;;;85
3816;;;85;;;85;;;85;;;85;;;85;;;85;;;85
3817;;;85;;;85;;;85;;;85;;;85;;;85;;;85
3818;;;85;;;85;;;85;;;85;;;85;;;85;;;85
3819;;;85;;;85;;;85;;;85;;;85;;;85;;;85
3820;;;85;;;85;;;85;;;85;;;85;;;85;;;85
3821;;;85;;;85;;;85;;;85;;;85;;;85;;;85
3822;;;85;;;85;;;85;;;85;;;85;;;85;;;85
3823;;;85;;;85;;;85;;;85;;;85;;;85;;;85
3824;;;85;;;85;;;85;;;85;;;85;;;85;;;85
3825;;;85;;;85;;;85;;;85;;;85;;;85;;;85
3826;;;85;;;85;;;85;;;85;;;85;;;85;;;85
3827;;;85;;;85;;;85;;;85;;;85;;;85;;;85
3828;;;85;;;85;;;85;;;85;;;85;;;85;;;85
3829;;;85;;;85;;;85;;;85;;;85;;;85;;;85
3830;;;85;;;85;;;85;;;85;;;85;;;85;;;85
3831;;;85;;;85;;;85;;;85;;;85;;;85;;;85
3832;;;85;;;85;;;85;;;85;;;85;;;85;;;85
3833;;;85;;;85;;;85;;;85;;;85;;;85;;;85
3834;;;85;;;85;;;85;;;85;;;85;;;85;;;85
3835;;;85;;;85;;;85;;;85;;;85;;;85;;;85
3836;;;85;;;85;;;85;;;85;;;85;;;85;;;85
3837;;;85;;;85;;;85;;;85;;;85;;;85;;;85
3838;;;85;;;85;;;85;;;85;;;85;;;85;;;85
3839;;;85;;;85;;;85;;;85;;;85;;;85;;;85
3840;;;85;;;85;;;85;;;85;;;85;;;85;;;85
3841;;;85;;;85;;;85;;;85;;;85;;;85;;;85
3842;;;85;;;85;;;85;;;85;;;85;;;85;;;85
3843;;;85;;;85;;;85;;;85;;;85;;;85;;;85
3844;;;85;;;85;;;85;;;85;;;85;;;85;;;85
3845;;;85;;;85;;;85;;;85;;;85;;;85;;;85
3846;;;85;;;85;;;85;;;85;;;85;;;85;;;85
3847;;;85;;;85;;;85;;;85;;;85;;;85;;;85
3848;;;85;;;85;;;85;;;85;;;85;;;85;;;85
3849;;;85;;;85;;;85;;;85;;;85;;;85;;;85
3850;;;85;;;85;;;85;;;85;;;85;;;85;;;85
3851;;;85;;;85;;;85;;;85;;;85;;;85;;;85
3852;;;85;;;85;;;85;;;85;;;85;;;85;;;85
3853;;;85;;;85;;;85;;;85;;;85;;;85;;;85
3854;;;85;;;85;;;85;;;85;;;85;;;85;;;85
3855;;;85;;;85;;;85;;;85;;;85;;;85;;;85
3856;;;85;;;85;;;85;;;85;;;85;;;85;;;85
3857;;;85;;;85;;;85;;;85;;;85;;;85;;;85
3858;;;85;;;85;;;85;;;85;;;85;;;85;;;85
3859;;;85;;;85;;;85;;;85;;;85;;;85;;;85
3860;;;85;;;85;;;85;;;85;;;85;;;85;;;85
3861;;;85;;;85;;;85;;;85;;;85;;;85;;;85
3862;;;85;;;85;;;85;;;85;;;85;;;85;;;85
3863;;;85;;;85;;;85;;;85;;;85;;;85;;;85
3864;;;85;;;85;;;85;;;85;;;85;;;85;;;85
3865;;;85;;;85;;;85;;;85;;;85;;;85;;;85
3866;;;85;;;85;;;85;;;85;;;85;;;85;;;85
3867;;;85;;;85;;;85;;;85;;;85;;;85;;;85
3868;;;85;;;85;;;85;;;85;;;85;;;85;;;85
3869;;;85;;;85;;;85;;;85;;;85;;;85;;;85
3870;;;85;;;85;;;85;;;85;;;85;;;85;;;85
3871;;;85;;;85;;;85;;;85;;;85;;;85;;;85
3872;;;85;;;85;;;85;;;85;;;85;;;85;;;85
3873;;;85;;;85;;;85;;;85;;;85;;;85;;;85
3874;;;85;;;85;;;85;;;85;;;85;;;85;;;85
3875;;;85;;;85;;;85;;;85;;;85;;;85;;;85
3876;;;85;;;85;;;85;;;85;;;85;;;85;;;85
3877;;;85;;;85;;;85;;;85;;;85;;;85;;;85
3878;;;85;;;85;;;85;;;85;;;85;;;85;;;85
3879;;;85;;;85;;;85;;;85;;;85;;;85;;;85
3880;;;85;;;85;;;85;;;85;;;85;;;85;;;85
3881;;;85;;;85;;;85;;;85;;;85;;;85;;;85
3882;;;85;;;85;;;85;;;85;;;85;;;85;;;85
3883;;;85;;;85;;;85;;;85;;;85;;;85;;;85
3884;;;85;;;85;;;85;;;85;;;85;;;85;;;85
3885;;;85;;;85;;;85;;;85;;;85;;;85;;;85
3886;;;85;;;85;;;85;;;85;;;85;;;85;;;85
3887;;;85;;;85;;;85;;;85;;;85;;;85;;;85
3888;;;85;;;85;;;85;;;85;;;85;;;85;;;85
3889;;;85;;;85;;;85;;;85;;;85;;;85;;;85
3890;;;85;;;85;;;85;;;85;;;85;;;85;;;85
3891;;;85;;;85;;;85;;;85;;;85;;;85;;;85
3892;;;85;;;85;;;85;;;85;;;85;;;85;;;85
3893;;;85;;;85;;;85;;;85;;;85;;;85;;;85
3894;;;85;;;85;;;85;;;85;;;85;;;85;;;85
3895;;;85;;;85;;;85;;;85;;;85;;;85;;;85
3896;;;85;;;85;;;85;;;85;;;85;;;85;;;85
3897;;;85;;;85;;;85;;;85;;;85;;;85;;;85
3898;;;85;;;85;;;85;;;85;;;85;;;85;;;85
3899;;;85;;;85;;;85;;;85;;;85;;;85;;;85
3900;;;85;;;85;;;85;;;85;;;85;;;85;;;85
3901;;;85;;;85;;;85;;;85;;;85;;;85;;;85
3902;;;85;;;85;;;85;;;85;;;85;;;85;;;85
3903;;;85;;;85;;;85;;;85;;;85;;;85;;;85
3904;;;85;;;85;;;85;;;85;;;85;;;85;;;85
3905;;;85;;;85;;;85;;;85;;;85;;;85;;;85
3906;;;85;;;85;;;85;;;85;;;85;;;85;;;85
3907;;;85;;;85;;;85;;;85;;;85;;;85;;;85
3908;;;85;;;85;;;85;;;85;;;85;;;85;;;85
3909;;;85;;;85;;;85;;;85;;;85;;;85;;;85
3910;;;85;;;85;;;85;;;85;;;85;;;85;;;85
3911;;;85;;;85;;;85;;;85;;;85;;;85;;;85
3912;;;85;;;85;;;85;;;85;;;85;;;85;;;85
3913;;;85;;;85;;;85;;;85;;;85;;;85;;;85
3914;;;85;;;85;;;85;;;85;;;85;;;85;;;85
3915;;;85;;;85;;;85;;;85;;;85;;;85;;;85
3916;;;85;;;85;;;85;;;85;;;85;;;85;;;85
3917;;;85;;;85;;;85;;;85;;;85;;;85;;;85
3918;;;85;;;85;;;85;;;85;;;85;;;85;;;85
3919;;;85;;;85;;;85;;;85;;;85;;;85;;;85
3920;;;85;;;85;;;85;;;85;;;85;;;85;;;85
3921;;;85;;;85;;;85;;;85;;;85;;;85;;;85
3922;;;85;;;85;;;85;;;85;;;85;;;85;;;85
3923;;;85;;;85;;;85;;;85;;;85;;;85;;;85
3924;;;85;;;85;;;85;;;85;;;85;;;85;;;85
3925;;;85;;;85;;;85;;;85;;;85;;;85;;;85
3926;;;85;;;85;;;85;;;85;;;85;;;85;;;85
3927;;;85;;;85;;;85;;;85;;;85;;;85;;;85
3928;;;85;;;85;;;85;;;85;;;85;;;85;;;85
3929;;;85;;;85;;;85;;;85;;;85;;;85;;;85
3930;;;85;;;85;;;85;;;85;;;85;;;85;;;85
3931;;;85;;;85;;;85;;;85;;;85;;;85;;;85
3932;;;85;;;85;;;85;;;85;;;85;;;85;;;85
3933;;;85;;;85;;;85;;;85;;;85;;;85;;;85
3934;;;85;;;85;;;85;;;85;;;85;;;85;;;85
3935;;;85;;;85;;;85;;;85;;;85;;;85;;;85
3936;;;85;;;85;;;85;;;85;;;85;;;85;;;85
3937;;;85;;;85;;;85;;;85;;;85;;;85;;;85
3938;;;85;;;85;;;85;;;85;;;85;;;85;;;85
3939;;;85;;;85;;;85;;;85;;;85;;;85;;;85
3940;;;85;;;85;;;85;;;85;;;85;;;85;;;85
3941;;;85;;;85;;;85;;;85;;;85;;;85;;;85
3942;;;85;;;85;;;85;;;85;;;85;;;85;;;85
3943;;;85;;;85;;;85;;;85;;;85;;;85;;;85
3944;;;85;;;85;;;85;;;85;;;85;;;85;;;85
3945;;;85;;;85;;;85;;;85;;;85;;;85;;;85
3946;;;85;;;85;;;85;;;85;;;85;;;85;;;85
3947;;;85;;;85;;;85;;;85;;;85;;;85;;;85
3948;;;85;;;85;;;85;;;85;;;85;;;85;;;85
3949;;;85;;;85;;;85;;;85;;;85;;;85;;;85
3950;;;85;;;85;;;85;;;85;;;85;;;85;;;85
3951;;;85;;;85;;;85;;;85;;;85;;;85;;;85
3952;;;85;;;85;;;85;;;85;;;85;;;85;;;85
3953;;;85;;;85;;;85;;;85;;;85;;;85;;;85
3954;;;85;;;85;;;85;;;85;;;85;;;85;;;85
3955;;;85;;;85;;;85;;;85;;;85;;;85;;;85
3956;;;85;;;85;;;85;;;85;;;85;;;85;;;85
3957;;;85;;;85;;;85;;;85;;;85;;;85;;;85
3958;;;85;;;85;;;85;;;85;;;85;;;85;;;85
3959;;;85;;;85;;;85;;;85;;;85;;;85;;;85
3960;;;85;;;85;;;85;;;85;;;85;;;85;;;85
3961;;;85;;;85;;;85;;;85;;;85;;;85;;;85
3962;;;85;;;85;;;85;;;85;;;85;;;85;;;85
3963;;;85;;;85;;;85;;;85;;;85;;;85;;;85
3964;;;85;;;85;;;85;;;85;;;85;;;85;;;85
3965;;;85;;;85;;;85;;;85;;;85;;;85;;;85
3966;;;85;;;85;;;85;;;85;;;85;;;85;;;85
3967;;;85;;;85;;;85;;;85;;;85;;;85;;;85
3968;;;85;;;85;;;85;;;85;;;85;;;85;;;85
3969;;;85;;;85;;;85;;;85;;;85;;;85;;;85
3970;;;85;;;85;;;85;;;85;;;85;;;85;;;85
3971;;;85;;;85;;;85;;;85;;;85;;;85;;;85
3972;;;85;;;85;;;85;;;85;;;85;;;85;;;85
3973;;;85;;;85;;;85;;;85;;;85;;;85;;;85
3974;;;85;;;85;;;85;;;85;;;85;;;85;;;85
3975;;;85;;;85;;;85;;;85;;;85;;;85;;;85
3976;;;85;;;85;;;85;;;85;;;85;;;85;;;85
3977;;;85;;;85;;;85;;;85;;;85;;;85;;;85
3978;;;85;;;85;;;85;;;85;;;85;;;85;;;85
3979;;;85;;;85;;;85;;;85;;;85;;;85;;;85
3980;;;85;;;85;;;85;;;85;;;85;;;85;;;85
3981;;;85;;;85;;;85;;;85;;;85;;;85;;;85
3982;;;85;;;85;;;85;;;85;;;85;;;85;;;85
3983;;;85;;;85;;;85;;;85;;;85;;;85;;;85
3984;;;85;;;85;;;85;;;85;;;85;;;85;;;85
3985;;;85;;;85;;;85;;;85;;;85;;;85;;;85
3986;;;85;;;85;;;85;;;85;;;85;;;85;;;85
3987;;;85;;;85;;;85;;;85;;;85;;;85;;;85
3988;;;85;;;85;;;85;;;85;;;85;;;85;;;85
3989;;;85;;;85;;;85;;;85;;;85;;;85;;;85
3990;;;85;;;85;;;85;;;85;;;85;;;85;;;85
3991;;;85;;;85;;;85;;;85;;;85;;;85;;;85
3992;;;85;;;85;;;85;;;85;;;85;;;85;;;85
3993;;;85;;;85;;;85;;;85;;;85;;;85;;;85
3994;;;85;;;85;;;85;;;85;;;85;;;85;;;85
3995;;;85;;;85;;;85;;;85;;;84.9977;;;85;;;85
3996;;;85;;;85;;;85;;;85;;;84.9807;;;85;;;85
3997;;;85;;;85;;;85;;;85;;;84.9284;;;85;;;85
3998;;;85;;;85;;;85;;;85;;;84.8281;;;85;;;85
3999;;;85;;;85;;;85;;;85;;;84.6785;;;85;;;85
4000;;;85;;;85;;;85;;;85;;;84.5037;;;85;;;85
4001;;;85;;;85;;;85;;;85;;;84.3281;;;85;;;85
4002;;;85;;;85;;;85;;;85;;;84.1531;;;85;;;85
4003;;;85;;;85;;;84.9999;;;85;;;83.9788;;;85;;;85
4004;;;85;;;85;;;84.9927;;;85;;;83.8051;;;85;;;85
4005;;;85;;;85;;;84.9554;;;85;;;83.632;;;85;;;85
4006;;;85;;;85;;;84.87;;;85;;;83.4595;;;85;;;85
4007;;;85;;;85;;;84.7353;;;85;;;83.2876;;;85;;;85
4008;;;85;;;85;;;84.5525;;;85;;;83.1163;;;85;;;85
4009;;;85;;;85;;;84.32;;;85;;;82.9456;;;85;;;85
4010;;;85;;;85;;;84.0475;;;85;;;82.7754;;;85;;;85
4011;;;85;;;85;;;83.7629;;;85;;;82.6059;;;85;;;85
4012;;;85;;;85;;;83.4823;;;85;;;82.437;;;85;;;85
4013;;;85;;;85;;;83.2057;;;85;;;82.2686;;;85;;;85
4014;;;85;;;85;;;82.9319;;;85;;;82.1008;;;85;;;85
4015;;;85;;;85;;;82.66;;;85;;;81.9336;;;85;;;85
4016;;;85;;;85;;;82.3899;;;85;;;81.7669;;;85;;;85
4017;;;85;;;85;;;82.1216;;;85;;;81.6008;;;85;;;85
4018;;;85;;;85;;;81.8551;;;85;;;81.4352;;;85;;;85
4019;;;85;;;85;;;81.5903;;;85;;;81.2703;;;85;;;85
4020;;;85;;;85;;;81.3273;;;85;;;81.1058;;;85;;;85
4021;;;85;;;85;;;81.066;;;85;;;80.9419;;;85;;;85
4022;;;85;;;85;;;80.8064;;;85;;;80.7786;;;85;;;85
4023;;;85;;;85;;;80.5485;;;85;;;80.6158;;;85;;;85
4024;;;85;;;85;;;80.2923;;;85;;;80.4536;;;85;;;85
4025;;;85;;;85;;;80.0377;;;85;;;80.2918;;;85;;;85
4026;;;85;;;85;;;79.7848;;;85;;;80.1306;;;85;;;85
4027;;;85;;;85;;;79.5335;;;85;;;79.97;;;85;;;85
4028;;;85;;;85;;;79.2838;;;85;;;79.8098;;;85;;;85
4029;;;85;;;85;;;79.0356;;;85;;;79.6502;;;85;;;85
4030;;;85;;;85;;;78.789;;;85;;;79.4911;;;85;;;85
4031;;;85;;;85;;;78.544;;;85;;;79.3325;;;85;;;85
4032;;;85;;;85;;;78.3005;;;85;;;79.1744;;;85;;;85
4033;;;85;;;85;;;78.0585;;;85;;;79.0168;;;85;;;85
4034;;;85;;;85;;;77.818;;;85;;;78.8598;;;85;;;85
4035;;;85;;;85;;;77.5791;;;85;;;78.7032;;;85;;;85
4036;;;85;;;85;;;77.3416;;;85;;;78.5471;;;85;;;85
4037;;;85;;;85;;;77.1056;;;85;;;78.3915;;;85;;;85
4038;;;85;;;85;;;76.871;;;85;;;78.2364;;;85;;;85
4039;;;85;;;85;;;76.6379;;;85;;;78.0818;;;85;;;85
4040;;;85;;;85;;;76.4062;;;85;;;77.9277;;;85;;;85
4041;;;85;;;85;;;76.176;;;85;;;77.7741;;;85;;;85
4042;;;85;;;85;;;75.9471;;;85;;;77.6209;;;85;;;85
4043;;;85;;;85;;;75.7197;;;85;;;77.4705;;;85;;;85
4044;;;85;;;85;;;75.4936;;;85;;;77.3415;;;85;;;85
4045;;;85;;;85;;;75.269;;;85;;;77.2544;;;85;;;85
4046;;;85;;;85;;;75.0457;;;85;;;77.2253;;;85;;;85
4047;;;85;;;85;;;74.8237;;;85;;;77.2667;;;85;;;85
4048;;;85;;;85;;;74.6031;;;85;;;77.379;;;85;;;85
4049;;;85;;;85;;;74.0239;;;85;;;77.5624;;;85;;;85
4050;;;85;;;85;;;72.8238;;;85;;;77.816;;;85;;;85
4051;;;85;;;85;;;71.8352;;;85;;;78.133;;;85;;;85
4052;;;85;;;85;;;71.6444;;;85;;;78.5036;;;85;;;85
4053;;;85;;;85;;;71.7769;;;85;;;78.9243;;;85;;;85
4054;;;85;;;85;;;71.9068;;;85;;;79.3743;;;85;;;85
4055;;;85;;;85;;;72.0341;;;85;;;79.828;;;85;;;85
4056;;;85;;;85;;;72.1717;;;85;;;80.2803;;;85;;;85
4057;;;85;;;85;;;72.3373;;;85;;;80.7311;;;85;;;85
4058;;;85;;;85;;;72.5459;;;85;;;81.1804;;;85;;;85
4059;;;85;;;85;;;72.8112;;;85;;;81.6283;;;85;;;85
4060;;;85;;;85;;;73.137;;;85;;;82.0747;;;85;;;85
4061;;;85;;;85;;;73.5223;;;85;;;82.5195;;;85;;;85
4062;;;85;;;85;;;73.9659;;;85;;;82.9629;;;85;;;85
4063;;;85;;;85;;;74.4655;;;85;;;83.4048;;;85;;;85
4064;;;85;;;85;;;75.0125;;;85;;;83.8452;;;85;;;85
4065;;;85;;;85;;;75.5975;;;85;;;84.2841;;;85;;;85
4066;;;85;;;85;;;76.2167;;;85;;;84.7214;;;85;;;85
4067;;;85;;;85;;;76.8482;;;85;;;84.9698;;;85;;;85
4068;;;85;;;85;;;77.4689;;;85;;;85;;;85;;;85
4069;;;85;;;85;;;78.0758;;;85;;;85;;;85;;;85
4070;;;85;;;85;;;78.6693;;;85;;;85;;;85;;;85
4071;;;85;;;85;;;79.2495;;;85;;;85;;;85;;;85
4072;;;85;;;85;;;79.8168;;;85;;;85;;;85;;;85
4073;;;85;;;85;;;80.3714;;;85;;;85;;;85;;;85
4074;;;85;;;85;;;80.9136;;;85;;;85;;;85;;;85
4075;;;85;;;85;;;81.4436;;;85;;;85;;;85;;;85
4076;;;85;;;85;;;81.9616;;;85;;;85;;;85;;;85
4077;;;85;;;85;;;82.4679;;;85;;;85;;;85;;;85
4078;;;85;;;85;;;82.9627;;;85;;;85;;;85;;;85
4079;;;85;;;85;;;83.4463;;;85;;;85;;;85;;;85
4080;;;85;;;85;;;83.9167;;;85;;;85;;;85;;;85
4081;;;85;;;85;;;84.3721;;;85;;;85;;;85;;;85
4082;;;85;;;85;;;84.7909;;;85;;;85;;;85;;;85
4083;;;85;;;85;;;84.7119;;;85;;;85;;;85;;;85
4084;;;85;;;85;;;83.9829;;;85;;;85;;;85;;;85
4085;;;85;;;85;;;83.3847;;;85;;;85;;;85;;;85
4086;;;85;;;85;;;83.3935;;;85;;;85;;;85;;;85
4087;;;85;;;85;;;83.7111;;;85;;;85;;;85;;;85
4088;;;85;;;85;;;84.0273;;;85;;;85;;;85;;;85
4089;;;85;;;85;;;84.3221;;;85;;;85;;;85;;;85
4090;;;85;;;85;;;84.5957;;;85;;;85;;;85;;;85
4091;;;85;;;85;;;84.8398;;;85;;;85;;;84.9968;;;85
4092;;;85;;;85;;;84.9772;;;85;;;85;;;84.9756;;;85
4093;;;85;;;85;;;85;;;85;;;85;;;84.9161;;;85
4094;;;85;;;85;;;85;;;85;;;85;;;84.8076;;;85
4095;;;85;;;85;;;85;;;85;;;85;;;84.6474;;;85
4096;;;85;;;85;;;85;;;85;;;85;;;84.4362;;;85
4097;;;85;;;85;;;85;;;85;;;85;;;84.1752;;;85
4098;;;85;;;85;;;85;;;85;;;85;;;83.8635;;;85
4099;;;85;;;85;;;85;;;85;;;85;;;83.514;;;85
4100;;;85;;;85;;;85;;;85;;;85;;;83.1533;;;85
4101;;;85;;;85;;;85;;;85;;;85;;;82.7936;;;85
4102;;;85;;;85;;;85;;;85;;;85;;;82.4348;;;85
4103;;;85;;;85;;;85;;;85;;;85;;;82.0771;;;85
4104;;;85;;;85;;;85;;;85;;;85;;;81.7203;;;85
4105;;;85;;;85;;;85;;;85;;;85;;;81.3646;;;85
4106;;;85;;;85;;;85;;;85;;;85;;;81.0097;;;85
4107;;;85;;;85;;;85;;;85;;;85;;;80.6558;;;85
4108;;;85;;;85;;;85;;;85;;;85;;;80.3029;;;85
4109;;;85;;;85;;;85;;;85;;;85;;;79.9509;;;85
4110;;;85;;;85;;;85;;;85;;;85;;;79.5998;;;85
4111;;;85;;;85;;;85;;;85;;;85;;;79.2496;;;85
4112;;;85;;;85;;;85;;;85;;;85;;;78.9004;;;85
4113;;;85;;;85;;;85;;;85;;;85;;;78.552;;;85
4114;;;85;;;85;;;85;;;85;;;85;;;78.2045;;;85
4115;;;85;;;85;;;85;;;85;;;85;;;77.8579;;;85
4116;;;85;;;85;;;85;;;85;;;85;;;77.5122;;;85
4117;;;85;;;85;;;85;;;85;;;85;;;77.1673;;;85
4118;;;85;;;85;;;85;;;85;;;85;;;76.8233;;;85
4119;;;85;;;85;;;85;;;85;;;85;;;76.4802;;;85
4120;;;85;;;85;;;85;;;85;;;85;;;76.1378;;;85
4121;;;85;;;85;;;85;;;85;;;85;;;75.7963;;;85
4122;;;85;;;85;;;85;;;85;;;85;;;75.4556;;;85
4123;;;85;;;85;;;85;;;85;;;85;;;75.1157;;;85
4124;;;85;;;85;;;85;;;85;;;85;;;74.7766;;;85
4125;;;85;;;85;;;85;;;85;;;85;;;74.4383;;;85
4126;;;85;;;85;;;85;;;85;;;85;;;74.1008;;;85
4127;;;85;;;85;;;85;;;85;;;85;;;73.4105;;;85
4128;;;85;;;85;;;85;;;85;;;85;;;72.5834;;;85
4129;;;85;;;85;;;85;;;84.996;;;85;;;72.1966;;;85
4130;;;85;;;85;;;85;;;84.9779;;;85;;;72.0606;;;85
4131;;;85;;;85;;;85;;;84.934;;;85;;;71.9553;;;85
4132;;;85;;;85;;;85;;;84.8587;;;85;;;71.8539;;;85
4133;;;85;;;85;;;85;;;84.7547;;;85;;;71.7531;;;85
4134;;;85;;;85;;;85;;;84.6288;;;85;;;71.6525;;;85
4135;;;85;;;85;;;85;;;84.4948;;;85;;;71.5521;;;85
4136;;;85;;;85;;;85;;;84.3623;;;85;;;71.4519;;;85
4137;;;85;;;85;;;85;;;84.2311;;;85;;;71.352;;;85
4138;;;85;;;85;;;85;;;84.1012;;;85;;;71.2523;;;85
4139;;;85;;;85;;;85;;;83.9726;;;85;;;71.1528;;;85
4140;;;85;;;85;;;85;;;83.8453;;;85;;;71.0535;;;85
4141;;;85;;;85;;;85;;;83.7194;;;85;;;70.9544;;;85
4142;;;85;;;85;;;85;;;83.5947;;;85;;;70.8556;;;85
4143;;;85;;;85;;;85;;;83.4713;;;85;;;70.757;;;85
4144;;;85;;;85;;;85;;;83.3491;;;85;;;70.6585;;;85
4145;;;85;;;85;;;85;;;83.2281;;;85;;;70.5603;;;85
4146;;;85;;;85;;;85;;;83.1081;;;85;;;70.4719;;;85
4147;;;85;;;85;;;85;;;82.9886;;;85;;;70.4115;;;85
4148;;;85;;;85;;;85;;;82.8698;;;85;;;70.3941;;;85
4149;;;85;;;85;;;85;;;82.7515;;;85;;;70.434;;;85
4150;;;85;;;85;;;85;;;82.6337;;;85;;;70.5393;;;85
4151;;;85;;;85;;;85;;;82.5165;;;85;;;70.7097;;;85
4152;;;85;;;85;;;85;;;82.3999;;;85;;;70.9453;;;85
4153;;;85;;;85;;;85;;;82.2838;;;85;;;71.2457;;;85
4154;;;85;;;85;;;85;;;82.1683;;;85;;;71.6066;;;85
4155;;;85;;;85;;;85;;;82.0533;;;85;;;72.0192;;;85
4156;;;85;;;85;;;85;;;81.9388;;;85;;;72.4785;;;85
4157;;;85;;;85;;;85;;;81.8249;;;85;;;72.9758;;;85
4158;;;85;;;85;;;85;;;81.7115;;;85;;;73.487;;;85
4159;;;85;;;85;;;85;;;81.5986;;;85;;;73.9972;;;85
4160;;;85;;;85;;;85;;;81.4862;;;85;;;74.5061;;;85
4161;;;85;;;85;;;85;;;81.3744;;;85;;;75.0139;;;85
4162;;;85;;;85;;;85;;;81.2631;;;85;;;75.5205;;;85
4163;;;85;;;85;;;85;;;81.1523;;;85;;;76.0259;;;85
4164;;;85;;;85;;;85;;;81.0421;;;85;;;76.53;;;85
4165;;;85;;;85;;;85;;;80.9323;;;85;;;77.0322;;;85
4166;;;85;;;85;;;85;;;80.8231;;;85;;;77.5302;;;85
4167;;;85;;;85;;;85;;;80.7143;;;85;;;78.0221;;;85
4168;;;85;;;85;;;85;;;80.6061;;;85;;;78.5077;;;85
4169;;;85;;;85;;;85;;;80.4984;;;85;;;78.987;;;85
4170;;;85;;;85;;;85;;;80.3911;;;85;;;79.4599;;;85
4171;;;85;;;85;;;85;;;80.2844;;;85;;;79.9267;;;85
4172;;;85;;;85;;;85;;;80.1782;;;85;;;80.3874;;;85
4173;;;85;;;85;;;85;;;80.0724;;;85;;;80.842;;;85
4174;;;85;;;85;;;85;;;79.9672;;;85;;;81.2906;;;85
4175;;;85;;;85;;;85;;;79.8624;;;85;;;81.7333;;;85
4176;;;85;;;85;;;85;;;79.7581;;;85;;;82.1701;;;85
4177;;;85;;;85;;;85;;;79.6542;;;85;;;82.6012;;;85
4178;;;85;;;85;;;85;;;79.5508;;;85;;;83.0265;;;85
4179;;;85;;;85;;;85;;;79.4479;;;85;;;83.4397;;;85
4180;;;85;;;85;;;85;;;79.3454;;;85;;;83.8289;;;85
4181;;;85;;;85;;;85;;;79.2434;;;85;;;84.1964;;;85
4182;;;85;;;85;;;85;;;79.1419;;;85;;;84.5405;;;85
4183;;;85;;;85;;;85;;;79.0408;;;85;;;84.8382;;;85
4184;;;85;;;85;;;85;;;78.9401;;;85;;;84.9861;;;85
4185;;;85;;;85;;;85;;;78.8399;;;85;;;85;;;85
4186;;;85;;;85;;;85;;;78.7402;;;85;;;85;;;85
4187;;;85;;;85;;;85;;;78.6409;;;85;;;85;;;85
4188;;;85;;;85;;;85;;;78.542;;;85;;;85;;;85
4189;;;85;;;85;;;85;;;78.4436;;;85;;;85;;;85
4190;;;85;;;85;;;85;;;78.3456;;;85;;;85;;;85
4191;;;85;;;85;;;85;;;78.248;;;85;;;85;;;85
4192;;;85;;;85;;;85;;;78.1509;;;85;;;85;;;85
4193;;;85;;;85;;;85;;;78.0542;;;85;;;85;;;85
4194;;;85;;;85;;;85;;;77.9579;;;85;;;85;;;85
4195;;;85;;;85;;;85;;;77.8621;;;85;;;85;;;85
4196;;;85;;;85;;;85;;;77.7666;;;85;;;85;;;85
4197;;;85;;;85;;;85;;;77.6691;;;85;;;85;;;85
4198;;;85;;;85;;;85;;;77.5492;;;85;;;85;;;85
4199;;;85;;;85;;;85;;;77.386;;;85;;;85;;;85
4200;;;85;;;85;;;85;;;77.1765;;;85;;;85;;;85
4201;;;85;;;85;;;85;;;76.9209;;;85;;;85;;;85
4202;;;85;;;85;;;85;;;76.6196;;;85;;;85;;;85
4203;;;85;;;85;;;85;;;76.2727;;;85;;;85;;;85
4204;;;85;;;85;;;85;;;75.8806;;;85;;;85;;;85
4205;;;85;;;85;;;85;;;75.4438;;;85;;;85;;;85
4206;;;85;;;85;;;85;;;74.9629;;;85;;;85;;;85
4207;;;85;;;85;;;85;;;74.4522;;;85;;;85;;;85
4208;;;85;;;85;;;85;;;73.935;;;85;;;85;;;85
4209;;;85;;;85;;;85;;;73.0341;;;85;;;85;;;85
4210;;;85;;;85;;;85;;;71.709;;;85;;;85;;;85
4211;;;85;;;85;;;85;;;70.8493;;;85;;;85;;;85
4212;;;85;;;85;;;85;;;70.5458;;;85;;;85;;;85
4213;;;85;;;85;;;85;;;70.2955;;;85;;;85;;;85
4214;;;85;;;85;;;85;;;70.0493;;;85;;;85;;;85
4215;;;85;;;85;;;85;;;69.807;;;85;;;85;;;85
4216;;;85;;;85;;;85;;;69.5684;;;85;;;85;;;85
4217;;;85;;;85;;;85;;;69.3335;;;85;;;85;;;85
4218;;;85;;;85;;;85;;;69.1023;;;85;;;85;;;85
4219;;;85;;;85;;;85;;;68.8746;;;85;;;85;;;85
4220;;;85;;;85;;;85;;;68.6505;;;85;;;85;;;85
4221;;;85;;;85;;;85;;;68.4298;;;85;;;84.718;;;85
4222;;;85;;;85;;;84.9999;;;68.2125;;;85;;;84.3563;;;85
4223;;;85;;;85;;;84.9893;;;67.9982;;;84.9981;;;84.4118;;;85
4224;;;85;;;85;;;84.9623;;;67.787;;;84.9978;;;84.7347;;;85
4225;;;85;;;85;;;84.9298;;;67.5788;;;84.991;;;84.9612;;;85
4226;;;85;;;85;;;84.8978;;;67.3735;;;84.9683;;;85;;;85
4227;;;85;;;85;;;84.8663;;;67.1711;;;84.9255;;;85;;;85
4228;;;85;;;85;;;84.8352;;;66.9715;;;84.8675;;;85;;;85
4229;;;85;;;85;;;84.8045;;;66.7747;;;84.8088;;;85;;;85
4230;;;85;;;85;;;84.7743;;;66.5807;;;84.7504;;;85;;;85
4231;;;85;;;85;;;84.7446;;;66.3895;;;84.6922;;;85;;;85
4232;;;85;;;85;;;84.7152;;;66.2008;;;84.6342;;;85;;;85
4233;;;85;;;85;;;84.6863;;;66.0149;;;84.5764;;;85;;;85
4234;;;85;;;85;;;84.6569;;;65.8315;;;84.5188;;;85;;;85
4235;;;85;;;85;;;84.6122;;;65.6507;;;84.4614;;;85;;;85
4236;;;85;;;85;;;84.5465;;;65.4724;;;84.4042;;;85;;;85
4237;;;85;;;85;;;84.4579;;;65.2967;;;84.3472;;;85;;;85
4238;;;85;;;85;;;84.3467;;;65.1233;;;84.2904;;;85;;;85
4239;;;85;;;85;;;84.2196;;;64.9524;;;84.2338;;;85;;;85
4240;;;85;;;85;;;84.0727;;;64.7839;;;84.1774;;;85;;;85
4241;;;85;;;85;;;83.9111;;;64.6176;;;84.1212;;;85;;;85
4242;;;85;;;85;;;83.7464;;;64.4537;;;84.0652;;;85;;;85
4243;;;85;;;85;;;83.5841;;;64.292;;;84.0094;;;85;;;85
4244;;;85;;;85;;;83.4241;;;64.1326;;;83.9538;;;85;;;85
4245;;;85;;;85;;;83.2664;;;63.9754;;;83.8984;;;85;;;85
4246;;;85;;;85;;;83.1105;;;63.8203;;;83.8432;;;85;;;85
4247;;;85;;;85;;;82.9559;;;63.6673;;;83.7882;;;85;;;85
4248;;;85;;;85;;;82.8022;;;63.5165;;;83.7334;;;85;;;85
4249;;;85;;;85;;;82.6496;;;63.3677;;;83.6788;;;85;;;85
4250;;;85;;;85;;;82.498;;;63.221;;;83.6243;;;85;;;85
4251;;;85;;;85;;;82.3475;;;63.0763;;;83.5701;;;85;;;85
4252;;;85;;;85;;;82.1979;;;62.9336;;;83.516;;;85;;;85
4253;;;85;;;85;;;82.0493;;;62.7928;;;83.4622;;;85;;;85
4254;;;85;;;85;;;81.9016;;;62.654;;;83.4085;;;85;;;85
4255;;;85;;;85;;;81.755;;;62.5171;;;83.355;;;85;;;85
4256;;;85;;;85;;;81.6093;;;62.382;;;83.3017;;;85;;;85
4257;;;85;;;85;;;81.4645;;;62.2488;;;83.2486;;;85;;;85
4258;;;85;;;85;;;81.3208;;;62.1175;;;83.1956;;;85;;;85
4259;;;85;;;85;;;81.1779;;;61.9879;;;83.1542;;;85;;;85
4260;;;85;;;85;;;81.036;;;61.8606;;;83.1555;;;85;;;85
4261;;;85;;;85;;;80.895;;;61.7515;;;83.2234;;;85;;;84.9998
4262;;;85;;;85;;;80.755;;;61.6756;;;83.3643;;;85;;;84.9895
4263;;;85;;;85;;;80.6158;;;61.6399;;;83.5792;;;85;;;84.9563
4264;;;85;;;85;;;80.4776;;;61.656;;;83.8651;;;85;;;84.896
4265;;;85;;;85;;;80.3402;;;61.7288;;;84.2211;;;85;;;84.8075
4266;;;85;;;85;;;80.2038;;;61.8577;;;84.6478;;;85;;;84.6875
4267;;;85;;;85;;;80.0683;;;62.0409;;;84.9394;;;85;;;84.5356
4268;;;85;;;85;;;79.9336;;;62.2805;;;85;;;85;;;84.3636
4269;;;85;;;85;;;79.7998;;;62.5757;;;85;;;85;;;84.1859
4270;;;85;;;85;;;79.6668;;;62.9174;;;85;;;85;;;84.0086
4271;;;85;;;85;;;79.5347;;;63.297;;;85;;;85;;;83.8316
4272;;;85;;;85;;;79.4034;;;63.7127;;;85;;;85;;;83.655
4273;;;85;;;85;;;79.2767;;;64.159;;;85;;;85;;;83.4787
4274;;;85;;;85;;;79.1816;;;64.615;;;85;;;85;;;83.3027
4275;;;85;;;85;;;79.1485;;;65.065;;;85;;;85;;;83.127
4276;;;85;;;85;;;79.1837;;;65.5088;;;85;;;85;;;82.9517
4277;;;85;;;85;;;79.287;;;65.9464;;;85;;;85;;;82.7767
4278;;;85;;;85;;;79.4583;;;66.3779;;;85;;;85;;;82.602
4279;;;85;;;85;;;79.6973;;;66.8034;;;85;;;85;;;82.4277
4280;;;85;;;85;;;80.0032;;;67.223;;;85;;;85;;;82.2536
4281;;;85;;;85;;;80.3755;;;67.6367;;;85;;;85;;;82.0799
4282;;;85;;;85;;;80.8067;;;68.0445;;;85;;;85;;;81.9066
4283;;;85;;;85;;;81.2642;;;68.4466;;;85;;;85;;;81.7335
4284;;;85;;;85;;;81.7205;;;68.8426;;;85;;;85;;;81.5607
4285;;;85;;;85;;;82.1856;;;69.2326;;;85;;;85;;;81.3883
4286;;;85;;;85;;;82.6842;;;69.6165;;;85;;;85;;;81.2162
4287;;;85;;;85;;;83.2247;;;69.9945;;;85;;;85;;;81.0444
4288;;;85;;;85;;;83.8015;;;70.3666;;;85;;;85;;;80.8729
4289;;;85;;;85;;;84.4131;;;70.7328;;;85;;;85;;;80.7017
4290;;;85;;;85;;;84.8638;;;71.0933;;;85;;;85;;;80.5308
4291;;;85;;;85;;;85;;;71.4482;;;85;;;85;;;80.3602
4292;;;85;;;85;;;85;;;71.7975;;;85;;;85;;;80.1899
4293;;;85;;;85;;;85;;;72.1413;;;85;;;85;;;80.02
4294;;;85;;;85;;;85;;;72.4797;;;85;;;85;;;79.8503
4295;;;85;;;85;;;85;;;72.8127;;;85;;;85;;;79.6809
4296;;;85;;;85;;;85;;;73.1405;;;85;;;85;;;79.5118
4297;;;85;;;85;;;85;;;73.4631;;;85;;;85;;;79.3431
4298;;;85;;;85;;;85;;;73.7748;;;85;;;85;;;79.1746
4299;;;85;;;85;;;85;;;74.0636;;;85;;;85;;;79.0064
4300;;;85;;;85;;;85;;;74.335;;;85;;;85;;;78.8385
4301;;;85;;;85;;;85;;;74.5852;;;85;;;85;;;78.6709
4302;;;85;;;85;;;85;;;74.8123;;;85;;;85;;;78.5035
4303;;;85;;;85;;;85;;;75.0331;;;85;;;85;;;78.3365
4304;;;85;;;85;;;85;;;75.2487;;;85;;;85;;;78.1697
4305;;;85;;;85;;;85;;;75.444;;;85;;;85;;;78.0033
4306;;;85;;;85;;;85;;;75.6196;;;85;;;85;;;77.8371
4307;;;85;;;85;;;85;;;75.791;;;85;;;85;;;77.6712
4308;;;85;;;85;;;85;;;75.9598;;;85;;;85;;;77.5055
4309;;;85;;;85;;;85;;;76.1259;;;85;;;85;;;77.3402
4310;;;85;;;85;;;85;;;76.2894;;;85;;;85;;;77.1751
4311;;;85;;;85;;;85;;;76.4503;;;85;;;85;;;77.0103
4312;;;85;;;85;;;85;;;76.6088;;;85;;;85;;;76.8457
4313;;;85;;;85;;;85;;;76.7648;;;85;;;84.9902;;;76.6815
4314;;;85;;;85;;;85;;;76.9183;;;85;;;84.95;;;76.5175
4315;;;85;;;85;;;85;;;77.0695;;;85;;;84.8718;;;76.3538
4316;;;85;;;85;;;85;;;77.2182;;;85;;;84.7757;;;76.1903
4317;;;85;;;85;;;85;;;77.3647;;;85;;;84.679;;;76.0271
4318;;;85;;;85;;;85;;;77.5089;;;85;;;84.5826;;;75.8642
4319;;;85;;;85;;;85;;;77.6508;;;85;;;84.4865;;;75.7015
4320;;;85;;;85;;;85;;;77.7905;;;85;;;84.3906;;;75.5391
4321;;;85;;;85;;;85;;;77.9281;;;85;;;84.295;;;75.377
4322;;;85;;;85;;;85;;;78.0634;;;85;;;84.1997;;;75.2151
4323;;;85;;;85;;;85;;;78.1967;;;85;;;84.1047;;;75.0535
4324;;;85;;;85;;;85;;;78.3279;;;85;;;84.0099;;;74.8921
4325;;;85;;;85;;;85;;;78.457;;;85;;;83.9154;;;74.731
4326;;;85;;;85;;;85;;;78.5841;;;85;;;83.8159;;;74.5701
4327;;;85;;;85;;;85;;;78.7092;;;85;;;83.6966;;;74.4095
4328;;;85;;;85;;;85;;;78.8323;;;85;;;83.5524;;;74.2491
4329;;;85;;;85;;;85;;;78.9535;;;85;;;83.3888;;;74.089
4330;;;85;;;85;;;85;;;79.0728;;;85;;;83.2027;;;73.9291
4331;;;85;;;85;;;85;;;79.1903;;;85;;;82.9974;;;73.6463
4332;;;85;;;85;;;85;;;79.3058;;;85;;;82.7733;;;73.153
4333;;;85;;;85;;;85;;;79.4196;;;85;;;82.5353;;;72.8084
4334;;;85;;;85;;;85;;;79.5316;;;85;;;82.2963;;;72.7156
4335;;;85;;;85;;;85;;;79.6418;;;85;;;82.0579;;;72.6212
4336;;;85;;;85;;;85;;;79.7503;;;85;;;81.8202;;;72.4876
4337;;;85;;;85;;;85;;;79.8571;;;85;;;81.5831;;;72.3104
4338;;;85;;;85;;;85;;;79.9622;;;85;;;81.3467;;;72.0891
4339;;;85;;;85;;;85;;;80.0657;;;85;;;81.1109;;;71.824
4340;;;85;;;85;;;85;;;80.1675;;;85;;;80.8757;;;71.5151
4341;;;85;;;85;;;85;;;80.2677;;;85;;;80.6412;;;71.1629
4342;;;85;;;85;;;85;;;80.3663;;;85;;;80.4073;;;70.7675
4343;;;85;;;85;;;85;;;80.4731;;;85;;;80.174;;;70.3406
4344;;;85;;;85;;;85;;;80.6172;;;85;;;79.9413;;;69.9038
4345;;;85;;;85;;;85;;;80.8175;;;85;;;79.7093;;;69.4676
4346;;;85;;;85;;;85;;;81.0727;;;85;;;79.4778;;;69.032
4347;;;85;;;85;;;85;;;81.3817;;;85;;;79.247;;;68.5969
4348;;;85;;;85;;;85;;;81.7457;;;85;;;79.0167;;;68.1624
4349;;;85;;;85;;;85;;;82.1649;;;85;;;78.7871;;;67.7285
4350;;;85;;;85;;;85;;;82.637;;;85;;;78.558;;;67.2951
4351;;;85;;;85;;;85;;;83.1588;;;85;;;78.3295;;;66.8622
4352;;;85;;;85;;;85;;;83.508;;;85;;;78.1016;;;66.4298
4353;;;85;;;85;;;85;;;83.3946;;;85;;;77.8742;;;65.998
4354;;;85;;;85;;;85;;;83.1557;;;85;;;77.6475;;;65.5667
4355;;;85;;;85;;;85;;;83.3212;;;85;;;77.4213;;;65.1358
4356;;;85;;;85;;;85;;;83.7694;;;85;;;77.1956;;;64.7055
4357;;;85;;;85;;;85;;;84.2353;;;85;;;76.9705;;;64.2756
4358;;;85;;;85;;;85;;;84.6977;;;85;;;76.746;;;63.8462
4359;;;85;;;85;;;85;;;84.9639;;;85;;;76.522;;;63.4173
4360;;;85;;;85;;;85;;;85;;;85;;;76.2986;;;62.9888
4361;;;85;;;85;;;85;;;85;;;85;;;76.0757;;;62.5608
4362;;;85;;;85;;;85;;;85;;;85;;;75.8534;;;62.1332
4363;;;85;;;85;;;85;;;85;;;85;;;75.6315;;;61.7061
4364;;;85;;;85;;;85;;;85;;;85;;;75.4102;;;61.2793
4365;;;85;;;85;;;85;;;85;;;85;;;75.1895;;;60.853
4366;;;85;;;85;;;85;;;85;;;85;;;74.9777;;;60.4271
4367;;;85;;;85;;;85;;;85;;;85;;;74.8021;;;60.0017
4368;;;85;;;85;;;85;;;85;;;85;;;74.687;;;59.5766
4369;;;85;;;85;;;85;;;85;;;85;;;74.6372;;;59.1519
4370;;;85;;;85;;;85;;;85;;;85;;;74.6527;;;58.7277
4371;;;85;;;85;;;85;;;85;;;85;;;74.7331;;;58.3037
4372;;;85;;;85;;;85;;;85;;;85;;;74.8783;;;57.7513
4373;;;85;;;85;;;85;;;85;;;85;;;75.0882;;;56.9178
4374;;;85;;;85;;;85;;;85;;;85;;;75.3628;;;56.2501
4375;;;85;;;85;;;85;;;85;;;85;;;75.6988;;;55.9555
4376;;;85;;;85;;;85;;;85;;;85;;;76.0711;;;55.7233
4377;;;85;;;85;;;85;;;85;;;85;;;76.4501;;;55.4995
4378;;;85;;;85;;;85;;;85;;;85;;;76.8305;;;55.2766
4379;;;85;;;85;;;85;;;85;;;85;;;77.2334;;;55.0538
4380;;;85;;;85;;;85;;;85;;;85;;;77.6773;;;54.8311
4381;;;85;;;85;;;85;;;85;;;85;;;78.1607;;;54.6086
4382;;;85;;;85;;;85;;;85;;;85;;;78.6827;;;54.3863
4383;;;85;;;85;;;85;;;85;;;85;;;79.2439;;;54.1641
4384;;;85;;;85;;;85;;;85;;;85;;;79.8446;;;53.942
4385;;;85;;;85;;;85;;;85;;;85;;;80.4847;;;53.7201
4386;;;85;;;85;;;85;;;85;;;85;;;81.1638;;;53.4983
4387;;;85;;;85;;;85;;;85;;;85;;;81.8683;;;53.2767
4388;;;85;;;85;;;85;;;85;;;85;;;82.5776;;;53.0552
4389;;;85;;;85;;;85;;;85;;;85;;;83.285;;;52.8338
4390;;;85;;;85;;;85;;;85;;;85;;;83.9904;;;52.6125
4391;;;85;;;85;;;85;;;85;;;85;;;84.6381;;;52.3914
4392;;;85;;;85;;;85;;;85;;;85;;;84.9668;;;52.1704
4393;;;85;;;85;;;85;;;85;;;85;;;85;;;51.9495
4394;;;85;;;85;;;85;;;85;;;85;;;85;;;51.7287
4395;;;85;;;85;;;85;;;85;;;85;;;85;;;51.5081
4396;;;85;;;85;;;85;;;85;;;85;;;85;;;51.2875
4397;;;85;;;85;;;85;;;85;;;85;;;85;;;51.0671
4398;;;85;;;85;;;85;;;85;;;85;;;85;;;50.8467
4399;;;85;;;85;;;85;;;85;;;85;;;85;;;50.6265
4400;;;85;;;85;;;85;;;85;;;85;;;85;;;50.4063
4401;;;85;;;85;;;85;;;85;;;85;;;85;;;50.1863
4402;;;85;;;85;;;85;;;85;;;85;;;85;;;49.9663
4403;;;85;;;85;;;85;;;85;;;85;;;85;;;49.7464
4404;;;85;;;85;;;85;;;85;;;85;;;85;;;49.5338
4405;;;85;;;85;;;85;;;85;;;85;;;85;;;49.3418
4406;;;85;;;85;;;85;;;85;;;85;;;85;;;49.1772
4407;;;85;;;85;;;85;;;85;;;85;;;85;;;49.0447
4408;;;85;;;85;;;85;;;85;;;85;;;85;;;48.9526
4409;;;85;;;85;;;85;;;85;;;85;;;85;;;48.9085
4410;;;85;;;85;;;85;;;85;;;85;;;85;;;48.9116
4411;;;85;;;85;;;85;;;85;;;85;;;85;;;48.9575
4412;;;85;;;85;;;85;;;85;;;85;;;85;;;49.05
4413;;;85;;;85;;;85;;;85;;;85;;;85;;;49.1904
4414;;;85;;;85;;;85;;;85;;;85;;;85;;;49.3738
4415;;;85;;;85;;;85;;;85;;;85;;;85;;;49.6014
4416;;;85;;;85;;;85;;;85;;;85;;;85;;;49.8707
4417;;;85;;;85;;;85;;;85;;;85;;;85;;;50.1723
4418;;;85;;;85;;;85;;;85;;;85;;;85;;;50.505
4419;;;85;;;85;;;85;;;85;;;85;;;85;;;50.8745
4420;;;85;;;85;;;85;;;85;;;85;;;85;;;51.2685
4421;;;85;;;85;;;85;;;85;;;85;;;85;;;51.6672
4422;;;85;;;85;;;85;;;85;;;85;;;85;;;52.0657
4423;;;85;;;85;;;85;;;85;;;85;;;85;;;52.464
4424;;;85;;;85;;;85;;;85;;;85;;;85;;;52.8622
4425;;;85;;;85;;;85;;;85;;;85;;;85;;;53.2601
4426;;;85;;;85;;;85;;;85;;;85;;;85;;;53.6579
4427;;;85;;;85;;;85;;;85;;;85;;;85;;;54.0555
4428;;;85;;;85;;;85;;;85;;;85;;;85;;;54.4528
4429;;;85;;;85;;;85;;;85;;;85;;;85;;;54.8499
4430;;;85;;;85;;;85;;;85;;;85;;;85;;;55.2468
4431;;;85;;;85;;;85;;;85;;;85;;;85;;;55.6435
4432;;;85;;;85;;;85;;;85;;;85;;;85;;;56.0398
4433;;;85;;;85;;;85;;;84.9844;;;85;;;85;;;56.436
4434;;;85;;;85;;;85;;;84.9279;;;85;;;85;;;56.8318
4435;;;85;;;85;;;85;;;84.8188;;;85;;;85;;;57.2274
4436;;;85;;;85;;;85;;;84.6554;;;85;;;85;;;57.6227
4437;;;85;;;85;;;85;;;84.4383;;;85;;;85;;;58.0177
4438;;;85;;;85;;;85;;;84.1703;;;85;;;85;;;58.4124
4439;;;85;;;85;;;85;;;83.8769;;;85;;;85;;;58.8068
4440;;;85;;;85;;;85;;;83.5836;;;85;;;85;;;59.2009
4441;;;85;;;85;;;85;;;83.2932;;;85;;;85;;;59.5946
4442;;;85;;;85;;;85;;;83.0052;;;85;;;85;;;59.9881
4443;;;85;;;85;;;85;;;82.7187;;;85;;;85;;;60.3811
4444;;;85;;;85;;;85;;;82.4336;;;85;;;85;;;60.7738
4445;;;85;;;85;;;85;;;82.1499;;;85;;;85;;;61.1661
4446;;;85;;;85;;;85;;;81.8675;;;85;;;85;;;61.5576
4447;;;85;;;85;;;85;;;81.5864;;;85;;;85;;;61.9467
4448;;;85;;;85;;;85;;;81.3066;;;85;;;85;;;62.3315
4449;;;85;;;85;;;85;;;81.0281;;;85;;;85;;;62.7117
4450;;;85;;;85;;;85;;;80.7375;;;85;;;85;;;63.0826
4451;;;85;;;85;;;85;;;80.4277;;;85;;;85;;;63.4311
4452;;;85;;;85;;;85;;;80.0954;;;85;;;85;;;63.7616
4453;;;85;;;85;;;85;;;79.7431;;;85;;;85;;;64.0798
4454;;;85;;;85;;;85;;;79.3734;;;85;;;85;;;64.3749
4455;;;85;;;85;;;85;;;78.9853;;;85;;;85;;;64.6547
4456;;;85;;;85;;;85;;;78.5812;;;85;;;85;;;64.9311
4457;;;85;;;85;;;85;;;78.1662;;;85;;;85;;;65.203
4458;;;85;;;85;;;85;;;77.7526;;;85;;;85;;;65.4554
4459;;;85;;;85;;;85;;;77.3408;;;85;;;85;;;65.6875
4460;;;85;;;85;;;85;;;76.9308;;;85;;;85;;;65.9147
4461;;;85;;;85;;;85;;;76.5225;;;85;;;85;;;66.1391
4462;;;85;;;85;;;85;;;76.1161;;;85;;;85;;;66.3607
4463;;;85;;;85;;;85;;;75.7114;;;85;;;85;;;66.5797
4464;;;85;;;85;;;85;;;75.3084;;;85;;;85;;;66.7959
4465;;;85;;;85;;;85;;;74.9072;;;85;;;85;;;67.0096
4466;;;85;;;85;;;85;;;74.5076;;;85;;;85;;;67.2206
4467;;;85;;;85;;;85;;;74.1097;;;85;;;85;;;67.429
4468;;;85;;;85;;;85;;;73.7135;;;85;;;85;;;67.6348
4469;;;85;;;85;;;85;;;72.9336;;;85;;;85;;;67.8381
4470;;;85;;;85;;;85;;;71.7295;;;85;;;85;;;68.039
4471;;;85;;;85;;;85;;;70.987;;;85;;;85;;;68.2373
4472;;;85;;;85;;;85;;;70.798;;;85;;;85;;;68.4332
4473;;;85;;;85;;;85;;;70.662;;;85;;;85;;;68.6267
4474;;;85;;;85;;;85;;;70.5282;;;85;;;85;;;68.8178
4475;;;85;;;85;;;85;;;70.3965;;;85;;;85;;;69.0065
4476;;;85;;;85;;;85;;;70.2668;;;85;;;85;;;69.1929
4477;;;85;;;85;;;85;;;70.1392;;;85;;;85;;;69.377
4478;;;85;;;85;;;85;;;70.0136;;;85;;;85;;;69.5589
4479;;;85;;;85;;;85;;;69.8899;;;85;;;85;;;69.7384
4480;;;85;;;85;;;85;;;69.7682;;;85;;;85;;;69.9158
4481;;;85;;;85;;;85;;;69.6483;;;85;;;85;;;70.0909
4482;;;85;;;85;;;85;;;69.5304;;;85;;;85;;;70.2639
4483;;;85;;;85;;;85;;;69.4142;;;85;;;85;;;70.4347
4484;;;85;;;85;;;85;;;69.2998;;;85;;;85;;;70.6035
4485;;;85;;;85;;;85;;;69.1873;;;85;;;85;;;70.7701
4486;;;85;;;85;;;85;;;69.0764;;;85;;;85;;;70.9346
4487;;;85;;;85;;;85;;;68.9673;;;85;;;85;;;71.0971
4488;;;85;;;85;;;85;;;68.8599;;;85;;;85;;;71.2576
4489;;;85;;;85;;;85;;;68.7541;;;85;;;85;;;71.4161
4490;;;85;;;85;;;85;;;68.65;;;85;;;85;;;71.5726
4491;;;85;;;85;;;85;;;68.5475;;;85;;;85;;;71.7271
4492;;;85;;;85;;;85;;;68.4465;;;85;;;85;;;71.8797
4493;;;85;;;85;;;85;;;68.3538;;;85;;;85;;;72.0305
4494;;;85;;;85;;;85;;;68.2924;;;85;;;85;;;72.1793
4495;;;85;;;85;;;85;;;68.2845;;;85;;;85;;;72.3263
4496;;;85;;;85;;;85;;;68.3356;;;85;;;85;;;72.4714
4497;;;85;;;85;;;85;;;68.445;;;85;;;85;;;72.6147
4498;;;85;;;85;;;85;;;68.6119;;;85;;;85;;;72.7563
4499;;;85;;;85;;;85;;;68.8357;;;85;;;85;;;72.896
4500;;;85;;;85;;;85;;;69.1157;;;85;;;85;;;73.0341
4501;;;85;;;85;;;85;;;69.4517;;;85;;;85;;;73.1845
4502;;;85;;;85;;;85;;;69.8435;;;85;;;85;;;73.3747
4503;;;85;;;85;;;85;;;70.2862;;;85;;;85;;;73.451
4504;;;85;;;85;;;85;;;70.7526;;;85;;;85;;;73.251
4505;;;85;;;85;;;85;;;71.2159;;;85;;;85;;;73.1895
4506;;;85;;;85;;;85;;;71.6719;;;85;;;85;;;73.4729
4507;;;85;;;85;;;85;;;72.1403;;;85;;;85;;;73.8589
4508;;;85;;;85;;;85;;;72.6407;;;85;;;85;;;74.3044
4509;;;85;;;85;;;85;;;73.1716;;;85;;;85;;;74.8043
4510;;;85;;;85;;;85;;;73.7313;;;85;;;85;;;75.3554
4511;;;85;;;85;;;85;;;74.3198;;;85;;;85;;;75.9364
4512;;;85;;;85;;;85;;;74.9368;;;85;;;85;;;76.5229
4513;;;85;;;85;;;85;;;75.5828;;;85;;;85;;;77.1077
4514;;;85;;;85;;;85;;;76.2576;;;85;;;85;;;77.689
4515;;;85;;;85;;;85;;;76.9582;;;85;;;85;;;78.2655
4516;;;85;;;85;;;85;;;77.666;;;85;;;85;;;78.837
4517;;;85;;;85;;;85;;;78.3641;;;85;;;85;;;79.4035
4518;;;85;;;85;;;85;;;79.0512;;;85;;;85;;;79.9649
4519;;;85;;;85;;;85;;;79.7276;;;85;;;85;;;80.5214
4520;;;85;;;85;;;85;;;80.3932;;;85;;;85;;;81.073
4521;;;85;;;85;;;85;;;81.0484;;;85;;;85;;;81.6196
4522;;;85;;;85;;;85;;;81.6931;;;85;;;85;;;82.1614
4523;;;85;;;85;;;85;;;82.3084;;;85;;;85;;;82.6984
4524;;;85;;;85;;;85;;;82.8659;;;85;;;85;;;83.2305
4525;;;85;;;85;;;85;;;83.3576;;;85;;;85;;;83.7579
4526;;;85;;;85;;;85;;;83.7844;;;85;;;85;;;84.2806
4527;;;85;;;85;;;85;;;84.1455;;;85;;;85;;;84.644
4528;;;85;;;85;;;85;;;84.4415;;;85;;;85;;;84.7196
4529;;;85;;;85;;;85;;;84.6734;;;85;;;85;;;84.836
4530;;;85;;;85;;;85;;;84.8442;;;85;;;85;;;84.99
4531;;;85;;;85;;;85;;;84.9571;;;85;;;85;;;85
4532;;;85;;;85;;;85;;;84.9995;;;85;;;85;;;85
4533;;;85;;;85;;;85;;;85;;;85;;;85;;;85
4534;;;85;;;85;;;85;;;85;;;85;;;85;;;85
4535;;;85;;;85;;;85;;;85;;;85;;;85;;;85
4536;;;85;;;85;;;85;;;85;;;85;;;85;;;85
4537;;;85;;;85;;;85;;;85;;;85;;;85;;;85
4538;;;85;;;85;;;85;;;85;;;85;;;85;;;85
4539;;;85;;;85;;;85;;;85;;;85;;;85;;;85
4540;;;85;;;85;;;85;;;85;;;85;;;85;;;85
4541;;;85;;;85;;;85;;;85;;;85;;;85;;;85
4542;;;85;;;85;;;85;;;85;;;85;;;85;;;85
4543;;;85;;;85;;;85;;;85;;;85;;;85;;;85
4544;;;85;;;85;;;85;;;85;;;85;;;85;;;85
4545;;;85;;;85;;;85;;;85;;;85;;;85;;;85
4546;;;85;;;85;;;85;;;85;;;85;;;85;;;85
4547;;;85;;;85;;;85;;;85;;;85;;;85;;;85
4548;;;85;;;85;;;85;;;85;;;85;;;85;;;85
4549;;;85;;;85;;;85;;;85;;;85;;;85;;;85
4550;;;85;;;85;;;85;;;85;;;85;;;85;;;85
4551;;;85;;;85;;;85;;;85;;;85;;;85;;;85
4552;;;85;;;85;;;85;;;85;;;85;;;85;;;85
4553;;;85;;;85;;;85;;;85;;;85;;;85;;;85
4554;;;85;;;85;;;85;;;85;;;85;;;85;;;85
4555;;;85;;;85;;;85;;;85;;;85;;;85;;;85
4556;;;85;;;85;;;85;;;85;;;85;;;85;;;85
4557;;;85;;;85;;;85;;;85;;;85;;;85;;;85
4558;;;85;;;85;;;85;;;85;;;85;;;85;;;85
4559;;;85;;;85;;;85;;;85;;;85;;;85;;;85
4560;;;85;;;85;;;85;;;85;;;85;;;85;;;85
4561;;;85;;;85;;;85;;;85;;;85;;;85;;;85
4562;;;85;;;85;;;85;;;85;;;85;;;85;;;85
4563;;;85;;;85;;;85;;;85;;;85;;;85;;;85
4564;;;85;;;85;;;85;;;85;;;85;;;85;;;85
4565;;;85;;;85;;;85;;;85;;;85;;;85;;;85
4566;;;85;;;85;;;85;;;85;;;85;;;85;;;85
4567;;;85;;;85;;;85;;;85;;;85;;;85;;;85
4568;;;85;;;85;;;85;;;85;;;85;;;85;;;85
4569;;;85;;;85;;;85;;;85;;;85;;;85;;;85
4570;;;85;;;85;;;85;;;85;;;85;;;85;;;85
4571;;;85;;;85;;;85;;;85;;;85;;;85;;;85
4572;;;85;;;85;;;85;;;85;;;85;;;85;;;85
4573;;;85;;;85;;;85;;;85;;;85;;;85;;;85
4574;;;85;;;85;;;85;;;85;;;85;;;85;;;85
4575;;;85;;;85;;;85;;;85;;;85;;;85;;;85
4576;;;85;;;85;;;85;;;85;;;85;;;85;;;85
4577;;;85;;;85;;;85;;;85;;;85;;;85;;;85
4578;;;85;;;85;;;85;;;85;;;85;;;85;;;85
4579;;;85;;;85;;;85;;;85;;;85;;;85;;;85
4580;;;85;;;85;;;85;;;85;;;85;;;85;;;85
4581;;;85;;;85;;;85;;;85;;;85;;;85;;;85
4582;;;85;;;85;;;85;;;85;;;85;;;85;;;85
4583;;;85;;;85;;;85;;;85;;;85;;;85;;;85
4584;;;85;;;85;;;85;;;85;;;85;;;85;;;85
4585;;;85;;;85;;;85;;;85;;;85;;;85;;;85
4586;;;85;;;85;;;85;;;85;;;85;;;85;;;85
4587;;;85;;;85;;;85;;;85;;;85;;;85;;;85
4588;;;85;;;85;;;85;;;85;;;85;;;85;;;85
4589;;;85;;;85;;;85;;;85;;;85;;;85;;;85
4590;;;85;;;85;;;85;;;85;;;85;;;85;;;85
4591;;;85;;;85;;;85;;;85;;;85;;;85;;;84.9977
4592;;;85;;;85;;;85;;;85;;;85;;;85;;;84.9769
4593;;;85;;;85;;;85;;;85;;;85;;;85;;;84.9135
4594;;;85;;;85;;;85;;;85;;;85;;;85;;;84.7963
4595;;;85;;;85;;;85;;;85;;;85;;;85;;;84.6223
4596;;;85;;;85;;;85;;;85;;;85;;;85;;;84.3901
4597;;;85;;;85;;;85;;;85;;;85;;;85;;;84.1026
4598;;;85;;;85;;;85;;;85;;;85;;;85;;;83.7734
4599;;;85;;;85;;;85;;;85;;;85;;;85;;;83.4291
4600;;;85;;;85;;;85;;;85;;;85;;;85;;;83.085
4601;;;85;;;85;;;85;;;85;;;85;;;85;;;82.7416
4602;;;85;;;85;;;85;;;85;;;85;;;85;;;82.3988
4603;;;85;;;85;;;85;;;85;;;85;;;85;;;82.0566
4604;;;85;;;85;;;85;;;85;;;85;;;85;;;81.7151
4605;;;85;;;85;;;85;;;85;;;85;;;85;;;81.3742
4606;;;85;;;85;;;85;;;85;;;85;;;85;;;81.0339
4607;;;85;;;85;;;85;;;85;;;85;;;85;;;80.6943
4608;;;85;;;85;;;85;;;85;;;85;;;85;;;80.3552
4609;;;85;;;85;;;85;;;85;;;85;;;85;;;80.0153
4610;;;85;;;85;;;85;;;85;;;85;;;85;;;79.6568
4611;;;85;;;85;;;85;;;85;;;85;;;85;;;79.2753
4612;;;85;;;85;;;85;;;85;;;85;;;85;;;78.8743
4613;;;85;;;85;;;85;;;84.7164;;;85;;;85;;;78.4525
4614;;;85;;;85;;;85;;;84.1484;;;85;;;85;;;78.0133
4615;;;85;;;85;;;85;;;83.9372;;;85;;;85;;;77.555
4616;;;85;;;85;;;85;;;84.1817;;;85;;;85;;;77.0799
4617;;;85;;;85;;;85;;;84.5424;;;85;;;85;;;76.5971
4618;;;85;;;85;;;85;;;84.8629;;;85;;;85;;;76.1152
4619;;;85;;;85;;;85;;;84.997;;;85;;;85;;;75.6339
4620;;;85;;;85;;;85;;;85;;;85;;;85;;;75.1535
4621;;;85;;;85;;;85;;;85;;;85;;;85;;;74.6738
4622;;;85;;;85;;;85;;;85;;;85;;;85;;;74.1949
4623;;;85;;;85;;;85;;;85;;;85;;;85;;;73.4352
4624;;;85;;;85;;;85;;;85;;;85;;;85;;;72.6321
4625;;;85;;;85;;;85;;;85;;;85;;;85;;;72.1746
4626;;;85;;;85;;;85;;;85;;;85;;;85;;;71.8385
4627;;;85;;;85;;;85;;;85;;;85;;;85;;;71.5178
4628;;;85;;;85;;;85;;;85;;;85;;;85;;;71.1991
4629;;;85;;;85;;;85;;;85;;;85;;;85;;;70.881
4630;;;85;;;85;;;85;;;85;;;85;;;85;;;70.5633
4631;;;85;;;85;;;85;;;85;;;85;;;85;;;70.246
4632;;;85;;;85;;;85;;;85;;;85;;;85;;;69.9293
4633;;;85;;;85;;;85;;;85;;;85;;;85;;;69.6129
4634;;;85;;;85;;;85;;;85;;;85;;;85;;;69.297
4635;;;85;;;85;;;85;;;85;;;85;;;85;;;68.9814
4636;;;85;;;85;;;85;;;85;;;85;;;85;;;68.6663
4637;;;85;;;85;;;85;;;85;;;85;;;85;;;68.3516
4638;;;85;;;85;;;85;;;85;;;85;;;85;;;68.0373
4639;;;85;;;85;;;85;;;85;;;85;;;85;;;67.7234
4640;;;85;;;85;;;85;;;85;;;85;;;85;;;67.4099
4641;;;85;;;85;;;85;;;85;;;85;;;85;;;67.0967
4642;;;85;;;85;;;85;;;85;;;85;;;85;;;66.784
4643;;;85;;;85;;;85;;;85;;;85;;;85;;;66.4716
4644;;;85;;;85;;;85;;;85;;;85;;;85;;;66.1596
4645;;;85;;;85;;;85;;;85;;;85;;;85;;;65.8479
4646;;;85;;;85;;;85;;;85;;;85;;;85;;;65.5367
4647;;;85;;;85;;;85;;;85;;;85;;;85;;;65.2258
4648;;;85;;;85;;;85;;;85;;;85;;;85;;;64.9152
4649;;;85;;;85;;;85;;;85;;;85;;;85;;;64.605
4650;;;85;;;85;;;85;;;85;;;85;;;85;;;64.2951
4651;;;85;;;85;;;85;;;85;;;85;;;85;;;63.9856
4652;;;85;;;85;;;85;;;85;;;85;;;85;;;63.6764
4653;;;85;;;85;;;85;;;85;;;85;;;85;;;63.3676
4654;;;85;;;85;;;85;;;85;;;85;;;85;;;63.0632
4655;;;85;;;85;;;85;;;85;;;85;;;85;;;62.7831
4656;;;85;;;85;;;85;;;85;;;85;;;85;;;62.5504
4657;;;85;;;85;;;85;;;85;;;85;;;85;;;62.3745
4658;;;85;;;85;;;85;;;85;;;85;;;85;;;62.2549
4659;;;85;;;85;;;85;;;85;;;85;;;85;;;62.1888
4660;;;85;;;85;;;85;;;85;;;85;;;85;;;62.1763
4661;;;85;;;85;;;85;;;85;;;85;;;85;;;62.2186
4662;;;85;;;85;;;85;;;85;;;85;;;85;;;62.3155
4663;;;85;;;85;;;85;;;85;;;85;;;85;;;62.4656
4664;;;85;;;85;;;85;;;85;;;85;;;85;;;62.672
4665;;;85;;;85;;;85;;;85;;;85;;;85;;;62.9317
4666;;;85;;;85;;;85;;;85;;;85;;;85;;;63.2225
4667;;;85;;;85;;;85;;;85;;;85;;;85;;;63.5204
4668;;;85;;;85;;;85;;;85;;;85;;;85;;;63.8179
4669;;;85;;;85;;;85;;;85;;;85;;;85;;;64.1212
4670;;;85;;;85;;;85;;;85;;;85;;;85;;;64.4508
4671;;;85;;;85;;;85;;;85;;;85;;;85;;;64.8178
4672;;;85;;;85;;;85;;;85;;;85;;;85;;;65.2177
4673;;;85;;;85;;;85;;;85;;;85;;;85;;;65.6519
4674;;;85;;;85;;;85;;;85;;;85;;;85;;;66.1204
4675;;;85;;;85;;;85;;;85;;;85;;;85;;;66.6223
4676;;;85;;;85;;;85;;;85;;;85;;;85;;;67.1576
4677;;;85;;;85;;;85;;;85;;;85;;;85;;;67.7268
4678;;;85;;;85;;;85;;;85;;;85;;;85;;;68.3302
4679;;;85;;;85;;;85;;;85;;;85;;;85;;;68.9602
4680;;;85;;;85;;;85;;;85;;;85;;;85;;;69.5992
4681;;;85;;;85;;;85;;;85;;;85;;;85;;;70.2373
4682;;;85;;;85;;;85;;;85;;;85;;;85;;;70.8747
4683;;;85;;;85;;;85;;;85;;;85;;;85;;;71.5111
4684;;;85;;;85;;;85;;;85;;;85;;;85;;;72.1466
4685;;;85;;;85;;;85;;;85;;;85;;;85;;;72.7813
4686;;;85;;;85;;;85;;;85;;;85;;;85;;;73.415
4687;;;85;;;85;;;85;;;85;;;85;;;85;;;74.0396
4688;;;85;;;85;;;85;;;85;;;85;;;85;;;74.632
4689;;;85;;;85;;;85;;;85;;;85;;;85;;;75.1742
4690;;;85;;;85;;;85;;;85;;;85;;;85;;;75.6635
4691;;;85;;;85;;;85;;;85;;;85;;;85;;;76.0997
4692;;;85;;;85;;;85;;;85;;;85;;;85;;;76.4827
4693;;;85;;;85;;;85;;;85;;;85;;;85;;;76.8123
4694;;;85;;;85;;;85;;;85;;;85;;;85;;;77.0877
4695;;;85;;;85;;;85;;;85;;;85;;;85;;;77.3081
4696;;;85;;;85;;;85;;;85;;;85;;;85;;;77.495
4697;;;85;;;85;;;85;;;85;;;85;;;85;;;77.675
4698;;;85;;;85;;;85;;;85;;;85;;;85;;;77.8534
4699;;;85;;;85;;;85;;;85;;;85;;;85;;;78.0303
4700;;;85;;;85;;;85;;;85;;;85;;;85;;;78.2056
4701;;;85;;;85;;;85;;;85;;;85;;;85;;;78.3794
4702;;;85;;;85;;;85;;;85;;;85;;;85;;;78.5517
4703;;;85;;;85;;;85;;;85;;;85;;;85;;;78.7224
4704;;;85;;;85;;;85;;;85;;;85;;;85;;;78.8916
4705;;;85;;;85;;;85;;;85;;;85;;;85;;;79.0593
4706;;;85;;;85;;;85;;;85;;;85;;;85;;;79.2256
4707;;;85;;;85;;;85;;;85;;;85;;;85;;;79.3903
4708;;;85;;;85;;;85;;;85;;;85;;;85;;;79.5537
4709;;;85;;;85;;;85;;;85;;;85;;;85;;;79.7155
4710;;;85;;;85;;;85;;;85;;;85;;;85;;;79.8759
4711;;;85;;;85;;;85;;;85;;;85;;;85;;;80.035
4712;;;85;;;85;;;85;;;85;;;85;;;85;;;80.1926
4713;;;85;;;85;;;85;;;85;;;85;;;85;;;80.3488
4714;;;85;;;84.7105;;;85;;;85;;;85;;;85;;;80.5036
4715;;;84.7725;;;83.521;;;85;;;85;;;85;;;85;;;80.657
4716;;;83.6449;;;81.721;;;85;;;84.9945;;;85;;;85;;;80.8091
4717;;;81.8449;;;79.921;;;85;;;84.9768;;;85;;;85;;;80.9598
4718;;;80.0449;;;78.121;;;85;;;84.9525;;;85;;;85;;;81.1092
4719;;;78.2449;;;76.321;;;85;;;84.9286;;;85;;;85;;;81.2572
4720;;;76.4449;;;74.521;;;85;;;84.8987;;;85;;;85;;;81.4039
4721;;;74.6449;;;72.721;;;85;;;84.8517;;;85;;;85;;;81.5493
4722;;;72.8449;;;70.921;;;85;;;84.7939;;;85;;;85;;;81.6934
4723;;;71.0449;;;69.121;;;85;;;84.7364;;;85;;;85;;;81.8363
4724;;;69.2449;;;67.321;;;85;;;84.6796;;;85;;;85;;;81.9778
4725;;;67.4449;;;65.521;;;85;;;84.6282;;;85;;;85;;;82.1181
4726;;;65.6449;;;63.721;;;85;;;84.5952;;;85;;;85;;;82.2571
4727;;;63.8449;;;61.921;;;85;;;84.5759;;;85;;;85;;;82.3949
4728;;;62.0449;;;60.5105;;;85;;;84.5572;;;85;;;85;;;82.5315
4729;;;60.5725;;;60;;;85;;;84.5387;;;85;;;85;;;82.6668
4730;;;60;;;60;;;85;;;84.5204;;;85;;;85;;;82.8009
4731;;;60;;;60;;;85;;;84.5022;;;85;;;85;;;82.9338
4732;;;60;;;60;;;85;;;84.4843;;;85;;;85;;;83.0655
4733;;;60;;;60;;;85;;;84.4665;;;85;;;85;;;83.1961
4734;;;60;;;60;;;85;;;84.449;;;85;;;85;;;83.3254
4735;;;60;;;60;;;85;;;84.4315;;;85;;;85;;;83.4536
4736;;;60;;;60;;;85;;;84.4143;;;85;;;85;;;83.5807
4737;;;60;;;60;;;85;;;84.3973;;;85;;;85;;;83.7066
4738;;;60;;;60;;;85;;;84.3804;;;85;;;85;;;83.8313
4739;;;60;;;60;;;85;;;84.3637;;;85;;;85;;;83.955
4740;;;60;;;60;;;85;;;84.3471;;;85;;;85;;;84.0775
4741;;;60;;;60;;;85;;;84.3308;;;85;;;85;;;84.1989
4742;;;60;;;60;;;85;;;84.3146;;;85;;;85;;;84.3192
4743;;;60;;;60;;;85;;;84.3055;;;85;;;85;;;84.4385
4744;;;60;;;60;;;85;;;84.3181;;;85;;;85;;;84.5567
4745;;;60;;;60;;;85;;;84.3633;;;85;;;85;;;84.6737
4746;;;60;;;60;;;85;;;84.4434;;;85;;;85;;;84.7898
4747;;;60;;;60;;;85;;;84.5554;;;85;;;85;;;84.9048
4748;;;60;;;60;;;85;;;84.6973;;;85;;;85;;;84.981
4749;;;60;;;60;;;85;;;84.869;;;85;;;85;;;85
4750;;;60;;;60;;;84.9965;;;84.9811;;;85;;;85;;;85
4751;;;60;;;60;;;84.9893;;;85;;;85;;;85;;;85
4752;;;60;;;60;;;84.9822;;;85;;;85;;;85;;;85
4753;;;60;;;60;;;84.9754;;;85;;;85;;;85;;;85
4754;;;60;;;60;;;84.9688;;;85;;;85;;;85;;;85
4755;;;60;;;60;;;84.9622;;;85;;;85;;;85;;;85
4756;;;60;;;60;;;84.9558;;;85;;;85;;;85;;;85
4757;;;60;;;60;;;84.9494;;;85;;;85;;;85;;;85
4758;;;60;;;60;;;84.9431;;;85;;;85;;;85;;;85
4759;;;60;;;60;;;84.9369;;;85;;;85;;;85;;;85
4760;;;60;;;60;;;84.9308;;;85;;;85;;;85;;;85
4761;;;60;;;60;;;84.9248;;;85;;;85;;;85;;;85
4762;;;60;;;60;;;84.9189;;;85;;;85;;;85;;;85
4763;;;60;;;60;;;84.913;;;85;;;85;;;85;;;85
4764;;;60;;;60;;;84.9073;;;85;;;85;;;85;;;85
4765;;;60;;;60;;;84.9016;;;85;;;85;;;85;;;85
4766;;;60;;;60;;;84.896;;;85;;;85;;;85;;;85
4767;;;60;;;60;;;84.8905;;;85;;;85;;;85;;;85
4768;;;60;;;60;;;84.8851;;;85;;;85;;;85;;;85
4769;;;60;;;60;;;84.8797;;;85;;;85;;;85;;;85
4770;;;60;;;60;;;84.8744;;;85;;;85;;;85;;;85
4771;;;60;;;60;;;84.8692;;;85;;;85;;;85;;;85
4772;;;60;;;60;;;84.8641;;;85;;;85;;;85;;;85
4773;;;60;;;60;;;84.859;;;85;;;85;;;85;;;85
4774;;;60;;;60;;;84.8541;;;85;;;85;;;85;;;85
4775;;;60;;;60;;;84.8492;;;85;;;85;;;85;;;85
4776;;;60;;;60;;;84.8443;;;85;;;85;;;85;;;85
4777;;;60;;;60;;;84.8396;;;85;;;85;;;85;;;85
4778;;;60;;;60;;;84.8349;;;85;;;85;;;85;;;85
4779;;;60;;;60;;;84.8302;;;85;;;85;;;85;;;85
4780;;;60;;;60;;;84.8257;;;85;;;85;;;85;;;84.9073
4781;;;60;;;60;;;84.8212;;;85;;;85;;;85;;;84.6878
4782;;;60;;;60;;;84.8167;;;85;;;85;;;85;;;84.646
4783;;;60;;;60;;;84.8124;;;85;;;85;;;85;;;84.8565
4784;;;60;;;60;;;84.8081;;;85;;;85;;;85;;;84.991
4785;;;60;;;60;;;84.8038;;;85;;;85;;;85;;;85
4786;;;60;;;60;;;84.7996;;;85;;;85;;;85;;;85
4787;;;60;;;60;;;84.7955;;;85;;;85;;;85;;;85
4788;;;60;;;60;;;84.7915;;;85;;;85;;;85;;;85
4789;;;60;;;60;;;84.7875;;;85;;;85;;;85;;;85
4790;;;60;;;60;;;84.7835;;;85;;;85;;;85;;;85
4791;;;60;;;60;;;84.7796;;;85;;;85;;;85;;;85
4792;;;60;;;60;;;84.7758;;;85;;;85;;;85;;;85
4793;;;60;;;60;;;84.772;;;85;;;85;;;85;;;85
4794;;;60;;;60;;;84.7683;;;85;;;85;;;85;;;85
4795;;;60;;;60;;;84.7646;;;85;;;85;;;85;;;85
4796;;;60;;;60;;;84.761;;;85;;;85;;;85;;;85
4797;;;60;;;60;;;84.7574;;;85;;;85;;;85;;;85
4798;;;60;;;60;;;84.7539;;;85;;;85;;;85;;;85
4799;;;60;;;60;;;84.7505;;;85;;;85;;;85;;;85
4800;;;60;;;60;;;84.7471;;;85;;;85;;;85;;;85
4801;;;60;;;60;;;84.7437;;;85;;;85;;;85;;;85
4802;;;60;;;60;;;84.7404;;;85;;;85;;;85;;;85
4803;;;60;;;60;;;84.7359;;;85;;;85;;;85;;;85
4804;;;60;;;60;;;84.7158;;;85;;;85;;;85;;;85
4805;;;60;;;60;;;84.674;;;85;;;85;;;85;;;85
4806;;;60;;;60;;;84.6083;;;85;;;85;;;85;;;85
4807;;;60;;;60;;;84.5263;;;85;;;85;;;85;;;85
4808;;;60;;;60;;;84.4455;;;85;;;85;;;85;;;85
4809;;;60;;;60;;;84.3659;;;85;;;85;;;85;;;85
4810;;;60;;;60;;;84.2874;;;85;;;85;;;85;;;85
4811;;;60;;;60;;;84.2101;;;85;;;85;;;85;;;85
4812;;;60;;;60;;;84.1338;;;85;;;85;;;85;;;85
4813;;;60;;;60;;;84.0606;;;85;;;85;;;85;;;85
4814;;;60;;;60;;;84.0062;;;85;;;85;;;85;;;85
4815;;;60;;;60;;;83.9689;;;85;;;85;;;85;;;85
4816;;;60;;;60;;;83.9324;;;85;;;85;;;85;;;85
4817;;;60;;;60;;;83.8965;;;85;;;85;;;85;;;85
4818;;;60;;;60;;;83.8611;;;85;;;85;;;85;;;85
4819;;;60;;;60;;;83.8262;;;85;;;85;;;85;;;85
4820;;;60;;;60;;;83.7919;;;85;;;85;;;85;;;85
4821;;;60;;;60;;;83.758;;;85;;;85;;;85;;;85
4822;;;60;;;60;;;83.7246;;;85;;;85;;;85;;;85
4823;;;60;;;60;;;83.6917;;;85;;;85;;;85;;;85
4824;;;60;;;60;;;83.6592;;;85;;;85;;;85;;;85
4825;;;60;;;60;;;83.6272;;;85;;;85;;;85;;;85
4826;;;60;;;60;;;83.5957;;;85;;;85;;;85;;;85
4827;;;60;;;59.3768;;;83.5646;;;85;;;85;;;85;;;85
4828;;;60;;;58.1713;;;83.534;;;85;;;85;;;85;;;85
4829;;;59.3459;;;57.1321;;;83.5038;;;85;;;85;;;85;;;85
4830;;;58.0451;;;56.3238;;;83.4741;;;85;;;85;;;85;;;85
4831;;;56.8595;;;55.7014;;;83.4448;;;85;;;85;;;85;;;85
4832;;;55.8465;;;55.2152;;;83.4159;;;85;;;85;;;85;;;85
4833;;;55.1862;;;55.0106;;;83.3874;;;85;;;85;;;85;;;85
4834;;;55.0313;;;55.8272;;;83.3593;;;85;;;85;;;85;;;85
4835;;;56.0762;;;57.6068;;;83.3316;;;85;;;85;;;85;;;85
4836;;;58.0518;;;59.2903;;;83.3043;;;85;;;85;;;85;;;85
4837;;;59.507;;;60;;;83.2775;;;85;;;85;;;85;;;85
4838;;;60;;;60;;;83.251;;;85;;;85;;;85;;;85
4839;;;60;;;60;;;83.2248;;;85;;;85;;;85;;;85
4840;;;60;;;60;;;83.199;;;85;;;85;;;85;;;85
4841;;;60;;;60;;;83.1734;;;85;;;85;;;85;;;85
4842;;;60;;;60;;;83.1479;;;85;;;85;;;85;;;85
4843;;;60;;;60;;;83.1226;;;85;;;85;;;84.9965;;;85
4844;;;60;;;60;;;83.0974;;;85;;;84.6081;;;84.963;;;85
4845;;;60;;;60;;;83.0725;;;85;;;83.3162;;;84.897;;;85
4846;;;60;;;60;;;83.0477;;;85;;;81.5162;;;84.8256;;;85
4847;;;60;;;60;;;83.023;;;85;;;79.7162;;;84.755;;;85
4848;;;60;;;60;;;82.9986;;;85;;;77.9162;;;84.6846;;;85
4849;;;60;;;60;;;82.9742;;;85;;;76.1162;;;84.6144;;;85
4850;;;60;;;60;;;82.9501;;;85;;;74.3162;;;84.5444;;;85
4851;;;60;;;60;;;82.9261;;;85;;;72.5162;;;84.4746;;;85
4852;;;60;;;60;;;82.9023;;;85;;;70.7162;;;84.405;;;85
4853;;;60;;;60;;;82.8786;;;85;;;68.9162;;;84.3356;;;85
4854;;;60;;;60;;;82.8551;;;85;;;67.1162;;;84.2664;;;85
4855;;;60;;;60;;;82.8317;;;85;;;65.3162;;;84.1974;;;85
4856;;;60;;;60;;;82.8085;;;85;;;63.5162;;;84.1286;;;85
4857;;;60;;;60;;;82.7855;;;85;;;61.7162;;;84.06;;;85
4858;;;60;;;60;;;82.7626;;;85;;;60.333;;;83.9916;;;85
4859;;;60;;;60;;;82.7398;;;85;;;59.6034;;;83.9234;;;85
4860;;;60;;;60;;;82.7172;;;85;;;59.0301;;;83.8554;;;85
4861;;;60;;;60;;;82.6026;;;85;;;58.8239;;;83.7875;;;85
4862;;;60;;;60;;;81.5992;;;85;;;59.155;;;83.7199;;;85
4863;;;60;;;60;;;79.7992;;;85;;;59.5904;;;83.6524;;;85
4864;;;60;;;60;;;77.9992;;;85;;;59.9077;;;83.5852;;;85
4865;;;60;;;60;;;76.1992;;;85;;;60;;;83.5181;;;85
4866;;;60;;;60;;;74.3992;;;85;;;60;;;83.4512;;;85
4867;;;60;;;60;;;72.5992;;;85;;;60;;;83.3845;;;85
4868;;;60;;;60;;;70.7992;;;85;;;60;;;83.318;;;85
4869;;;60;;;60;;;68.9992;;;85;;;60;;;83.2517;;;85
4870;;;60;;;60;;;67.1992;;;85;;;60;;;83.1856;;;85
4871;;;60;;;59.5583;;;65.3992;;;85;;;60;;;83.1196;;;85
4872;;;60;;;58.2791;;;63.5992;;;85;;;60;;;83.0539;;;85
4873;;;60;;;56.6004;;;61.7992;;;85;;;60;;;82.9883;;;85
4874;;;60;;;54.9876;;;60.3895;;;85;;;60;;;82.9229;;;85
4875;;;60;;;53.5255;;;59.4437;;;85;;;60;;;82.8576;;;85
4876;;;59.5269;;;52.2287;;;58.4654;;;85;;;60;;;82.7926;;;85
4877;;;58.2792;;;51.113;;;57.9359;;;85;;;60;;;82.7278;;;85
4878;;;56.8375;;;50.1782;;;58.2506;;;85;;;60;;;82.6631;;;85
4879;;;55.5874;;;49.4014;;;58.875;;;85;;;60;;;82.5986;;;85
4880;;;54.4967;;;48.7546;;;59.5201;;;85;;;60;;;82.5343;;;84.9985
4881;;;53.544;;;48.2228;;;59.9213;;;85;;;60;;;82.4701;;;84.9835
4882;;;52.6221;;;47.7863;;;60;;;85;;;60;;;82.4061;;;84.9561
4883;;;50.395;;;47.3886;;;60;;;85;;;60;;;82.3424;;;84.9248
4884;;;46.8809;;;46.2515;;;60;;;85;;;60;;;82.2787;;;84.8756
4885;;;43.3532;;;43.566;;;60;;;85;;;60;;;82.2153;;;84.8117
4886;;;39.8256;;;40.073;;;60;;;85;;;60;;;82.152;;;84.7472
4887;;;36.298;;;36.5801;;;60;;;85;;;60;;;82.0889;;;84.6824
4888;;;32.7703;;;33.0872;;;60;;;85;;;60;;;82.026;;;84.6014
4889;;;29.2427;;;29.5942;;;60;;;85;;;60;;;81.9633;;;84.5032
4890;;;25.7151;;;26.1013;;;60;;;85;;;60;;;81.9007;;;84.404
4891;;;22.1874;;;22.6084;;;60;;;85;;;60;;;81.8383;;;84.305
4892;;;18.6598;;;19.1154;;;60;;;85;;;60;;;81.776;;;84.2061
4893;;;15.1321;;;15.6225;;;60;;;85;;;60;;;81.714;;;84.1228
4894;;;11.6045;;;12.1296;;;60;;;85;;;60;;;81.6521;;;84.058
4895;;;8.0805;;;8.6367;;;60;;;85;;;60;;;81.5904;;;83.9964
4896;;;4.6583;;;5.2316;;;60;;;85;;;60;;;81.5288;;;83.9349
4897;;;1.4982;;;1.9144;;;60;;;85;;;60;;;81.4674;;;83.8735
4898;;;0;;;0.1279;;;60;;;85;;;60;;;81.4062;;;83.8123
4899;;;0;;;0;;;60;;;85;;;60;;;81.3324;;;83.7511
4900;;;0;;;0;;;60;;;85;;;60;;;81.2382;;;83.6901
4901;;;0;;;0;;;60;;;85;;;60;;;81.1201;;;83.6292
4902;;;0;;;0;;;60;;;85;;;60;;;80.9822;;;83.5684
4903;;;0;;;0;;;60;;;85;;;60;;;80.8409;;;83.5077
4904;;;0;;;0;;;60;;;85;;;60;;;80.7;;;83.4471
4905;;;0;;;0;;;60;;;85;;;60;;;80.5595;;;83.3867
4906;;;0;;;0;;;60;;;85;;;60;;;80.4194;;;83.3264
4907;;;0;;;0;;;60;;;85;;;60;;;80.2797;;;83.2661
4908;;;0;;;0;;;60;;;85;;;60;;;80.1403;;;83.206
4909;;;0;;;0;;;60;;;85;;;60;;;80.0087;;;83.146
4910;;;0;;;0;;;60;;;85;;;60;;;79.8958;;;83.0861
4911;;;0;;;0;;;60;;;85;;;60;;;79.7941;;;83.0411
4912;;;0;;;0;;;60;;;85;;;60;;;79.6927;;;83.0252
4913;;;0;;;0;;;60;;;85;;;60;;;79.5915;;;83.0397
4914;;;0;;;0;;;60;;;85;;;60;;;79.4905;;;83.086
4915;;;0;;;0;;;60;;;85;;;60;;;79.3899;;;83.1674
4916;;;0;;;0;;;60;;;85;;;60;;;79.2895;;;83.2823
4917;;;0;;;0;;;60;;;85;;;60;;;79.1893;;;83.4272
4918;;;0;;;0;;;60;;;85;;;60;;;79.0895;;;83.6021
4919;;;0;;;0;;;60;;;85;;;60;;;78.9898;;;83.792
4920;;;0;;;0;;;60;;;85;;;60;;;78.8905;;;83.982
4921;;;0;;;0;;;60;;;85;;;60;;;78.7913;;;84.1717
4922;;;0;;;0;;;60;;;85;;;60;;;78.6925;;;84.3611
4923;;;0;;;0;;;60;;;85;;;60;;;78.5939;;;84.55
4924;;;0;;;0;;;60;;;85;;;60;;;78.4955;;;84.7386
4925;;;0;;;0;;;60;;;85;;;60;;;78.3974;;;84.9121
4926;;;0;;;0;;;60;;;85;;;60;;;78.2995;;;84.9956
4927;;;0;;;0;;;60;;;85;;;60;;;78.2019;;;85
4928;;;0;;;0;;;60;;;85;;;60;;;78.1046;;;85
4929;;;0;;;0;;;60;;;85;;;60;;;78.0074;;;85
4930;;;0;;;0;;;60;;;85;;;60;;;77.9106;;;85
4931;;;0;;;0;;;60;;;85;;;60;;;77.8139;;;85
4932;;;0;;;0;;;60;;;85;;;60;;;77.7176;;;85
4933;;;0;;;0;;;60;;;85;;;60;;;77.6214;;;85
4934;;;0;;;0;;;60;;;85;;;60;;;77.5255;;;85
4935;;;0;;;0;;;60;;;85;;;60;;;77.4298;;;85
4936;;;0;;;0;;;60;;;85;;;60;;;77.3344;;;85
4937;;;0;;;0;;;60;;;85;;;60;;;77.2392;;;85
4938;;;0;;;0;;;60;;;85;;;60;;;77.1443;;;85
4939;;;0;;;0;;;60;;;85;;;60;;;77.0495;;;85
4940;;;0;;;0;;;60;;;85;;;60;;;76.9551;;;85
4941;;;0;;;0;;;60;;;85;;;60;;;76.8608;;;85
4942;;;0;;;0;;;60;;;85;;;60;;;76.7668;;;85
4943;;;0;;;0;;;60;;;85;;;60;;;76.673;;;85
4944;;;0;;;0;;;60;;;85;;;60;;;76.5794;;;85
4945;;;0;;;0;;;60;;;85;;;60;;;76.4861;;;85
4946;;;0;;;0;;;60;;;85;;;60;;;76.393;;;85
4947;;;0;;;0;;;60;;;85;;;60;;;76.3001;;;85
4948;;;0;;;0;;;60;;;85;;;60;;;76.2074;;;85
4949;;;0;;;0;;;60;;;85;;;60;;;76.115;;;85
4950;;;0;;;0;;;60;;;85;;;60;;;76.0228;;;85
4951;;;0;;;0;;;60;;;85;;;60;;;75.9308;;;85
4952;;;0;;;0;;;60;;;85;;;60;;;75.839;;;85
4953;;;0;;;0;;;60;;;85;;;60;;;75.7474;;;85
4954;;;0;;;0;;;60;;;85;;;60;;;75.6561;;;85
4955;;;0;;;0;;;60;;;85;;;60;;;75.565;;;85
4956;;;0;;;0;;;60;;;85;;;59.4236;;;75.4741;;;85
4957;;;0.1775;;;0;;;60;;;85;;;58.248;;;75.3834;;;85
4958;;;2.1549;;;1.6612;;;60;;;85;;;57.1623;;;75.2929;;;85
4959;;;5.7549;;;5.1224;;;60;;;85;;;56.3059;;;75.2027;;;85
4960;;;9.3549;;;8.7224;;;60;;;85;;;55.6771;;;75.1126;;;85
4961;;;12.9549;;;12.3224;;;60;;;85;;;55.2706;;;75.0228;;;85
4962;;;15.8652;;;15.6;;;60;;;85;;;55.0615;;;74.9332;;;85
4963;;;16.9428;;;17.1873;;;60;;;85;;;55;;;74.8438;;;85
4964;;;17.572;;;17.7726;;;60;;;85;;;55.4345;;;74.7546;;;85
4965;;;20.0337;;;20.0481;;;60;;;85;;;56.5647;;;74.5299;;;85
4966;;;23.6337;;;23.6481;;;60;;;85;;;57.9792;;;73.4734;;;85
4967;;;27.1985;;;27.2101;;;60;;;85;;;59.2923;;;71.6969;;;85
4968;;;29.1312;;;29.5183;;;60;;;85;;;59.9432;;;69.8969;;;85
4969;;;29.5221;;;30.4129;;;60;;;85;;;60;;;68.0969;;;85
4970;;;31.4004;;;32.1854;;;60;;;85;;;60;;;66.2969;;;85
4971;;;34.6273;;;35.1674;;;60;;;84.989;;;60;;;64.4969;;;85
4972;;;37.6908;;;38.2045;;;59.8178;;;84.9163;;;60;;;62.6969;;;85
4973;;;40.5991;;;41.0876;;;58.9731;;;84.7387;;;59.8529;;;61.0372;;;85
4974;;;43.3599;;;43.8244;;;57.7628;;;84.4857;;;59.3356;;;60.0013;;;85
4975;;;45.9;;;46.1824;;;56.7854;;;84.2128;;;58.9159;;;59.3395;;;85
4976;;;47.6916;;;47.9471;;;56.041;;;83.9424;;;58.7717;;;58.7758;;;85
4977;;;49.0135;;;49.6535;;;55.5245;;;83.6747;;;58.5435;;;58.6551;;;85
4978;;;50.888;;;51.747;;;55.1614;;;83.4097;;;58.322;;;58.8074;;;85
4979;;;53.127;;;53.9428;;;55;;;83.1471;;;58.2091;;;59.0032;;;85
4980;;;55.2525;;;56.0272;;;55.4407;;;82.8864;;;58.217;;;59.206;;;85
4981;;;57.1899;;;57.8614;;;56.8489;;;82.6268;;;58.3421;;;59.4097;;;85
4982;;;58.5564;;;59.3088;;;58.7108;;;82.3685;;;58.5527;;;59.6133;;;85
4983;;;59.3732;;;59.9369;;;59.8026;;;82.1114;;;58.7601;;;59.8168;;;85
4984;;;59.726;;;59.9369;;;60;;;81.8555;;;58.9057;;;59.9592;;;85
4985;;;59.726;;;59.9369;;;60;;;81.6008;;;58.9879;;;60;;;85
4986;;;59.8584;;;59.9369;;;60;;;81.3473;;;59.0103;;;60;;;85
4987;;;59.9908;;;59.9369;;;60;;;81.095;;;58.9441;;;60;;;85
4988;;;59.9908;;;59.9369;;;60;;;80.8439;;;58.7401;;;60;;;85
4989;;;59.9889;;;59.9369;;;60;;;80.5939;;;58.4571;;;60;;;85
4990;;;59.9388;;;59.937;;;60;;;80.345;;;58.2326;;;60;;;85
4991;;;59.7646;;;59.9501;;;60;;;80.0974;;;58.1208;;;60;;;85
4992;;;59.4468;;;59.8969;;;59.9891;;;79.8508;;;58.0716;;;60;;;85
4993;;;59.0027;;;59.7038;;;59.9371;;;79.6054;;;57.9721;;;60;;;85
4994;;;58.449;;;59.3972;;;59.9019;;;79.3611;;;57.7707;;;60;;;85
4995;;;57.81;;;58.992;;;59.9536;;;79.1178;;;56.9273;;;60;;;85
4996;;;57.0982;;;58.5016;;;59.9996;;;78.8757;;;55.9343;;;60;;;85
4997;;;56.3255;;;57.9472;;;60;;;78.6346;;;55.7197;;;60;;;85
4998;;;55.5323;;;57.3712;;;60;;;78.3946;;;55.909;;;60;;;85
4999;;;55.0686;;;56.8017;;;60;;;78.1556;;;56.2191;;;60;;;85
5000;;;55;;;56.2389;;;60;;;77.9177;;;56.6528;;;60;;;85
5001;;;55;;;55.6824;;;60;;;77.6809;;;56.9126;;;60;;;85
5002;;;55;;;55.1323;;;60;;;77.4451;;;56.2046;;;60;;;85
5003;;;55;;;54.9294;;;59.993;;;77.2103;;;54.7467;;;60;;;85
5004;;;55;;;55;;;59.9261;;;76.9766;;;53.2306;;;60;;;85
5005;;;55;;;55;;;59.8336;;;76.7438;;;51.7281;;;60;;;85
5006;;;55;;;55;;;59.8256;;;76.5121;;;50.3374;;;60;;;85
5007;;;55;;;55;;;59.9154;;;76.2814;;;49.0899;;;60;;;85
5008;;;55;;;55;;;59.9903;;;76.0517;;;47.9937;;;60;;;85
5009;;;55;;;55;;;59.9854;;;75.823;;;47.0692;;;60;;;85
5010;;;55;;;55;;;59.9371;;;75.5953;;;46.3095;;;60;;;85
5011;;;55;;;55;;;59.8725;;;75.3685;;;45.6845;;;60;;;85
5012;;;55;;;55;;;59.8347;;;75.1427;;;45.176;;;60;;;85
5013;;;55;;;55;;;59.8613;;;74.9179;;;44.7785;;;60;;;85
5014;;;55;;;55;;;59.9473;;;74.694;;;44.468;;;60;;;85
5015;;;55;;;55;;;59.4284;;;74.4711;;;44.1938;;;60;;;85
5016;;;55;;;55;;;58.1358;;;74.249;;;43.9236;;;60;;;85
5017;;;55;;;55;;;56.6966;;;74.0279;;;43.2467;;;60;;;85
5018;;;55;;;55;;;55.2262;;;73.8077;;;40.9631;;;60;;;85
5019;;;55;;;55;;;53.6944;;;73.5884;;;37.4794;;;60;;;85
5020;;;55;;;55;;;52.1615;;;73.37;;;33.9957;;;60;;;85
5021;;;55;;;55;;;50.7313;;;72.7682;;;30.512;;;60;;;85
5022;;;55;;;55;;;49.4494;;;71.7419;;;27.0282;;;60;;;85
5023;;;55;;;55;;;48.3216;;;71.1719;;;23.5445;;;60;;;85
5024;;;55;;;55;;;47.3675;;;71.1515;;;20.0608;;;60;;;85
5025;;;55;;;55;;;46.5852;;;71.1835;;;16.5771;;;60;;;85
5026;;;55;;;55.3062;;;45.9469;;;71.2151;;;13.0934;;;60;;;85
5027;;;55.952;;;56.6121;;;45.4315;;;71.2462;;;9.6097;;;60;;;85
5028;;;57.8709;;;58.5608;;;45.0312;;;71.2769;;;6.1909;;;60;;;85
5029;;;59.4126;;;59.7549;;;44.7262;;;71.307;;;2.8528;;;60;;;85
5030;;;59.9936;;;60;;;44.4678;;;71.3367;;;0.5959;;;60;;;85
5031;;;60;;;60;;;44.2175;;;71.3659;;;0;;;60;;;85
5032;;;60;;;60;;;43.7557;;;71.3903;;;0;;;60;;;85
5033;;;60;;;60;;;41.6636;;;71.3962;;;0;;;60;;;85
5034;;;60;;;60;;;38.1536;;;71.3828;;;0;;;60;;;85
5035;;;60;;;60;;;34.6437;;;71.3483;;;0;;;60;;;85
5036;;;60;;;59.9993;;;31.1337;;;71.2976;;;0;;;60;;;85
5037;;;60;;;59.9398;;;27.6237;;;71.2467;;;0;;;60;;;85
5038;;;60;;;59.7305;;;24.1137;;;71.1966;;;0;;;60;;;85
5039;;;60;;;59.3335;;;20.6037;;;71.1473;;;0;;;60;;;85
5040;;;60;;;58.7694;;;17.0937;;;71.0988;;;0;;;60;;;85
5041;;;59.5395;;;58.1001;;;13.5837;;;71.051;;;0;;;60;;;85
5042;;;58.5728;;;57.3612;;;10.0737;;;71.004;;;0;;;60;;;85
5043;;;57.5347;;;56.5557;;;6.6192;;;70.9577;;;0;;;60;;;85
5044;;;56.4428;;;55.6875;;;3.2465;;;70.9222;;;0;;;60;;;85
5045;;;55.3006;;;54.7574;;;0.7866;;;70.9055;;;0;;;60;;;85
5046;;;53.2054;;;52.6583;;;0;;;70.8971;;;0;;;60;;;85
5047;;;49.9744;;;49.2982;;;0;;;70.8889;;;0;;;60;;;85
5048;;;46.5331;;;45.815;;;0;;;70.8808;;;0;;;60;;;85
5049;;;43.0866;;;42.3311;;;0;;;70.8728;;;0;;;60;;;85
5050;;;39.6401;;;38.8471;;;0;;;70.865;;;0;;;60;;;85
5051;;;36.1936;;;35.3631;;;0;;;70.8573;;;0;;;60;;;85
5052;;;32.7471;;;31.8792;;;0;;;70.8497;;;0;;;60;;;85
5053;;;29.3006;;;28.3952;;;0;;;70.8422;;;0;;;60;;;85
5054;;;25.8541;;;24.9113;;;0;;;70.8348;;;0;;;60;;;85
5055;;;22.4076;;;21.4273;;;0;;;70.8276;;;0;;;60;;;85
5056;;;18.9611;;;17.9434;;;0;;;70.8204;;;0;;;60;;;85
5057;;;15.5146;;;14.4594;;;0;;;70.8134;;;0;;;60;;;85
5058;;;12.0681;;;10.9755;;;0;;;70.8065;;;0;;;60;;;85
5059;;;8.6216;;;7.529;;;0;;;70.7997;;;0;;;60;;;85
5060;;;5.2599;;;4.1567;;;0;;;70.793;;;0;;;60;;;85
5061;;;1.9917;;;1.2445;;;0;;;70.7864;;;0;;;60;;;85
5062;;;0.181;;;0;;;0;;;70.7799;;;0;;;60;;;85
5063;;;0;;;0;;;0;;;70.7735;;;0;;;60;;;85
5064;;;0;;;0;;;0;;;70.7673;;;0;;;60;;;85
5065;;;0;;;0;;;0;;;70.7611;;;0;;;60;;;85
5066;;;0;;;0;;;0;;;70.755;;;0;;;60;;;85
5067;;;0;;;0;;;0;;;70.749;;;0;;;60;;;85
5068;;;0;;;0;;;0;;;70.7431;;;0;;;60;;;85
5069;;;0;;;0;;;0;;;70.7373;;;0;;;60;;;85
5070;;;0;;;0;;;0;;;70.7316;;;0;;;60;;;85
5071;;;0;;;0;;;0;;;70.7259;;;0;;;59.8443;;;85
5072;;;0;;;0;;;0;;;70.7204;;;0;;;59.0641;;;85
5073;;;0;;;0;;;0;;;70.7149;;;0;;;57.9059;;;85
5074;;;0;;;0;;;0;;;70.7096;;;0;;;56.9574;;;85
5075;;;0;;;0;;;0;;;70.7043;;;0;;;56.2398;;;85
5076;;;0;;;0;;;0;;;70.6991;;;0;;;55.7518;;;85
5077;;;0;;;0;;;0;;;70.694;;;0;;;55.3435;;;85
5078;;;0;;;0;;;0;;;70.6889;;;0;;;55.0603;;;85
5079;;;0;;;0;;;0;;;70.684;;;0;;;55.0625;;;85
5080;;;0;;;0;;;0;;;70.6791;;;0;;;55.669;;;85
5081;;;0;;;0;;;0;;;70.6743;;;0;;;56.8571;;;85
5082;;;0;;;0;;;0;;;70.6696;;;0;;;58.1462;;;85
5083;;;0;;;0;;;0;;;70.6649;;;0;;;59.3539;;;85
5084;;;0;;;0;;;0;;;70.6603;;;0;;;59.9583;;;85
5085;;;0;;;0;;;0;;;70.6558;;;0;;;60;;;85
5086;;;0;;;0;;;0;;;70.6514;;;0;;;60;;;85
5087;;;0;;;0;;;0;;;70.647;;;0;;;60;;;85
5088;;;0;;;0;;;0;;;70.6427;;;0;;;59.9987;;;85
5089;;;0;;;0;;;0;;;70.6385;;;0;;;59.6998;;;85
5090;;;0;;;0;;;0;;;70.6343;;;1.1543;;;59.1146;;;85
5091;;;0;;;0;;;0;;;70.6302;;;4.1086;;;58.6691;;;85
5092;;;0;;;0;;;0;;;70.6262;;;7.315;;;58.2662;;;85
5093;;;0;;;0;;;0;;;70.6222;;;9.1711;;;57.3843;;;85
5094;;;0;;;0;;;0;;;70.6183;;;11.3302;;;56.3166;;;85
5095;;;0;;;0;;;0;;;70.6144;;;14.8396;;;55.8451;;;85
5096;;;0;;;0;;;0;;;70.6106;;;16.9928;;;55.8612;;;85
5097;;;0;;;0;;;0;;;70.6069;;;18.8539;;;56.0385;;;85
5098;;;0;;;0;;;0;;;70.6032;;;22.1618;;;56.2968;;;85
5099;;;0;;;0;;;0;;;70.5996;;;25.0018;;;56.5387;;;85
5100;;;0;;;0;;;0;;;70.5961;;;26.9369;;;56.719;;;85
5101;;;0;;;0;;;0;;;70.5926;;;29.5359;;;56.8404;;;85
5102;;;0;;;0;;;0;;;70.5891;;;32.7694;;;56.9011;;;85
5103;;;0;;;0;;;0;;;70.5857;;;34.8603;;;56.8823;;;85
5104;;;0;;;0;;;0;;;70.5824;;;36.8653;;;56.7303;;;85
5105;;;0;;;0;;;0.9538;;;70.5791;;;39.7475;;;56.4826;;;85
5106;;;0;;;0;;;3.6355;;;70.5758;;;42.1242;;;56.2788;;;85
5107;;;0;;;0;;;7.1634;;;70.5727;;;44.1527;;;56.184;;;85
5108;;;0;;;0;;;9.6342;;;70.0849;;;46.5058;;;56.1699;;;85
5109;;;0;;;0;;;10.4459;;;68.6986;;;48.9216;;;56.1342;;;85
5110;;;0;;;0;;;11.8663;;;66.8986;;;51.0399;;;55.9955;;;85
5111;;;0;;;0;;;14.9458;;;65.0986;;;53.0963;;;55.7916;;;85
5112;;;0;;;0;;;18.5458;;;63.2986;;;55.2233;;;55.5791;;;85
5113;;;0;;;0;;;20.8283;;;61.4987;;;57.2882;;;55.3983;;;85
5114;;;0;;;0;;;21.6079;;;60.2147;;;59.0657;;;55.2822;;;85
5115;;;0;;;0;;;23.4722;;;59.8866;;;59.814;;;55.2429;;;85
5116;;;0;;;0;;;26.8115;;;59.9712;;;59.814;;;55.297;;;85
5117;;;0;;;0;;;30.2693;;;60;;;59.814;;;54.9697;;;85
5118;;;0;;;0;;;33.5552;;;60;;;59.814;;;53.9384;;;85
5119;;;0;;;0;;;35.6758;;;60;;;59.814;;;52.5963;;;85
5120;;;0;;;0;;;36.7465;;;60;;;59.814;;;51.1845;;;85
5121;;;0;;;0.4569;;;38.7479;;;60;;;59.814;;;49.736;;;85
5122;;;1.6001;;;2.7138;;;41.5896;;;60;;;59.814;;;48.3347;;;85
5123;;;5.0002;;;6.3138;;;44.3001;;;60;;;59.814;;;47.0559;;;85
5124;;;8.6002;;;9.9138;;;46.6387;;;60;;;59.8539;;;45.9164;;;85
5125;;;12.2002;;;13.5138;;;48.5189;;;60;;;59.9445;;;44.9254;;;85
5126;;;15.4466;;;16.0071;;;50.4256;;;60;;;59.9952;;;44.0897;;;85
5127;;;16.445;;;16.4036;;;52.5755;;;60;;;59.996;;;43.4102;;;85
5128;;;15.8596;;;16.8594;;;54.7288;;;60;;;59.9783;;;42.8635;;;85
5129;;;17.5221;;;19.4118;;;56.7729;;;60;;;59.8952;;;42.4239;;;85
5130;;;21.1221;;;23.0118;;;58.5659;;;60;;;59.7559;;;42.0874;;;85
5131;;;24.7181;;;26.5869;;;59.3635;;;60;;;59.6066;;;41.8405;;;85
5132;;;27.6441;;;28.7597;;;59.3635;;;60;;;59.4576;;;41.6392;;;85
5133;;;28.3847;;;28.8759;;;59.3635;;;60;;;59.309;;;41.4452;;;85
5134;;;28.195;;;29.5953;;;59.6791;;;60;;;59.1607;;;41.2512;;;85
5135;;;30.0847;;;32.2303;;;59.9946;;;60;;;59.0495;;;40.9433;;;85
5136;;;33.3794;;;35.4158;;;59.9946;;;60;;;59.0429;;;39.0021;;;85
5137;;;36.5071;;;38.4398;;;59.9946;;;60;;;59.1742;;;35.5417;;;85
5138;;;39.4762;;;41.3105;;;59.9946;;;60;;;59.4513;;;32.0813;;;84.9955
5139;;;42.2946;;;44.0356;;;59.9946;;;60;;;59.8107;;;28.621;;;84.9503
5140;;;44.9701;;;46.2038;;;59.9946;;;60;;;59.9938;;;25.1606;;;84.8155
5141;;;46.0417;;;46.7508;;;59.9946;;;60;;;59.9938;;;21.7002;;;84.574
5142;;;45.4339;;;46.5783;;;59.9849;;;60;;;59.9938;;;18.2398;;;84.2669
5143;;;46.1584;;;47.9246;;;59.9203;;;60;;;59.9938;;;14.7794;;;83.9477
5144;;;48.4712;;;50.3129;;;59.7638;;;60;;;59.9938;;;11.319;;;83.6291
5145;;;50.8332;;;52.5813;;;59.5218;;;60;;;59.9938;;;7.8693;;;83.3111
5146;;;53.0753;;;54.7345;;;59.2349;;;60;;;59.7769;;;4.5156;;;82.9937
5147;;;55.2037;;;56.7785;;;58.943;;;60;;;58.4853;;;1.4407;;;82.6769
5148;;;57.224;;;58.7188;;;58.6535;;;60;;;56.2519;;;0;;;82.3607
5149;;;59.0792;;;59.8318;;;58.3661;;;60;;;55.0466;;;0;;;82.0451
5150;;;59.9752;;;60;;;58.0815;;;60;;;55;;;0;;;81.73
5151;;;60;;;60;;;57.838;;;60;;;55;;;0;;;81.4156
5152;;;60;;;60;;;57.7053;;;60;;;55;;;0;;;81.1017
5153;;;60;;;60;;;57.707;;;60;;;55;;;0;;;80.7883
5154;;;60;;;60;;;57.848;;;60;;;55;;;0;;;80.4756
5155;;;60;;;60;;;58.1313;;;60;;;55;;;0;;;80.1634
5156;;;60;;;60;;;58.5422;;;60;;;55;;;0;;;79.8517
5157;;;60;;;60;;;59.0812;;;60;;;55.1375;;;0;;;79.5406
5158;;;60;;;60;;;59.5192;;;60;;;56.0973;;;0;;;79.23
5159;;;60;;;60;;;59.6542;;;60;;;57.7346;;;0;;;78.92
5160;;;60;;;60;;;59.6542;;;60;;;59.1784;;;0;;;78.6105
5161;;;60;;;60;;;59.6542;;;60;;;59.8074;;;0;;;78.3016
5162;;;60;;;60;;;59.5444;;;60;;;59.8074;;;0;;;77.9932
5163;;;60;;;60;;;58.3473;;;60;;;59.8074;;;0;;;77.6852
5164;;;60;;;60;;;56.0947;;;60;;;59.8074;;;0;;;77.3779
5165;;;60;;;60;;;54.9647;;;60;;;59.8074;;;0;;;77.071
5166;;;60;;;60;;;55;;;60;;;59.8074;;;0;;;76.7646
5167;;;60;;;59.388;;;55;;;60;;;59.8074;;;0;;;76.4588
5168;;;60;;;58.1099;;;55;;;60;;;59.8338;;;0;;;76.1534
5169;;;60;;;56.8462;;;55;;;60;;;59.9118;;;0;;;75.8485
5170;;;60;;;55.7235;;;55;;;60;;;59.9623;;;0;;;75.5441
5171;;;60;;;54.7438;;;55;;;60;;;59.8735;;;0;;;75.2402
5172;;;60;;;53.9148;;;55;;;60;;;59.6499;;;0;;;74.9368
5173;;;60;;;53.2431;;;55.0298;;;60;;;59.339;;;0;;;74.6339
5174;;;60;;;52.7268;;;55.8135;;;60;;;58.9484;;;0;;;74.3314
5175;;;59.7915;;;52.3608;;;57.3142;;;60;;;57.8196;;;0;;;74.0295
5176;;;59.1961;;;52.1425;;;58.7207;;;60;;;55.5585;;;0;;;73.4466
5177;;;58.4596;;;52.0374;;;59.4167;;;60;;;52.597;;;0;;;72.8197
5178;;;57.7831;;;51.9875;;;59.7223;;;60;;;49.2441;;;0;;;72.5376
5179;;;57.1507;;;51.9665;;;59.992;;;60;;;45.7654;;;0;;;72.3768
5180;;;56.5586;;;51.9716;;;59.992;;;60;;;42.2867;;;0;;;72.2312
5181;;;55.3064;;;52.0054;;;59.992;;;60;;;38.808;;;0;;;72.0876
5182;;;52.7352;;;52.0669;;;59.992;;;60;;;35.3294;;;0;;;71.9443
5183;;;49.369;;;51.3359;;;59.992;;;60;;;31.8507;;;0;;;71.8012
5184;;;45.848;;;48.776;;;59.992;;;60;;;28.372;;;0;;;71.6583
5185;;;42.3271;;;45.1906;;;59.9899;;;60;;;24.8933;;;0;;;71.5156
5186;;;38.8061;;;41.603;;;59.924;;;60;;;21.4146;;;0;;;71.3731
5187;;;35.2852;;;38.0153;;;59.7072;;;60;;;17.9359;;;0;;;71.2309
5188;;;31.7642;;;34.4277;;;59.3515;;;60;;;14.4572;;;0;;;71.0889
5189;;;28.2433;;;30.84;;;58.909;;;60;;;10.9785;;;0;;;70.947
5190;;;24.7224;;;27.2524;;;58.3911;;;60;;;7.5182;;;0;;;70.8054
5191;;;21.2014;;;23.6647;;;57.7025;;;60;;;4.1582;;;0;;;70.664
5192;;;17.6805;;;20.0771;;;55.9844;;;60;;;1.2595;;;0;;;70.5228
5193;;;14.1595;;;16.4894;;;53.1036;;;60;;;0;;;0;;;70.3818
5194;;;10.6386;;;12.9018;;;49.7922;;;60;;;0;;;0;;;70.241
5195;;;7.1641;;;9.3141;;;46.3155;;;60;;;0;;;0;;;70.1004
5196;;;3.765;;;5.8046;;;42.8388;;;60;;;0;;;0;;;69.96
5197;;;1.04;;;2.3759;;;39.3622;;;60;;;0;;;0;;;69.8198
5198;;;0;;;0.3315;;;35.8855;;;60;;;0;;;0;;;69.6797
5199;;;0;;;0;;;32.4088;;;60;;;0;;;0;;;69.5399
5200;;;0;;;0;;;28.9321;;;60;;;0;;;0;;;69.4002
5201;;;0;;;0;;;25.4554;;;60;;;0;;;0;;;69.2566
5202;;;0;;;0;;;21.9787;;;60;;;0;;;0;;;69.095
5203;;;0;;;0;;;18.502;;;60;;;0;;;0;;;68.9152
5204;;;0;;;0;;;15.0253;;;60;;;0;;;0;;;68.7145
5205;;;0;;;0;;;11.5487;;;60;;;0;;;0;;;68.4957
5206;;;0;;;0;;;8.078;;;60;;;0;;;0;;;68.2754
5207;;;0;;;0;;;4.7031;;;60;;;0;;;0.2131;;;68.0555
5208;;;0;;;0;;;1.5303;;;60;;;0;;;2.2262;;;67.8358
5209;;;0;;;0;;;0;;;60;;;0;;;5.8262;;;67.6164
5210;;;0;;;0;;;0;;;60;;;0;;;8.2424;;;67.3973
5211;;;0;;;0;;;0;;;59.8848;;;0;;;10.0633;;;67.1784
5212;;;0;;;0;;;0;;;59.1213;;;0;;;13.0681;;;66.9598
5213;;;0;;;0;;;0;;;57.918;;;0;;;16.0516;;;66.743
5214;;;0;;;0;;;0;;;56.9289;;;0;;;18.0002;;;66.5429
5215;;;0;;;0;;;0;;;56.1779;;;0;;;20.5506;;;66.3601
5216;;;0;;;0;;;0;;;55.6554;;;0;;;22.7067;;;66.1794
5217;;;0;;;0;;;0;;;55.2656;;;0;;;24.6341;;;65.9989
5218;;;0;;;0;;;0;;;55.0407;;;0;;;27.9092;;;65.8187
5219;;;0;;;0;;;0;;;55.0867;;;0;;;30.0736;;;65.6386
5220;;;0;;;0;;;0;;;55.8483;;;0;;;31.9996;;;65.4588
5221;;;0;;;0;;;0;;;57.3668;;;0;;;35.0403;;;65.2792
5222;;;0;;;0;;;0;;;58.9717;;;0;;;37.5753;;;65.0998
5223;;;0;;;0;;;0;;;59.8665;;;0;;;39.5897;;;64.9205
5224;;;0;;;0;;;0;;;60;;;0;;;42.0097;;;64.7415
5225;;;0;;;0;;;0;;;60;;;0;;;44.6396;;;64.5627
5226;;;0;;;0;;;0;;;60;;;0;;;46.7711;;;64.3841
5227;;;0;;;0;;;0;;;60;;;0;;;48.854;;;64.2056
5228;;;0;;;0;;;0;;;60;;;0;;;51.1963;;;64.0274
5229;;;0;;;0;;;0;;;60;;;0;;;53.4041;;;63.8494
5230;;;0;;;0;;;0;;;59.9724;;;0;;;55.5016;;;63.6715
5231;;;0;;;0;;;0;;;59.8046;;;0;;;57.1064;;;63.4939
5232;;;0;;;0;;;0;;;59.4034;;;0;;;57.9509;;;63.3164
5233;;;0;;;0;;;0;;;58.8814;;;0;;;58.9459;;;63.1392
5234;;;0;;;0;;;0;;;58.4172;;;0;;;59.6709;;;62.9621
5235;;;0;;;0;;;0;;;58.0754;;;0;;;59.6709;;;62.7852
5236;;;0;;;0;;;0;;;57.8558;;;0;;;59.6709;;;62.6084
5237;;;0;;;0;;;0;;;57.7489;;;0;;;59.6709;;;62.4319
5238;;;0;;;0;;;0;;;57.6924;;;0;;;59.6709;;;62.2555
5239;;;0;;;0;;;0;;;57.5993;;;0;;;59.6709;;;62.0793
5240;;;0;;;0;;;0;;;57.4423;;;0;;;59.6709;;;61.9033
5241;;;0;;;0;;;0;;;57.2249;;;0;;;59.8228;;;61.7275
5242;;;0;;;0;;;0;;;56.945;;;0;;;59.9747;;;61.5518
5243;;;0;;;0;;;0;;;56.5644;;;0;;;59.9747;;;61.3763
5244;;;0;;;0;;;0;;;56.0485;;;0;;;59.9747;;;61.201
5245;;;0;;;0;;;0;;;55.4894;;;0;;;59.9759;;;61.0259
5246;;;0;;;0;;;0;;;55.0083;;;0;;;59.9629;;;60.851
5247;;;0;;;0;;;0;;;54.6357;;;0;;;59.8936;;;60.6762
5248;;;0;;;0;;;0;;;54.3228;;;0;;;59.7771;;;60.5016
5249;;;0;;;0;;;0;;;53.8426;;;0;;;59.6541;;;60.3272
5250;;;0;;;0;;;0;;;52.6495;;;0;;;59.5314;;;60.1529
5251;;;0;;;0;;;0;;;51.0562;;;0;;;59.4089;;;59.9788
5252;;;0;;;0;;;0;;;50.2649;;;0.4169;;;59.2883;;;59.8049
5253;;;0;;;0;;;0;;;50.1299;;;2.6338;;;59.2161;;;59.6311
5254;;;0;;;0;;;0;;;50.026;;;6.2338;;;59.2625;;;59.4575
5255;;;0;;;0;;;0;;;49.991;;;8.1403;;;59.4482;;;59.2841
5256;;;0;;;0;;;0;;;50.0313;;;9.5939;;;59.7295;;;59.1108
5257;;;0;;;0;;;0;;;50.1859;;;12.7408;;;59.8843;;;58.9376
5258;;;0;;;0;;;0;;;50.4807;;;15.3499;;;59.8843;;;58.7647
5259;;;0;;;0;;;0;;;50.8161;;;16.6604;;;59.8843;;;58.5918
5260;;;0;;;0;;;0;;;51.0853;;;18.8782;;;59.8843;;;58.4191
5261;;;0;;;0;;;0;;;50.7065;;;22.2304;;;59.8843;;;58.2466
5262;;;0;;;0;;;0;;;49.4577;;;23.7292;;;59.8843;;;58.0742
5263;;;0;;;0;;;0;;;48.0164;;;24.7214;;;59.8843;;;57.902
5264;;;0;;;0;;;0;;;46.713;;;27.3558;;;59.5646;;;57.7299
5265;;;0;;;0;;;0;;;45.55;;;30.3846;;;58.1377;;;57.2342
5266;;;0;;;0;;;0;;;44.5399;;;32.2615;;;56.0152;;;56.6554
5267;;;0;;;0;;;0;;;43.6946;;;33.034;;;55;;;56.4761
5268;;;0;;;0;;;0.1231;;;42.997;;;34.5647;;;55;;;56.4761
5269;;;0;;;0;;;2.0463;;;42.4172;;;36.8809;;;55;;;56.4993
5270;;;0;;;0;;;5.5142;;;41.9414;;;39.2639;;;55;;;56.5256
5271;;;0;;;0;;;8.563;;;41.5672;;;41.5651;;;55;;;56.5523
5272;;;0;;;0;;;9.6881;;;41.2732;;;42.8211;;;55;;;56.579
5273;;;0;;;0;;;9.5444;;;41.0099;;;43.2991;;;55;;;56.6057
5274;;;0;;;0;;;11.4033;;;40.7477;;;44.477;;;55;;;56.6324
5275;;;0;;;0;;;14.9502;;;40.4867;;;46.2115;;;55.3031;;;56.6591
5276;;;0;;;0;;;18.5502;;;40.0493;;;48.0203;;;56.4646;;;56.6857
5277;;;0;;;0;;;21.324;;;38.0159;;;49.8149;;;58.1686;;;56.7123
5278;;;0;;;0;;;22.0629;;;34.5633;;;51.561;;;59.4091;;;56.7389
5279;;;0;;;0;;;22.3402;;;31.1108;;;53.2302;;;59.9014;;;56.7655
5280;;;0;;;0;;;24.3056;;;27.6582;;;54.7873;;;59.9989;;;56.7921
5281;;;0;;;0;;;27.2687;;;24.2057;;;55.922;;;59.9989;;;56.8186
5282;;;0;;;0;;;30.2114;;;20.7531;;;56.1097;;;59.9989;;;56.8451
5283;;;0;;;0;;;32.9692;;;17.3005;;;56.2577;;;59.9989;;;56.8716
5284;;;0;;;0;;;35.5174;;;13.848;;;57.0491;;;59.9989;;;56.8981
5285;;;0;;;0;;;37.7872;;;10.3954;;;57.9131;;;59.9989;;;56.9245
5286;;;0;;;0;;;38.5843;;;6.9922;;;58.7205;;;59.9989;;;56.951
5287;;;0;;;0;;;38.1322;;;3.6599;;;59.4564;;;59.9989;;;56.9774
5288;;;0;;;0;;;38.8828;;;1.0022;;;59.9029;;;59.9893;;;57.0038
5289;;;0;;;0;;;40.7933;;;0;;;60;;;59.9108;;;57.0302
5290;;;0;;;0;;;42.6957;;;0;;;60;;;59.7284;;;57.0565
5291;;;0;;;0;;;44.5562;;;0;;;60;;;59.462;;;57.0828
5292;;;0;;;0;;;46.3555;;;0;;;60;;;59.0369;;;57.1091
5293;;;0;;;0;;;48.0903;;;0;;;59.7468;;;57.6086;;;57.1354
5294;;;0;;;0;;;49.7589;;;0;;;58.6819;;;55.0583;;;57.1657
5295;;;0;;;0;;;51.3619;;;0;;;57.0618;;;51.9918;;;57.2128
5296;;;0;;;0;;;52.8775;;;0;;;55.4483;;;48.5707;;;57.2736
5297;;;0;;;0;;;54.273;;;0;;;53.8639;;;45.0732;;;57.3352
5298;;;0;;;0;;;55.5462;;;0;;;52.3681;;;41.5758;;;57.3967
5299;;;0;;;0;;;56.6982;;;0;;;50.9959;;;38.0783;;;57.4583
5300;;;0;;;0;;;57.7211;;;0;;;49.7483;;;34.5809;;;57.5197
5301;;;0;;;0;;;58.6131;;;0;;;48.6203;;;31.0834;;;57.5811
5302;;;0;;;0;;;59.3785;;;0;;;47.6073;;;27.586;;;57.6425
5303;;;0;;;0;;;59.4618;;;0;;;46.7114;;;24.0885;;;57.7038
5304;;;0;;;0;;;58.5787;;;0;;;45.9255;;;20.5911;;;57.7651
5305;;;0;;;0;;;57.8503;;;0;;;45.2517;;;17.0936;;;57.8263
5306;;;0;;;0;;;57.8941;;;0;;;44.7023;;;13.5962;;;57.8874
5307;;;0;;;0;;;58.197;;;0;;;44.283;;;10.0987;;;57.9485
5308;;;0;;;0;;;58.4747;;;0;;;43.9912;;;6.6512;;;58.0096
5309;;;0;;;0;;;58.7406;;;0;;;43.8277;;;3.2948;;;58.0706
5310;;;0;;;0;;;58.8665;;;0;;;43.793;;;0.8185;;;58.1316
5311;;;0;;;0;;;58.032;;;0;;;43.8862;;;0;;;58.1925
5312;;;0;;;0;;;56.3826;;;0;;;44.0881;;;0;;;58.2533
5313;;;0;;;0;;;54.7451;;;0;;;44.346;;;0;;;58.3141
5314;;;0;;;0;;;53.1446;;;0;;;44.6305;;;0;;;58.3749
5315;;;0;;;0;;;51.6376;;;0;;;44.9424;;;0;;;58.4356
5316;;;0;;;0;;;50.2614;;;0;;;45.277;;;0;;;58.4962
5317;;;0;;;0;;;49.0123;;;0;;;45.6361;;;0;;;58.5568
5318;;;0;;;0;;;47.8855;;;0;;;46.0213;;;0;;;58.6174
5319;;;0;;;0;;;46.8811;;;0;;;46.4296;;;0;;;58.6779
5320;;;0;;;0;;;45.9911;;;0;;;46.8642;;;0;;;58.7383
5321;;;0;;;0;;;45.2129;;;0;;;45.7999;;;0;;;58.7987
5322;;;0;;;0;;;44.5514;;;0;;;42.7198;;;0;;;58.859
5323;;;0;;;0;;;44.0137;;;0;;;39.1374;;;0;;;58.9193
5324;;;0;;;0;;;43.6027;;;0;;;35.5549;;;0;;;58.9795
5325;;;0;;;0;;;43.3174;;;0;;;31.9725;;;0;;;59.0397
5326;;;0;;;0;;;43.1634;;;0;;;28.3901;;;0;;;59.0998
5327;;;0;;;0;;;43.1401;;;0;;;24.8077;;;0;;;59.1599
5328;;;0;;;0;;;43.2402;;;0;;;21.2253;;;0;;;59.2199
5329;;;0;;;0;;;43.452;;;0;;;17.6429;;;0;;;59.2799
5330;;;0;;;0;;;43.7261;;;0;;;14.0605;;;0;;;59.3398
5331;;;0;;;0;;;44.0304;;;0;;;10.4781;;;0;;;59.3996
5332;;;0;;;0;;;44.3603;;;0;;;6.9242;;;0;;;59.4594
5333;;;0;;;0;;;44.7092;;;0;;;3.4922;;;0;;;59.5192
5334;;;0;;;0;;;45.083;;;0;;;0.9115;;;0;;;59.5788
5335;;;0;;;0;;;45.4786;;;0;;;0;;;0;;;59.6385
5336;;;0;;;0;;;45.8964;;;0;;;0;;;0;;;59.6981
5337;;;0;;;0;;;46.34;;;0;;;0;;;0;;;59.7576
5338;;;0;;;0;;;46.0991;;;0;;;0;;;0;;;59.8171
5339;;;0;;;0;;;43.8307;;;0;;;0;;;0;;;59.8765
5340;;;0;;;0;;;40.2307;;;0;;;0;;;0;;;59.9358
5341;;;0;;;0;;;36.6307;;;0;;;0;;;0;;;59.9827
5342;;;0;;;0;;;33.0307;;;0;;;0;;;0;;;60
5343;;;0;;;0;;;29.4307;;;0;;;0;;;0;;;60
5344;;;0;;;0;;;25.8307;;;0;;;0;;;0;;;60
5345;;;0;;;0;;;22.2307;;;0;;;0;;;0;;;60
5346;;;0;;;0;;;18.6307;;;0;;;0;;;0;;;60
5347;;;0;;;0;;;15.0307;;;0;;;0;;;0;;;60
5348;;;0;;;0;;;11.4307;;;0.6522;;;0;;;0;;;60
5349;;;0;;;0;;;7.86;;;2.9593;;;0;;;0;;;60
5350;;;0;;;0;;;4.373;;;6.3224;;;0;;;0;;;60
5351;;;0;;;0;;;1.3283;;;9.7626;;;0;;;0;;;60
5352;;;0;;;0;;;0;;;11.6484;;;0;;;0;;;60
5353;;;0;;;0;;;0;;;12.0885;;;0;;;0;;;60
5354;;;0;;;0;;;0;;;14.0862;;;0;;;0;;;60
5355;;;0;;;0;;;0;;;17.5978;;;0;;;0;;;60
5356;;;0;;;0;;;0;;;20.861;;;0;;;0;;;60
5357;;;0;;;0;;;0;;;22.6364;;;0;;;0;;;60
5358;;;0;;;0;;;0;;;23.5083;;;0;;;0;;;60
5359;;;0;;;0;;;0;;;25.5476;;;0;;;0;;;60
5360;;;0;;;0;;;0;;;28.6159;;;0;;;0;;;60
5361;;;0;;;0;;;0;;;31.7633;;;0;;;0;;;60
5362;;;0;;;0;;;0;;;34.8418;;;0;;;0;;;60
5363;;;0;;;0;;;0;;;37.5342;;;0;;;0;;;60
5364;;;0;;;0;;;0;;;39.3295;;;0;;;0;;;60
5365;;;0;;;0;;;0;;;40.8697;;;0;;;0;;;60
5366;;;0;;;0;;;0;;;43.1335;;;0;;;0;;;60
5367;;;0;;;0;;;0;;;45.7621;;;0;;;0;;;60
5368;;;0;;;0;;;0;;;47.9692;;;0;;;0;;;60
5369;;;0;;;0;;;0;;;49.8458;;;0;;;0;;;60
5370;;;0;;;0;;;0;;;51.9037;;;0;;;0.9113;;;60
5371;;;0;;;0;;;0;;;54.0757;;;0;;;3.6225;;;60
5372;;;0;;;0;;;0;;;56.1533;;;0;;;7.0139;;;60
5373;;;0;;;0;;;0;;;58.1094;;;0;;;8.5199;;;60
5374;;;0;;;0;;;0;;;59.0988;;;0;;;10.0987;;;60
5375;;;0;;;0;;;0;;;59.5646;;;0;;;13.5629;;;60
5376;;;0;;;0;;;0;;;59.9853;;;0;;;15.6233;;;60
5377;;;0;;;0;;;0;;;59.9853;;;0;;;16.9236;;;60
5378;;;0;;;0;;;0;;;59.9853;;;0;;;19.7372;;;60
5379;;;0;;;0;;;0;;;59.9853;;;0;;;21.6135;;;60
5380;;;0;;;0;;;0;;;59.9853;;;0;;;22.6565;;;60
5381;;;0;;;0;;;0;;;59.9853;;;0;;;25.0483;;;60
5382;;;0;;;0;;;0;;;59.9853;;;0;;;27.2536;;;60
5383;;;0;;;0;;;0;;;59.9853;;;0;;;28.1707;;;60
5384;;;0;;;0;;;0;;;59.9853;;;0;;;29.4208;;;60
5385;;;0;;;0;;;0;;;59.9853;;;0;;;31.677;;;60
5386;;;0;;;0;;;0;;;59.9844;;;0;;;33.3786;;;60
5387;;;0;;;0;;;0;;;59.9494;;;0;;;34.0236;;;60
5388;;;0;;;0;;;0;;;59.8373;;;0;;;34.9691;;;60
5389;;;0;;;0;;;0;;;59.6703;;;0;;;36.7474;;;60
5390;;;0;;;0;;;0;;;59.4925;;;0;;;38.6299;;;60
5391;;;0;;;0;;;0;;;59.3158;;;0;;;40.4684;;;60
5392;;;0;;;0;;;0;;;59.1399;;;0;;;42.2344;;;59.9959
5393;;;0;;;0;;;0;;;58.9649;;;0;;;43.4028;;;59.7824
5394;;;0;;;0;;;0;;;58.8215;;;0;;;43.7829;;;58.9588
5395;;;0;;;0;;;0;;;58.7848;;;0;;;44.4777;;;57.8003
5396;;;0;;;0;;;0;;;58.889;;;0;;;45.7922;;;56.8239
5397;;;0;;;0;;;0;;;59.1319;;;0;;;47.193;;;56.0757
5398;;;0;;;0;;;0;;;59.5226;;;0;;;48.5783;;;55.5575
5399;;;0;;;0;;;0;;;59.7668;;;0;;;49.8876;;;55.2642
5400;;;0;;;0;;;0;;;59.7786;;;0;;;51.0962;;;55.0866
5401;;;0;;;0;;;0;;;59.7786;;;0;;;52.2091;;;55
5402;;;0;;;0;;;0;;;59.7786;;;0;;;53.225;;;55.3287
5403;;;0;;;0;;;0;;;59.7786;;;0;;;54.1458;;;56.308
5404;;;0;;;0;;;0;;;59.7786;;;0;;;54.9728;;;57.6467
5405;;;0;;;0;;;0;;;59.7777;;;0;;;55.707;;;59.0049
5406;;;0;;;0;;;0;;;58.724;;;0;;;56.3509;;;59.8374
5407;;;0;;;0;;;0;;;56.4948;;;0;;;56.9052;;;60
5408;;;0;;;0;;;0;;;55.1592;;;0;;;57.3729;;;60
5409;;;0;;;0;;;0;;;55;;;0;;;57.754;;;60
5410;;;0;;;0;;;0;;;55;;;0;;;58.0549;;;59.9947
5411;;;0;;;0;;;0;;;55;;;0;;;58.3069;;;59.9043
5412;;;0;;;0;;;0;;;55;;;0;;;58.5446;;;59.5979
5413;;;0;;;0;;;0;;;55;;;0;;;58.7757;;;58.8306
5414;;;0;;;0;;;0;;;55;;;0;;;58.9358;;;57.7312
5415;;;0;;;0;;;0;;;55;;;0;;;58.299;;;56.7127
5416;;;0;;;0;;;0;;;55.0734;;;0;;;56.8507;;;55.5602
5417;;;0;;;0;;;0;;;55.9649;;;0;;;55.3597;;;54.4026
5418;;;0;;;0;;;0;;;57.5934;;;0;;;53.9754;;;53.7138
5419;;;0;;;0;;;0;;;59.0859;;;0;;;52.7231;;;53.3631
5420;;;0;;;0;;;0;;;59.7679;;;0;;;51.5997;;;53.1472
5421;;;0;;;0;;;0;;;59.7679;;;0;;;50.5994;;;52.9727
5422;;;0;;;0;;;0;;;59.7679;;;0;;;49.7226;;;52.7604
5423;;;0;;;0;;;0;;;59.7679;;;0;;;48.965;;;52.4891
5424;;;0;;;0;;;0;;;59.7679;;;0;;;48.3251;;;52.1615
5425;;;0;;;0;;;0;;;59.7679;;;0;;;47.8168;;;51.7794
5426;;;0;;;0;;;0;;;59.7679;;;0;;;47.4439;;;51.3217
5427;;;0;;;0;;;0;;;59.8601;;;0;;;47.2099;;;50.7439
5428;;;0;;;0;;;0;;;59.9554;;;0;;;47.1192;;;50.0594
5429;;;0;;;0;;;0;;;59.9509;;;0;;;47.1649;;;49.3799
5430;;;0;;;0;;;0;;;59.8461;;;0;;;47.3443;;;48.791
5431;;;0;;;0;;;0;;;59.6017;;;0;;;47.6349;;;48.3001
5432;;;0;;;0;;;0;;;59.2687;;;0;;;47.9802;;;47.8621
5433;;;0;;;0;;;0;;;58.8571;;;0;;;48.3472;;;47.3787
5434;;;0;;;0;;;0;;;57.833;;;0;;;48.7421;;;46.7971
5435;;;0;;;0;;;0;;;55.7006;;;0;;;49.1669;;;45.8228
5436;;;0;;;0;;;0;;;52.7646;;;0;;;49.6146;;;44.6639
5437;;;0;;;0;;;0;;;49.4337;;;0;;;50.0895;;;43.947
5438;;;0;;;0;;;0;;;45.9752;;;0;;;49.4781;;;43.5723
5439;;;0;;;0;;;0;;;42.5168;;;0;;;46.8296;;;43.2917
5440;;;0;;;0;;;0;;;39.0583;;;0;;;43.2469;;;43.0737
5441;;;0;;;0;;;0;;;35.5999;;;0;;;39.6642;;;42.9187
5442;;;0;;;0;;;0;;;32.1414;;;0;;;36.0814;;;42.8533
5443;;;0;;;0;;;0;;;28.6829;;;0;;;32.4987;;;42.9244
5444;;;0;;;0;;;0;;;25.2245;;;0;;;28.916;;;43.0999
5445;;;0;;;0;;;0;;;21.766;;;0;;;25.3333;;;43.2682
5446;;;0;;;0;;;0;;;18.3076;;;0;;;21.7505;;;43.375
5447;;;0;;;0;;;0;;;14.8491;;;0;;;18.1678;;;43.4236
5448;;;0;;;0;;;0;;;11.3907;;;0;;;14.5851;;;43.4512
5449;;;0;;;0;;;0;;;7.9374;;;0;;;11.0024;;;43.5367
5450;;;0;;;0;;;0;;;4.5837;;;0;;;7.4626;;;43.7325
5451;;;0;;;0;;;0;;;1.4771;;;0;;;3.9979;;;44.0537
5452;;;0;;;0;;;0;;;0;;;0;;;1.1408;;;44.5158
5453;;;0;;;0;;;0;;;0;;;0;;;0;;;45.1341
5454;;;0;;;0;;;0;;;0;;;0;;;0;;;45.9091
5455;;;0;;;0;;;0;;;0;;;0;;;0;;;46.821
5456;;;0;;;0;;;0;;;0;;;0;;;0;;;47.854
5457;;;0;;;0;;;0;;;0;;;0;;;0;;;48.9948
5458;;;0;;;0;;;0;;;0;;;0;;;0;;;50.2084
5459;;;0;;;0;;;0;;;0;;;0;;;0;;;49.7605
5460;;;0;;;0;;;0;;;0;;;0;;;0;;;46.9157
5461;;;0;;;0;;;0;;;0;;;0;;;0;;;43.3591
5462;;;0;;;0;;;0;;;0;;;0;;;0;;;39.8025
5463;;;0;;;0;;;0;;;0;;;0;;;0;;;36.246
5464;;;0;;;0;;;0;;;0;;;0;;;0;;;32.6894
5465;;;0;;;0;;;0;;;0;;;0;;;0;;;29.1329
5466;;;0;;;0;;;0;;;0;;;0;;;0;;;25.5763
5467;;;0;;;0;;;0;;;0;;;0;;;0;;;22.0198
5468;;;0;;;0;;;0;;;0;;;0;;;0;;;18.4632
5469;;;0;;;0;;;0;;;0;;;0;;;0;;;14.9067
5470;;;0;;;0;;;0;;;0;;;0;;;0;;;11.3501
5471;;;0;;;0;;;0;;;0;;;0;;;0;;;7.8122
5472;;;0;;;0;;;0;;;0;;;0;;;0;;;4.3701
5473;;;0;;;0;;;0;;;0;;;0;;;0;;;1.3437
5474;;;0;;;0;;;0;;;0;;;0;;;0;;;0
5475;;;0;;;0;;;0;;;0;;;0;;;0;;;0
5476;;;0;;;0;;;0;;;0;;;0;;;0;;;0
5477;;;0;;;0;;;0;;;0;;;0;;;0;;;0
5478;;;0;;;0;;;0;;;0;;;0;;;0;;;0
5479;;;0;;;0;;;0;;;0;;;0;;;0;;;0
5480;;;0;;;0;;;0;;;0;;;0;;;0;;;0
5481;;;0;;;0;;;0;;;0;;;0;;;0;;;0
5482;;;0;;;0;;;0;;;0;;;0;;;0;;;0
5483;;;0;;;0;;;0;;;0;;;0;;;0;;;0
5484;;;0;;;0;;;0;;;0;;;0;;;0;;;0
5485;;;0;;;0;;;0;;;0;;;0;;;0;;;0
5486;;;0;;;0;;;0;;;0;;;0;;;0;;;0
5487;;;0;;;0;;;0;;;0;;;0;;;0;;;0
5488;;;0;;;0;;;0;;;0;;;0;;;0;;;0
5489;;;0;;;0;;;0;;;0;;;0;;;0;;;0
5490;;;0;;;0;;;0;;;0;;;0;;;0;;;0
5491;;;0;;;0;;;0;;;0;;;0;;;0;;;0
5492;;;0;;;0;;;0;;;0;;;0;;;0;;;0
5493;;;0;;;0;;;0;;;0;;;0;;;0;;;0
5494;;;0;;;0;;;0;;;0;;;0;;;0;;;0
5495;;;0;;;0;;;0;;;0;;;0;;;0;;;0
5496;;;0;;;0;;;0;;;0;;;0;;;0;;;0
5497;;;0;;;0;;;0;;;0;;;0;;;0;;;0
5498;;;0;;;0;;;0;;;0;;;0;;;0;;;0
5499;;;0;;;0;;;0;;;0;;;0;;;0;;;0
5500;;;0;;;0;;;0;;;0;;;0;;;0;;;0
5501;;;0;;;0;;;0;;;0;;;0;;;0;;;0
5502;;;0;;;0;;;0;;;0;;;0;;;0;;;0
5503;;;0;;;0;;;0;;;0;;;0;;;0;;;0
5504;;;0;;;0;;;0;;;0;;;0;;;0;;;0
5505;;;0;;;0;;;0;;;0;;;0;;;0;;;0
5506;;;0;;;0;;;0;;;0;;;0;;;0;;;0
5507;;;0;;;0;;;0;;;0;;;0;;;0;;;0
5508;;;0;;;0;;;0;;;0;;;0;;;0;;;0
5509;;;0;;;0;;;0;;;0;;;0;;;0;;;0
5510;;;0;;;0;;;0;;;0;;;0;;;0;;;0
5511;;;0;;;0;;;0;;;0.1215;;;0;;;0;;;0
5512;;;0;;;0;;;0;;;1.645;;;0;;;0;;;0
5513;;;0;;;0;;;0;;;4.4674;;;0;;;0;;;0
5514;;;0;;;0;;;0;;;7.6594;;;0;;;0;;;0
5515;;;0;;;0;;;0;;;10.8363;;;0;;;0;;;0
5516;;;0;;;0;;;0;;;12.0109;;;0;;;0;;;0
5517;;;0;;;0;;;0;;;11.9046;;;0;;;0;;;0
5518;;;0;;;0;;;0;;;13.5893;;;0;;;0;;;0
5519;;;0;;;0;;;0;;;16.7259;;;0;;;0;;;0
5520;;;0;;;0;;;0;;;19.7508;;;0;;;0;;;0
5521;;;0;;;0;;;0;;;21.9672;;;0;;;0;;;0
5522;;;0;;;0;;;0;;;22.5226;;;0;;;0;;;0
5523;;;0;;;0;;;0;;;22.5131;;;0;;;0;;;0
5524;;;0;;;0;;;0;;;23.6767;;;0;;;0;;;0
5525;;;0;;;0;;;0;;;25.6628;;;0;;;0;;;0
5526;;;0;;;0;;;0;;;27.7081;;;0;;;0;;;0
5527;;;0;;;0;;;0;;;29.7044;;;0;;;0;;;0
5528;;;0;;;0;;;0;;;31.6055;;;0;;;0;;;0
5529;;;0;;;0;;;0;;;33.4044;;;0;;;0;;;0
5530;;;0;;;0;;;0;;;35.1052;;;0;;;0;;;0
5531;;;0;;;0;;;0;;;36.7083;;;0;;;0;;;0
5532;;;0;;;0;;;0;;;38.1929;;;0;;;0;;;0
5533;;;0;;;0;;;0;;;38.6969;;;0;;;0;;;0.3625
5534;;;0;;;0;;;0;;;38.274;;;0;;;0;;;2.5183
5535;;;0;;;0;;;0;;;38.5985;;;0;;;0;;;6.0909
5536;;;0;;;0;;;0;;;39.7537;;;0;;;0;;;8.3697
5537;;;0;;;0;;;0;;;40.9875;;;0;;;0;;;10.0007
5538;;;0;;;0;;;0;;;42.2214;;;0;;;0;;;12.9075
5539;;;0;;;0;;;0;;;43.4319;;;0;;;0;;;15.7571
5540;;;0;;;0;;;0;;;44.6147;;;0;;;0;;;17.5316
5541;;;0;;;0;;;0;;;45.7454;;;0;;;0;;;19.8403
5542;;;0;;;0;;;0;;;46.7902;;;0;;;0;;;22.3593
5543;;;0;;;0;;;0;;;47.7446;;;0;;;0;;;24.0454
5544;;;0;;;0;;;0;;;48.6152;;;0;;;0;;;26.2815
5545;;;0;;;0;;;0;;;49.4008;;;0;;;0;;;28.5964
5546;;;0;;;0;;;0;;;50.1011;;;0;;;0;;;30.3175
5547;;;0;;;0;;;0;;;50.721;;;0;;;0;;;32.573
5548;;;0;;;0;;;0;;;51.2589;;;0;;;0;;;35.2602
5549;;;0;;;0;;;0;;;51.7174;;;0;;;0;;;37.2721
5550;;;0;;;0;;;0;;;52.0989;;;0;;;0;;;39.2826
5551;;;0;;;0;;;0;;;52.4037;;;0;;;0;;;41.9607
5552;;;0;;;0;;;0;;;52.6351;;;0;;;0;;;44.3298
5553;;;0;;;0;;;0;;;52.7934;;;0;;;0;;;46.4449
5554;;;0;;;0;;;0;;;52.8857;;;0;;;0;;;48.7756
5555;;;0;;;0;;;0;;;52.9437;;;0;;;0;;;51.1109
5556;;;0;;;0;;;0;;;52.9965;;;0;;;0;;;53.3176
5557;;;0;;;0;;;0;;;53.0479;;;0;;;0;;;55.4234
5558;;;0;;;0;;;0;;;53.0979;;;0;;;0;;;56.8492
5559;;;0;;;0;;;0;;;53.1466;;;0;;;0;;;56.5608
5560;;;0;;;0;;;0;;;53.194;;;0;;;0;;;56.8343
5561;;;0;;;0;;;0;;;52.7898;;;0;;;0;;;58.4584
5562;;;0;;;0;;;0;;;51.6233;;;0;;;0;;;59.5562
5563;;;0;;;0;;;0;;;50.2146;;;0;;;0;;;59.987
5564;;;0;;;0;;;0;;;48.9337;;;0;;;0;;;59.987
5565;;;0;;;0;;;0;;;47.7694;;;0;;;0;;;59.987
5566;;;0;;;0;;;0;;;46.7256;;;0;;;0;;;59.987
5567;;;0;;;0;;;0;;;45.7979;;;0;;;0;;;59.987
5568;;;0;;;0;;;0;;;44.9768;;;0;;;0;;;59.987
5569;;;0;;;0;;;0;;;44.2665;;;0;;;0;;;59.987
5570;;;0;;;0;;;0;;;43.6781;;;0;;;0;;;59.987
5571;;;0;;;0;;;0;;;43.2157;;;0;;;0;;;59.987
5572;;;0;;;0;;;0;;;42.8768;;;0;;;0;;;59.987
5573;;;0;;;0;;;0;;;42.6603;;;0;;;0;;;59.9889
5574;;;0;;;0;;;0;;;42.5714;;;0;;;0;;;59.9928
5575;;;0;;;0;;;0;;;42.6114;;;0;;;0;;;59.9952
5576;;;0;;;0;;;0;;;42.7686;;;0;;;0;;;59.9963
5577;;;0;;;0;;;0;;;43.0027;;;0;;;0;;;59.9974
5578;;;0;;;0;;;0;;;43.2736;;;0;;;0;;;59.9985
5579;;;0;;;0;;;0;;;43.5652;;;0;;;0;;;59.9994
5580;;;0;;;0;;;0;;;43.8806;;;0;;;0;;;59.9998
5581;;;0;;;0;;;0;;;44.2219;;;0;;;0;;;59.9998
5582;;;0;;;0;;;0;;;44.5821;;;0;;;0;;;59.9998
5583;;;0;;;0;;;0;;;44.9682;;;0;;;0;;;59.9998
5584;;;0;;;0;;;0;;;45.3774;;;0;;;0;;;59.9998
5585;;;0;;;0;;;0;;;45.8082;;;0;;;0;;;59.9998
5586;;;0;;;0;;;0;;;44.8276;;;0;;;0;;;59.9998
5587;;;0;;;0;;;0;;;41.8266;;;0;;;0;;;59.9998
5588;;;0;;;0;;;0;;;38.2309;;;0;;;0;;;59.9998
5589;;;0;;;0;;;0;;;34.6352;;;0;;;0;;;59.9998
5590;;;0;;;0;;;0;;;31.0396;;;0;;;0;;;59.9998
5591;;;0;;;0;;;0;;;27.4439;;;0;;;0;;;59.1402
5592;;;0;;;0;;;0;;;23.8482;;;0;;;0;;;57.1238
5593;;;0;;;0;;;0;;;20.2525;;;0;;;0;;;55.4836
5594;;;0;;;0;;;0;;;16.6568;;;0;;;0;;;55
5595;;;0;;;0;;;0;;;13.0611;;;0;;;0;;;55
5596;;;0;;;0;;;0;;;9.4654;;;0;;;0;;;55
5597;;;0;;;0;;;0;;;5.9412;;;0;;;0;;;55
5598;;;0;;;0;;;0;;;2.5158;;;0;;;0;;;55
5599;;;0;;;0;;;0;;;0.4084;;;0;;;0;;;55
5600;;;0;;;0;;;0;;;0;;;0;;;0;;;55
5601;;;0;;;0;;;0;;;0;;;0;;;0;;;55
5602;;;0;;;0;;;0;;;0;;;0;;;0;;;55.7355
5603;;;0;;;0;;;0;;;0;;;0;;;0;;;57.3788
5604;;;0;;;0;;;0;;;0;;;0;;;0;;;58.8806
5605;;;0;;;0;;;0;;;0;;;0;;;0;;;59.4745
5606;;;0;;;0;;;0;;;0;;;0;;;0;;;59.4745
5607;;;0;;;0;;;0;;;0;;;0;;;0;;;59.4745
5608;;;0;;;0;;;0;;;0;;;0;;;0;;;59.4745
5609;;;0;;;0;;;0;;;0;;;0;;;0;;;59.4745
5610;;;0;;;0;;;0;;;0;;;0;;;0;;;59.7347
5611;;;0;;;0;;;0;;;0;;;0;;;0;;;59.9948
5612;;;0;;;0;;;0;;;0;;;0;;;0;;;59.9948
5613;;;0;;;0;;;0;;;0;;;0;;;0;;;59.9948
5614;;;0;;;0;;;0;;;0;;;0;;;0;;;59.9948
5615;;;0;;;0;;;0;;;0;;;0;;;0;;;59.9879
5616;;;0;;;0;;;0;;;0;;;0;;;0;;;59.9344
5617;;;0;;;0;;;0;;;0;;;0;;;0;;;59.8008
5618;;;0;;;0;;;0;;;0;;;0;;;0;;;59.586
5619;;;0;;;0;;;0;;;0;;;0;;;0;;;58.5384
5620;;;0;;;0;;;0;;;0;;;0;;;0;;;56.3437
5621;;;0;;;0;;;0;;;0;;;0;;;0;;;53.5313
5622;;;0;;;0;;;0;;;0;;;0;;;0;;;50.2788
5623;;;0;;;0;;;0;;;0;;;0;;;0;;;46.8372
5624;;;0;;;0;;;0;;;0;;;0;;;0;;;43.3839
5625;;;0;;;0;;;0;;;0;;;0;;;0;;;39.9305
5626;;;0;;;0;;;0;;;0;;;0;;;0;;;36.4771
5627;;;0;;;0;;;0;;;0;;;0;;;0;;;33.0238
5628;;;0;;;0;;;0;;;0;;;0;;;0;;;29.5704
5629;;;0;;;0;;;0;;;0;;;0;;;0;;;26.1171
5630;;;0;;;0;;;0;;;0;;;0;;;0;;;22.6637
5631;;;0;;;0;;;0;;;0;;;0;;;0;;;19.2104
5632;;;0;;;0;;;0;;;0;;;0;;;0;;;15.757
5633;;;0;;;0;;;0;;;0;;;0;;;0;;;12.3037
5634;;;0;;;0;;;0;;;0;;;0;;;0;;;8.8503
5635;;;0;;;0;;;0;;;0;;;0;;;0;;;5.4746
5636;;;0;;;0;;;0;;;0;;;0;;;0;;;2.2
5637;;;0;;;0;;;0;;;0;;;0;;;0;;;0.2871
5638;;;0;;;0;;;0;;;0;;;0;;;0;;;0
5639;;;0;;;0;;;0;;;0;;;0;;;0;;;0
5640;;;0;;;0;;;0;;;0;;;0;;;0;;;0
5641;;;0;;;0;;;0;;;0;;;0;;;0;;;0
5642;;;0;;;0;;;0;;;0;;;0;;;0;;;0
5643;;;0;;;0;;;0;;;0;;;0;;;0;;;0
5644;;;0;;;0;;;0;;;0;;;0;;;0;;;0
5645;;;0;;;0;;;0;;;0;;;0;;;0;;;0
5646;;;0;;;0;;;0;;;0;;;0;;;0;;;0
5647;;;0;;;0;;;0;;;0;;;0;;;0;;;0
5648;;;0;;;0;;;0;;;0;;;0;;;0;;;0
5649;;;0;;;0;;;0;;;0;;;0;;;0;;;0
5650;;;0;;;0;;;0;;;0;;;0;;;0;;;0
5651;;;0;;;0;;;0;;;0;;;0;;;0;;;0
5652;;;0;;;0;;;0;;;0;;;0;;;0;;;0
5653;;;0;;;0;;;0;;;0;;;0;;;0;;;0
5654;;;0;;;0;;;0;;;0;;;0;;;0;;;0
5655;;;0;;;0;;;0;;;0;;;0;;;0;;;0
5656;;;0;;;0;;;0;;;0;;;0;;;0;;;0
5657;;;0;;;0;;;0;;;0;;;0;;;0;;;0
5658;;;0;;;0;;;0;;;0;;;0;;;0;;;0
5659;;;0;;;0;;;0;;;0;;;0;;;0;;;0
5660;;;0;;;0;;;0;;;0;;;0;;;0;;;0
5661;;;0;;;0;;;0;;;0;;;0;;;0;;;0
5662;;;0;;;0;;;0;;;0;;;0;;;0;;;0
5663;;;0;;;0;;;0;;;0;;;0;;;0;;;0
5664;;;0;;;0;;;0;;;0;;;0;;;0;;;0
5665;;;0;;;0;;;0;;;0;;;0;;;0;;;0
5666;;;0;;;0;;;0;;;0;;;0;;;0;;;0
5667;;;0;;;0;;;0;;;0;;;0;;;0;;;0
5668;;;0;;;0;;;0;;;0;;;0;;;0;;;0
5669;;;0;;;0;;;0;;;0;;;0;;;0;;;0
5670;;;0;;;0;;;0;;;0;;;0;;;0;;;0
5671;;;0;;;0;;;0;;;0;;;0;;;0;;;0
5672;;;0;;;0;;;0;;;0;;;0;;;0;;;0
5673;;;0;;;0;;;0;;;0;;;0;;;0;;;0
5674;;;0;;;0;;;0;;;0;;;0;;;0;;;0
5675;;;0;;;0;;;0;;;0;;;0;;;0;;;0
5676;;;0;;;0;;;0;;;0;;;0;;;0;;;0
5677;;;0;;;0;;;0;;;0;;;0;;;0;;;0
5678;;;0;;;0;;;0;;;0;;;0;;;0;;;0
5679;;;0;;;0;;;0;;;0;;;0;;;0;;;0
5680;;;0;;;0;;;0;;;0;;;0;;;0;;;0
5681;;;0;;;0;;;0;;;0;;;0;;;0;;;0
5682;;;0;;;0;;;0;;;0;;;0;;;0;;;0
5683;;;0;;;0;;;0;;;0;;;0;;;0;;;0
5684;;;0;;;0;;;0;;;0;;;0;;;0;;;0
5685;;;0;;;0;;;0;;;0;;;0;;;0;;;0
5686;;;0;;;0;;;0;;;0;;;0;;;0;;;0
5687;;;0;;;0;;;0;;;0;;;0;;;0;;;0
5688;;;0;;;0;;;0;;;0;;;0;;;0;;;0
5689;;;0;;;0;;;0;;;0;;;0;;;0;;;0
5690;;;0;;;0;;;0;;;0;;;0;;;0;;;0
5691;;;0;;;0;;;0;;;0;;;0;;;0;;;0
5692;;;0;;;0;;;0;;;0;;;0;;;0;;;0
5693;;;0;;;0;;;0;;;0;;;0;;;0;;;0
5694;;;0;;;0;;;0;;;0;;;0;;;0;;;0
5695;;;0;;;0;;;0;;;0;;;0;;;0;;;0
5696;;;0;;;0;;;0;;;0;;;0;;;0;;;0
5697;;;0;;;0;;;0;;;0;;;0;;;0;;;1.4821
5698;;;0;;;0;;;0;;;0;;;0;;;0;;;4.7642
5699;;;0;;;0;;;0;;;0;;;0;;;0;;;7.5054
5700;;;0;;;0;;;0;;;0;;;0;;;0;;;8.999
5701;;;0;;;0;;;0;;;0;;;0;;;0;;;9.4285
5702;;;0;;;0;;;0;;;0;;;0;;;0;;;10.7178
5703;;;0;;;0;;;0;;;0;;;0;;;0;;;12.8353
5704;;;0;;;0;;;0;;;0;;;0;;;0;;;14.0322
5705;;;0;;;0;;;0;;;0;;;0;;;0;;;15.9594
5706;;;0;;;0;;;0;;;0;;;0;;;0;;;17.8075
5707;;;0;;;0;;;0;;;0;;;0;;;0;;;18.689
5708;;;0;;;0;;;0;;;0;;;0;;;0;;;20.3276
5709;;;0;;;0;;;0;;;0;;;0;;;0;;;21.7609
5710;;;0;;;0;;;0;;;0;;;0;;;0;;;22.4199
5711;;;0;;;0;;;0;;;0;;;0;;;0;;;23.7785
5712;;;0;;;0;;;0;;;0;;;0;;;0;;;25.4813
5713;;;0;;;0;;;0;;;0;;;0;;;0;;;26.1479
5714;;;0;;;0;;;0;;;0;;;0;;;0;;;26.6863
5715;;;0;;;0;;;0;;;0;;;0;;;0;;;28.0806
5716;;;0;;;0;;;0;;;0;;;0;;;0;;;29.6577
5717;;;0;;;0;;;0;;;0;;;0;;;0;;;31.2188
5718;;;0;;;0;;;0;;;0;;;0;;;0;;;32.7187
5719;;;0;;;0;;;0;;;0;;;0;;;0;;;33.4789
5720;;;0;;;0;;;0;;;0;;;0;;;0;;;33.7335
5721;;;0;;;0;;;0;;;0;;;0;;;0;;;34.5129
5722;;;0;;;0;;;0;;;0;;;0;;;0;;;35.6611
5723;;;0;;;0;;;0;;;0;;;0;;;0;;;36.8597
5724;;;0;;;0;;;0;;;0;;;0;;;0;;;38.0554
5725;;;0;;;0;;;0;;;0;;;0;;;0;;;39.2273
5726;;;0;;;0;;;0;;;0;;;0;;;0;;;40.3673
5727;;;0;;;0;;;0;;;0;;;0;;;0;;;41.4749
5728;;;0;;;0;;;0;;;0;;;0;;;0;;;42.546
5729;;;0;;;0;;;0;;;0;;;0;;;0;;;43.3233
5730;;;0;;;0;;;0;;;0;;;0;;;0;;;43.44
5731;;;0;;;0;;;0;;;0;;;0;;;0;;;43.5406
5732;;;0;;;0;;;0;;;0;;;0;;;0;;;44.0701
5733;;;0;;;0;;;0;;;0;;;0;;;0;;;44.64
5734;;;0;;;0;;;0;;;0;;;0;;;0;;;45.166
5735;;;0;;;0;;;0;;;0;;;0;;;0;;;45.6364
5736;;;0;;;0;;;0;;;0;;;0;;;0;;;46.0475
5737;;;0;;;0;;;0;;;0;;;0;;;0;;;46.3983
5738;;;0;;;0;;;0;;;0;;;0;;;0;;;46.69
5739;;;0;;;0;;;0;;;0;;;0;;;0;;;46.9225
5740;;;0;;;0;;;0;;;0;;;0;;;0;;;47.0927
5741;;;0;;;0;;;0;;;0;;;0;;;0;;;47.2021
5742;;;0;;;0;;;0;;;0;;;0;;;0;;;47.2523
5743;;;0;;;0;;;0;;;0;;;0;;;0;;;47.2432
5744;;;0;;;0;;;0;;;0;;;0;;;0;;;47.201
5745;;;0;;;0;;;0;;;0;;;0;;;0;;;47.1543
5746;;;0;;;0;;;0;;;0;;;0;;;0;;;47.1077
5747;;;0;;;0;;;0;;;0;;;0;;;0;;;47.0612
5748;;;0;;;0;;;0;;;0;;;0;;;0;;;47.0146
5749;;;0;;;0;;;0;;;0;;;0;;;0;;;46.968
5750;;;0;;;0;;;0;;;0;;;0;;;0;;;46.9215
5751;;;0;;;0;;;0;;;0;;;0;;;0;;;46.8909
5752;;;0;;;0;;;0;;;0;;;0;;;0;;;46.928
5753;;;0;;;0;;;0;;;0;;;0;;;0;;;47.0755
5754;;;0;;;0;;;0;;;0;;;0;;;0;;;47.3349
5755;;;0;;;0;;;0;;;0;;;0;;;0;;;47.7032
5756;;;0;;;0;;;0;;;0;;;0;;;0;;;48.1866
5757;;;0;;;0;;;0;;;0;;;0;;;0;;;48.7787
5758;;;0;;;0;;;0;;;0;;;0;;;0;;;49.4728
5759;;;0;;;0;;;0;;;0;;;0;;;0;;;50.2761
5760;;;0;;;0;;;0;;;0;;;0;;;0;;;51.1955
5761;;;0;;;0;;;0;;;0;;;0;;;0;;;52.2438
5762;;;0;;;0;;;0;;;0;;;0;;;0;;;53.4263
5763;;;0;;;0;;;0;;;0;;;0;;;0;;;54.743
5764;;;0;;;0;;;0;;;0;;;0;;;0;;;55.9853
5765;;;0;;;0;;;0;;;0;;;0;;;0;;;56.9244
5766;;;0;;;0;;;0;;;0;;;0;;;0;;;58.0297
5767;;;0;;;0;;;0;;;0;;;0;;;0;;;59.3556
5768;;;0;;;0;;;0;;;0;;;0;;;0;;;59.0033
5769;;;0;;;0;;;0;;;0;;;0;;;0;;;56.8085
5770;;;0;;;0;;;0;;;0;;;0;;;0;;;54.091
5771;;;0;;;0;;;0;;;0;;;0;;;0;;;50.8745
5772;;;0;;;0;;;0;;;0;;;0;;;0;;;47.3859
5773;;;0;;;0;;;0;;;0;;;0;;;0;;;43.8704
5774;;;0;;;0;;;0;;;0;;;0;;;0;;;40.3549
5775;;;0;;;0;;;0;;;0;;;0;;;0;;;36.8395
5776;;;0;;;0;;;0;;;0;;;0;;;0;;;33.324
5777;;;0;;;0;;;0;;;0;;;0;;;0;;;29.8085
5778;;;0;;;0;;;0;;;0;;;0;;;0;;;26.293
5779;;;0;;;0;;;0;;;0;;;0;;;0;;;22.7775
5780;;;0;;;0;;;0;;;0;;;0;;;0;;;19.262
5781;;;0;;;0;;;0;;;0;;;0;;;0;;;15.7466
5782;;;0;;;0;;;0;;;0;;;0;;;0;;;12.2311
5783;;;0;;;0;;;0;;;0;;;0;;;0;;;8.7156
5784;;;0;;;0;;;0;;;0;;;0;;;0;;;5.2869
5785;;;0;;;0;;;0;;;0;;;0;;;0;;;1.9542
5786;;;0;;;0;;;0;;;0;;;0;;;0;;;0.1462
5787;;;0;;;0;;;0;;;0;;;0;;;0;;;0
5788;;;0;;;0;;;0;;;0;;;0;;;0;;;0
5789;;;0;;;0;;;0;;;0;;;0;;;0;;;0
5790;;;0;;;0;;;0;;;0;;;0;;;0;;;0
5791;;;0;;;0;;;0;;;0;;;0;;;0;;;0
5792;;;0;;;0;;;0;;;0;;;0;;;0;;;0
5793;;;0;;;0;;;0;;;0;;;0;;;0;;;0
5794;;;0;;;0;;;0;;;0;;;0;;;0;;;0
5795;;;0;;;0;;;0;;;0;;;0;;;0;;;0
5796;;;0;;;0;;;0;;;0;;;0;;;0;;;0
5797;;;0;;;0;;;0;;;0;;;0;;;0;;;0
5798;;;0;;;0;;;0;;;0;;;0;;;0;;;0
5799;;;0;;;0;;;0;;;0;;;0;;;0;;;0
5800;;;0;;;0;;;0;;;0;;;0;;;0;;;0
5801;;;0;;;0;;;0;;;0;;;0;;;0;;;0
5802;;;0;;;0;;;0;;;0;;;0;;;0;;;0
5803;;;0;;;0;;;0;;;0;;;0;;;0;;;0
5804;;;0;;;0;;;0;;;0;;;0;;;0;;;0
5805;;;0;;;0;;;0;;;0;;;0;;;0;;;0
5806;;;0;;;0;;;0;;;0;;;0;;;0;;;0
5807;;;0;;;0;;;0;;;0;;;0;;;0;;;0
5808;;;0;;;0;;;0;;;0;;;0;;;0;;;0
5809;;;0;;;0;;;0;;;0;;;0;;;0;;;0
5810;;;0;;;0;;;0;;;0;;;0;;;0;;;0
5811;;;0;;;0;;;0;;;0;;;0;;;0;;;0
5812;;;0;;;0;;;0;;;0;;;0;;;0;;;0
5813;;;0;;;0;;;0;;;0;;;0;;;0;;;0
5814;;;0;;;0;;;0;;;0;;;0;;;0;;;0
5815;;;0;;;0;;;0;;;0;;;0;;;0;;;0
5816;;;0;;;0;;;0;;;0;;;0;;;0;;;0
5817;;;0;;;0;;;0;;;0;;;0;;;0;;;0
5818;;;0;;;0;;;0;;;0;;;0;;;0;;;0
5819;;;0;;;0;;;0;;;0;;;0;;;0;;;0
5820;;;0;;;0;;;0;;;0;;;0;;;0;;;0
5821;;;0;;;0;;;0;;;0;;;0;;;0;;;0
5822;;;0;;;0;;;0;;;0;;;0;;;0;;;0
5823;;;0;;;0;;;0;;;0;;;0;;;0;;;0
5824;;;0;;;0;;;0;;;0;;;0;;;0;;;0
5825;;;0;;;0;;;0;;;0;;;0;;;0;;;0
